# Blender 4.3.1
# www.blender.org
mtllib exported_infection.mtl
o Sphere
v -0.991071 0.144882 -0.787464
v -0.991071 0.137121 -0.783773
v -0.991071 0.136468 -0.781627
v -0.991071 0.137702 -0.777353
v -0.991071 0.141585 -0.776454
v -0.991071 0.142754 -0.780875
v -0.991071 0.128476 -0.800011
v -0.991071 0.119340 -0.801816
v -0.991071 0.099660 -0.795389
v -0.990927 0.146310 -0.787743
v -0.991092 0.141872 -0.786911
v -0.991364 0.139697 -0.785542
v -0.991681 0.138712 -0.783951
v -0.992059 0.138376 -0.782048
v -0.992478 0.138712 -0.779945
v -0.992786 0.139893 -0.778396
v -0.992703 0.141585 -0.778810
v -0.991834 0.142314 -0.783179
v -0.990396 0.140068 -0.790410
v -0.989001 0.134395 -0.797425
v -0.988086 0.126190 -0.802023
v -0.987846 0.116779 -0.803228
v -0.988297 0.107258 -0.800961
v -0.989382 0.098279 -0.795506
v -0.990650 0.148063 -0.788033
v -0.990638 0.144816 -0.788062
v -0.990768 0.143093 -0.787746
v -0.991014 0.141958 -0.787153
v -0.991431 0.141113 -0.786148
v -0.991974 0.140708 -0.784837
v -0.992395 0.140946 -0.783819
v -0.992222 0.141585 -0.784238
v -0.990696 0.141347 -0.787921
v -0.988149 0.138350 -0.794071
v -0.985706 0.132135 -0.799968
v -0.984205 0.123571 -0.803592
v -0.984037 0.114041 -0.803997
v -0.985236 0.104812 -0.801103
v -0.987637 0.096734 -0.795306
v -0.990230 0.150076 -0.788275
v -0.989643 0.148236 -0.789154
v -0.989108 0.147151 -0.789953
v -0.988710 0.146023 -0.790549
v -0.988547 0.144749 -0.790792
v -0.988587 0.143519 -0.790734
v -0.988624 0.142501 -0.790678
v -0.988218 0.141585 -0.791285
v -0.986463 0.139901 -0.793913
v -0.983618 0.135972 -0.798170
v -0.980947 0.129347 -0.802168
v -0.979472 0.120661 -0.804375
v -0.979777 0.111155 -0.803919
v -0.981998 0.102240 -0.800594
v -0.985896 0.095067 -0.794761
v -0.989682 0.152271 -0.788405
v -0.988137 0.151984 -0.789949
v -0.986425 0.151649 -0.791662
v -0.984811 0.150587 -0.793275
v -0.983456 0.148879 -0.794630
v -0.982354 0.146751 -0.795732
v -0.981456 0.144318 -0.796631
v -0.980571 0.141585 -0.797515
v -0.978995 0.138164 -0.799091
v -0.976791 0.133182 -0.801296
v -0.974850 0.126219 -0.803236
v -0.974085 0.117545 -0.804001
v -0.975258 0.108146 -0.802828
v -0.978726 0.099560 -0.799360
v -0.984229 0.093312 -0.793857
v -0.989045 0.154568 -0.788369
v -0.986251 0.155901 -0.790236
v -0.982978 0.156331 -0.792423
v -0.979781 0.155272 -0.794559
v -0.976932 0.153015 -0.796463
v -0.974432 0.149913 -0.798133
v -0.972343 0.146083 -0.799529
v -0.970773 0.141585 -0.800578
v -0.969549 0.136423 -0.801396
v -0.968564 0.130353 -0.802054
v -0.967985 0.123018 -0.802441
v -0.968398 0.114325 -0.802165
v -0.970721 0.105018 -0.800613
v -0.975583 0.096781 -0.797364
v -0.982717 0.091503 -0.792597
v -0.988381 0.156885 -0.788129
v -0.984186 0.159834 -0.789867
v -0.979184 0.160968 -0.791939
v -0.974337 0.159768 -0.793947
v -0.970117 0.156780 -0.795695
v -0.966489 0.152627 -0.797198
v -0.963440 0.147542 -0.798460
v -0.961183 0.141585 -0.799395
v -0.960190 0.134933 -0.799807
v -0.960361 0.127814 -0.799736
v -0.961153 0.119955 -0.799407
v -0.962832 0.111056 -0.798712
v -0.966422 0.101755 -0.797225
v -0.972743 0.093905 -0.794607
v -0.981442 0.089675 -0.791004
v -0.987762 0.159141 -0.787673
v -0.982187 0.163649 -0.788782
v -0.975515 0.165400 -0.790109
v -0.969193 0.163926 -0.791367
v -0.963967 0.160066 -0.792406
v -0.959747 0.154821 -0.793246
v -0.956259 0.148647 -0.793940
v -0.953549 0.141585 -0.794479
v -0.952539 0.133774 -0.794680
v -0.953318 0.125653 -0.794525
v -0.955016 0.117051 -0.794187
v -0.957766 0.107693 -0.793640
v -0.962625 0.098315 -0.792673
v -0.970390 0.090940 -0.791129
v -0.980485 0.087868 -0.789121
v -0.987262 0.161259 -0.787015
v -0.980502 0.167240 -0.787015
v -0.972410 0.169545 -0.787015
v -0.964886 0.167771 -0.787015
v -0.958932 0.163054 -0.787015
v -0.954427 0.156758 -0.787015
v -0.950850 0.149581 -0.787015
v -0.948004 0.141585 -0.787015
v -0.946876 0.132804 -0.787015
v -0.947743 0.123663 -0.787015
v -0.949879 0.114112 -0.787015
v -0.953506 0.104117 -0.787015
v -0.959604 0.094668 -0.787015
v -0.968714 0.087920 -0.787015
v -0.979921 0.086129 -0.787015
v -0.986949 0.163178 -0.786195
v -0.979335 0.170559 -0.784680
v -0.970173 0.173463 -0.782858
v -0.961677 0.171523 -0.781168
v -0.955041 0.166103 -0.779848
v -0.950190 0.158830 -0.778883
v -0.946526 0.150608 -0.778154
v -0.943714 0.141585 -0.777595
v -0.942561 0.131763 -0.777366
v -0.943462 0.121517 -0.777545
v -0.945998 0.110952 -0.778049
v -0.950483 0.100332 -0.778942
v -0.957719 0.090910 -0.780381
v -0.967911 0.084933 -0.782408
v -0.979810 0.084511 -0.784775
v -0.986875 0.164832 -0.785277
v -0.978857 0.173541 -0.781955
v -0.969071 0.177172 -0.777902
v -0.959852 0.175312 -0.774084
v -0.952545 0.169396 -0.771057
v -0.947245 0.161199 -0.768862
v -0.943443 0.151821 -0.767287
v -0.940760 0.141585 -0.766175
v -0.939761 0.130562 -0.765762
v -0.940897 0.119144 -0.766232
v -0.943981 0.107626 -0.767510
v -0.949284 0.096517 -0.769706
v -0.957371 0.087252 -0.773056
v -0.968165 0.082130 -0.777527
v -0.980192 0.083079 -0.782509
v -0.987070 0.166151 -0.784341
v -0.979195 0.176066 -0.779079
v -0.969380 0.180540 -0.772521
v -0.959870 0.179015 -0.766167
v -0.952087 0.172836 -0.760966
v -0.946376 0.163798 -0.757151
v -0.942468 0.153186 -0.754539
v -0.940064 0.141585 -0.752933
v -0.939442 0.129266 -0.752518
v -0.940948 0.116686 -0.753524
v -0.944538 0.104313 -0.755923
v -0.950394 0.092857 -0.759835
v -0.958845 0.083876 -0.765482
v -0.969593 0.079663 -0.772663
v -0.981081 0.081910 -0.780339
v -0.987534 0.167074 -0.783478
v -0.980393 0.178008 -0.776337
v -0.971265 0.183385 -0.767209
v -0.962120 0.182403 -0.758063
v -0.954351 0.176181 -0.750295
v -0.948534 0.166433 -0.744477
v -0.944703 0.154593 -0.740647
v -0.942753 0.141585 -0.738697
v -0.942650 0.128003 -0.738593
v -0.944464 0.114369 -0.740408
v -0.948249 0.101265 -0.744192
v -0.954139 0.089578 -0.750083
v -0.962281 0.080977 -0.758225
v -0.972217 0.077687 -0.768161
v -0.982454 0.081077 -0.778398
v -0.988238 0.167551 -0.782775
v -0.982394 0.179239 -0.774028
v -0.974719 0.185492 -0.762542
v -0.966760 0.185195 -0.750630
v -0.959745 0.179137 -0.740132
v -0.954368 0.168864 -0.732084
v -0.950928 0.155914 -0.726936
v -0.949539 0.141585 -0.724858
v -0.949910 0.126895 -0.725413
v -0.951790 0.112397 -0.728226
v -0.955293 0.098718 -0.733469
v -0.960563 0.086916 -0.741355
v -0.967623 0.078771 -0.751922
v -0.975948 0.076360 -0.764381
v -0.984252 0.080646 -0.776809
v -0.989120 0.167543 -0.782305
v -0.985030 0.179638 -0.772430
v -0.979511 0.186639 -0.759106
v -0.973592 0.187095 -0.744816
v -0.968188 0.181400 -0.731770
v -0.963939 0.170854 -0.721512
v -0.961262 0.157028 -0.715050
v -0.960419 0.141585 -0.713014
v -0.961019 0.126016 -0.714462
v -0.962625 0.110904 -0.718339
v -0.965360 0.096870 -0.724943
v -0.969362 0.085118 -0.734605
v -0.974590 0.077495 -0.747225
v -0.980570 0.075841 -0.761663
v -0.986376 0.080672 -0.775680
v -0.990097 0.167034 -0.782117
v -0.988035 0.179108 -0.771750
v -0.985182 0.186609 -0.757407
v -0.982023 0.187792 -0.741527
v -0.979042 0.182634 -0.726541
v -0.976636 0.172126 -0.714444
v -0.975121 0.157792 -0.706828
v -0.974728 0.141585 -0.704851
v -0.975187 0.125445 -0.707161
v -0.976153 0.110025 -0.712013
v -0.977692 0.095944 -0.719750
v -0.979877 0.084473 -0.730739
v -0.982658 0.077409 -0.744717
v -0.985754 0.076275 -0.760281
v -0.988698 0.081190 -0.775085
v -0.991071 0.166029 -0.782227
v -0.991071 0.177591 -0.772089
v -0.991071 0.185210 -0.757772
v -0.991071 0.186942 -0.741493
v -0.991071 0.182403 -0.725705
v -0.991071 0.172276 -0.712658
v -0.991071 0.157972 -0.704348
v -0.991071 0.141585 -0.702310
v -0.991071 0.125345 -0.705086
v -0.991071 0.110036 -0.710571
v -0.991071 0.096304 -0.718975
v -0.991071 0.085357 -0.730528
v -0.991071 0.078781 -0.744816
v -0.991071 0.077773 -0.760387
v -0.991071 0.082207 -0.775060
v -0.991947 0.164580 -0.782611
v -0.993789 0.175222 -0.773354
v -0.996443 0.182682 -0.760009
v -0.999542 0.184858 -0.744430
v -1.002620 0.181002 -0.728954
v -1.005206 0.171492 -0.715956
v -1.006867 0.157635 -0.707606
v -1.007285 0.141585 -0.705503
v -1.006704 0.125701 -0.708427
v -1.005538 0.110978 -0.714287
v -1.003830 0.098056 -0.722873
v -1.001595 0.087882 -0.734111
v -0.998923 0.081676 -0.747544
v -0.996056 0.080338 -0.761958
v -0.993344 0.083703 -0.775591
v -0.991071 0.090241 -0.787015
v -0.992647 0.162755 -0.783212
v -0.995908 0.172156 -0.775339
v -1.000727 0.179272 -0.763704
v -1.006522 0.181837 -0.749715
v -1.012399 0.178703 -0.735525
v -1.017364 0.169951 -0.723538
v -1.020531 0.156848 -0.715894
v -1.021342 0.141585 -0.713936
v -1.020155 0.126517 -0.716801
v -1.017724 0.112833 -0.722670
v -1.014348 0.101089 -0.730820
v -1.010181 0.091852 -0.740880
v -1.005383 0.085890 -0.752464
v -1.000286 0.083832 -0.764770
v -0.995379 0.085612 -0.776616
v -0.993115 0.160619 -0.783957
v -0.997225 0.168444 -0.777805
v -1.003449 0.174900 -0.768491
v -1.011135 0.177614 -0.756988
v -1.019033 0.175119 -0.745168
v -1.025664 0.167300 -0.735243
v -1.029810 0.155414 -0.729038
v -1.030898 0.141585 -0.727410
v -1.029287 0.127943 -0.729822
v -1.025867 0.115720 -0.734940
v -1.021291 0.105355 -0.741788
v -1.015901 0.097052 -0.749855
v -1.009872 0.091156 -0.758878
v -1.003462 0.088048 -0.768471
v -0.997071 0.087840 -0.778036
v -0.993329 0.158254 -0.784757
v -0.997640 0.164199 -0.780446
v -1.004309 0.169634 -0.773777
v -1.012731 0.172179 -0.765355
v -1.021425 0.170209 -0.756661
v -1.028608 0.163523 -0.749478
v -1.032979 0.153346 -0.745107
v -1.034203 0.141585 -0.743883
v -1.032599 0.129931 -0.745487
v -1.028913 0.119471 -0.749174
v -1.024013 0.110533 -0.754073
v -1.018375 0.103078 -0.759711
v -1.012164 0.097093 -0.765923
v -1.005453 0.092718 -0.772634
v -0.998356 0.090265 -0.779731
v -0.993300 0.155759 -0.785526
v -0.997189 0.159608 -0.782927
v -1.003315 0.163719 -0.778834
v -1.011210 0.165822 -0.773559
v -1.019338 0.164285 -0.768128
v -1.025881 0.158906 -0.763756
v -1.029737 0.150823 -0.761179
v -1.030991 0.141585 -0.760341
v -1.029952 0.132297 -0.761036
v -1.026950 0.123736 -0.763042
v -1.022743 0.116169 -0.765853
v -1.017836 0.109447 -0.769132
v -1.012402 0.103274 -0.772763
v -1.006295 0.097539 -0.776843
v -0.999212 0.092755 -0.781576
v -0.991071 0.153979 -0.787015
v -0.993072 0.153248 -0.786186
v -0.996048 0.154924 -0.784954
v -1.000831 0.157559 -0.782972
v -1.007155 0.159069 -0.780353
v -1.013606 0.157914 -0.777681
v -1.018574 0.153928 -0.775623
v -1.021369 0.148113 -0.774465
v -1.022566 0.141585 -0.773970
v -1.022544 0.134806 -0.773979
v -1.021050 0.128140 -0.774598
v -1.018388 0.121823 -0.775700
v -1.014974 0.115710 -0.777114
v -1.011019 0.109288 -0.778753
v -1.006171 0.102209 -0.780760
v -0.999659 0.095171 -0.783458
v -0.992710 0.150836 -0.786689
v -0.994501 0.150433 -0.786333
v -0.997516 0.151647 -0.785733
v -1.001724 0.152578 -0.784896
v -1.005939 0.151791 -0.784058
v -1.008880 0.149150 -0.783473
v -1.010334 0.145512 -0.783184
v -1.011346 0.141585 -0.782982
v -1.012457 0.137230 -0.782761
v -1.012851 0.132355 -0.782683
v -1.012202 0.127145 -0.782812
v -1.010720 0.121499 -0.783107
v -1.008616 0.114769 -0.783525
v -1.005354 0.106443 -0.784174
v -0.999743 0.097381 -0.785290
v -0.992291 0.148635 -0.787015
v -0.992881 0.146423 -0.787015
v -0.994155 0.146486 -0.787015
v -0.996332 0.147025 -0.787015
v -0.998447 0.146627 -0.787015
v -0.999490 0.145142 -0.787015
v -0.999626 0.143321 -0.787015
v -1.000278 0.141585 -0.787015
v -1.002188 0.139343 -0.787015
v -1.004225 0.136080 -0.787015
v -1.005551 0.131830 -0.787015
v -1.006069 0.126491 -0.787015
v -1.005841 0.119386 -0.787015
v -1.004144 0.109982 -0.787015
v -0.999525 0.099270 -0.787015
v -0.991884 0.146730 -0.787177
v -0.991450 0.143041 -0.787090
v -0.991279 0.142234 -0.787056
v -0.991786 0.142532 -0.787157
v -0.992198 0.142497 -0.787239
v -0.991724 0.141952 -0.787145
v -0.990773 0.141570 -0.786956
v -0.990986 0.141585 -0.786998
v -0.993335 0.141084 -0.787465
v -0.996645 0.139154 -0.788124
v -0.999685 0.135610 -0.788728
v -1.001951 0.130363 -0.789179
v -1.003254 0.122862 -0.789438
v -1.002789 0.112656 -0.789346
v -0.999062 0.100764 -0.788605
v -0.991543 0.145177 -0.787210
v -0.990371 0.140322 -0.786725
v -0.989142 0.138830 -0.786216
v -0.988404 0.138947 -0.785910
v -0.987617 0.139255 -0.785584
v -0.986236 0.139525 -0.785012
v -0.984759 0.140279 -0.784400
v -0.984727 0.141585 -0.784387
v -0.987260 0.142356 -0.785436
v -0.991361 0.141363 -0.787135
v -0.995539 0.138228 -0.788866
v -0.998936 0.132921 -0.790273
v -1.001154 0.125094 -0.791192
v -1.001426 0.114414 -0.791304
v -0.998397 0.101826 -0.790050
v -0.991299 0.144025 -0.787167
v -0.989743 0.138329 -0.786128
v -0.987944 0.136354 -0.784926
v -0.986534 0.136399 -0.783983
v -0.985236 0.137080 -0.783116
v -0.983728 0.138044 -0.782108
v -0.982407 0.139570 -0.781226
v -0.982411 0.141585 -0.781228
v -0.984836 0.143023 -0.782848
v -0.988997 0.142519 -0.785629
v -0.993424 0.139558 -0.788587
v -0.997123 0.134145 -0.791059
v -0.999573 0.126114 -0.792695
v -1.000093 0.115265 -0.793043
v -0.997560 0.102438 -0.791351
v -0.991160 0.143305 -0.787104
v -0.989574 0.137091 -0.785517
v -0.987681 0.134824 -0.783625
v -0.986131 0.134882 -0.782074
v -0.984865 0.135913 -0.780808
v -0.983720 0.137400 -0.779663
v -0.982912 0.139349 -0.778856
v -0.983108 0.141585 -0.779052
v -0.985242 0.143170 -0.781186
v -0.988910 0.142750 -0.784853
v -0.992859 0.139758 -0.788803
v -0.996175 0.134205 -0.792119
v -0.998324 0.126066 -0.794268
v -0.998737 0.115285 -0.794681
v -0.996565 0.102608 -0.792509
v -0.991110 0.143034 -0.787073
v -0.989782 0.136611 -0.785086
v -0.988173 0.134199 -0.782678
v -0.986847 0.134270 -0.780692
v -0.985857 0.135509 -0.779211
v -0.985128 0.137276 -0.778119
v -0.984751 0.139381 -0.777555
v -0.985085 0.141585 -0.778056
v -0.986860 0.143039 -0.780712
v -0.989809 0.142427 -0.785126
v -0.992944 0.139199 -0.789818
v -0.995530 0.133405 -0.793687
v -0.997109 0.125162 -0.796051
v -0.997257 0.114591 -0.796272
v -0.995415 0.102367 -0.793516
v -0.991112 0.143214 -0.787114
v -0.990225 0.136871 -0.784973
v -0.989129 0.134406 -0.782325
v -0.988207 0.134388 -0.780099
v -0.987518 0.135577 -0.778437
v -0.987030 0.137333 -0.777258
v -0.986809 0.139428 -0.776725
v -0.987109 0.141585 -0.777449
v -0.988463 0.142888 -0.780717
v -0.990638 0.141958 -0.785968
v -0.992884 0.138293 -0.791392
v -0.994657 0.132070 -0.795672
v -0.995626 0.123631 -0.798011
v -0.995537 0.113316 -0.797797
v -0.994111 0.101758 -0.794354
v -0.991117 0.143837 -0.787246
v -0.990720 0.137849 -0.785250
v -0.990210 0.135383 -0.782684
v -0.989753 0.135112 -0.780389
v -0.989371 0.135952 -0.778464
v -0.989052 0.137419 -0.776862
v -0.988869 0.139399 -0.775945
v -0.989013 0.141585 -0.776668
v -0.989795 0.142834 -0.780598
v -0.991043 0.141552 -0.786872
v -0.992295 0.137275 -0.793167
v -0.993225 0.130418 -0.797841
v -0.993654 0.121653 -0.799999
v -0.993490 0.111593 -0.799172
v -0.992658 0.100837 -0.794991
v -0.991071 0.139523 -0.785920
v -0.991071 0.136734 -0.779475
v -0.991071 0.139433 -0.775901
v -0.991071 0.141067 -0.788048
v -0.991071 0.136071 -0.795102
v -0.991071 0.109540 -0.800274
vn -0.9865 -0.0032 -0.1639
vn 0.8354 0.4576 0.3045
vn 0.8285 0.5594 0.0244
vn 0.5734 0.6238 -0.5311
vn 0.3776 -0.6169 -0.6905
vn 0.2803 -0.9582 -0.0566
vn -0.4259 0.3342 -0.8408
vn -0.4828 0.0173 -0.8756
vn -0.5264 -0.4712 -0.7077
vn -0.8789 -0.0100 -0.4768
vn -0.9288 -0.0767 -0.3627
vn 0.8889 0.2258 0.3985
vn 0.9124 0.3097 0.2676
vn 0.9033 0.4015 0.1510
vn 0.9088 0.4161 -0.0299
vn 0.9448 0.1356 -0.2982
vn 0.8327 -0.5174 -0.1973
vn 0.5274 -0.8275 0.1927
vn -0.3970 0.7410 -0.5416
vn -0.3092 0.5643 -0.7654
vn -0.3070 0.2709 -0.9124
vn -0.3422 -0.0463 -0.9385
vn -0.3917 -0.3170 -0.8638
vn -0.4493 -0.5113 -0.7326
vn -0.7846 0.0336 -0.6191
vn -0.8007 -0.0221 -0.5987
vn -0.8019 -0.0902 -0.5907
vn 0.3130 -0.1064 -0.9438
vn 0.7451 0.0793 -0.6622
vn 0.8674 0.1689 -0.4681
vn 0.9975 0.0693 -0.0104
vn 0.4723 -0.8454 -0.2494
vn -0.6258 0.5923 -0.5076
vn -0.3888 0.6211 -0.6805
vn -0.2377 0.4602 -0.8554
vn -0.1707 0.1881 -0.9672
vn -0.1867 -0.1176 -0.9754
vn -0.2629 -0.3791 -0.8872
vn -0.3680 -0.5557 -0.7455
vn -0.7033 0.0899 -0.7052
vn -0.7290 0.0743 -0.6805
vn -0.7298 0.0592 -0.6811
vn -0.7125 0.0197 -0.7014
vn -0.7048 -0.0437 -0.7081
vn -0.7200 -0.1067 -0.6857
vn -0.7776 -0.0645 -0.6254
vn -0.7290 0.2395 -0.6412
vn -0.5256 0.4402 -0.7280
vn -0.3023 0.4620 -0.8337
vn -0.1171 0.3276 -0.9376
vn -0.0148 0.0866 -0.9961
vn -0.0241 -0.1951 -0.9805
vn -0.1317 -0.4419 -0.8874
vn -0.2888 -0.6024 -0.7441
vn -0.6397 0.1543 -0.7529
vn -0.6574 0.1925 -0.7286
vn -0.6170 0.2138 -0.7573
vn -0.5595 0.1959 -0.8053
vn -0.5186 0.1574 -0.8404
vn -0.4984 0.1226 -0.8582
vn -0.4887 0.1158 -0.8647
vn -0.4517 0.1905 -0.8716
vn -0.3141 0.2874 -0.9049
vn -0.1215 0.2864 -0.9504
vn 0.0576 0.1744 -0.9830
vn 0.1590 -0.0267 -0.9869
vn 0.1378 -0.2751 -0.9515
vn -0.0059 -0.5038 -0.8638
vn -0.2179 -0.6495 -0.7285
vn -0.6030 0.2412 -0.7604
vn -0.5767 0.3127 -0.7548
vn -0.4732 0.3559 -0.8059
vn -0.3514 0.3503 -0.8682
vn -0.2519 0.3182 -0.9139
vn -0.1772 0.2747 -0.9450
vn -0.1211 0.2210 -0.9677
vn -0.0699 0.1800 -0.9812
vn 0.0149 0.1555 -0.9877
vn 0.1435 0.1118 -0.9833
vn 0.2737 0.0199 -0.9616
vn 0.3396 -0.1385 -0.9303
vn 0.2895 -0.3527 -0.8898
vn 0.1073 -0.5638 -0.8189
vn -0.1596 -0.6946 -0.7015
vn -0.5980 0.3284 -0.7311
vn -0.4905 0.4224 -0.7623
vn -0.3113 0.4835 -0.8181
vn -0.1116 0.4791 -0.8706
vn 0.0551 0.4385 -0.8971
vn 0.1828 0.3834 -0.9053
vn 0.2779 0.3057 -0.9107
vn 0.3464 0.1929 -0.9180
vn 0.3940 0.0648 -0.9168
vn 0.4425 -0.0293 -0.8963
vn 0.4960 -0.1082 -0.8615
vn 0.5077 -0.2344 -0.8290
vn 0.4211 -0.4241 -0.8018
vn 0.2015 -0.6214 -0.7572
vn -0.1162 -0.7358 -0.6672
vn -0.6005 0.3974 -0.6938
vn -0.4038 0.5193 -0.7532
vn -0.1475 0.5933 -0.7913
vn 0.1268 0.5747 -0.8085
vn 0.3438 0.5041 -0.7923
vn 0.4940 0.4274 -0.7572
vn 0.5976 0.3417 -0.7253
vn 0.6697 0.2030 -0.7143
vn 0.6964 0.0232 -0.7173
vn 0.6894 -0.1070 -0.7164
vn 0.6808 -0.1897 -0.7075
vn 0.6454 -0.3077 -0.6991
vn 0.5253 -0.4893 -0.6962
vn 0.2727 -0.6774 -0.6832
vn -0.0875 -0.7721 -0.6295
vn -0.5922 0.4457 -0.6713
vn -0.3224 0.6004 -0.7319
vn -0.0016 0.6806 -0.7326
vn 0.3232 0.6362 -0.7006
vn 0.5570 0.5241 -0.6443
vn 0.6959 0.4191 -0.5831
vn 0.7807 0.3300 -0.5307
vn 0.8415 0.1971 -0.5030
vn 0.8627 0.0141 -0.5055
vn 0.8424 -0.1316 -0.5226
vn 0.8098 -0.2338 -0.5382
vn 0.7481 -0.3670 -0.5529
vn 0.6014 -0.5541 -0.5755
vn 0.3196 -0.7341 -0.5991
vn -0.0716 -0.8033 -0.5912
vn -0.5686 0.4777 -0.6697
vn -0.2531 0.6649 -0.7027
vn 0.1097 0.7484 -0.6541
vn 0.4579 0.6804 -0.5722
vn 0.6901 0.5339 -0.4887
vn 0.8127 0.4021 -0.4216
vn 0.8790 0.3030 -0.3683
vn 0.9261 0.1787 -0.3323
vn 0.9456 0.0089 -0.3251
vn 0.9296 -0.1437 -0.3394
vn 0.8932 -0.2712 -0.3588
vn 0.8173 -0.4278 -0.3860
vn 0.6483 -0.6244 -0.4357
vn 0.3415 -0.7931 -0.5043
vn -0.0670 -0.8306 -0.5528
vn -0.5327 0.5000 -0.6828
vn -0.2026 0.7174 -0.6666
vn 0.1772 0.8086 -0.5610
vn 0.5323 0.7299 -0.4288
vn 0.7634 0.5612 -0.3197
vn 0.8809 0.4039 -0.2467
vn 0.9392 0.2837 -0.1932
vn 0.9762 0.1554 -0.1512
vn 0.9912 -0.0083 -0.1323
vn 0.9758 -0.1695 -0.1378
vn 0.9343 -0.3201 -0.1571
vn 0.8452 -0.4964 -0.1978
vn 0.6580 -0.6989 -0.2804
vn 0.3349 -0.8520 -0.4024
vn -0.0732 -0.8544 -0.5144
vn -0.4891 0.5173 -0.7023
vn -0.1752 0.7599 -0.6260
vn 0.1969 0.8658 -0.4600
vn 0.5468 0.7912 -0.2739
vn 0.7805 0.6113 -0.1309
vn 0.9029 0.4279 -0.0416
vn 0.9610 0.2757 0.0194
vn 0.9894 0.1281 0.0685
vn 0.9946 -0.0396 0.0963
vn 0.9731 -0.2105 0.0940
vn 0.9227 -0.3797 0.0660
vn 0.8215 -0.5702 0.0026
vn 0.6222 -0.7734 -0.1209
vn 0.2965 -0.9062 -0.3014
vn -0.0907 -0.8738 -0.4777
vn -0.4419 0.5319 -0.7224
vn -0.1708 0.7910 -0.5875
vn 0.1694 0.9160 -0.3637
vn 0.4994 0.8579 -0.1209
vn 0.7331 0.6768 0.0670
vn 0.8638 0.4684 0.1857
vn 0.9248 0.2751 0.2626
vn 0.9433 0.0953 0.3181
vn 0.9340 -0.0817 0.3477
vn 0.9036 -0.2590 0.3413
vn 0.8465 -0.4421 0.2967
vn 0.7381 -0.6438 0.2019
vn 0.5361 -0.8436 0.0307
vn 0.2248 -0.9516 -0.2096
vn -0.1203 -0.8876 -0.4447
vn -0.3977 0.5423 -0.7401
vn -0.1873 0.8086 -0.5577
vn 0.0997 0.9532 -0.2855
vn 0.3918 0.9200 0.0114
vn 0.6148 0.7475 0.2517
vn 0.7502 0.5181 0.4109
vn 0.8135 0.2789 0.5103
vn 0.8213 0.0579 0.5675
vn 0.7973 -0.1298 0.5895
vn 0.7592 -0.3079 0.5735
vn 0.6995 -0.5008 0.5099
vn 0.5907 -0.7115 0.3807
vn 0.3977 -0.9035 0.1596
vn 0.1204 -0.9835 -0.1354
vn -0.1628 -0.8939 -0.4176
vn -0.3618 0.5399 -0.7600
vn -0.2211 0.8098 -0.5435
vn -0.0037 0.9713 -0.2376
vn 0.2304 0.9676 0.1034
vn 0.4249 0.8136 0.3969
vn 0.5544 0.5716 0.6049
vn 0.6173 0.2877 0.7322
vn 0.6185 0.0214 0.7855
vn 0.5858 -0.1786 0.7906
vn 0.5430 -0.3546 0.7612
vn 0.4822 -0.5536 0.6790
vn 0.3783 -0.7683 0.5163
vn 0.2086 -0.9456 0.2498
vn -0.0135 -0.9961 -0.0870
vn -0.2185 -0.8908 -0.3985
vn -0.3288 0.5238 -0.7858
vn -0.2659 0.7918 -0.5499
vn -0.1300 0.9647 -0.2291
vn 0.0252 0.9900 0.1386
vn 0.1651 0.8634 0.4768
vn 0.2672 0.6218 0.7362
vn 0.3212 0.3029 0.8973
vn 0.3238 -0.0061 0.9461
vn 0.2949 -0.2220 0.9294
vn 0.2527 -0.3979 0.8819
vn 0.1932 -0.5977 0.7781
vn 0.1028 -0.8051 0.5841
vn -0.0242 -0.9583 0.2847
vn -0.1696 -0.9829 -0.0714
vn -0.2862 -0.8756 -0.3890
vn -0.2912 0.5044 -0.8129
vn -0.3002 0.7570 -0.5804
vn -0.2413 0.9326 -0.2683
vn -0.1712 0.9801 0.1006
vn -0.1058 0.8812 0.4607
vn -0.0571 0.6512 0.7568
vn -0.0303 0.3169 0.9480
vn -0.0262 -0.0204 0.9994
vn -0.0449 -0.2536 0.9663
vn -0.0839 -0.4321 0.8979
vn -0.1384 -0.6225 0.7703
vn -0.2033 -0.8065 0.5551
vn -0.2713 -0.9295 0.2498
vn -0.3306 -0.9392 -0.0925
vn -0.3619 -0.8467 -0.3901
vn -0.2547 0.4844 -0.8369
vn -0.3086 0.7143 -0.6281
vn -0.3040 0.8885 -0.3436
vn -0.3056 0.9521 0.0049
vn -0.3180 0.8760 0.3627
vn -0.3394 0.6593 0.6710
vn -0.3585 0.3242 0.8754
vn -0.3641 -0.0262 0.9310
vn -0.3747 -0.2763 0.8850
vn -0.4060 -0.4563 0.7918
vn -0.4453 -0.6235 0.6426
vn -0.4753 -0.7697 0.4262
vn -0.4849 -0.8618 0.1490
vn -0.4722 -0.8692 -0.1467
vn -0.4382 -0.8040 -0.4019
vn -0.4385 -0.6763 -0.5920
vn -0.2359 0.4588 -0.8567
vn -0.3047 0.6613 -0.6855
vn -0.3382 0.8308 -0.4421
vn -0.4035 0.9054 -0.1322
vn -0.4950 0.8460 0.1982
vn -0.5918 0.6410 0.4888
vn -0.6611 0.3164 0.6804
vn -0.6801 -0.0289 0.7326
vn -0.6761 -0.2866 0.6788
vn -0.6798 -0.4620 0.5696
vn -0.6847 -0.5974 0.4174
vn -0.6746 -0.7025 0.2267
vn -0.6399 -0.7685 0.0047
vn -0.5821 -0.7817 -0.2238
vn -0.5086 -0.7492 -0.4243
vn -0.2469 0.4206 -0.8730
vn -0.2966 0.5932 -0.7484
vn -0.3545 0.7509 -0.5572
vn -0.4734 0.8258 -0.3065
vn -0.6327 0.7736 -0.0347
vn -0.7882 0.5808 0.2035
vn -0.8899 0.2848 0.3563
vn -0.9159 -0.0263 0.4006
vn -0.8943 -0.2697 0.3569
vn -0.8631 -0.4322 0.2613
vn -0.8313 -0.5388 0.1367
vn -0.7911 -0.6117 -0.0051
vn -0.7344 -0.6600 -0.1585
vn -0.6591 -0.6838 -0.3130
vn -0.5672 -0.6856 -0.4563
vn -0.2876 0.3627 -0.8864
vn -0.2820 0.5099 -0.8127
vn -0.3429 0.6515 -0.6767
vn -0.4899 0.7178 -0.4947
vn -0.6846 0.6652 -0.2980
vn -0.8634 0.4878 -0.1290
vn -0.9711 0.2376 -0.0239
vn -0.9998 -0.0139 0.0122
vn -0.9750 -0.2220 -0.0077
vn -0.9278 -0.3669 -0.0673
vn -0.8786 -0.4543 -0.1471
vn -0.8295 -0.5072 -0.2338
vn -0.7747 -0.5453 -0.3202
vn -0.7052 -0.5821 -0.4048
vn -0.6092 -0.6185 -0.4963
vn -0.3357 0.2815 -0.8989
vn -0.2595 0.4113 -0.8738
vn -0.2996 0.5372 -0.7885
vn -0.4457 0.5920 -0.6714
vn -0.6417 0.5374 -0.5472
vn -0.8115 0.3809 -0.4432
vn -0.9055 0.1871 -0.3808
vn -0.9356 0.0101 -0.3529
vn -0.9253 -0.1471 -0.3494
vn -0.8887 -0.2713 -0.3696
vn -0.8454 -0.3494 -0.4039
vn -0.8073 -0.3936 -0.4398
vn -0.7734 -0.4286 -0.4671
vn -0.7256 -0.4818 -0.4913
vn -0.6332 -0.5540 -0.5405
vn -0.5063 0.2064 -0.8373
vn -0.3485 0.1864 -0.9186
vn -0.2273 0.2981 -0.9271
vn -0.2261 0.4120 -0.8827
vn -0.3473 0.4584 -0.8181
vn -0.5206 0.4042 -0.7521
vn -0.6612 0.2719 -0.6992
vn -0.7290 0.1383 -0.6704
vn -0.7572 0.0451 -0.6516
vn -0.7732 -0.0481 -0.6323
vn -0.7689 -0.1477 -0.6220
vn -0.7528 -0.2236 -0.6191
vn -0.7436 -0.2696 -0.6119
vn -0.7451 -0.3114 -0.5897
vn -0.7276 -0.3870 -0.5664
vn -0.6419 -0.4975 -0.5835
vn -0.3013 0.1104 -0.9471
vn -0.1804 0.1691 -0.9690
vn -0.1269 0.2789 -0.9519
vn -0.2068 0.3241 -0.9231
vn -0.3466 0.2719 -0.8977
vn -0.4481 0.1610 -0.8794
vn -0.4776 0.0862 -0.8744
vn -0.4978 0.0876 -0.8628
vn -0.5476 0.0713 -0.8337
vn -0.5915 0.0016 -0.8063
vn -0.6219 -0.0749 -0.7795
vn -0.6596 -0.1326 -0.7398
vn -0.7067 -0.1945 -0.6802
vn -0.7214 -0.3005 -0.6240
vn -0.6425 -0.4521 -0.6187
vn -0.2155 0.0573 -0.9748
vn -0.1125 0.0334 -0.9931
vn -0.0210 0.1147 -0.9932
vn -0.0437 0.1718 -0.9842
vn -0.1458 0.1275 -0.9811
vn -0.1995 0.0278 -0.9795
vn -0.1612 0.0051 -0.9869
vn -0.1727 0.1313 -0.9762
vn -0.2771 0.2098 -0.9376
vn -0.3836 0.1774 -0.9063
vn -0.4808 0.0998 -0.8711
vn -0.5818 0.0183 -0.8131
vn -0.6763 -0.0785 -0.7324
vn -0.7177 -0.2235 -0.6595
vn -0.6436 -0.4187 -0.6407
vn -0.0833 0.0063 -0.9965
vn 0.0001 -0.0282 -0.9996
vn -0.5354 -0.1005 0.8386
vn -0.5552 -0.0762 -0.8282
vn -0.1082 -0.0064 -0.9941
vn -0.8089 -0.1346 -0.5723
vn -0.3941 0.0602 0.9171
vn -0.6604 -0.6623 -0.3540
vn -0.0069 0.3710 -0.9286
vn -0.1827 0.3833 -0.9054
vn -0.3651 0.3022 -0.8806
vn -0.5352 0.1826 -0.8248
vn -0.6683 0.0351 -0.7431
vn -0.7239 -0.1572 -0.6718
vn -0.6508 -0.3953 -0.6482
vn 0.1488 -0.0181 -0.9887
vn 0.6118 0.2325 0.7561
vn -0.3478 0.1569 0.9243
vn -0.5082 0.0509 0.8597
vn -0.4700 0.1195 0.8746
vn -0.4789 0.2579 0.8391
vn -0.6293 0.1587 0.7608
vn -0.6179 -0.3119 0.7217
vn -0.2671 -0.6376 0.7226
vn -0.0258 0.5880 -0.8085
vn -0.3127 0.5190 -0.7955
vn -0.5368 0.3505 -0.7674
vn -0.6888 0.1389 -0.7115
vn -0.7405 -0.1053 -0.6637
vn -0.6647 -0.3802 -0.6431
vn 0.7482 0.1159 -0.6533
vn 0.3166 0.3965 0.8617
vn -0.3153 0.4520 0.8344
vn -0.5989 0.4077 0.6893
vn -0.6738 0.4421 0.5921
vn -0.7567 0.4914 0.4311
vn -0.9501 0.2342 0.2060
vn -0.8837 -0.4460 0.1421
vn -0.3823 -0.8752 0.2965
vn 0.3037 -0.9508 0.0617
vn -0.2012 0.6158 -0.7618
vn -0.5849 0.4921 -0.6448
vn -0.7294 0.2091 -0.6513
vn -0.7590 -0.0774 -0.6465
vn -0.6796 -0.3733 -0.6315
vn 0.9512 0.2527 -0.1772
vn 0.2663 0.5209 0.8110
vn -0.2432 0.7413 0.6255
vn -0.6068 0.7342 0.3044
vn -0.7388 0.6725 0.0443
vn -0.7794 0.5792 -0.2389
vn -0.8308 0.1866 -0.5243
vn -0.6632 -0.5378 -0.5206
vn -0.1901 -0.9677 -0.1653
vn 0.1362 -0.9904 -0.0251
vn -0.2255 0.6786 -0.6991
vn -0.6629 0.5175 -0.5411
vn -0.7600 0.2119 -0.6145
vn -0.7622 -0.0819 -0.6422
vn -0.6849 -0.3760 -0.6242
vn 0.5176 0.3557 0.7782
vn 0.3546 0.6585 0.6638
vn 0.0221 0.9526 0.3034
vn -0.3125 0.9363 -0.1604
vn -0.4744 0.7374 -0.4808
vn -0.5066 0.4955 -0.7056
vn -0.4805 0.0542 -0.8753
vn -0.2869 -0.6229 -0.7278
vn 0.0504 -0.9700 -0.2377
vn -0.4397 -0.8433 -0.3092
vn -0.5499 0.7324 -0.4015
vn -0.6859 0.4649 -0.5599
vn -0.7490 0.1726 -0.6397
vn -0.7388 -0.1112 -0.6647
vn -0.6733 -0.3886 -0.6290
vn -0.5469 0.2805 0.7888
vn 0.5457 0.5696 0.6147
vn 0.4425 0.8858 0.1398
vn 0.1751 0.9143 -0.3653
vn -0.0656 0.7351 -0.6747
vn -0.2446 0.4755 -0.8450
vn -0.3402 -0.0026 -0.9403
vn -0.2087 -0.6952 -0.6879
vn 0.0907 -0.9857 -0.1419
vn -0.4953 -0.6890 -0.5291
vn -0.4888 0.7064 -0.5120
vn -0.6321 0.4207 -0.6507
vn -0.6930 0.1246 -0.7101
vn -0.6873 -0.1529 -0.7101
vn -0.6425 -0.4091 -0.6479
vn -0.7545 0.1886 0.6286
vn 0.5758 0.4570 0.6779
vn 0.7150 0.6737 0.1869
vn 0.5887 0.7699 -0.2463
vn 0.3463 0.7537 -0.5585
vn 0.0649 0.5888 -0.8056
vn -0.1463 0.0739 -0.9865
vn -0.1329 -0.6920 -0.7096
vn 0.0853 -0.9919 -0.0944
vn -0.3469 -0.4687 -0.8124
vn -0.4006 0.6824 -0.6114
vn -0.5350 0.3813 -0.7539
vn -0.6012 0.0735 -0.7957
vn -0.6102 -0.2021 -0.7660
vn -0.5927 -0.4367 -0.6767
vn 0.3834 0.3825 0.8406
vn 0.7234 0.6546 -0.2195
vn 0.4510 0.1578 -0.8784
vn -0.0310 -0.1737 -0.9843
vn -0.3481 0.6391 -0.6858
vn -0.5101 -0.2574 -0.8207
vt 0.750000 0.312500
vt 0.750000 0.375000
vt 0.718750 0.375000
vt 0.718750 0.312500
vt 0.750000 0.750000
vt 0.750000 0.812500
vt 0.718750 0.812500
vt 0.718750 0.750000
vt 0.750000 0.250000
vt 0.718750 0.250000
vt 0.750000 0.687500
vt 0.718750 0.687500
vt 0.750000 0.187500
vt 0.718750 0.187500
vt 0.750000 0.625000
vt 0.718750 0.625000
vt 0.750000 0.125000
vt 0.718750 0.125000
vt 0.750000 0.562500
vt 0.718750 0.562500
vt 0.750000 0.062500
vt 0.718750 0.062500
vt 0.750000 0.500000
vt 0.718750 0.500000
vt 0.750000 0.937500
vt 0.734375 1.000000
vt 0.718750 0.937500
vt 0.734375 0.000000
vt 0.750000 0.437500
vt 0.718750 0.437500
vt 0.750000 0.875000
vt 0.718750 0.875000
vt 0.687500 0.437500
vt 0.687500 0.375000
vt 0.687500 0.875000
vt 0.687500 0.812500
vt 0.687500 0.312500
vt 0.687500 0.750000
vt 0.687500 0.250000
vt 0.687500 0.687500
vt 0.687500 0.187500
vt 0.687500 0.625000
vt 0.687500 0.125000
vt 0.687500 0.562500
vt 0.687500 0.062500
vt 0.687500 0.500000
vt 0.703125 1.000000
vt 0.687500 0.937500
vt 0.703125 0.000000
vt 0.656250 0.187500
vt 0.656250 0.125000
vt 0.656250 0.625000
vt 0.656250 0.562500
vt 0.656250 0.062500
vt 0.656250 0.500000
vt 0.671875 1.000000
vt 0.656250 0.937500
vt 0.671875 0.000000
vt 0.656250 0.437500
vt 0.656250 0.875000
vt 0.656250 0.375000
vt 0.656250 0.812500
vt 0.656250 0.312500
vt 0.656250 0.750000
vt 0.656250 0.250000
vt 0.656250 0.687500
vt 0.625000 0.875000
vt 0.625000 0.812500
vt 0.625000 0.375000
vt 0.625000 0.312500
vt 0.625000 0.750000
vt 0.625000 0.250000
vt 0.625000 0.687500
vt 0.625000 0.187500
vt 0.625000 0.625000
vt 0.625000 0.125000
vt 0.625000 0.562500
vt 0.625000 0.062500
vt 0.625000 0.500000
vt 0.640625 1.000000
vt 0.625000 0.937500
vt 0.640625 0.000000
vt 0.625000 0.437500
vt 0.593750 0.625000
vt 0.593750 0.562500
vt 0.593750 0.125000
vt 0.593750 0.062500
vt 0.593750 0.500000
vt 0.609375 1.000000
vt 0.593750 0.937500
vt 0.609375 0.000000
vt 0.593750 0.437500
vt 0.593750 0.875000
vt 0.593750 0.375000
vt 0.593750 0.812500
vt 0.593750 0.312500
vt 0.593750 0.750000
vt 0.593750 0.250000
vt 0.593750 0.687500
vt 0.593750 0.187500
vt 0.562500 0.375000
vt 0.562500 0.312500
vt 0.562500 0.812500
vt 0.562500 0.750000
vt 0.562500 0.250000
vt 0.562500 0.687500
vt 0.562500 0.187500
vt 0.562500 0.625000
vt 0.562500 0.125000
vt 0.562500 0.562500
vt 0.562500 0.062500
vt 0.562500 0.500000
vt 0.578125 1.000000
vt 0.562500 0.937500
vt 0.578125 0.000000
vt 0.562500 0.437500
vt 0.562500 0.875000
vt 0.531250 0.125000
vt 0.531250 0.062500
vt 0.531250 0.562500
vt 0.531250 0.500000
vt 0.546875 1.000000
vt 0.531250 0.937500
vt 0.546875 0.000000
vt 0.531250 0.437500
vt 0.531250 0.875000
vt 0.531250 0.375000
vt 0.531250 0.812500
vt 0.531250 0.312500
vt 0.531250 0.750000
vt 0.531250 0.250000
vt 0.531250 0.687500
vt 0.531250 0.187500
vt 0.531250 0.625000
vt 0.500000 0.312500
vt 0.500000 0.250000
vt 0.500000 0.750000
vt 0.500000 0.687500
vt 0.500000 0.187500
vt 0.500000 0.625000
vt 0.500000 0.125000
vt 0.500000 0.562500
vt 0.500000 0.062500
vt 0.500000 0.500000
vt 0.515625 1.000000
vt 0.500000 0.937500
vt 0.515625 0.000000
vt 0.500000 0.437500
vt 0.500000 0.875000
vt 0.500000 0.375000
vt 0.500000 0.812500
vt 0.484375 1.000000
vt 0.468750 0.937500
vt 0.484375 0.000000
vt 0.468750 0.062500
vt 0.468750 0.500000
vt 0.468750 0.437500
vt 0.468750 0.875000
vt 0.468750 0.375000
vt 0.468750 0.812500
vt 0.468750 0.312500
vt 0.468750 0.750000
vt 0.468750 0.250000
vt 0.468750 0.687500
vt 0.468750 0.187500
vt 0.468750 0.625000
vt 0.468750 0.125000
vt 0.468750 0.562500
vt 0.437500 0.750000
vt 0.437500 0.687500
vt 0.437500 0.250000
vt 0.437500 0.187500
vt 0.437500 0.625000
vt 0.437500 0.125000
vt 0.437500 0.562500
vt 0.437500 0.062500
vt 0.437500 0.500000
vt 0.453125 1.000000
vt 0.437500 0.937500
vt 0.453125 0.000000
vt 0.437500 0.437500
vt 0.437500 0.875000
vt 0.437500 0.375000
vt 0.437500 0.812500
vt 0.437500 0.312500
vt 0.406250 0.500000
vt 0.406250 0.437500
vt 0.406250 0.937500
vt 0.406250 0.875000
vt 0.406250 0.375000
vt 0.406250 0.812500
vt 0.406250 0.312500
vt 0.406250 0.750000
vt 0.406250 0.250000
vt 0.406250 0.687500
vt 0.406250 0.187500
vt 0.406250 0.625000
vt 0.406250 0.125000
vt 0.406250 0.562500
vt 0.406250 0.062500
vt 0.421875 1.000000
vt 0.421875 0.000000
vt 0.375000 0.250000
vt 0.375000 0.187500
vt 0.375000 0.687500
vt 0.375000 0.625000
vt 0.375000 0.125000
vt 0.375000 0.562500
vt 0.375000 0.062500
vt 0.375000 0.500000
vt 0.390625 1.000000
vt 0.375000 0.937500
vt 0.390625 0.000000
vt 0.375000 0.437500
vt 0.375000 0.875000
vt 0.375000 0.375000
vt 0.375000 0.812500
vt 0.375000 0.312500
vt 0.375000 0.750000
vt 0.343750 0.937500
vt 0.343750 0.875000
vt 0.343750 0.437500
vt 0.343750 0.375000
vt 0.343750 0.812500
vt 0.343750 0.312500
vt 0.343750 0.750000
vt 0.343750 0.250000
vt 0.343750 0.687500
vt 0.343750 0.187500
vt 0.343750 0.625000
vt 0.343750 0.125000
vt 0.343750 0.562500
vt 0.343750 0.062500
vt 0.343750 0.500000
vt 0.359375 1.000000
vt 0.359375 0.000000
vt 0.312500 0.687500
vt 0.312500 0.625000
vt 0.312500 0.187500
vt 0.312500 0.125000
vt 0.312500 0.562500
vt 0.312500 0.062500
vt 0.312500 0.500000
vt 0.328125 1.000000
vt 0.312500 0.937500
vt 0.328125 0.000000
vt 0.312500 0.437500
vt 0.312500 0.875000
vt 0.312500 0.375000
vt 0.312500 0.812500
vt 0.312500 0.312500
vt 0.312500 0.750000
vt 0.312500 0.250000
vt 0.281250 0.437500
vt 0.281250 0.375000
vt 0.281250 0.875000
vt 0.281250 0.812500
vt 0.281250 0.312500
vt 0.281250 0.750000
vt 0.281250 0.250000
vt 0.281250 0.687500
vt 0.281250 0.187500
vt 0.281250 0.625000
vt 0.281250 0.125000
vt 0.281250 0.562500
vt 0.281250 0.062500
vt 0.281250 0.500000
vt 0.296875 1.000000
vt 0.281250 0.937500
vt 0.296875 0.000000
vt 0.250000 0.187500
vt 0.250000 0.125000
vt 0.250000 0.625000
vt 0.250000 0.562500
vt 0.250000 0.062500
vt 0.250000 0.500000
vt 0.265625 1.000000
vt 0.250000 0.937500
vt 0.265625 0.000000
vt 0.250000 0.437500
vt 0.250000 0.875000
vt 0.250000 0.375000
vt 0.250000 0.812500
vt 0.250000 0.312500
vt 0.250000 0.750000
vt 0.250000 0.250000
vt 0.250000 0.687500
vt 0.218750 0.375000
vt 0.218750 0.312500
vt 0.218750 0.812500
vt 0.218750 0.750000
vt 0.218750 0.250000
vt 0.218750 0.687500
vt 0.218750 0.187500
vt 0.218750 0.625000
vt 0.218750 0.125000
vt 0.218750 0.562500
vt 0.218750 0.062500
vt 0.218750 0.500000
vt 0.234375 1.000000
vt 0.218750 0.937500
vt 0.234375 0.000000
vt 0.218750 0.437500
vt 0.218750 0.875000
vt 0.187500 0.125000
vt 0.187500 0.062500
vt 0.187500 0.562500
vt 0.187500 0.500000
vt 0.203125 1.000000
vt 0.187500 0.937500
vt 0.203125 0.000000
vt 0.187500 0.437500
vt 0.187500 0.875000
vt 0.187500 0.375000
vt 0.187500 0.812500
vt 0.187500 0.312500
vt 0.187500 0.750000
vt 0.187500 0.250000
vt 0.187500 0.687500
vt 0.187500 0.187500
vt 0.187500 0.625000
vt 0.156250 0.812500
vt 0.156250 0.750000
vt 0.156250 0.312500
vt 0.156250 0.250000
vt 0.156250 0.687500
vt 0.156250 0.187500
vt 0.156250 0.625000
vt 0.156250 0.125000
vt 0.156250 0.562500
vt 0.156250 0.062500
vt 0.156250 0.500000
vt 0.171875 1.000000
vt 0.156250 0.937500
vt 0.171875 0.000000
vt 0.156250 0.437500
vt 0.156250 0.875000
vt 0.156250 0.375000
vt 0.125000 0.562500
vt 0.125000 0.500000
vt 0.140625 1.000000
vt 0.125000 0.937500
vt 0.140625 0.000000
vt 0.125000 0.062500
vt 0.125000 0.437500
vt 0.125000 0.875000
vt 0.125000 0.375000
vt 0.125000 0.812500
vt 0.125000 0.312500
vt 0.125000 0.750000
vt 0.125000 0.250000
vt 0.125000 0.687500
vt 0.125000 0.187500
vt 0.125000 0.625000
vt 0.125000 0.125000
vt 0.093750 0.312500
vt 0.093750 0.250000
vt 0.093750 0.750000
vt 0.093750 0.687500
vt 0.093750 0.187500
vt 0.093750 0.625000
vt 0.093750 0.125000
vt 0.093750 0.562500
vt 0.093750 0.062500
vt 0.093750 0.500000
vt 0.109375 1.000000
vt 0.093750 0.937500
vt 0.109375 0.000000
vt 0.093750 0.437500
vt 0.093750 0.875000
vt 0.093750 0.375000
vt 0.093750 0.812500
vt 0.078125 1.000000
vt 0.062500 0.937500
vt 0.078125 0.000000
vt 0.062500 0.062500
vt 0.062500 0.500000
vt 0.062500 0.437500
vt 0.062500 0.875000
vt 0.062500 0.375000
vt 0.062500 0.812500
vt 0.062500 0.312500
vt 0.062500 0.750000
vt 0.062500 0.250000
vt 0.062500 0.687500
vt 0.062500 0.187500
vt 0.062500 0.625000
vt 0.062500 0.125000
vt 0.062500 0.562500
vt 0.031250 0.750000
vt 0.031250 0.687500
vt 0.031250 0.250000
vt 0.031250 0.187500
vt 0.031250 0.625000
vt 0.031250 0.125000
vt 0.031250 0.562500
vt 0.031250 0.062500
vt 0.031250 0.500000
vt 0.046875 1.000000
vt 0.031250 0.937500
vt 0.046875 0.000000
vt 0.031250 0.437500
vt 0.031250 0.875000
vt 0.031250 0.375000
vt 0.031250 0.812500
vt 0.031250 0.312500
vt 0.000000 0.500000
vt 0.000000 0.437500
vt 0.000000 0.937500
vt 0.000000 0.875000
vt 0.000000 0.375000
vt 0.000000 0.812500
vt 0.000000 0.312500
vt 0.000000 0.750000
vt 0.000000 0.250000
vt 0.000000 0.687500
vt 0.000000 0.187500
vt 0.000000 0.625000
vt 0.000000 0.125000
vt 0.000000 0.562500
vt 0.000000 0.062500
vt 0.015625 1.000000
vt 0.015625 0.000000
vt 1.000000 0.187500
vt 1.000000 0.250000
vt 0.968750 0.250000
vt 0.968750 0.187500
vt 1.000000 0.625000
vt 1.000000 0.687500
vt 0.968750 0.687500
vt 0.968750 0.625000
vt 1.000000 0.125000
vt 0.968750 0.125000
vt 1.000000 0.562500
vt 0.968750 0.562500
vt 1.000000 0.062500
vt 0.968750 0.062500
vt 1.000000 0.500000
vt 0.968750 0.500000
vt 1.000000 0.937500
vt 0.984375 1.000000
vt 0.968750 0.937500
vt 0.984375 0.000000
vt 1.000000 0.437500
vt 0.968750 0.437500
vt 1.000000 0.875000
vt 0.968750 0.875000
vt 1.000000 0.375000
vt 0.968750 0.375000
vt 1.000000 0.812500
vt 0.968750 0.812500
vt 1.000000 0.312500
vt 0.968750 0.312500
vt 1.000000 0.750000
vt 0.968750 0.750000
vt 0.937500 0.437500
vt 0.937500 0.375000
vt 0.937500 0.875000
vt 0.937500 0.812500
vt 0.937500 0.312500
vt 0.937500 0.750000
vt 0.937500 0.250000
vt 0.937500 0.687500
vt 0.937500 0.187500
vt 0.937500 0.625000
vt 0.937500 0.125000
vt 0.937500 0.562500
vt 0.937500 0.062500
vt 0.937500 0.500000
vt 0.953125 1.000000
vt 0.937500 0.937500
vt 0.953125 0.000000
vt 0.906250 0.187500
vt 0.906250 0.125000
vt 0.906250 0.625000
vt 0.906250 0.562500
vt 0.906250 0.062500
vt 0.906250 0.500000
vt 0.921875 1.000000
vt 0.906250 0.937500
vt 0.921875 0.000000
vt 0.906250 0.437500
vt 0.906250 0.875000
vt 0.906250 0.375000
vt 0.906250 0.812500
vt 0.906250 0.312500
vt 0.906250 0.750000
vt 0.906250 0.250000
vt 0.906250 0.687500
vt 0.875000 0.875000
vt 0.875000 0.812500
vt 0.875000 0.375000
vt 0.875000 0.312500
vt 0.875000 0.750000
vt 0.875000 0.250000
vt 0.875000 0.687500
vt 0.875000 0.187500
vt 0.875000 0.625000
vt 0.875000 0.125000
vt 0.875000 0.562500
vt 0.875000 0.062500
vt 0.875000 0.500000
vt 0.890625 1.000000
vt 0.875000 0.937500
vt 0.890625 0.000000
vt 0.875000 0.437500
vt 0.843750 0.625000
vt 0.843750 0.562500
vt 0.843750 0.125000
vt 0.843750 0.062500
vt 0.843750 0.500000
vt 0.859375 1.000000
vt 0.843750 0.937500
vt 0.859375 0.000000
vt 0.843750 0.437500
vt 0.843750 0.875000
vt 0.843750 0.375000
vt 0.843750 0.812500
vt 0.843750 0.312500
vt 0.843750 0.750000
vt 0.843750 0.250000
vt 0.843750 0.687500
vt 0.843750 0.187500
vt 0.812500 0.375000
vt 0.812500 0.312500
vt 0.812500 0.812500
vt 0.812500 0.750000
vt 0.812500 0.250000
vt 0.812500 0.687500
vt 0.812500 0.187500
vt 0.812500 0.625000
vt 0.812500 0.125000
vt 0.812500 0.562500
vt 0.812500 0.062500
vt 0.812500 0.500000
vt 0.828125 1.000000
vt 0.812500 0.937500
vt 0.828125 0.000000
vt 0.812500 0.437500
vt 0.812500 0.875000
vt 0.781250 0.125000
vt 0.781250 0.062500
vt 0.781250 0.562500
vt 0.781250 0.500000
vt 0.796875 1.000000
vt 0.781250 0.937500
vt 0.796875 0.000000
vt 0.781250 0.437500
vt 0.781250 0.875000
vt 0.781250 0.375000
vt 0.781250 0.812500
vt 0.781250 0.312500
vt 0.781250 0.750000
vt 0.781250 0.250000
vt 0.781250 0.687500
vt 0.781250 0.187500
vt 0.781250 0.625000
vt 0.765625 1.000000
vt 0.765625 0.000000
s 1
usemtl SphereImageMaterial
f 481/1/481 480/2/480 19/3/19 20/4/20
f 3/5/3 2/6/2 12/7/12 13/8/13
f 7/9/7 481/1/481 20/4/20 21/10/21
f 478/11/478 3/5/3 13/8/13 14/12/14
f 8/13/8 7/9/7 21/10/21 22/14/22
f 4/15/4 478/11/478 14/12/14 15/16/15
f 482/17/482 8/13/8 22/14/22 23/18/23
f 479/19/479 4/15/4 15/16/15 16/20/16
f 9/21/9 482/17/482 23/18/23 24/22/24
f 5/23/5 479/19/479 16/20/16 17/24/17
f 1/25/1 326/26/326 10/27/10
f 265/28/265 9/21/9 24/22/24
f 6/29/6 5/23/5 17/24/17 18/30/18
f 477/31/477 1/25/1 10/27/10 11/32/11
f 480/2/480 6/29/6 18/30/18 19/3/19
f 2/6/2 477/31/477 11/32/11 12/7/12
f 19/3/19 18/30/18 33/33/33 34/34/34
f 12/7/12 11/32/11 26/35/26 27/36/27
f 20/4/20 19/3/19 34/34/34 35/37/35
f 13/8/13 12/7/12 27/36/27 28/38/28
f 21/10/21 20/4/20 35/37/35 36/39/36
f 14/12/14 13/8/13 28/38/28 29/40/29
f 22/14/22 21/10/21 36/39/36 37/41/37
f 15/16/15 14/12/14 29/40/29 30/42/30
f 23/18/23 22/14/22 37/41/37 38/43/38
f 16/20/16 15/16/15 30/42/30 31/44/31
f 24/22/24 23/18/23 38/43/38 39/45/39
f 17/24/17 16/20/16 31/44/31 32/46/32
f 10/27/10 326/47/326 25/48/25
f 265/49/265 24/22/24 39/45/39
f 18/30/18 17/24/17 32/46/32 33/33/33
f 11/32/11 10/27/10 25/48/25 26/35/26
f 38/43/38 37/41/37 52/50/52 53/51/53
f 31/44/31 30/42/30 45/52/45 46/53/46
f 39/45/39 38/43/38 53/51/53 54/54/54
f 32/46/32 31/44/31 46/53/46 47/55/47
f 25/48/25 326/56/326 40/57/40
f 265/58/265 39/45/39 54/54/54
f 33/33/33 32/46/32 47/55/47 48/59/48
f 26/35/26 25/48/25 40/57/40 41/60/41
f 34/34/34 33/33/33 48/59/48 49/61/49
f 27/36/27 26/35/26 41/60/41 42/62/42
f 35/37/35 34/34/34 49/61/49 50/63/50
f 28/38/28 27/36/27 42/62/42 43/64/43
f 36/39/36 35/37/35 50/63/50 51/65/51
f 29/40/29 28/38/28 43/64/43 44/66/44
f 37/41/37 36/39/36 51/65/51 52/50/52
f 30/42/30 29/40/29 44/66/44 45/52/45
f 42/62/42 41/60/41 56/67/56 57/68/57
f 50/63/50 49/61/49 64/69/64 65/70/65
f 43/64/43 42/62/42 57/68/57 58/71/58
f 51/65/51 50/63/50 65/70/65 66/72/66
f 44/66/44 43/64/43 58/71/58 59/73/59
f 52/50/52 51/65/51 66/72/66 67/74/67
f 45/52/45 44/66/44 59/73/59 60/75/60
f 53/51/53 52/50/52 67/74/67 68/76/68
f 46/53/46 45/52/45 60/75/60 61/77/61
f 54/54/54 53/51/53 68/76/68 69/78/69
f 47/55/47 46/53/46 61/77/61 62/79/62
f 40/57/40 326/80/326 55/81/55
f 265/82/265 54/54/54 69/78/69
f 48/59/48 47/55/47 62/79/62 63/83/63
f 41/60/41 40/57/40 55/81/55 56/67/56
f 49/61/49 48/59/48 63/83/63 64/69/64
f 61/77/61 60/75/60 75/84/75 76/85/76
f 69/78/69 68/76/68 83/86/83 84/87/84
f 62/79/62 61/77/61 76/85/76 77/88/77
f 55/81/55 326/89/326 70/90/70
f 265/91/265 69/78/69 84/87/84
f 63/83/63 62/79/62 77/88/77 78/92/78
f 56/67/56 55/81/55 70/90/70 71/93/71
f 64/69/64 63/83/63 78/92/78 79/94/79
f 57/68/57 56/67/56 71/93/71 72/95/72
f 65/70/65 64/69/64 79/94/79 80/96/80
f 58/71/58 57/68/57 72/95/72 73/97/73
f 66/72/66 65/70/65 80/96/80 81/98/81
f 59/73/59 58/71/58 73/97/73 74/99/74
f 67/74/67 66/72/66 81/98/81 82/100/82
f 60/75/60 59/73/59 74/99/74 75/84/75
f 68/76/68 67/74/67 82/100/82 83/86/83
f 80/96/80 79/94/79 94/101/94 95/102/95
f 73/97/73 72/95/72 87/103/87 88/104/88
f 81/98/81 80/96/80 95/102/95 96/105/96
f 74/99/74 73/97/73 88/104/88 89/106/89
f 82/100/82 81/98/81 96/105/96 97/107/97
f 75/84/75 74/99/74 89/106/89 90/108/90
f 83/86/83 82/100/82 97/107/97 98/109/98
f 76/85/76 75/84/75 90/108/90 91/110/91
f 84/87/84 83/86/83 98/109/98 99/111/99
f 77/88/77 76/85/76 91/110/91 92/112/92
f 70/90/70 326/113/326 85/114/85
f 265/115/265 84/87/84 99/111/99
f 78/92/78 77/88/77 92/112/92 93/116/93
f 71/93/71 70/90/70 85/114/85 86/117/86
f 79/94/79 78/92/78 93/116/93 94/101/94
f 72/95/72 71/93/71 86/117/86 87/103/87
f 99/111/99 98/109/98 113/118/113 114/119/114
f 92/112/92 91/110/91 106/120/106 107/121/107
f 85/114/85 326/122/326 100/123/100
f 265/124/265 99/111/99 114/119/114
f 93/116/93 92/112/92 107/121/107 108/125/108
f 86/117/86 85/114/85 100/123/100 101/126/101
f 94/101/94 93/116/93 108/125/108 109/127/109
f 87/103/87 86/117/86 101/126/101 102/128/102
f 95/102/95 94/101/94 109/127/109 110/129/110
f 88/104/88 87/103/87 102/128/102 103/130/103
f 96/105/96 95/102/95 110/129/110 111/131/111
f 89/106/89 88/104/88 103/130/103 104/132/104
f 97/107/97 96/105/96 111/131/111 112/133/112
f 90/108/90 89/106/89 104/132/104 105/134/105
f 98/109/98 97/107/97 112/133/112 113/118/113
f 91/110/91 90/108/90 105/134/105 106/120/106
f 111/131/111 110/129/110 125/135/125 126/136/126
f 104/132/104 103/130/103 118/137/118 119/138/119
f 112/133/112 111/131/111 126/136/126 127/139/127
f 105/134/105 104/132/104 119/138/119 120/140/120
f 113/118/113 112/133/112 127/139/127 128/141/128
f 106/120/106 105/134/105 120/140/120 121/142/121
f 114/119/114 113/118/113 128/141/128 129/143/129
f 107/121/107 106/120/106 121/142/121 122/144/122
f 100/123/100 326/145/326 115/146/115
f 265/147/265 114/119/114 129/143/129
f 108/125/108 107/121/107 122/144/122 123/148/123
f 101/126/101 100/123/100 115/146/115 116/149/116
f 109/127/109 108/125/108 123/148/123 124/150/124
f 102/128/102 101/126/101 116/149/116 117/151/117
f 110/129/110 109/127/109 124/150/124 125/135/125
f 103/130/103 102/128/102 117/151/117 118/137/118
f 115/146/115 326/152/326 130/153/130
f 265/154/265 129/143/129 144/155/144
f 123/148/123 122/144/122 137/156/137 138/157/138
f 116/149/116 115/146/115 130/153/130 131/158/131
f 124/150/124 123/148/123 138/157/138 139/159/139
f 117/151/117 116/149/116 131/158/131 132/160/132
f 125/135/125 124/150/124 139/159/139 140/161/140
f 118/137/118 117/151/117 132/160/132 133/162/133
f 126/136/126 125/135/125 140/161/140 141/163/141
f 119/138/119 118/137/118 133/162/133 134/164/134
f 127/139/127 126/136/126 141/163/141 142/165/142
f 120/140/120 119/138/119 134/164/134 135/166/135
f 128/141/128 127/139/127 142/165/142 143/167/143
f 121/142/121 120/140/120 135/166/135 136/168/136
f 129/143/129 128/141/128 143/167/143 144/155/144
f 122/144/122 121/142/121 136/168/136 137/156/137
f 134/164/134 133/162/133 148/169/148 149/170/149
f 142/165/142 141/163/141 156/171/156 157/172/157
f 135/166/135 134/164/134 149/170/149 150/173/150
f 143/167/143 142/165/142 157/172/157 158/174/158
f 136/168/136 135/166/135 150/173/150 151/175/151
f 144/155/144 143/167/143 158/174/158 159/176/159
f 137/156/137 136/168/136 151/175/151 152/177/152
f 130/153/130 326/178/326 145/179/145
f 265/180/265 144/155/144 159/176/159
f 138/157/138 137/156/137 152/177/152 153/181/153
f 131/158/131 130/153/130 145/179/145 146/182/146
f 139/159/139 138/157/138 153/181/153 154/183/154
f 132/160/132 131/158/131 146/182/146 147/184/147
f 140/161/140 139/159/139 154/183/154 155/185/155
f 133/162/133 132/160/132 147/184/147 148/169/148
f 141/163/141 140/161/140 155/185/155 156/171/156
f 153/181/153 152/177/152 167/186/167 168/187/168
f 146/182/146 145/179/145 160/188/160 161/189/161
f 154/183/154 153/181/153 168/187/168 169/190/169
f 147/184/147 146/182/146 161/189/161 162/191/162
f 155/185/155 154/183/154 169/190/169 170/192/170
f 148/169/148 147/184/147 162/191/162 163/193/163
f 156/171/156 155/185/155 170/192/170 171/194/171
f 149/170/149 148/169/148 163/193/163 164/195/164
f 157/172/157 156/171/156 171/194/171 172/196/172
f 150/173/150 149/170/149 164/195/164 165/197/165
f 158/174/158 157/172/157 172/196/172 173/198/173
f 151/175/151 150/173/150 165/197/165 166/199/166
f 159/176/159 158/174/158 173/198/173 174/200/174
f 152/177/152 151/175/151 166/199/166 167/186/167
f 145/179/145 326/201/326 160/188/160
f 265/202/265 159/176/159 174/200/174
f 172/196/172 171/194/171 186/203/186 187/204/187
f 165/197/165 164/195/164 179/205/179 180/206/180
f 173/198/173 172/196/172 187/204/187 188/207/188
f 166/199/166 165/197/165 180/206/180 181/208/181
f 174/200/174 173/198/173 188/207/188 189/209/189
f 167/186/167 166/199/166 181/208/181 182/210/182
f 160/188/160 326/211/326 175/212/175
f 265/213/265 174/200/174 189/209/189
f 168/187/168 167/186/167 182/210/182 183/214/183
f 161/189/161 160/188/160 175/212/175 176/215/176
f 169/190/169 168/187/168 183/214/183 184/216/184
f 162/191/162 161/189/161 176/215/176 177/217/177
f 170/192/170 169/190/169 184/216/184 185/218/185
f 163/193/163 162/191/162 177/217/177 178/219/178
f 171/194/171 170/192/170 185/218/185 186/203/186
f 164/195/164 163/193/163 178/219/178 179/205/179
f 176/215/176 175/212/175 190/220/190 191/221/191
f 184/216/184 183/214/183 198/222/198 199/223/199
f 177/217/177 176/215/176 191/221/191 192/224/192
f 185/218/185 184/216/184 199/223/199 200/225/200
f 178/219/178 177/217/177 192/224/192 193/226/193
f 186/203/186 185/218/185 200/225/200 201/227/201
f 179/205/179 178/219/178 193/226/193 194/228/194
f 187/204/187 186/203/186 201/227/201 202/229/202
f 180/206/180 179/205/179 194/228/194 195/230/195
f 188/207/188 187/204/187 202/229/202 203/231/203
f 181/208/181 180/206/180 195/230/195 196/232/196
f 189/209/189 188/207/188 203/231/203 204/233/204
f 182/210/182 181/208/181 196/232/196 197/234/197
f 175/212/175 326/235/326 190/220/190
f 265/236/265 189/209/189 204/233/204
f 183/214/183 182/210/182 197/234/197 198/222/198
f 195/230/195 194/228/194 209/237/209 210/238/210
f 203/231/203 202/229/202 217/239/217 218/240/218
f 196/232/196 195/230/195 210/238/210 211/241/211
f 204/233/204 203/231/203 218/240/218 219/242/219
f 197/234/197 196/232/196 211/241/211 212/243/212
f 190/220/190 326/244/326 205/245/205
f 265/246/265 204/233/204 219/242/219
f 198/222/198 197/234/197 212/243/212 213/247/213
f 191/221/191 190/220/190 205/245/205 206/248/206
f 199/223/199 198/222/198 213/247/213 214/249/214
f 192/224/192 191/221/191 206/248/206 207/250/207
f 200/225/200 199/223/199 214/249/214 215/251/215
f 193/226/193 192/224/192 207/250/207 208/252/208
f 201/227/201 200/225/200 215/251/215 216/253/216
f 194/228/194 193/226/193 208/252/208 209/237/209
f 202/229/202 201/227/201 216/253/216 217/239/217
f 214/249/214 213/247/213 228/254/228 229/255/229
f 207/250/207 206/248/206 221/256/221 222/257/222
f 215/251/215 214/249/214 229/255/229 230/258/230
f 208/252/208 207/250/207 222/257/222 223/259/223
f 216/253/216 215/251/215 230/258/230 231/260/231
f 209/237/209 208/252/208 223/259/223 224/261/224
f 217/239/217 216/253/216 231/260/231 232/262/232
f 210/238/210 209/237/209 224/261/224 225/263/225
f 218/240/218 217/239/217 232/262/232 233/264/233
f 211/241/211 210/238/210 225/263/225 226/265/226
f 219/242/219 218/240/218 233/264/233 234/266/234
f 212/243/212 211/241/211 226/265/226 227/267/227
f 205/245/205 326/268/326 220/269/220
f 265/270/265 219/242/219 234/266/234
f 213/247/213 212/243/212 227/267/227 228/254/228
f 206/248/206 205/245/205 220/269/220 221/256/221
f 233/264/233 232/262/232 247/271/247 248/272/248
f 226/265/226 225/263/225 240/273/240 241/274/241
f 234/266/234 233/264/233 248/272/248 249/275/249
f 227/267/227 226/265/226 241/274/241 242/276/242
f 220/269/220 326/277/326 235/278/235
f 265/279/265 234/266/234 249/275/249
f 228/254/228 227/267/227 242/276/242 243/280/243
f 221/256/221 220/269/220 235/278/235 236/281/236
f 229/255/229 228/254/228 243/280/243 244/282/244
f 222/257/222 221/256/221 236/281/236 237/283/237
f 230/258/230 229/255/229 244/282/244 245/284/245
f 223/259/223 222/257/222 237/283/237 238/285/238
f 231/260/231 230/258/230 245/284/245 246/286/246
f 224/261/224 223/259/223 238/285/238 239/287/239
f 232/262/232 231/260/231 246/286/246 247/271/247
f 225/263/225 224/261/224 239/287/239 240/273/240
f 245/284/245 244/282/244 259/288/259 260/289/260
f 238/285/238 237/283/237 252/290/252 253/291/253
f 246/286/246 245/284/245 260/289/260 261/292/261
f 239/287/239 238/285/238 253/291/253 254/293/254
f 247/271/247 246/286/246 261/292/261 262/294/262
f 240/273/240 239/287/239 254/293/254 255/295/255
f 248/272/248 247/271/247 262/294/262 263/296/263
f 241/274/241 240/273/240 255/295/255 256/297/256
f 249/275/249 248/272/248 263/296/263 264/298/264
f 242/276/242 241/274/241 256/297/256 257/299/257
f 235/278/235 326/300/326 250/301/250
f 265/302/265 249/275/249 264/298/264
f 243/280/243 242/276/242 257/299/257 258/303/258
f 236/281/236 235/278/235 250/301/250 251/304/251
f 244/282/244 243/280/243 258/303/258 259/288/259
f 237/283/237 236/281/236 251/304/251 252/290/252
f 264/298/264 263/296/263 279/305/279 280/306/280
f 257/299/257 256/297/256 272/307/272 273/308/273
f 250/301/250 326/309/326 266/310/266
f 265/311/265 264/298/264 280/306/280
f 258/303/258 257/299/257 273/308/273 274/312/274
f 251/304/251 250/301/250 266/310/266 267/313/267
f 259/288/259 258/303/258 274/312/274 275/314/275
f 252/290/252 251/304/251 267/313/267 268/315/268
f 260/289/260 259/288/259 275/314/275 276/316/276
f 253/291/253 252/290/252 268/315/268 269/317/269
f 261/292/261 260/289/260 276/316/276 277/318/277
f 254/293/254 253/291/253 269/317/269 270/319/270
f 262/294/262 261/292/261 277/318/277 278/320/278
f 255/295/255 254/293/254 270/319/270 271/321/271
f 263/296/263 262/294/262 278/320/278 279/305/279
f 256/297/256 255/295/255 271/321/271 272/307/272
f 269/317/269 268/315/268 283/322/283 284/323/284
f 277/318/277 276/316/276 291/324/291 292/325/292
f 270/319/270 269/317/269 284/323/284 285/326/285
f 278/320/278 277/318/277 292/325/292 293/327/293
f 271/321/271 270/319/270 285/326/285 286/328/286
f 279/305/279 278/320/278 293/327/293 294/329/294
f 272/307/272 271/321/271 286/328/286 287/330/287
f 280/306/280 279/305/279 294/329/294 295/331/295
f 273/308/273 272/307/272 287/330/287 288/332/288
f 266/310/266 326/333/326 281/334/281
f 265/335/265 280/306/280 295/331/295
f 274/312/274 273/308/273 288/332/288 289/336/289
f 267/313/267 266/310/266 281/334/281 282/337/282
f 275/314/275 274/312/274 289/336/289 290/338/290
f 268/315/268 267/313/267 282/337/282 283/322/283
f 276/316/276 275/314/275 290/338/290 291/324/291
f 288/332/288 287/330/287 302/339/302 303/340/303
f 281/334/281 326/341/326 296/342/296
f 265/343/265 295/331/295 310/344/310
f 289/336/289 288/332/288 303/340/303 304/345/304
f 282/337/282 281/334/281 296/342/296 297/346/297
f 290/338/290 289/336/289 304/345/304 305/347/305
f 283/322/283 282/337/282 297/346/297 298/348/298
f 291/324/291 290/338/290 305/347/305 306/349/306
f 284/323/284 283/322/283 298/348/298 299/350/299
f 292/325/292 291/324/291 306/349/306 307/351/307
f 285/326/285 284/323/284 299/350/299 300/352/300
f 293/327/293 292/325/292 307/351/307 308/353/308
f 286/328/286 285/326/285 300/352/300 301/354/301
f 294/329/294 293/327/293 308/353/308 309/355/309
f 287/330/287 286/328/286 301/354/301 302/339/302
f 295/331/295 294/329/294 309/355/309 310/344/310
f 307/351/307 306/349/306 321/356/321 322/357/322
f 300/352/300 299/350/299 314/358/314 315/359/315
f 308/353/308 307/351/307 322/357/322 323/360/323
f 301/354/301 300/352/300 315/359/315 316/361/316
f 309/355/309 308/353/308 323/360/323 324/362/324
f 302/339/302 301/354/301 316/361/316 317/363/317
f 310/344/310 309/355/309 324/362/324 325/364/325
f 303/340/303 302/339/302 317/363/317 318/365/318
f 296/342/296 326/366/326 311/367/311
f 265/368/265 310/344/310 325/364/325
f 304/345/304 303/340/303 318/365/318 319/369/319
f 297/346/297 296/342/296 311/367/311 312/370/312
f 305/347/305 304/345/304 319/369/319 320/371/320
f 298/348/298 297/346/297 312/370/312 313/372/313
f 306/349/306 305/347/305 320/371/320 321/356/321
f 299/350/299 298/348/298 313/372/313 314/358/314
f 311/367/311 326/373/326 327/374/327
f 265/375/265 325/364/325 341/376/341
f 319/369/319 318/365/318 334/377/334 335/378/335
f 312/370/312 311/367/311 327/374/327 328/379/328
f 320/371/320 319/369/319 335/378/335 336/380/336
f 313/372/313 312/370/312 328/379/328 329/381/329
f 321/356/321 320/371/320 336/380/336 337/382/337
f 314/358/314 313/372/313 329/381/329 330/383/330
f 322/357/322 321/356/321 337/382/337 338/384/338
f 315/359/315 314/358/314 330/383/330 331/385/331
f 323/360/323 322/357/322 338/384/338 339/386/339
f 316/361/316 315/359/315 331/385/331 332/387/332
f 324/362/324 323/360/323 339/386/339 340/388/340
f 317/363/317 316/361/316 332/387/332 333/389/333
f 325/364/325 324/362/324 340/388/340 341/376/341
f 318/365/318 317/363/317 333/389/333 334/377/334
f 331/385/331 330/383/330 345/390/345 346/391/346
f 339/386/339 338/384/338 353/392/353 354/393/354
f 332/387/332 331/385/331 346/391/346 347/394/347
f 340/388/340 339/386/339 354/393/354 355/395/355
f 333/389/333 332/387/332 347/394/347 348/396/348
f 341/376/341 340/388/340 355/395/355 356/397/356
f 334/377/334 333/389/333 348/396/348 349/398/349
f 327/374/327 326/399/326 342/400/342
f 265/401/265 341/376/341 356/397/356
f 335/378/335 334/377/334 349/398/349 350/402/350
f 328/379/328 327/374/327 342/400/342 343/403/343
f 336/380/336 335/378/335 350/402/350 351/404/351
f 329/381/329 328/379/328 343/403/343 344/405/344
f 337/382/337 336/380/336 351/404/351 352/406/352
f 330/383/330 329/381/329 344/405/344 345/390/345
f 338/384/338 337/382/337 352/406/352 353/392/353
f 350/402/350 349/398/349 364/407/364 365/408/365
f 343/403/343 342/400/342 357/409/357 358/410/358
f 351/404/351 350/402/350 365/408/365 366/411/366
f 344/405/344 343/403/343 358/410/358 359/412/359
f 352/406/352 351/404/351 366/411/366 367/413/367
f 345/390/345 344/405/344 359/412/359 360/414/360
f 353/392/353 352/406/352 367/413/367 368/415/368
f 346/391/346 345/390/345 360/414/360 361/416/361
f 354/393/354 353/392/353 368/415/368 369/417/369
f 347/394/347 346/391/346 361/416/361 362/418/362
f 355/395/355 354/393/354 369/417/369 370/419/370
f 348/396/348 347/394/347 362/418/362 363/420/363
f 356/397/356 355/395/355 370/419/370 371/421/371
f 349/398/349 348/396/348 363/420/363 364/407/364
f 342/400/342 326/422/326 357/409/357
f 265/423/265 356/397/356 371/421/371
f 369/424/369 368/425/368 383/426/383 384/427/384
f 362/428/362 361/429/361 376/430/376 377/431/377
f 370/432/370 369/424/369 384/427/384 385/433/385
f 363/434/363 362/428/362 377/431/377 378/435/378
f 371/436/371 370/432/370 385/433/385 386/437/386
f 364/438/364 363/434/363 378/435/378 379/439/379
f 357/440/357 326/441/326 372/442/372
f 265/443/265 371/436/371 386/437/386
f 365/444/365 364/438/364 379/439/379 380/445/380
f 358/446/358 357/440/357 372/442/372 373/447/373
f 366/448/366 365/444/365 380/445/380 381/449/381
f 359/450/359 358/446/358 373/447/373 374/451/374
f 367/452/367 366/448/366 381/449/381 382/453/382
f 360/454/360 359/450/359 374/451/374 375/455/375
f 368/425/368 367/452/367 382/453/382 383/426/383
f 361/429/361 360/454/360 375/455/375 376/430/376
f 381/449/381 380/445/380 395/456/395 396/457/396
f 374/451/374 373/447/373 388/458/388 389/459/389
f 382/453/382 381/449/381 396/457/396 397/460/397
f 375/455/375 374/451/374 389/459/389 390/461/390
f 383/426/383 382/453/382 397/460/397 398/462/398
f 376/430/376 375/455/375 390/461/390 391/463/391
f 384/427/384 383/426/383 398/462/398 399/464/399
f 377/431/377 376/430/376 391/463/391 392/465/392
f 385/433/385 384/427/384 399/464/399 400/466/400
f 378/435/378 377/431/377 392/465/392 393/467/393
f 386/437/386 385/433/385 400/466/400 401/468/401
f 379/439/379 378/435/378 393/467/393 394/469/394
f 372/442/372 326/470/326 387/471/387
f 265/472/265 386/437/386 401/468/401
f 380/445/380 379/439/379 394/469/394 395/456/395
f 373/447/373 372/442/372 387/471/387 388/458/388
f 400/466/400 399/464/399 414/473/414 415/474/415
f 393/467/393 392/465/392 407/475/407 408/476/408
f 401/468/401 400/466/400 415/474/415 416/477/416
f 394/469/394 393/467/393 408/476/408 409/478/409
f 387/471/387 326/479/326 402/480/402
f 265/481/265 401/468/401 416/477/416
f 395/456/395 394/469/394 409/478/409 410/482/410
f 388/458/388 387/471/387 402/480/402 403/483/403
f 396/457/396 395/456/395 410/482/410 411/484/411
f 389/459/389 388/458/388 403/483/403 404/485/404
f 397/460/397 396/457/396 411/484/411 412/486/412
f 390/461/390 389/459/389 404/485/404 405/487/405
f 398/462/398 397/460/397 412/486/412 413/488/413
f 391/463/391 390/461/390 405/487/405 406/489/406
f 399/464/399 398/462/398 413/488/413 414/473/414
f 392/465/392 391/463/391 406/489/406 407/475/407
f 404/485/404 403/483/403 418/490/418 419/491/419
f 412/486/412 411/484/411 426/492/426 427/493/427
f 405/487/405 404/485/404 419/491/419 420/494/420
f 413/488/413 412/486/412 427/493/427 428/495/428
f 406/489/406 405/487/405 420/494/420 421/496/421
f 414/473/414 413/488/413 428/495/428 429/497/429
f 407/475/407 406/489/406 421/496/421 422/498/422
f 415/474/415 414/473/414 429/497/429 430/499/430
f 408/476/408 407/475/407 422/498/422 423/500/423
f 416/477/416 415/474/415 430/499/430 431/501/431
f 409/478/409 408/476/408 423/500/423 424/502/424
f 402/480/402 326/503/326 417/504/417
f 265/505/265 416/477/416 431/501/431
f 410/482/410 409/478/409 424/502/424 425/506/425
f 403/483/403 402/480/402 417/504/417 418/490/418
f 411/484/411 410/482/410 425/506/425 426/492/426
f 423/500/423 422/498/422 437/507/437 438/508/438
f 431/501/431 430/499/430 445/509/445 446/510/446
f 424/502/424 423/500/423 438/508/438 439/511/439
f 417/504/417 326/512/326 432/513/432
f 265/514/265 431/501/431 446/510/446
f 425/506/425 424/502/424 439/511/439 440/515/440
f 418/490/418 417/504/417 432/513/432 433/516/433
f 426/492/426 425/506/425 440/515/440 441/517/441
f 419/491/419 418/490/418 433/516/433 434/518/434
f 427/493/427 426/492/426 441/517/441 442/519/442
f 420/494/420 419/491/419 434/518/434 435/520/435
f 428/495/428 427/493/427 442/519/442 443/521/443
f 421/496/421 420/494/420 435/520/435 436/522/436
f 429/497/429 428/495/428 443/521/443 444/523/444
f 422/498/422 421/496/421 436/522/436 437/507/437
f 430/499/430 429/497/429 444/523/444 445/509/445
f 442/519/442 441/517/441 456/524/456 457/525/457
f 435/520/435 434/518/434 449/526/449 450/527/450
f 443/521/443 442/519/442 457/525/457 458/528/458
f 436/522/436 435/520/435 450/527/450 451/529/451
f 444/523/444 443/521/443 458/528/458 459/530/459
f 437/507/437 436/522/436 451/529/451 452/531/452
f 445/509/445 444/523/444 459/530/459 460/532/460
f 438/508/438 437/507/437 452/531/452 453/533/453
f 446/510/446 445/509/445 460/532/460 461/534/461
f 439/511/439 438/508/438 453/533/453 454/535/454
f 432/513/432 326/536/326 447/537/447
f 265/538/265 446/510/446 461/534/461
f 440/515/440 439/511/439 454/535/454 455/539/455
f 433/516/433 432/513/432 447/537/447 448/540/448
f 441/517/441 440/515/440 455/539/455 456/524/456
f 434/518/434 433/516/433 448/540/448 449/526/449
f 461/534/461 460/532/460 475/541/475 476/542/476
f 454/535/454 453/533/453 468/543/468 469/544/469
f 447/537/447 326/545/326 462/546/462
f 265/547/265 461/534/461 476/542/476
f 455/539/455 454/535/454 469/544/469 470/548/470
f 448/540/448 447/537/447 462/546/462 463/549/463
f 456/524/456 455/539/455 470/548/470 471/550/471
f 449/526/449 448/540/448 463/549/463 464/551/464
f 457/525/457 456/524/456 471/550/471 472/552/472
f 450/527/450 449/526/449 464/551/464 465/553/465
f 458/528/458 457/525/457 472/552/472 473/554/473
f 451/529/451 450/527/450 465/553/465 466/555/466
f 459/530/459 458/528/458 473/554/473 474/556/474
f 452/531/452 451/529/451 466/555/466 467/557/467
f 460/532/460 459/530/459 474/556/474 475/541/475
f 453/533/453 452/531/452 467/557/467 468/543/468
f 465/553/465 464/551/464 2/6/2 3/5/3
f 473/554/473 472/552/472 481/1/481 7/9/7
f 466/555/466 465/553/465 3/5/3 478/11/478
f 474/556/474 473/554/473 7/9/7 8/13/8
f 467/557/467 466/555/466 478/11/478 4/15/4
f 475/541/475 474/556/474 8/13/8 482/17/482
f 468/543/468 467/557/467 4/15/4 479/19/479
f 476/542/476 475/541/475 482/17/482 9/21/9
f 469/544/469 468/543/468 479/19/479 5/23/5
f 462/546/462 326/558/326 1/25/1
f 265/559/265 476/542/476 9/21/9
f 470/548/470 469/544/469 5/23/5 6/29/6
f 463/549/463 462/546/462 1/25/1 477/31/477
f 471/550/471 470/548/470 6/29/6 480/2/480
f 464/551/464 463/549/463 477/31/477 2/6/2
f 472/552/472 471/550/471 480/2/480 481/1/481
o Sphere.001
v -0.915179 0.187787 -0.793206
v -0.915179 0.182205 -0.805072
v -0.915179 0.178436 -0.810485
v -0.915178 0.177882 -0.843098
v -0.915179 0.154546 -0.868854
v -0.915179 0.137199 -0.874141
v -0.915179 0.091895 -0.880840
v -0.915179 0.075243 -0.866376
v -0.915179 0.058360 -0.851364
v -0.913979 0.187583 -0.793046
v -0.912850 0.184404 -0.798723
v -0.911655 0.182210 -0.804729
v -0.910042 0.181273 -0.812840
v -0.907625 0.180644 -0.824990
v -0.904234 0.177889 -0.842037
v -0.901663 0.168365 -0.854962
v -0.900643 0.154546 -0.860091
v -0.898466 0.137488 -0.871035
v -0.895269 0.112294 -0.887106
v -0.895169 0.086099 -0.887608
v -0.898686 0.070112 -0.869927
v -0.902298 0.055884 -0.851768
v -0.906778 0.050739 -0.829245
v -0.911413 0.057408 -0.805944
v -0.912779 0.188169 -0.792807
v -0.910474 0.185248 -0.798372
v -0.907663 0.184549 -0.805160
v -0.902299 0.188536 -0.818110
v -0.895244 0.189514 -0.835141
v -0.890057 0.181817 -0.847664
v -0.889166 0.168107 -0.849816
v -0.890135 0.154546 -0.847475
v -0.885246 0.138960 -0.859279
v -0.877374 0.113637 -0.878284
v -0.876508 0.087102 -0.880375
v -0.883276 0.071272 -0.864036
v -0.890465 0.058020 -0.846678
v -0.898865 0.051758 -0.826399
v -0.907765 0.057055 -0.804913
v -0.911539 0.189537 -0.792461
v -0.907769 0.187730 -0.798105
v -0.902603 0.188983 -0.805836
v -0.893126 0.194522 -0.820020
v -0.879684 0.197339 -0.840136
v -0.870587 0.187832 -0.853752
v -0.871986 0.170039 -0.851657
v -0.878026 0.154546 -0.842618
v -0.874681 0.140013 -0.847624
v -0.865948 0.117825 -0.860693
v -0.864613 0.093759 -0.862692
v -0.872040 0.076943 -0.851576
v -0.880896 0.062271 -0.838323
v -0.891829 0.053184 -0.821961
v -0.904359 0.056557 -0.803207
v -0.910239 0.191660 -0.791955
v -0.904512 0.191881 -0.797681
v -0.896375 0.194840 -0.805818
v -0.883857 0.199084 -0.818337
v -0.867869 0.199341 -0.834324
v -0.852440 0.191314 -0.849753
v -0.852255 0.172261 -0.849939
v -0.863591 0.154546 -0.838602
v -0.864402 0.140227 -0.837792
v -0.856993 0.120428 -0.845201
v -0.857008 0.099563 -0.845186
v -0.864826 0.083325 -0.837368
v -0.873127 0.065583 -0.829067
v -0.885550 0.053488 -0.816643
v -0.901292 0.055755 -0.800902
v -0.908894 0.194448 -0.791214
v -0.900726 0.197341 -0.796672
v -0.889422 0.201331 -0.804225
v -0.874129 0.204115 -0.814443
v -0.857103 0.201292 -0.825820
v -0.836568 0.193708 -0.839541
v -0.830484 0.174806 -0.843606
v -0.843986 0.154546 -0.834584
v -0.851487 0.139280 -0.829572
v -0.847528 0.120808 -0.832218
v -0.850018 0.102149 -0.830554
v -0.858623 0.086488 -0.824804
v -0.865741 0.065601 -0.820048
v -0.879746 0.051793 -0.810690
v -0.898645 0.054557 -0.798062
v -0.915179 0.199617 -0.787015
v -0.907569 0.197756 -0.790167
v -0.896703 0.203557 -0.794668
v -0.882492 0.207848 -0.800554
v -0.863847 0.210253 -0.808277
v -0.845454 0.205021 -0.815896
v -0.820371 0.197031 -0.826286
v -0.803174 0.178636 -0.833409
v -0.809952 0.154546 -0.830601
v -0.825629 0.135261 -0.824108
v -0.833668 0.117984 -0.820778
v -0.841596 0.101301 -0.817494
v -0.850266 0.084266 -0.813903
v -0.857839 0.061743 -0.810766
v -0.874395 0.048158 -0.803908
v -0.896511 0.052991 -0.794748
v -0.906365 0.201413 -0.788768
v -0.892937 0.209926 -0.791439
v -0.876529 0.213810 -0.794703
v -0.855033 0.215967 -0.798979
v -0.834067 0.209818 -0.803149
v -0.808369 0.199617 -0.808261
v -0.785174 0.180873 -0.812875
v -0.784135 0.154546 -0.813081
v -0.802115 0.131634 -0.809505
v -0.819728 0.114241 -0.806001
v -0.832970 0.098532 -0.803367
v -0.840825 0.078764 -0.801805
v -0.850124 0.055429 -0.799955
v -0.869977 0.043541 -0.796006
v -0.895000 0.051196 -0.791029
v -0.915179 0.058264 -0.787015
v -0.905399 0.205278 -0.787015
v -0.890010 0.215844 -0.787015
v -0.872875 0.218097 -0.787015
v -0.850919 0.218877 -0.787015
v -0.826897 0.213520 -0.787015
v -0.802441 0.201195 -0.787015
v -0.784568 0.180489 -0.787015
v -0.784977 0.154546 -0.787015
v -0.800765 0.131805 -0.787015
v -0.817803 0.114219 -0.787015
v -0.828999 0.096967 -0.787015
v -0.834389 0.073827 -0.787015
v -0.844960 0.049671 -0.787015
v -0.867373 0.039458 -0.787015
v -0.894224 0.049341 -0.787015
v -0.904719 0.209592 -0.784934
v -0.887893 0.222145 -0.781588
v -0.870858 0.222369 -0.778199
v -0.850940 0.220104 -0.774237
v -0.826496 0.214938 -0.769375
v -0.802081 0.202255 -0.764519
v -0.787370 0.180431 -0.761592
v -0.790104 0.154546 -0.762136
v -0.804739 0.132163 -0.765047
v -0.818942 0.113912 -0.767872
v -0.828128 0.095258 -0.769700
v -0.834067 0.071932 -0.770881
v -0.844975 0.047657 -0.773051
v -0.867513 0.037571 -0.777534
v -0.894349 0.047963 -0.782872
v -0.904416 0.214394 -0.782557
v -0.886508 0.229779 -0.775139
v -0.868759 0.229853 -0.767787
v -0.849631 0.225508 -0.759864
v -0.825368 0.219442 -0.749814
v -0.802533 0.204976 -0.740355
v -0.788676 0.181738 -0.734616
v -0.789736 0.154546 -0.735055
v -0.800830 0.129955 -0.739650
v -0.814216 0.109320 -0.745195
v -0.828017 0.091552 -0.750911
v -0.838803 0.071965 -0.755379
v -0.849728 0.048747 -0.759905
v -0.870527 0.038209 -0.768520
v -0.895470 0.047499 -0.778851
v -0.904654 0.219308 -0.779983
v -0.886423 0.238217 -0.767801
v -0.867864 0.239713 -0.755400
v -0.848634 0.234515 -0.742551
v -0.823556 0.228054 -0.725795
v -0.805227 0.209219 -0.713547
v -0.797708 0.182599 -0.708524
v -0.798249 0.154546 -0.708885
v -0.801752 0.127455 -0.711226
v -0.813393 0.103915 -0.719004
v -0.832902 0.088494 -0.732039
v -0.847209 0.072878 -0.741599
v -0.857919 0.051674 -0.748755
v -0.875882 0.040751 -0.760758
v -0.897497 0.047826 -0.775200
v -0.905552 0.223970 -0.777388
v -0.888206 0.246678 -0.760043
v -0.870124 0.249796 -0.741960
v -0.852194 0.243478 -0.724031
v -0.829591 0.235248 -0.701427
v -0.817372 0.211722 -0.689208
v -0.817777 0.181900 -0.689614
v -0.820004 0.154546 -0.691840
v -0.818225 0.127317 -0.690061
v -0.825317 0.101994 -0.697153
v -0.843340 0.086741 -0.715176
v -0.858028 0.073794 -0.729864
v -0.868358 0.055599 -0.740194
v -0.882838 0.044372 -0.754674
v -0.900269 0.048703 -0.772105
v -0.907151 0.228042 -0.775001
v -0.892212 0.254268 -0.752643
v -0.876671 0.258078 -0.729385
v -0.862881 0.248495 -0.708746
v -0.847050 0.236302 -0.685054
v -0.837649 0.212228 -0.670984
v -0.840199 0.181349 -0.674801
v -0.844982 0.154546 -0.681958
v -0.844555 0.129293 -0.681319
v -0.848236 0.104706 -0.686828
v -0.859239 0.087343 -0.703296
v -0.870970 0.075033 -0.720852
v -0.879827 0.059423 -0.734108
v -0.890642 0.048110 -0.750294
v -0.903592 0.049825 -0.769674
v -0.909399 0.231226 -0.773062
v -0.898408 0.260171 -0.746528
v -0.887192 0.263735 -0.719449
v -0.878555 0.250051 -0.698597
v -0.870911 0.231691 -0.680144
v -0.865904 0.207788 -0.668056
v -0.866095 0.180025 -0.668517
v -0.869054 0.154546 -0.675661
v -0.870239 0.131208 -0.678521
v -0.872204 0.108078 -0.683265
v -0.877909 0.089530 -0.697038
v -0.885049 0.075866 -0.714275
v -0.891456 0.061853 -0.729744
v -0.898755 0.051071 -0.747364
v -0.907280 0.050878 -0.767946
v -0.912149 0.233312 -0.771783
v -0.906337 0.263732 -0.742565
v -0.900509 0.266786 -0.713266
v -0.896704 0.249053 -0.694138
v -0.894610 0.224896 -0.683609
v -0.892416 0.202817 -0.672578
v -0.890868 0.179304 -0.664796
v -0.890943 0.154546 -0.665174
v -0.891692 0.130623 -0.668938
v -0.893170 0.107867 -0.676371
v -0.896139 0.089397 -0.691299
v -0.899824 0.075892 -0.709821
v -0.903156 0.062393 -0.726574
v -0.906941 0.052722 -0.745603
v -0.911180 0.051581 -0.766913
v -0.915179 0.234216 -0.771299
v -0.915179 0.264478 -0.741380
v -0.915179 0.267076 -0.711625
v -0.915179 0.247710 -0.693674
v -0.915179 0.222550 -0.685120
v -0.915179 0.201979 -0.672371
v -0.915179 0.179490 -0.661462
v -0.915179 0.154546 -0.659085
v -0.915179 0.129511 -0.660999
v -0.915179 0.105961 -0.669571
v -0.915179 0.088109 -0.687481
v -0.915179 0.075860 -0.708276
v -0.915179 0.062257 -0.725298
v -0.915179 0.053061 -0.744934
v -0.915179 0.051721 -0.766548
v -0.918230 0.233850 -0.771674
v -0.923901 0.262277 -0.743165
v -0.929513 0.264245 -0.714950
v -0.933195 0.246725 -0.696442
v -0.935557 0.224249 -0.684566
v -0.938966 0.204977 -0.667429
v -0.941394 0.181234 -0.655219
v -0.941471 0.154546 -0.654833
v -0.940530 0.128734 -0.659565
v -0.938261 0.105601 -0.670970
v -0.934156 0.089607 -0.691608
v -0.929882 0.079201 -0.713094
v -0.926856 0.065010 -0.728308
v -0.923269 0.054516 -0.746343
v -0.919162 0.051949 -0.766988
v -0.921030 0.232137 -0.772889
v -0.931498 0.257371 -0.747617
v -0.941692 0.258036 -0.723006
v -0.949330 0.243646 -0.704566
v -0.955130 0.224211 -0.690563
v -0.963933 0.207229 -0.669312
v -0.971377 0.183701 -0.651339
v -0.971843 0.154546 -0.650216
v -0.965882 0.128230 -0.664606
v -0.957624 0.108647 -0.684542
v -0.949037 0.095444 -0.705275
v -0.941385 0.086030 -0.723747
v -0.936244 0.072132 -0.736159
v -0.930310 0.059097 -0.750484
v -0.922909 0.053020 -0.768352
v -0.923340 0.229218 -0.774800
v -0.937230 0.250355 -0.754013
v -0.950201 0.248793 -0.734600
v -0.960952 0.236852 -0.718511
v -0.970415 0.220910 -0.704348
v -0.982896 0.204960 -0.685669
v -0.992545 0.182199 -0.671227
v -0.991110 0.154546 -0.673376
v -0.978210 0.131994 -0.692682
v -0.964217 0.117967 -0.713624
v -0.954963 0.106631 -0.727474
v -0.947598 0.096071 -0.738496
v -0.941629 0.083141 -0.747430
v -0.935516 0.066070 -0.756578
v -0.926198 0.054805 -0.770524
v -0.925001 0.225319 -0.777193
v -0.940778 0.242065 -0.761416
v -0.954642 0.238091 -0.747552
v -0.966470 0.227084 -0.735723
v -0.978309 0.214182 -0.723885
v -0.989312 0.197946 -0.712881
v -0.990408 0.175702 -0.711785
v -0.980779 0.154546 -0.721415
v -0.965413 0.140379 -0.736781
v -0.954042 0.131672 -0.748151
v -0.951407 0.120146 -0.750787
v -0.947168 0.109072 -0.755026
v -0.942564 0.096287 -0.759630
v -0.938658 0.074150 -0.763535
v -0.928876 0.057064 -0.773318
v -0.925945 0.220724 -0.779821
v -0.942198 0.233257 -0.768961
v -0.955745 0.227697 -0.759910
v -0.966833 0.216759 -0.752501
v -0.976479 0.203864 -0.746055
v -0.979794 0.186782 -0.743841
v -0.971020 0.167946 -0.749703
v -0.954676 0.154546 -0.760624
v -0.942477 0.147932 -0.768775
v -0.939422 0.142290 -0.770816
v -0.943196 0.131779 -0.768294
v -0.942114 0.121807 -0.769017
v -0.940523 0.108495 -0.770080
v -0.940103 0.081823 -0.770361
v -0.930868 0.059507 -0.776532
v -0.926200 0.215755 -0.782450
v -0.941754 0.224389 -0.776007
v -0.954307 0.218169 -0.770808
v -0.962609 0.206066 -0.767369
v -0.968260 0.193072 -0.765028
v -0.966300 0.177573 -0.765840
v -0.952435 0.162642 -0.771583
v -0.936108 0.154546 -0.778346
v -0.930208 0.151207 -0.780790
v -0.931272 0.147120 -0.780349
v -0.935456 0.139572 -0.778616
v -0.936453 0.131094 -0.778203
v -0.937922 0.117176 -0.777594
v -0.940511 0.087898 -0.776522
v -0.932163 0.061874 -0.779980
v -0.925878 0.210784 -0.784887
v -0.939819 0.215735 -0.782114
v -0.950711 0.209105 -0.779947
v -0.955425 0.195851 -0.779010
v -0.961021 0.185965 -0.777896
v -0.958494 0.172977 -0.778399
v -0.942639 0.160205 -0.781553
v -0.930008 0.154546 -0.784065
v -0.930343 0.151366 -0.783999
v -0.930784 0.147741 -0.783911
v -0.932077 0.142702 -0.783654
v -0.932783 0.136129 -0.783513
v -0.936266 0.121790 -0.782820
v -0.940400 0.091949 -0.781998
v -0.932785 0.063981 -0.783513
v -0.925155 0.206240 -0.787015
v -0.936970 0.207819 -0.787015
v -0.945836 0.200858 -0.787015
v -0.948618 0.188321 -0.787015
v -0.955309 0.181581 -0.787015
v -0.953381 0.170524 -0.787015
v -0.936713 0.158927 -0.787015
v -0.926317 0.154546 -0.787015
v -0.929212 0.151648 -0.787015
v -0.928730 0.148712 -0.787015
v -0.929882 0.144377 -0.787015
v -0.931197 0.138043 -0.787015
v -0.935423 0.123649 -0.787015
v -0.939901 0.094307 -0.787015
v -0.932772 0.065725 -0.787015
v -0.924156 0.202226 -0.788801
v -0.933649 0.200788 -0.790689
v -0.941130 0.194643 -0.792177
v -0.946418 0.186746 -0.793229
v -0.954486 0.181546 -0.794834
v -0.949864 0.169356 -0.793914
v -0.931984 0.158057 -0.790358
v -0.922918 0.154546 -0.788554
v -0.926950 0.152050 -0.789356
v -0.928316 0.148777 -0.789628
v -0.931186 0.143305 -0.790199
v -0.933503 0.135402 -0.790660
v -0.937147 0.120461 -0.791385
v -0.939882 0.093204 -0.791929
v -0.932276 0.066509 -0.790416
v -0.922945 0.198585 -0.790232
v -0.930031 0.194240 -0.793167
v -0.936102 0.189000 -0.795682
v -0.945384 0.187582 -0.799527
v -0.956471 0.184608 -0.804119
v -0.953138 0.171711 -0.802738
v -0.939367 0.159845 -0.797034
v -0.933867 0.154546 -0.794756
v -0.936534 0.149853 -0.795861
v -0.936142 0.144951 -0.795699
v -0.937455 0.138137 -0.796242
v -0.939310 0.128029 -0.797011
v -0.941214 0.111902 -0.797799
v -0.940454 0.088045 -0.797485
v -0.931379 0.066010 -0.793725
v -0.921630 0.195429 -0.791326
v -0.926606 0.188697 -0.794651
v -0.930598 0.182927 -0.797318
v -0.939944 0.184697 -0.803563
v -0.951800 0.184177 -0.811485
v -0.955693 0.174855 -0.814086
v -0.951628 0.163336 -0.811370
v -0.948675 0.154546 -0.809397
v -0.946344 0.147013 -0.807839
v -0.942049 0.140990 -0.804969
v -0.942660 0.132207 -0.805377
v -0.944887 0.118501 -0.806866
v -0.944474 0.101461 -0.806590
v -0.940412 0.080941 -0.803875
v -0.929991 0.064648 -0.796912
v -0.920292 0.192859 -0.792129
v -0.923757 0.184867 -0.795594
v -0.925812 0.177736 -0.797649
v -0.931527 0.178089 -0.803363
v -0.939854 0.178109 -0.811690
v -0.950323 0.175256 -0.822160
v -0.955629 0.165978 -0.827466
v -0.955167 0.154546 -0.827004
v -0.950902 0.144436 -0.822738
v -0.946101 0.136293 -0.817937
v -0.947296 0.124002 -0.819133
v -0.947754 0.108251 -0.819590
v -0.945186 0.090796 -0.817023
v -0.938896 0.073353 -0.810732
v -0.928035 0.062860 -0.799871
v -0.918974 0.190906 -0.792695
v -0.921528 0.183193 -0.796517
v -0.922730 0.175597 -0.798317
v -0.925473 0.173538 -0.802422
v -0.931657 0.174635 -0.811676
v -0.942800 0.175262 -0.828353
v -0.951312 0.167527 -0.841092
v -0.955181 0.154546 -0.846883
v -0.954862 0.140302 -0.846406
v -0.951538 0.127358 -0.841431
v -0.948801 0.113988 -0.837335
v -0.946225 0.098521 -0.833479
v -0.942550 0.080686 -0.827979
v -0.935496 0.066154 -0.817422
v -0.925488 0.061029 -0.802445
v -0.917683 0.189502 -0.793060
v -0.919589 0.183423 -0.797663
v -0.920792 0.177191 -0.800568
v -0.922433 0.173962 -0.804529
v -0.927212 0.175818 -0.816065
v -0.935456 0.176608 -0.835969
v -0.941130 0.168075 -0.849666
v -0.944326 0.154546 -0.857383
v -0.946091 0.138454 -0.861645
v -0.945181 0.122027 -0.859447
v -0.942821 0.106218 -0.853749
v -0.939731 0.090317 -0.846289
v -0.936347 0.071732 -0.838120
v -0.930182 0.059895 -0.823235
v -0.922404 0.059447 -0.804459
v -0.916415 0.188508 -0.793232
v -0.917513 0.184467 -0.798749
v -0.918500 0.180678 -0.803714
v -0.919484 0.177048 -0.808660
v -0.921846 0.177631 -0.820535
v -0.926106 0.177853 -0.841951
v -0.928970 0.168644 -0.856347
v -0.930170 0.154546 -0.862380
v -0.931178 0.138210 -0.867452
v -0.931851 0.119122 -0.870834
v -0.931240 0.099522 -0.867761
v -0.929167 0.082834 -0.857342
v -0.926948 0.064313 -0.846183
v -0.923230 0.054989 -0.827491
v -0.918908 0.058312 -0.805762
v -0.915179 0.184717 -0.799084
v -0.915178 0.177701 -0.821297
v -0.915179 0.169405 -0.861552
v -0.915179 0.115148 -0.882132
v -0.915179 0.051728 -0.829657
v -0.915179 0.057727 -0.806250
vn 0.1792 0.7032 -0.6880
vn -0.2989 0.8593 -0.4150
vn -0.3472 0.9102 -0.2256
vn -0.0314 0.9609 -0.2750
vn 0.0088 0.3970 -0.9178
vn -0.1384 0.3687 -0.9192
vn -0.4970 -0.3160 -0.8081
vn -0.4897 -0.5811 -0.6500
vn -0.3902 -0.7760 -0.4956
vn 0.0217 0.7194 -0.6942
vn -0.1023 0.9001 -0.4236
vn -0.3523 0.8855 -0.3030
vn -0.5566 0.8135 -0.1685
vn -0.4904 0.8500 -0.1926
vn -0.2145 0.8484 -0.4840
vn 0.3288 0.5132 -0.7928
vn 0.5106 0.3820 -0.7703
vn 0.3262 0.5172 -0.7913
vn 0.1316 0.2585 -0.9570
vn 0.0257 -0.3922 -0.9195
vn -0.0173 -0.7528 -0.6581
vn 0.0292 -0.8909 -0.4533
vn -0.0137 -0.9998 -0.0120
vn -0.0845 -0.9857 0.1455
vn -0.2737 0.6193 -0.7359
vn -0.4651 0.7703 -0.4362
vn -0.6061 0.7674 -0.2090
vn -0.6365 0.7575 -0.1450
vn -0.5574 0.7410 -0.3744
vn -0.3500 0.4765 -0.8065
vn 0.1248 0.0488 -0.9910
vn 0.4929 0.1949 -0.8480
vn 0.5356 0.5618 -0.6305
vn 0.6005 0.3178 -0.7337
vn 0.6153 -0.3503 -0.7061
vn 0.5078 -0.7300 -0.4574
vn 0.4126 -0.8570 -0.3086
vn 0.1671 -0.9858 0.0156
vn -0.0747 -0.9892 0.1262
vn -0.4212 0.5126 -0.7482
vn -0.6185 0.6363 -0.4610
vn -0.6255 0.7494 -0.2171
vn -0.4914 0.8578 -0.1508
vn -0.2993 0.8507 -0.4321
vn -0.0832 0.4172 -0.9050
vn 0.0522 -0.2749 -0.9601
vn 0.3573 -0.0649 -0.9317
vn 0.5666 0.4616 -0.6825
vn 0.7680 0.3257 -0.5514
vn 0.8712 -0.2514 -0.4218
vn 0.7534 -0.5978 -0.2737
vn 0.5931 -0.7669 -0.2451
vn 0.2123 -0.9764 -0.0405
vn -0.1245 -0.9903 0.0623
vn -0.4610 0.4635 -0.7567
vn -0.6312 0.5867 -0.5073
vn -0.5767 0.7527 -0.3176
vn -0.3522 0.9092 -0.2220
vn -0.0653 0.9372 -0.3426
vn 0.2079 0.5447 -0.8125
vn 0.2516 -0.2747 -0.9280
vn 0.3180 -0.3337 -0.8874
vn 0.5599 0.2014 -0.8037
vn 0.7874 0.2365 -0.5693
vn 0.8874 -0.2631 -0.3785
vn 0.8051 -0.5176 -0.2896
vn 0.6395 -0.6832 -0.3525
vn 0.1596 -0.9658 -0.2044
vn -0.2115 -0.9762 -0.0476
vn -0.4509 0.4580 -0.7661
vn -0.5805 0.5923 -0.5588
vn -0.4834 0.7583 -0.4374
vn -0.2519 0.8905 -0.3790
vn 0.0063 0.9218 -0.3876
vn 0.2643 0.6701 -0.6936
vn 0.3283 -0.0550 -0.9430
vn 0.2180 -0.4221 -0.8800
vn 0.4135 -0.0756 -0.9074
vn 0.6699 -0.0127 -0.7423
vn 0.7805 -0.3543 -0.5150
vn 0.7438 -0.4715 -0.4737
vn 0.5834 -0.5895 -0.5586
vn 0.0682 -0.9156 -0.3962
vn -0.2913 -0.9411 -0.1715
vn 0.0245 0.4425 -0.8965
vn -0.4217 0.4796 -0.7695
vn -0.4972 0.6254 -0.6014
vn -0.3601 0.7843 -0.5052
vn -0.1232 0.8746 -0.4690
vn 0.0947 0.8936 -0.4387
vn 0.3209 0.7655 -0.5578
vn 0.5320 0.2226 -0.8170
vn 0.3895 -0.3676 -0.8445
vn 0.3453 -0.3861 -0.8554
vn 0.5537 -0.3495 -0.7558
vn 0.6699 -0.4306 -0.6048
vn 0.6819 -0.3964 -0.6147
vn 0.5247 -0.5351 -0.6621
vn 0.0168 -0.8679 -0.4964
vn -0.3357 -0.9035 -0.2664
vn -0.3902 0.5136 -0.7642
vn -0.3907 0.6791 -0.6214
vn -0.2168 0.8506 -0.4790
vn 0.0180 0.9179 -0.3964
vn 0.2285 0.9068 -0.3543
vn 0.4705 0.8223 -0.3201
vn 0.8504 0.3598 -0.3839
vn 0.8568 -0.3238 -0.4013
vn 0.6593 -0.6315 -0.4080
vn 0.6765 -0.6104 -0.4121
vn 0.7658 -0.4652 -0.4440
vn 0.7768 -0.3399 -0.5301
vn 0.5809 -0.5692 -0.5819
vn 0.0274 -0.8792 -0.4757
vn -0.3488 -0.8828 -0.3146
vn -0.3188 -0.9319 -0.1730
vn -0.3514 0.5332 -0.7696
vn -0.2529 0.7182 -0.6483
vn -0.0538 0.8994 -0.4338
vn 0.1150 0.9642 -0.2389
vn 0.3282 0.9281 -0.1756
vn 0.6024 0.7921 -0.0985
vn 0.9396 0.3417 0.0206
vn 0.9468 -0.3115 0.0810
vn 0.7741 -0.6310 0.0506
vn 0.7829 -0.6212 -0.0331
vn 0.8964 -0.4157 -0.1536
vn 0.9135 -0.3259 -0.2436
vn 0.6889 -0.6598 -0.3002
vn 0.0680 -0.9461 -0.3168
vn -0.3487 -0.8894 -0.2954
vn -0.2902 0.5257 -0.7996
vn -0.0857 0.6972 -0.7117
vn 0.1422 0.8520 -0.5039
vn 0.2235 0.9331 -0.2817
vn 0.3822 0.9115 -0.1521
vn 0.6787 0.7327 -0.0505
vn 0.9632 0.2641 0.0495
vn 0.9506 -0.3044 0.0609
vn 0.8260 -0.5635 -0.0177
vn 0.8291 -0.5528 -0.0842
vn 0.9130 -0.4044 -0.0539
vn 0.9280 -0.3667 0.0659
vn 0.7004 -0.7090 0.0823
vn 0.0727 -0.9955 -0.0614
vn -0.3553 -0.9119 -0.2054
vn -0.2249 0.5176 -0.8255
vn 0.0597 0.6629 -0.7463
vn 0.3223 0.7527 -0.5741
vn 0.3691 0.8350 -0.4081
vn 0.4885 0.8350 -0.2532
vn 0.7668 0.6404 -0.0438
vn 0.9674 0.2162 0.1321
vn 0.9710 -0.2134 0.1074
vn 0.8930 -0.4465 -0.0558
vn 0.8191 -0.5566 -0.1386
vn 0.8288 -0.5593 0.0142
vn 0.8199 -0.4886 0.2984
vn 0.5894 -0.7082 0.3885
vn 0.0156 -0.9865 0.1631
vn -0.3709 -0.9227 -0.1048
vn -0.1732 0.5229 -0.8346
vn 0.1500 0.6761 -0.7214
vn 0.4307 0.7391 -0.5180
vn 0.4674 0.8052 -0.3649
vn 0.6024 0.7845 -0.1475
vn 0.8385 0.5011 0.2139
vn 0.8681 0.1220 0.4812
vn 0.8542 -0.1088 0.5084
vn 0.8784 -0.3219 0.3534
vn 0.7563 -0.6347 0.1587
vn 0.6300 -0.7548 0.1824
vn 0.6224 -0.6362 0.4560
vn 0.4206 -0.7063 0.5693
vn -0.0675 -0.9502 0.3044
vn -0.3849 -0.9222 -0.0379
vn -0.1298 0.5344 -0.8352
vn 0.1943 0.7244 -0.6615
vn 0.4678 0.8070 -0.3605
vn 0.4693 0.8732 -0.1316
vn 0.5753 0.7914 0.2064
vn 0.7378 0.3409 0.5826
vn 0.6415 -0.0543 0.7652
vn 0.5471 -0.0639 0.8346
vn 0.5707 -0.1886 0.7992
vn 0.5072 -0.6228 0.5957
vn 0.3855 -0.8345 0.3936
vn 0.3985 -0.7386 0.5438
vn 0.2456 -0.7246 0.6439
vn -0.1373 -0.9188 0.3700
vn -0.3838 -0.9233 -0.0111
vn -0.0907 0.5486 -0.8311
vn 0.1987 0.7896 -0.5806
vn 0.4343 0.8915 -0.1288
vn 0.3625 0.9045 0.2247
vn 0.3002 0.7523 0.5864
vn 0.3948 0.2531 0.8832
vn 0.3777 -0.1651 0.9111
vn 0.3058 -0.1258 0.9438
vn 0.2424 -0.1267 0.9619
vn 0.2039 -0.5161 0.8319
vn 0.1854 -0.7913 0.5826
vn 0.2228 -0.7777 0.5878
vn 0.1246 -0.7619 0.6356
vn -0.1579 -0.9146 0.3722
vn -0.3496 -0.9366 -0.0225
vn -0.0543 0.5637 -0.8242
vn 0.1624 0.8548 -0.4929
vn 0.3225 0.9392 0.1177
vn 0.1809 0.7960 0.5776
vn -0.0320 0.5909 0.8061
vn -0.0026 0.2411 0.9705
vn 0.1704 -0.0996 0.9803
vn 0.2839 -0.1598 0.9454
vn 0.2658 -0.1699 0.9490
vn 0.2003 -0.4558 0.8673
vn 0.1619 -0.7375 0.6557
vn 0.1647 -0.7885 0.5926
vn 0.0918 -0.8066 0.5839
vn -0.1126 -0.9370 0.3306
vn -0.2655 -0.9623 -0.0597
vn -0.0216 0.5777 -0.8160
vn 0.0769 0.9048 -0.4189
vn 0.1363 0.9431 0.3033
vn 0.0275 0.6190 0.7849
vn -0.1127 0.4496 0.8861
vn -0.0662 0.3546 0.9327
vn 0.1334 0.0997 0.9860
vn 0.2964 -0.0947 0.9504
vn 0.3428 -0.2106 0.9155
vn 0.2930 -0.4751 0.8297
vn 0.1960 -0.7377 0.6461
vn 0.1311 -0.8025 0.5820
vn 0.0738 -0.8351 0.5451
vn -0.0359 -0.9586 0.2823
vn -0.1289 -0.9867 -0.0992
vn 0.0022 0.5883 -0.8086
vn -0.0558 0.9198 -0.3883
vn -0.0937 0.9268 0.3635
vn -0.0746 0.5472 0.8337
vn 0.0009 0.4631 0.8863
vn 0.1021 0.4714 0.8760
vn 0.1769 0.2265 0.9578
vn 0.1959 -0.0378 0.9799
vn 0.1795 -0.2411 0.9538
vn 0.1162 -0.5458 0.8298
vn 0.0063 -0.7944 0.6074
vn -0.1010 -0.8250 0.5560
vn -0.1321 -0.8337 0.5362
vn -0.1100 -0.9571 0.2681
vn -0.0695 -0.9917 -0.1080
vn 0.0148 0.5889 -0.8081
vn -0.1993 0.8875 -0.4155
vn -0.3494 0.8951 0.2770
vn -0.2837 0.6071 0.7423
vn -0.0761 0.5837 0.8084
vn 0.0988 0.5757 0.8117
vn 0.1639 0.2632 0.9507
vn 0.1116 -0.1024 0.9885
vn -0.0559 -0.3801 0.9233
vn -0.2364 -0.6540 0.7186
vn -0.3617 -0.8175 0.4482
vn -0.4900 -0.7686 0.4112
vn -0.5189 -0.7331 0.4397
vn -0.4128 -0.8815 0.2293
vn -0.2165 -0.9696 -0.1139
vn 0.0276 0.5769 -0.8164
vn -0.3132 0.8192 -0.4804
vn -0.5704 0.8184 0.0701
vn -0.5749 0.6641 0.4781
vn -0.4046 0.7051 0.5824
vn -0.2758 0.6924 0.6667
vn -0.3204 0.3079 0.8958
vn -0.3842 -0.2436 0.8905
vn -0.4942 -0.5899 0.6385
vn -0.6375 -0.6961 0.3303
vn -0.7065 -0.6941 0.1379
vn -0.7877 -0.5992 0.1434
vn -0.8157 -0.5372 0.2147
vn -0.7112 -0.6925 0.1215
vn -0.4304 -0.8899 -0.1510
vn 0.0472 0.5607 -0.8266
vn -0.3778 0.7408 -0.5554
vn -0.6882 0.7081 -0.1580
vn -0.7572 0.6420 0.1204
vn -0.7004 0.6767 0.2268
vn -0.7549 0.5913 0.2837
vn -0.9061 0.1922 0.3768
vn -0.9090 -0.3261 0.2596
vn -0.8384 -0.5448 -0.0161
vn -0.8557 -0.4877 -0.1728
vn -0.8915 -0.4152 -0.1809
vn -0.9128 -0.3857 -0.1341
vn -0.9408 -0.3378 -0.0273
vn -0.8728 -0.4881 0.0087
vn -0.5758 -0.7926 -0.2009
vn 0.0716 0.5426 -0.8370
vn -0.3941 0.6706 -0.6284
vn -0.7170 0.6102 -0.3371
vn -0.8080 0.5586 -0.1871
vn -0.8539 0.5043 -0.1287
vn -0.9483 0.2922 -0.1238
vn -0.9736 -0.0984 -0.2061
vn -0.8723 -0.3576 -0.3335
vn -0.8079 -0.3801 -0.4503
vn -0.8590 -0.1871 -0.4765
vn -0.9080 -0.1590 -0.3875
vn -0.9166 -0.2026 -0.3445
vn -0.9653 -0.1721 -0.1966
vn -0.9443 -0.3204 -0.0751
vn -0.6612 -0.7080 -0.2480
vn 0.0973 0.5217 -0.8476
vn -0.3703 0.6104 -0.7003
vn -0.7006 0.5264 -0.4818
vn -0.8039 0.4382 -0.4020
vn -0.8760 0.2890 -0.3862
vn -0.9167 -0.0304 -0.3984
vn -0.8241 -0.3453 -0.4491
vn -0.7111 -0.4410 -0.5475
vn -0.7064 -0.2714 -0.6537
vn -0.8083 0.0405 -0.5874
vn -0.8623 0.0254 -0.5058
vn -0.8856 -0.0580 -0.4608
vn -0.9620 -0.0430 -0.2695
vn -0.9736 -0.1962 -0.1163
vn -0.7077 -0.6481 -0.2813
vn 0.1219 0.4983 -0.8584
vn -0.3141 0.5521 -0.7723
vn -0.6574 0.4354 -0.6150
vn -0.7673 0.3148 -0.5587
vn -0.8402 0.1309 -0.5262
vn -0.8475 -0.2606 -0.4624
vn -0.6792 -0.5838 -0.4449
vn -0.5975 -0.5903 -0.5427
vn -0.8716 -0.1700 -0.4598
vn -0.8920 0.1796 -0.4148
vn -0.8522 0.1662 -0.4961
vn -0.8844 0.0677 -0.4618
vn -0.9631 0.0661 -0.2610
vn -0.9872 -0.1082 -0.1176
vn -0.7321 -0.6124 -0.2983
vn 0.1486 0.4793 -0.8650
vn -0.2363 0.4983 -0.8342
vn -0.5909 0.3477 -0.7280
vn -0.6911 0.2673 -0.6715
vn -0.8027 0.1009 -0.5878
vn -0.8041 -0.4270 -0.4137
vn -0.5510 -0.7672 -0.3282
vn -0.6861 -0.5055 -0.5232
vn -0.9043 0.0128 -0.4268
vn -0.9306 0.1960 -0.3091
vn -0.8945 0.2171 -0.3909
vn -0.9162 0.1577 -0.3684
vn -0.9680 0.1602 -0.1931
vn -0.9916 -0.0553 -0.1171
vn -0.7426 -0.5934 -0.3104
vn 0.1767 0.4661 -0.8669
vn -0.1485 0.4640 -0.8733
vn -0.5231 0.3265 -0.7872
vn -0.6743 0.4521 -0.5839
vn -0.8587 0.1805 -0.4796
vn -0.7773 -0.5422 -0.3192
vn -0.4668 -0.8319 -0.3002
vn -0.6593 -0.2280 -0.7165
vn -0.7965 0.2744 -0.5389
vn -0.9249 0.1817 -0.3341
vn -0.9525 0.2669 -0.1465
vn -0.9770 0.2134 -0.0023
vn -0.9754 0.2143 0.0515
vn -0.9992 -0.0204 -0.0340
vn -0.7642 -0.5957 -0.2474
vn 0.1981 0.4416 -0.8751
vn -0.0440 0.4321 -0.9008
vn -0.3756 0.4816 -0.7918
vn -0.5689 0.7609 -0.3119
vn -0.9491 0.3146 0.0164
vn -0.7678 -0.6404 -0.0186
vn -0.5274 -0.8385 0.1371
vn -0.9876 -0.1430 0.0654
vn -0.8380 0.4956 0.2281
vn -0.9166 0.2109 0.3397
vn -0.8416 0.2255 0.4907
vn -0.8687 0.1878 0.4583
vn -0.9355 0.1348 0.3265
vn -0.9839 -0.0786 0.1605
vn -0.7858 -0.6179 -0.0279
vn 0.2144 0.4074 -0.8877
vn 0.0722 0.3782 -0.9229
vn 0.0588 0.6097 -0.7905
vn -0.1470 0.9503 -0.2745
vn -0.8264 0.5627 -0.0196
vn -0.9026 -0.3808 0.2007
vn -0.7046 -0.5332 0.4682
vn -0.6284 -0.1476 0.7638
vn -0.6887 0.0336 0.7243
vn -0.7428 0.0399 0.6683
vn -0.8239 0.1192 0.5540
vn -0.8750 0.1130 0.4708
vn -0.9287 0.0302 0.3696
vn -0.9503 -0.1903 0.2466
vn -0.7527 -0.6404 0.1526
vn 0.2222 0.3879 -0.8945
vn 0.1382 0.3310 -0.9335
vn 0.3306 0.5096 -0.7943
vn 0.3342 0.7840 -0.5230
vn -0.3378 0.7991 -0.4972
vn -0.9579 0.1947 -0.2108
vn -0.9159 -0.2462 0.3172
vn -0.8506 -0.1638 0.4997
vn -0.8461 -0.1872 0.4991
vn -0.8769 -0.0884 0.4725
vn -0.9307 0.0851 0.3558
vn -0.9504 0.0439 0.3080
vn -0.9616 -0.0831 0.2615
vn -0.9250 -0.3123 0.2166
vn -0.7077 -0.6775 0.2001
vn 0.1962 0.3992 -0.8956
vn 0.0751 0.3270 -0.9420
vn 0.2866 0.5043 -0.8146
vn 0.5028 0.7117 -0.4906
vn 0.2713 0.8574 -0.4374
vn -0.5058 0.7879 -0.3513
vn -0.9553 0.2874 -0.0689
vn -0.9862 -0.0877 0.1403
vn -0.9319 -0.2461 0.2664
vn -0.9467 -0.1467 0.2867
vn -0.9821 0.0102 0.1879
vn -0.9915 -0.0663 0.1116
vn -0.9734 -0.2105 0.0911
vn -0.8780 -0.4566 0.1438
vn -0.6464 -0.7397 0.1873
vn 0.1078 0.4576 -0.8826
vn -0.2652 0.3996 -0.8775
vn -0.2307 0.6833 -0.6928
vn 0.0906 0.9532 -0.2885
vn 0.1529 0.9847 -0.0830
vn -0.2520 0.9521 -0.1731
vn -0.7121 0.5960 -0.3710
vn -0.9116 0.1719 -0.3734
vn -0.9713 -0.1312 -0.1986
vn -0.9802 -0.1939 -0.0398
vn -0.9853 -0.1542 -0.0730
vn -0.9688 -0.2061 -0.1378
vn -0.9311 -0.3471 -0.1126
vn -0.7892 -0.6109 0.0634
vn -0.5548 -0.8170 0.1575
vn 0.0053 0.5577 -0.8300
vn -0.5512 0.5409 -0.6353
vn -0.7517 0.5505 -0.3631
vn -0.4839 0.8750 -0.0139
vn -0.1806 0.9739 0.1376
vn -0.2667 0.9494 -0.1657
vn -0.4414 0.6820 -0.5832
vn -0.5424 0.3401 -0.7682
vn -0.6761 0.0520 -0.7349
vn -0.8079 -0.1681 -0.5649
vn -0.8633 -0.2811 -0.4193
vn -0.8602 -0.3328 -0.3864
vn -0.8195 -0.4846 -0.3060
vn -0.6548 -0.7558 -0.0049
vn -0.4306 -0.8926 0.1340
vn 0.0660 0.6524 -0.7550
vn -0.3775 0.7614 -0.5270
vn -0.6608 0.6543 -0.3678
vn -0.4759 0.8756 -0.0833
vn -0.1417 0.9880 0.0620
vn -0.1735 0.9540 -0.2445
vn -0.3096 0.6715 -0.6732
vn -0.3559 0.3598 -0.8625
vn -0.4178 0.2109 -0.8837
vn -0.5912 -0.0013 -0.8065
vn -0.7109 -0.2901 -0.6406
vn -0.7131 -0.4362 -0.5488
vn -0.6534 -0.6196 -0.4349
vn -0.4859 -0.8730 -0.0422
vn -0.2861 -0.9495 0.1286
vn -0.0162 0.8908 -0.4541
vn -0.2085 0.9771 -0.0427
vn 0.0422 0.6561 -0.7535
vn -0.3488 0.1592 -0.9236
vn -0.2710 -0.9615 -0.0449
vn -0.1580 -0.9776 0.1388
vt 0.750000 0.687500
vt 0.750000 0.750000
vt 0.718750 0.750000
vt 0.718750 0.687500
vt 0.750000 0.187500
vt 0.750000 0.250000
vt 0.718750 0.250000
vt 0.718750 0.187500
vt 0.750000 0.625000
vt 0.718750 0.625000
vt 0.750000 0.125000
vt 0.718750 0.125000
vt 0.750000 0.562500
vt 0.718750 0.562500
vt 0.750000 0.062500
vt 0.718750 0.062500
vt 0.750000 0.500000
vt 0.718750 0.500000
vt 0.750000 0.937500
vt 0.734375 1.000000
vt 0.718750 0.937500
vt 0.734375 0.000000
vt 0.750000 0.437500
vt 0.718750 0.437500
vt 0.750000 0.875000
vt 0.718750 0.875000
vt 0.750000 0.375000
vt 0.718750 0.375000
vt 0.750000 0.812500
vt 0.718750 0.812500
vt 0.750000 0.312500
vt 0.718750 0.312500
vt 0.687500 0.812500
vt 0.687500 0.750000
vt 0.687500 0.312500
vt 0.687500 0.250000
vt 0.687500 0.687500
vt 0.687500 0.187500
vt 0.687500 0.625000
vt 0.687500 0.125000
vt 0.687500 0.562500
vt 0.687500 0.062500
vt 0.687500 0.500000
vt 0.703125 1.000000
vt 0.687500 0.937500
vt 0.703125 0.000000
vt 0.687500 0.437500
vt 0.687500 0.875000
vt 0.687500 0.375000
vt 0.656250 0.562500
vt 0.656250 0.500000
vt 0.671875 1.000000
vt 0.656250 0.937500
vt 0.671875 0.000000
vt 0.656250 0.062500
vt 0.656250 0.437500
vt 0.656250 0.875000
vt 0.656250 0.375000
vt 0.656250 0.812500
vt 0.656250 0.312500
vt 0.656250 0.750000
vt 0.656250 0.250000
vt 0.656250 0.687500
vt 0.656250 0.187500
vt 0.656250 0.625000
vt 0.656250 0.125000
vt 0.625000 0.312500
vt 0.625000 0.250000
vt 0.625000 0.750000
vt 0.625000 0.687500
vt 0.625000 0.187500
vt 0.625000 0.625000
vt 0.625000 0.125000
vt 0.625000 0.562500
vt 0.625000 0.062500
vt 0.625000 0.500000
vt 0.640625 1.000000
vt 0.625000 0.937500
vt 0.640625 0.000000
vt 0.625000 0.437500
vt 0.625000 0.875000
vt 0.625000 0.375000
vt 0.625000 0.812500
vt 0.609375 1.000000
vt 0.593750 0.937500
vt 0.609375 0.000000
vt 0.593750 0.062500
vt 0.593750 0.500000
vt 0.593750 0.437500
vt 0.593750 0.875000
vt 0.593750 0.375000
vt 0.593750 0.812500
vt 0.593750 0.312500
vt 0.593750 0.750000
vt 0.593750 0.250000
vt 0.593750 0.687500
vt 0.593750 0.187500
vt 0.593750 0.625000
vt 0.593750 0.125000
vt 0.593750 0.562500
vt 0.562500 0.750000
vt 0.562500 0.687500
vt 0.562500 0.250000
vt 0.562500 0.187500
vt 0.562500 0.625000
vt 0.562500 0.125000
vt 0.562500 0.562500
vt 0.562500 0.062500
vt 0.562500 0.500000
vt 0.578125 1.000000
vt 0.562500 0.937500
vt 0.578125 0.000000
vt 0.562500 0.437500
vt 0.562500 0.875000
vt 0.562500 0.375000
vt 0.562500 0.812500
vt 0.562500 0.312500
vt 0.531250 0.500000
vt 0.531250 0.437500
vt 0.531250 0.937500
vt 0.531250 0.875000
vt 0.531250 0.375000
vt 0.531250 0.812500
vt 0.531250 0.312500
vt 0.531250 0.750000
vt 0.531250 0.250000
vt 0.531250 0.687500
vt 0.531250 0.187500
vt 0.531250 0.625000
vt 0.531250 0.125000
vt 0.531250 0.562500
vt 0.531250 0.062500
vt 0.546875 1.000000
vt 0.546875 0.000000
vt 0.500000 0.250000
vt 0.500000 0.187500
vt 0.500000 0.687500
vt 0.500000 0.625000
vt 0.500000 0.125000
vt 0.500000 0.562500
vt 0.500000 0.062500
vt 0.500000 0.500000
vt 0.515625 1.000000
vt 0.500000 0.937500
vt 0.515625 0.000000
vt 0.500000 0.437500
vt 0.500000 0.875000
vt 0.500000 0.375000
vt 0.500000 0.812500
vt 0.500000 0.312500
vt 0.500000 0.750000
vt 0.468750 0.437500
vt 0.468750 0.375000
vt 0.468750 0.875000
vt 0.468750 0.812500
vt 0.468750 0.312500
vt 0.468750 0.750000
vt 0.468750 0.250000
vt 0.468750 0.687500
vt 0.468750 0.187500
vt 0.468750 0.625000
vt 0.468750 0.125000
vt 0.468750 0.562500
vt 0.468750 0.062500
vt 0.468750 0.500000
vt 0.484375 1.000000
vt 0.468750 0.937500
vt 0.484375 0.000000
vt 0.437500 0.187500
vt 0.437500 0.125000
vt 0.437500 0.625000
vt 0.437500 0.562500
vt 0.437500 0.062500
vt 0.437500 0.500000
vt 0.453125 1.000000
vt 0.437500 0.937500
vt 0.453125 0.000000
vt 0.437500 0.437500
vt 0.437500 0.875000
vt 0.437500 0.375000
vt 0.437500 0.812500
vt 0.437500 0.312500
vt 0.437500 0.750000
vt 0.437500 0.250000
vt 0.437500 0.687500
vt 0.406250 0.875000
vt 0.406250 0.812500
vt 0.406250 0.375000
vt 0.406250 0.312500
vt 0.406250 0.750000
vt 0.406250 0.250000
vt 0.406250 0.687500
vt 0.406250 0.187500
vt 0.406250 0.625000
vt 0.406250 0.125000
vt 0.406250 0.562500
vt 0.406250 0.062500
vt 0.406250 0.500000
vt 0.421875 1.000000
vt 0.406250 0.937500
vt 0.421875 0.000000
vt 0.406250 0.437500
vt 0.375000 0.625000
vt 0.375000 0.562500
vt 0.375000 0.125000
vt 0.375000 0.062500
vt 0.375000 0.500000
vt 0.390625 1.000000
vt 0.375000 0.937500
vt 0.390625 0.000000
vt 0.375000 0.437500
vt 0.375000 0.875000
vt 0.375000 0.375000
vt 0.375000 0.812500
vt 0.375000 0.312500
vt 0.375000 0.750000
vt 0.375000 0.250000
vt 0.375000 0.687500
vt 0.375000 0.187500
vt 0.343750 0.375000
vt 0.343750 0.312500
vt 0.343750 0.812500
vt 0.343750 0.750000
vt 0.343750 0.250000
vt 0.343750 0.687500
vt 0.343750 0.187500
vt 0.343750 0.625000
vt 0.343750 0.125000
vt 0.343750 0.562500
vt 0.343750 0.062500
vt 0.343750 0.500000
vt 0.359375 1.000000
vt 0.343750 0.937500
vt 0.359375 0.000000
vt 0.343750 0.437500
vt 0.343750 0.875000
vt 0.312500 0.125000
vt 0.312500 0.062500
vt 0.312500 0.562500
vt 0.312500 0.500000
vt 0.328125 1.000000
vt 0.312500 0.937500
vt 0.328125 0.000000
vt 0.312500 0.437500
vt 0.312500 0.875000
vt 0.312500 0.375000
vt 0.312500 0.812500
vt 0.312500 0.312500
vt 0.312500 0.750000
vt 0.312500 0.250000
vt 0.312500 0.687500
vt 0.312500 0.187500
vt 0.312500 0.625000
vt 0.281250 0.812500
vt 0.281250 0.750000
vt 0.281250 0.312500
vt 0.281250 0.250000
vt 0.281250 0.687500
vt 0.281250 0.187500
vt 0.281250 0.625000
vt 0.281250 0.125000
vt 0.281250 0.562500
vt 0.281250 0.062500
vt 0.281250 0.500000
vt 0.296875 1.000000
vt 0.281250 0.937500
vt 0.296875 0.000000
vt 0.281250 0.437500
vt 0.281250 0.875000
vt 0.281250 0.375000
vt 0.250000 0.562500
vt 0.250000 0.500000
vt 0.265625 1.000000
vt 0.250000 0.937500
vt 0.265625 0.000000
vt 0.250000 0.062500
vt 0.250000 0.437500
vt 0.250000 0.875000
vt 0.250000 0.375000
vt 0.250000 0.812500
vt 0.250000 0.312500
vt 0.250000 0.750000
vt 0.250000 0.250000
vt 0.250000 0.687500
vt 0.250000 0.187500
vt 0.250000 0.625000
vt 0.250000 0.125000
vt 0.218750 0.312500
vt 0.218750 0.250000
vt 0.218750 0.750000
vt 0.218750 0.687500
vt 0.218750 0.187500
vt 0.218750 0.625000
vt 0.218750 0.125000
vt 0.218750 0.562500
vt 0.218750 0.062500
vt 0.218750 0.500000
vt 0.234375 1.000000
vt 0.218750 0.937500
vt 0.234375 0.000000
vt 0.218750 0.437500
vt 0.218750 0.875000
vt 0.218750 0.375000
vt 0.218750 0.812500
vt 0.203125 0.000000
vt 0.187500 0.062500
vt 0.187500 0.500000
vt 0.187500 0.437500
vt 0.187500 0.937500
vt 0.187500 0.875000
vt 0.187500 0.375000
vt 0.187500 0.812500
vt 0.187500 0.312500
vt 0.187500 0.750000
vt 0.187500 0.250000
vt 0.187500 0.687500
vt 0.187500 0.187500
vt 0.187500 0.625000
vt 0.187500 0.125000
vt 0.187500 0.562500
vt 0.203125 1.000000
vt 0.156250 0.250000
vt 0.156250 0.187500
vt 0.156250 0.687500
vt 0.156250 0.625000
vt 0.156250 0.125000
vt 0.156250 0.562500
vt 0.156250 0.062500
vt 0.156250 0.500000
vt 0.171875 1.000000
vt 0.156250 0.937500
vt 0.171875 0.000000
vt 0.156250 0.437500
vt 0.156250 0.875000
vt 0.156250 0.375000
vt 0.156250 0.812500
vt 0.156250 0.312500
vt 0.156250 0.750000
vt 0.125000 0.937500
vt 0.125000 0.875000
vt 0.125000 0.437500
vt 0.125000 0.375000
vt 0.125000 0.812500
vt 0.125000 0.312500
vt 0.125000 0.750000
vt 0.125000 0.250000
vt 0.125000 0.687500
vt 0.125000 0.187500
vt 0.125000 0.625000
vt 0.125000 0.125000
vt 0.125000 0.562500
vt 0.125000 0.062500
vt 0.125000 0.500000
vt 0.140625 1.000000
vt 0.140625 0.000000
vt 0.093750 0.687500
vt 0.093750 0.625000
vt 0.093750 0.187500
vt 0.093750 0.125000
vt 0.093750 0.562500
vt 0.093750 0.062500
vt 0.093750 0.500000
vt 0.109375 1.000000
vt 0.093750 0.937500
vt 0.109375 0.000000
vt 0.093750 0.437500
vt 0.093750 0.875000
vt 0.093750 0.375000
vt 0.093750 0.812500
vt 0.093750 0.312500
vt 0.093750 0.750000
vt 0.093750 0.250000
vt 0.062500 0.437500
vt 0.062500 0.375000
vt 0.062500 0.875000
vt 0.062500 0.812500
vt 0.062500 0.312500
vt 0.062500 0.750000
vt 0.062500 0.250000
vt 0.062500 0.687500
vt 0.062500 0.187500
vt 0.062500 0.625000
vt 0.062500 0.125000
vt 0.062500 0.562500
vt 0.062500 0.062500
vt 0.062500 0.500000
vt 0.078125 1.000000
vt 0.062500 0.937500
vt 0.078125 0.000000
vt 0.031250 0.187500
vt 0.031250 0.125000
vt 0.031250 0.625000
vt 0.031250 0.562500
vt 0.031250 0.062500
vt 0.031250 0.500000
vt 0.046875 1.000000
vt 0.031250 0.937500
vt 0.046875 0.000000
vt 0.031250 0.437500
vt 0.031250 0.875000
vt 0.031250 0.375000
vt 0.031250 0.812500
vt 0.031250 0.312500
vt 0.031250 0.750000
vt 0.031250 0.250000
vt 0.031250 0.687500
vt 0.000000 0.875000
vt 0.000000 0.812500
vt 0.000000 0.375000
vt 0.000000 0.312500
vt 0.000000 0.750000
vt 0.000000 0.250000
vt 0.000000 0.687500
vt 0.000000 0.187500
vt 0.000000 0.625000
vt 0.000000 0.125000
vt 0.000000 0.562500
vt 0.000000 0.062500
vt 0.000000 0.500000
vt 0.015625 1.000000
vt 0.000000 0.937500
vt 0.015625 0.000000
vt 0.000000 0.437500
vt 1.000000 0.562500
vt 1.000000 0.625000
vt 0.968750 0.625000
vt 0.968750 0.562500
vt 1.000000 0.062500
vt 1.000000 0.125000
vt 0.968750 0.125000
vt 0.968750 0.062500
vt 1.000000 0.500000
vt 0.968750 0.500000
vt 1.000000 0.937500
vt 0.984375 1.000000
vt 0.968750 0.937500
vt 0.984375 0.000000
vt 1.000000 0.437500
vt 0.968750 0.437500
vt 1.000000 0.875000
vt 0.968750 0.875000
vt 1.000000 0.375000
vt 0.968750 0.375000
vt 1.000000 0.812500
vt 0.968750 0.812500
vt 1.000000 0.312500
vt 0.968750 0.312500
vt 1.000000 0.750000
vt 0.968750 0.750000
vt 1.000000 0.250000
vt 0.968750 0.250000
vt 1.000000 0.687500
vt 0.968750 0.687500
vt 1.000000 0.187500
vt 0.968750 0.187500
vt 0.937500 0.375000
vt 0.937500 0.312500
vt 0.937500 0.812500
vt 0.937500 0.750000
vt 0.937500 0.250000
vt 0.937500 0.687500
vt 0.937500 0.187500
vt 0.937500 0.625000
vt 0.937500 0.125000
vt 0.937500 0.562500
vt 0.937500 0.062500
vt 0.937500 0.500000
vt 0.953125 1.000000
vt 0.937500 0.937500
vt 0.953125 0.000000
vt 0.937500 0.437500
vt 0.937500 0.875000
vt 0.906250 0.125000
vt 0.906250 0.062500
vt 0.906250 0.562500
vt 0.906250 0.500000
vt 0.921875 1.000000
vt 0.906250 0.937500
vt 0.921875 0.000000
vt 0.906250 0.437500
vt 0.906250 0.875000
vt 0.906250 0.375000
vt 0.906250 0.812500
vt 0.906250 0.312500
vt 0.906250 0.750000
vt 0.906250 0.250000
vt 0.906250 0.687500
vt 0.906250 0.187500
vt 0.906250 0.625000
vt 0.875000 0.312500
vt 0.875000 0.250000
vt 0.875000 0.750000
vt 0.875000 0.687500
vt 0.875000 0.187500
vt 0.875000 0.625000
vt 0.875000 0.125000
vt 0.875000 0.562500
vt 0.875000 0.062500
vt 0.875000 0.500000
vt 0.890625 1.000000
vt 0.875000 0.937500
vt 0.890625 0.000000
vt 0.875000 0.437500
vt 0.875000 0.875000
vt 0.875000 0.375000
vt 0.875000 0.812500
vt 0.859375 1.000000
vt 0.843750 0.937500
vt 0.859375 0.000000
vt 0.843750 0.062500
vt 0.843750 0.500000
vt 0.843750 0.437500
vt 0.843750 0.875000
vt 0.843750 0.375000
vt 0.843750 0.812500
vt 0.843750 0.312500
vt 0.843750 0.750000
vt 0.843750 0.250000
vt 0.843750 0.687500
vt 0.843750 0.187500
vt 0.843750 0.625000
vt 0.843750 0.125000
vt 0.843750 0.562500
vt 0.812500 0.750000
vt 0.812500 0.687500
vt 0.812500 0.250000
vt 0.812500 0.187500
vt 0.812500 0.625000
vt 0.812500 0.125000
vt 0.812500 0.562500
vt 0.812500 0.062500
vt 0.812500 0.500000
vt 0.828125 1.000000
vt 0.812500 0.937500
vt 0.828125 0.000000
vt 0.812500 0.437500
vt 0.812500 0.875000
vt 0.812500 0.375000
vt 0.812500 0.812500
vt 0.812500 0.312500
vt 0.781250 0.500000
vt 0.781250 0.437500
vt 0.781250 0.937500
vt 0.781250 0.875000
vt 0.781250 0.375000
vt 0.781250 0.812500
vt 0.781250 0.312500
vt 0.781250 0.750000
vt 0.781250 0.250000
vt 0.781250 0.687500
vt 0.781250 0.187500
vt 0.781250 0.625000
vt 0.781250 0.125000
vt 0.781250 0.562500
vt 0.781250 0.062500
vt 0.796875 1.000000
vt 0.796875 0.000000
vt 0.765625 1.000000
vt 0.765625 0.000000
s 1
usemtl SphereImageMaterial
f 960/560/960 485/561/485 495/562/495 496/563/496
f 491/564/491 490/565/490 503/566/503 504/567/504
f 486/568/486 960/560/960 496/563/496 497/569/497
f 963/570/963 491/564/491 504/567/504 505/571/505
f 961/572/961 486/568/486 497/569/497 498/573/498
f 964/574/964 963/570/963 505/571/505 506/575/506
f 487/576/487 961/572/961 498/573/498 499/577/499
f 483/578/483 567/579/567 492/580/492
f 598/581/598 964/574/964 506/575/506
f 488/582/488 487/576/487 499/577/499 500/583/500
f 959/584/959 483/578/483 492/580/492 493/585/493
f 962/586/962 488/582/488 500/583/500 501/587/501
f 484/588/484 959/584/959 493/585/493 494/589/494
f 489/590/489 962/586/962 501/587/501 502/591/502
f 485/561/485 484/588/484 494/589/494 495/562/495
f 490/565/490 489/590/489 502/591/502 503/566/503
f 495/562/495 494/589/494 509/592/509 510/593/510
f 503/566/503 502/591/502 517/594/517 518/595/518
f 496/563/496 495/562/495 510/593/510 511/596/511
f 504/567/504 503/566/503 518/595/518 519/597/519
f 497/569/497 496/563/496 511/596/511 512/598/512
f 505/571/505 504/567/504 519/597/519 520/599/520
f 498/573/498 497/569/497 512/598/512 513/600/513
f 506/575/506 505/571/505 520/599/520 521/601/521
f 499/577/499 498/573/498 513/600/513 514/602/514
f 492/580/492 567/603/567 507/604/507
f 598/605/598 506/575/506 521/601/521
f 500/583/500 499/577/499 514/602/514 515/606/515
f 493/585/493 492/580/492 507/604/507 508/607/508
f 501/587/501 500/583/500 515/606/515 516/608/516
f 494/589/494 493/585/493 508/607/508 509/592/509
f 502/591/502 501/587/501 516/608/516 517/594/517
f 514/602/514 513/600/513 528/609/528 529/610/529
f 507/604/507 567/611/567 522/612/522
f 598/613/598 521/601/521 536/614/536
f 515/606/515 514/602/514 529/610/529 530/615/530
f 508/607/508 507/604/507 522/612/522 523/616/523
f 516/608/516 515/606/515 530/615/530 531/617/531
f 509/592/509 508/607/508 523/616/523 524/618/524
f 517/594/517 516/608/516 531/617/531 532/619/532
f 510/593/510 509/592/509 524/618/524 525/620/525
f 518/595/518 517/594/517 532/619/532 533/621/533
f 511/596/511 510/593/510 525/620/525 526/622/526
f 519/597/519 518/595/518 533/621/533 534/623/534
f 512/598/512 511/596/511 526/622/526 527/624/527
f 520/599/520 519/597/519 534/623/534 535/625/535
f 513/600/513 512/598/512 527/624/527 528/609/528
f 521/601/521 520/599/520 535/625/535 536/614/536
f 533/621/533 532/619/532 547/626/547 548/627/548
f 526/622/526 525/620/525 540/628/540 541/629/541
f 534/623/534 533/621/533 548/627/548 549/630/549
f 527/624/527 526/622/526 541/629/541 542/631/542
f 535/625/535 534/623/534 549/630/549 550/632/550
f 528/609/528 527/624/527 542/631/542 543/633/543
f 536/614/536 535/625/535 550/632/550 551/634/551
f 529/610/529 528/609/528 543/633/543 544/635/544
f 522/612/522 567/636/567 537/637/537
f 598/638/598 536/614/536 551/634/551
f 530/615/530 529/610/529 544/635/544 545/639/545
f 523/616/523 522/612/522 537/637/537 538/640/538
f 531/617/531 530/615/530 545/639/545 546/641/546
f 524/618/524 523/616/523 538/640/538 539/642/539
f 532/619/532 531/617/531 546/641/546 547/626/547
f 525/620/525 524/618/524 539/642/539 540/628/540
f 537/637/537 567/643/567 552/644/552
f 598/645/598 551/634/551 566/646/566
f 545/639/545 544/635/544 559/647/559 560/648/560
f 538/640/538 537/637/537 552/644/552 553/649/553
f 546/641/546 545/639/545 560/648/560 561/650/561
f 539/642/539 538/640/538 553/649/553 554/651/554
f 547/626/547 546/641/546 561/650/561 562/652/562
f 540/628/540 539/642/539 554/651/554 555/653/555
f 548/627/548 547/626/547 562/652/562 563/654/563
f 541/629/541 540/628/540 555/653/555 556/655/556
f 549/630/549 548/627/548 563/654/563 564/656/564
f 542/631/542 541/629/541 556/655/556 557/657/557
f 550/632/550 549/630/549 564/656/564 565/658/565
f 543/633/543 542/631/542 557/657/557 558/659/558
f 551/634/551 550/632/550 565/658/565 566/646/566
f 544/635/544 543/633/543 558/659/558 559/647/559
f 556/655/556 555/653/555 571/660/571 572/661/572
f 564/656/564 563/654/563 579/662/579 580/663/580
f 557/657/557 556/655/556 572/661/572 573/664/573
f 565/658/565 564/656/564 580/663/580 581/665/581
f 558/659/558 557/657/557 573/664/573 574/666/574
f 566/646/566 565/658/565 581/665/581 582/667/582
f 559/647/559 558/659/558 574/666/574 575/668/575
f 552/644/552 567/669/567 568/670/568
f 598/671/598 566/646/566 582/667/582
f 560/648/560 559/647/559 575/668/575 576/672/576
f 553/649/553 552/644/552 568/670/568 569/673/569
f 561/650/561 560/648/560 576/672/576 577/674/577
f 554/651/554 553/649/553 569/673/569 570/675/570
f 562/652/562 561/650/561 577/674/577 578/676/578
f 555/653/555 554/651/554 570/675/570 571/660/571
f 563/654/563 562/652/562 578/676/578 579/662/579
f 576/672/576 575/668/575 590/677/590 591/678/591
f 569/673/569 568/670/568 583/679/583 584/680/584
f 577/674/577 576/672/576 591/678/591 592/681/592
f 570/675/570 569/673/569 584/680/584 585/682/585
f 578/676/578 577/674/577 592/681/592 593/683/593
f 571/660/571 570/675/570 585/682/585 586/684/586
f 579/662/579 578/676/578 593/683/593 594/685/594
f 572/661/572 571/660/571 586/684/586 587/686/587
f 580/663/580 579/662/579 594/685/594 595/687/595
f 573/664/573 572/661/572 587/686/587 588/688/588
f 581/665/581 580/663/580 595/687/595 596/689/596
f 574/666/574 573/664/573 588/688/588 589/690/589
f 582/667/582 581/665/581 596/689/596 597/691/597
f 575/668/575 574/666/574 589/690/589 590/677/590
f 568/670/568 567/692/567 583/679/583
f 598/693/598 582/667/582 597/691/597
f 595/687/595 594/685/594 610/694/610 611/695/611
f 588/688/588 587/686/587 603/696/603 604/697/604
f 596/689/596 595/687/595 611/695/611 612/698/612
f 589/690/589 588/688/588 604/697/604 605/699/605
f 597/691/597 596/689/596 612/698/612 613/700/613
f 590/677/590 589/690/589 605/699/605 606/701/606
f 583/679/583 567/702/567 599/703/599
f 598/704/598 597/691/597 613/700/613
f 591/678/591 590/677/590 606/701/606 607/705/607
f 584/680/584 583/679/583 599/703/599 600/706/600
f 592/681/592 591/678/591 607/705/607 608/707/608
f 585/682/585 584/680/584 600/706/600 601/708/601
f 593/683/593 592/681/592 608/707/608 609/709/609
f 586/684/586 585/682/585 601/708/601 602/710/602
f 594/685/594 593/683/593 609/709/609 610/694/610
f 587/686/587 586/684/586 602/710/602 603/696/603
f 608/707/608 607/705/607 622/711/622 623/712/623
f 601/708/601 600/706/600 615/713/615 616/714/616
f 609/709/609 608/707/608 623/712/623 624/715/624
f 602/710/602 601/708/601 616/714/616 617/716/617
f 610/694/610 609/709/609 624/715/624 625/717/625
f 603/696/603 602/710/602 617/716/617 618/718/618
f 611/695/611 610/694/610 625/717/625 626/719/626
f 604/697/604 603/696/603 618/718/618 619/720/619
f 612/698/612 611/695/611 626/719/626 627/721/627
f 605/699/605 604/697/604 619/720/619 620/722/620
f 613/700/613 612/698/612 627/721/627 628/723/628
f 606/701/606 605/699/605 620/722/620 621/724/621
f 599/703/599 567/725/567 614/726/614
f 598/727/598 613/700/613 628/723/628
f 607/705/607 606/701/606 621/724/621 622/711/622
f 600/706/600 599/703/599 614/726/614 615/713/615
f 627/721/627 626/719/626 641/728/641 642/729/642
f 620/722/620 619/720/619 634/730/634 635/731/635
f 628/723/628 627/721/627 642/729/642 643/732/643
f 621/724/621 620/722/620 635/731/635 636/733/636
f 614/726/614 567/734/567 629/735/629
f 598/736/598 628/723/628 643/732/643
f 622/711/622 621/724/621 636/733/636 637/737/637
f 615/713/615 614/726/614 629/735/629 630/738/630
f 623/712/623 622/711/622 637/737/637 638/739/638
f 616/714/616 615/713/615 630/738/630 631/740/631
f 624/715/624 623/712/623 638/739/638 639/741/639
f 617/716/617 616/714/616 631/740/631 632/742/632
f 625/717/625 624/715/624 639/741/639 640/743/640
f 618/718/618 617/716/617 632/742/632 633/744/633
f 626/719/626 625/717/625 640/743/640 641/728/641
f 619/720/619 618/718/618 633/744/633 634/730/634
f 631/740/631 630/738/630 645/745/645 646/746/646
f 639/741/639 638/739/638 653/747/653 654/748/654
f 632/742/632 631/740/631 646/746/646 647/749/647
f 640/743/640 639/741/639 654/748/654 655/750/655
f 633/744/633 632/742/632 647/749/647 648/751/648
f 641/728/641 640/743/640 655/750/655 656/752/656
f 634/730/634 633/744/633 648/751/648 649/753/649
f 642/729/642 641/728/641 656/752/656 657/754/657
f 635/731/635 634/730/634 649/753/649 650/755/650
f 643/732/643 642/729/642 657/754/657 658/756/658
f 636/733/636 635/731/635 650/755/650 651/757/651
f 629/735/629 567/758/567 644/759/644
f 598/760/598 643/732/643 658/756/658
f 637/737/637 636/733/636 651/757/651 652/761/652
f 630/738/630 629/735/629 644/759/644 645/745/645
f 638/739/638 637/737/637 652/761/652 653/747/653
f 650/755/650 649/753/649 664/762/664 665/763/665
f 658/756/658 657/754/657 672/764/672 673/765/673
f 651/757/651 650/755/650 665/763/665 666/766/666
f 644/759/644 567/767/567 659/768/659
f 598/769/598 658/756/658 673/765/673
f 652/761/652 651/757/651 666/766/666 667/770/667
f 645/745/645 644/759/644 659/768/659 660/771/660
f 653/747/653 652/761/652 667/770/667 668/772/668
f 646/746/646 645/745/645 660/771/660 661/773/661
f 654/748/654 653/747/653 668/772/668 669/774/669
f 647/749/647 646/746/646 661/773/661 662/775/662
f 655/750/655 654/748/654 669/774/669 670/776/670
f 648/751/648 647/749/647 662/775/662 663/777/663
f 656/752/656 655/750/655 670/776/670 671/778/671
f 649/753/649 648/751/648 663/777/663 664/762/664
f 657/754/657 656/752/656 671/778/671 672/764/672
f 669/774/669 668/772/668 683/779/683 684/780/684
f 662/775/662 661/773/661 676/781/676 677/782/677
f 670/776/670 669/774/669 684/780/684 685/783/685
f 663/777/663 662/775/662 677/782/677 678/784/678
f 671/778/671 670/776/670 685/783/685 686/785/686
f 664/762/664 663/777/663 678/784/678 679/786/679
f 672/764/672 671/778/671 686/785/686 687/787/687
f 665/763/665 664/762/664 679/786/679 680/788/680
f 673/765/673 672/764/672 687/787/687 688/789/688
f 666/766/666 665/763/665 680/788/680 681/790/681
f 659/768/659 567/791/567 674/792/674
f 598/793/598 673/765/673 688/789/688
f 667/770/667 666/766/666 681/790/681 682/794/682
f 660/771/660 659/768/659 674/792/674 675/795/675
f 668/772/668 667/770/667 682/794/682 683/779/683
f 661/773/661 660/771/660 675/795/675 676/781/676
f 688/789/688 687/787/687 702/796/702 703/797/703
f 681/790/681 680/788/680 695/798/695 696/799/696
f 674/792/674 567/800/567 689/801/689
f 598/802/598 688/789/688 703/797/703
f 682/794/682 681/790/681 696/799/696 697/803/697
f 675/795/675 674/792/674 689/801/689 690/804/690
f 683/779/683 682/794/682 697/803/697 698/805/698
f 676/781/676 675/795/675 690/804/690 691/806/691
f 684/780/684 683/779/683 698/805/698 699/807/699
f 677/782/677 676/781/676 691/806/691 692/808/692
f 685/783/685 684/780/684 699/807/699 700/809/700
f 678/784/678 677/782/677 692/808/692 693/810/693
f 686/785/686 685/783/685 700/809/700 701/811/701
f 679/786/679 678/784/678 693/810/693 694/812/694
f 687/787/687 686/785/686 701/811/701 702/796/702
f 680/788/680 679/786/679 694/812/694 695/798/695
f 692/808/692 691/806/691 706/813/706 707/814/707
f 700/809/700 699/807/699 714/815/714 715/816/715
f 693/810/693 692/808/692 707/814/707 708/817/708
f 701/811/701 700/809/700 715/816/715 716/818/716
f 694/812/694 693/810/693 708/817/708 709/819/709
f 702/796/702 701/811/701 716/818/716 717/820/717
f 695/798/695 694/812/694 709/819/709 710/821/710
f 703/797/703 702/796/702 717/820/717 718/822/718
f 696/799/696 695/798/695 710/821/710 711/823/711
f 689/801/689 567/824/567 704/825/704
f 598/826/598 703/797/703 718/822/718
f 697/803/697 696/799/696 711/823/711 712/827/712
f 690/804/690 689/801/689 704/825/704 705/828/705
f 698/805/698 697/803/697 712/827/712 713/829/713
f 691/806/691 690/804/690 705/828/705 706/813/706
f 699/807/699 698/805/698 713/829/713 714/815/714
f 711/823/711 710/821/710 725/830/725 726/831/726
f 704/825/704 567/832/567 719/833/719
f 598/834/598 718/822/718 733/835/733
f 712/827/712 711/823/711 726/831/726 727/836/727
f 705/828/705 704/825/704 719/833/719 720/837/720
f 713/829/713 712/827/712 727/836/727 728/838/728
f 706/813/706 705/828/705 720/837/720 721/839/721
f 714/815/714 713/829/713 728/838/728 729/840/729
f 707/814/707 706/813/706 721/839/721 722/841/722
f 715/816/715 714/815/714 729/840/729 730/842/730
f 708/817/708 707/814/707 722/841/722 723/843/723
f 716/818/716 715/816/715 730/842/730 731/844/731
f 709/819/709 708/817/708 723/843/723 724/845/724
f 717/820/717 716/818/716 731/844/731 732/846/732
f 710/821/710 709/819/709 724/845/724 725/830/725
f 718/822/718 717/820/717 732/846/732 733/835/733
f 730/842/730 729/840/729 744/847/744 745/848/745
f 723/843/723 722/841/722 737/849/737 738/850/738
f 731/844/731 730/842/730 745/848/745 746/851/746
f 724/845/724 723/843/723 738/850/738 739/852/739
f 732/846/732 731/844/731 746/851/746 747/853/747
f 725/830/725 724/845/724 739/852/739 740/854/740
f 733/835/733 732/846/732 747/853/747 748/855/748
f 726/831/726 725/830/725 740/854/740 741/856/741
f 719/833/719 567/857/567 734/858/734
f 598/859/598 733/835/733 748/855/748
f 727/836/727 726/831/726 741/856/741 742/860/742
f 720/837/720 719/833/719 734/858/734 735/861/735
f 728/838/728 727/836/727 742/860/742 743/862/743
f 721/839/721 720/837/720 735/861/735 736/863/736
f 729/840/729 728/838/728 743/862/743 744/847/744
f 722/841/722 721/839/721 736/863/736 737/849/737
f 598/864/598 748/855/748 763/865/763
f 742/860/742 741/856/741 756/866/756 757/867/757
f 735/861/735 734/858/734 749/868/749 750/869/750
f 743/862/743 742/860/742 757/867/757 758/870/758
f 736/863/736 735/861/735 750/869/750 751/871/751
f 744/847/744 743/862/743 758/870/758 759/872/759
f 737/849/737 736/863/736 751/871/751 752/873/752
f 745/848/745 744/847/744 759/872/759 760/874/760
f 738/850/738 737/849/737 752/873/752 753/875/753
f 746/851/746 745/848/745 760/874/760 761/876/761
f 739/852/739 738/850/738 753/875/753 754/877/754
f 747/853/747 746/851/746 761/876/761 762/878/762
f 740/854/740 739/852/739 754/877/754 755/879/755
f 748/855/748 747/853/747 762/878/762 763/865/763
f 741/856/741 740/854/740 755/879/755 756/866/756
f 734/858/734 567/880/567 749/868/749
f 761/876/761 760/874/760 775/881/775 776/882/776
f 754/877/754 753/875/753 768/883/768 769/884/769
f 762/878/762 761/876/761 776/882/776 777/885/777
f 755/879/755 754/877/754 769/884/769 770/886/770
f 763/865/763 762/878/762 777/885/777 778/887/778
f 756/866/756 755/879/755 770/886/770 771/888/771
f 749/868/749 567/889/567 764/890/764
f 598/891/598 763/865/763 778/887/778
f 757/867/757 756/866/756 771/888/771 772/892/772
f 750/869/750 749/868/749 764/890/764 765/893/765
f 758/870/758 757/867/757 772/892/772 773/894/773
f 751/871/751 750/869/750 765/893/765 766/895/766
f 759/872/759 758/870/758 773/894/773 774/896/774
f 752/873/752 751/871/751 766/895/766 767/897/767
f 760/874/760 759/872/759 774/896/774 775/881/775
f 753/875/753 752/873/752 767/897/767 768/883/768
f 765/893/765 764/890/764 779/898/779 780/899/780
f 773/894/773 772/892/772 787/900/787 788/901/788
f 766/895/766 765/893/765 780/899/780 781/902/781
f 774/896/774 773/894/773 788/901/788 789/903/789
f 767/897/767 766/895/766 781/902/781 782/904/782
f 775/881/775 774/896/774 789/903/789 790/905/790
f 768/883/768 767/897/767 782/904/782 783/906/783
f 776/882/776 775/881/775 790/905/790 791/907/791
f 769/884/769 768/883/768 783/906/783 784/908/784
f 777/885/777 776/882/776 791/907/791 792/909/792
f 770/886/770 769/884/769 784/908/784 785/910/785
f 778/887/778 777/885/777 792/909/792 793/911/793
f 771/888/771 770/886/770 785/910/785 786/912/786
f 764/890/764 567/913/567 779/898/779
f 598/914/598 778/887/778 793/911/793
f 772/892/772 771/888/771 786/912/786 787/900/787
f 784/908/784 783/906/783 798/915/798 799/916/799
f 792/909/792 791/907/791 806/917/806 807/918/807
f 785/910/785 784/908/784 799/916/799 800/919/800
f 793/911/793 792/909/792 807/918/807 808/920/808
f 786/912/786 785/910/785 800/919/800 801/921/801
f 779/898/779 567/922/567 794/923/794
f 598/924/598 793/911/793 808/920/808
f 787/900/787 786/912/786 801/921/801 802/925/802
f 780/899/780 779/898/779 794/923/794 795/926/795
f 788/901/788 787/900/787 802/925/802 803/927/803
f 781/902/781 780/899/780 795/926/795 796/928/796
f 789/903/789 788/901/788 803/927/803 804/929/804
f 782/904/782 781/902/781 796/928/796 797/930/797
f 790/905/790 789/903/789 804/929/804 805/931/805
f 783/906/783 782/904/782 797/930/797 798/915/798
f 791/907/791 790/905/790 805/931/805 806/917/806
f 803/927/803 802/925/802 817/932/817 818/933/818
f 796/928/796 795/926/795 810/934/810 811/935/811
f 804/929/804 803/927/803 818/933/818 819/936/819
f 797/930/797 796/928/796 811/935/811 812/937/812
f 805/931/805 804/929/804 819/936/819 820/938/820
f 798/915/798 797/930/797 812/937/812 813/939/813
f 806/917/806 805/931/805 820/938/820 821/940/821
f 799/916/799 798/915/798 813/939/813 814/941/814
f 807/918/807 806/917/806 821/940/821 822/942/822
f 800/919/800 799/916/799 814/941/814 815/943/815
f 808/920/808 807/918/807 822/942/822 823/944/823
f 801/921/801 800/919/800 815/943/815 816/945/816
f 794/923/794 567/946/567 809/947/809
f 598/948/598 808/920/808 823/944/823
f 802/925/802 801/921/801 816/945/816 817/932/817
f 795/926/795 794/923/794 809/947/809 810/934/810
f 822/942/822 821/940/821 836/949/836 837/950/837
f 815/943/815 814/941/814 829/951/829 830/952/830
f 823/944/823 822/942/822 837/950/837 838/953/838
f 816/945/816 815/943/815 830/952/830 831/954/831
f 809/947/809 567/955/567 824/956/824
f 598/957/598 823/944/823 838/953/838
f 817/932/817 816/945/816 831/954/831 832/958/832
f 810/934/810 809/947/809 824/956/824 825/959/825
f 818/933/818 817/932/817 832/958/832 833/960/833
f 811/935/811 810/934/810 825/959/825 826/961/826
f 819/936/819 818/933/818 833/960/833 834/962/834
f 812/937/812 811/935/811 826/961/826 827/963/827
f 820/938/820 819/936/819 834/962/834 835/964/835
f 813/939/813 812/937/812 827/963/827 828/965/828
f 821/940/821 820/938/820 835/964/835 836/949/836
f 814/941/814 813/939/813 828/965/828 829/951/829
f 826/961/826 825/959/825 840/966/840 841/967/841
f 834/962/834 833/960/833 848/968/848 849/969/849
f 827/963/827 826/961/826 841/967/841 842/970/842
f 835/964/835 834/962/834 849/969/849 850/971/850
f 828/965/828 827/963/827 842/970/842 843/972/843
f 836/949/836 835/964/835 850/971/850 851/973/851
f 829/951/829 828/965/828 843/972/843 844/974/844
f 837/950/837 836/949/836 851/973/851 852/975/852
f 830/952/830 829/951/829 844/974/844 845/976/845
f 838/953/838 837/950/837 852/975/852 853/977/853
f 831/954/831 830/952/830 845/976/845 846/978/846
f 824/956/824 567/979/567 839/980/839
f 598/981/598 838/953/838 853/977/853
f 832/958/832 831/954/831 846/978/846 847/982/847
f 825/959/825 824/956/824 839/980/839 840/966/840
f 833/960/833 832/958/832 847/982/847 848/968/848
f 845/983/845 844/984/844 859/985/859 860/986/860
f 853/987/853 852/988/852 867/989/867 868/990/868
f 846/991/846 845/983/845 860/986/860 861/992/861
f 839/993/839 567/994/567 854/995/854
f 598/996/598 853/987/853 868/990/868
f 847/997/847 846/991/846 861/992/861 862/998/862
f 840/999/840 839/993/839 854/995/854 855/1000/855
f 848/1001/848 847/997/847 862/998/862 863/1002/863
f 841/1003/841 840/999/840 855/1000/855 856/1004/856
f 849/1005/849 848/1001/848 863/1002/863 864/1006/864
f 842/1007/842 841/1003/841 856/1004/856 857/1008/857
f 850/1009/850 849/1005/849 864/1006/864 865/1010/865
f 843/1011/843 842/1007/842 857/1008/857 858/1012/858
f 851/1013/851 850/1009/850 865/1010/865 866/1014/866
f 844/984/844 843/1011/843 858/1012/858 859/985/859
f 852/988/852 851/1013/851 866/1014/866 867/989/867
f 864/1006/864 863/1002/863 878/1015/878 879/1016/879
f 857/1008/857 856/1004/856 871/1017/871 872/1018/872
f 865/1010/865 864/1006/864 879/1016/879 880/1019/880
f 858/1012/858 857/1008/857 872/1018/872 873/1020/873
f 866/1014/866 865/1010/865 880/1019/880 881/1021/881
f 859/985/859 858/1012/858 873/1020/873 874/1022/874
f 867/989/867 866/1014/866 881/1021/881 882/1023/882
f 860/986/860 859/985/859 874/1022/874 875/1024/875
f 868/990/868 867/989/867 882/1023/882 883/1025/883
f 861/992/861 860/986/860 875/1024/875 876/1026/876
f 854/995/854 567/1027/567 869/1028/869
f 598/1029/598 868/990/868 883/1025/883
f 862/998/862 861/992/861 876/1026/876 877/1030/877
f 855/1000/855 854/995/854 869/1028/869 870/1031/870
f 863/1002/863 862/998/862 877/1030/877 878/1015/878
f 856/1004/856 855/1000/855 870/1031/870 871/1017/871
f 883/1025/883 882/1023/882 897/1032/897 898/1033/898
f 876/1026/876 875/1024/875 890/1034/890 891/1035/891
f 869/1028/869 567/1036/567 884/1037/884
f 598/1038/598 883/1025/883 898/1033/898
f 877/1030/877 876/1026/876 891/1035/891 892/1039/892
f 870/1031/870 869/1028/869 884/1037/884 885/1040/885
f 878/1015/878 877/1030/877 892/1039/892 893/1041/893
f 871/1017/871 870/1031/870 885/1040/885 886/1042/886
f 879/1016/879 878/1015/878 893/1041/893 894/1043/894
f 872/1018/872 871/1017/871 886/1042/886 887/1044/887
f 880/1019/880 879/1016/879 894/1043/894 895/1045/895
f 873/1020/873 872/1018/872 887/1044/887 888/1046/888
f 881/1021/881 880/1019/880 895/1045/895 896/1047/896
f 874/1022/874 873/1020/873 888/1046/888 889/1048/889
f 882/1023/882 881/1021/881 896/1047/896 897/1032/897
f 875/1024/875 874/1022/874 889/1048/889 890/1034/890
f 895/1045/895 894/1043/894 909/1049/909 910/1050/910
f 888/1046/888 887/1044/887 902/1051/902 903/1052/903
f 896/1047/896 895/1045/895 910/1050/910 911/1053/911
f 889/1048/889 888/1046/888 903/1052/903 904/1054/904
f 897/1032/897 896/1047/896 911/1053/911 912/1055/912
f 890/1034/890 889/1048/889 904/1054/904 905/1056/905
f 898/1033/898 897/1032/897 912/1055/912 913/1057/913
f 891/1035/891 890/1034/890 905/1056/905 906/1058/906
f 884/1037/884 567/1059/567 899/1060/899
f 598/1061/598 898/1033/898 913/1057/913
f 892/1039/892 891/1035/891 906/1058/906 907/1062/907
f 885/1040/885 884/1037/884 899/1060/899 900/1063/900
f 893/1041/893 892/1039/892 907/1062/907 908/1064/908
f 886/1042/886 885/1040/885 900/1063/900 901/1065/901
f 894/1043/894 893/1041/893 908/1064/908 909/1049/909
f 887/1044/887 886/1042/886 901/1065/901 902/1051/902
f 899/1060/899 567/1066/567 914/1067/914
f 598/1068/598 913/1057/913 928/1069/928
f 907/1062/907 906/1058/906 921/1070/921 922/1071/922
f 900/1063/900 899/1060/899 914/1067/914 915/1072/915
f 908/1064/908 907/1062/907 922/1071/922 923/1073/923
f 901/1065/901 900/1063/900 915/1072/915 916/1074/916
f 909/1049/909 908/1064/908 923/1073/923 924/1075/924
f 902/1051/902 901/1065/901 916/1074/916 917/1076/917
f 910/1050/910 909/1049/909 924/1075/924 925/1077/925
f 903/1052/903 902/1051/902 917/1076/917 918/1078/918
f 911/1053/911 910/1050/910 925/1077/925 926/1079/926
f 904/1054/904 903/1052/903 918/1078/918 919/1080/919
f 912/1055/912 911/1053/911 926/1079/926 927/1081/927
f 905/1056/905 904/1054/904 919/1080/919 920/1082/920
f 913/1057/913 912/1055/912 927/1081/927 928/1069/928
f 906/1058/906 905/1056/905 920/1082/920 921/1070/921
f 918/1078/918 917/1076/917 932/1083/932 933/1084/933
f 926/1079/926 925/1077/925 940/1085/940 941/1086/941
f 919/1080/919 918/1078/918 933/1084/933 934/1087/934
f 927/1081/927 926/1079/926 941/1086/941 942/1088/942
f 920/1082/920 919/1080/919 934/1087/934 935/1089/935
f 928/1069/928 927/1081/927 942/1088/942 943/1090/943
f 921/1070/921 920/1082/920 935/1089/935 936/1091/936
f 914/1067/914 567/1092/567 929/1093/929
f 598/1094/598 928/1069/928 943/1090/943
f 922/1071/922 921/1070/921 936/1091/936 937/1095/937
f 915/1072/915 914/1067/914 929/1093/929 930/1096/930
f 923/1073/923 922/1071/922 937/1095/937 938/1097/938
f 916/1074/916 915/1072/915 930/1096/930 931/1098/931
f 924/1075/924 923/1073/923 938/1097/938 939/1099/939
f 917/1076/917 916/1074/916 931/1098/931 932/1083/932
f 925/1077/925 924/1075/924 939/1099/939 940/1085/940
f 937/1095/937 936/1091/936 951/1100/951 952/1101/952
f 930/1096/930 929/1093/929 944/1102/944 945/1103/945
f 938/1097/938 937/1095/937 952/1101/952 953/1104/953
f 931/1098/931 930/1096/930 945/1103/945 946/1105/946
f 939/1099/939 938/1097/938 953/1104/953 954/1106/954
f 932/1083/932 931/1098/931 946/1105/946 947/1107/947
f 940/1085/940 939/1099/939 954/1106/954 955/1108/955
f 933/1084/933 932/1083/932 947/1107/947 948/1109/948
f 941/1086/941 940/1085/940 955/1108/955 956/1110/956
f 934/1087/934 933/1084/933 948/1109/948 949/1111/949
f 942/1088/942 941/1086/941 956/1110/956 957/1112/957
f 935/1089/935 934/1087/934 949/1111/949 950/1113/950
f 943/1090/943 942/1088/942 957/1112/957 958/1114/958
f 936/1091/936 935/1089/935 950/1113/950 951/1100/951
f 929/1093/929 567/1115/567 944/1102/944
f 598/1116/598 943/1090/943 958/1114/958
f 956/1110/956 955/1108/955 490/565/490 491/564/491
f 949/1111/949 948/1109/948 960/560/960 486/568/486
f 957/1112/957 956/1110/956 491/564/491 963/570/963
f 950/1113/950 949/1111/949 486/568/486 961/572/961
f 958/1114/958 957/1112/957 963/570/963 964/574/964
f 951/1100/951 950/1113/950 961/572/961 487/576/487
f 944/1102/944 567/1117/567 483/578/483
f 598/1118/598 958/1114/958 964/574/964
f 952/1101/952 951/1100/951 487/576/487 488/582/488
f 945/1103/945 944/1102/944 483/578/483 959/584/959
f 953/1104/953 952/1101/952 488/582/488 962/586/962
f 946/1105/946 945/1103/945 959/584/959 484/588/484
f 954/1106/954 953/1104/953 962/586/962 489/590/489
f 947/1107/947 946/1105/946 484/588/484 485/561/485
f 955/1108/955 954/1106/954 489/590/489 490/565/490
f 948/1109/948 947/1107/947 485/561/485 960/560/960
o Sphere.002
v -0.540179 0.340130 -0.843747
v -0.540179 0.273731 -0.932929
v -0.540179 0.274545 -1.006552
v -0.540179 0.182199 -1.093972
v -0.540179 0.055179 -1.044096
v -0.540179 0.006941 -1.029315
v -0.540179 -0.042839 -1.023494
v -0.540179 -0.090940 -1.005582
v -0.529050 0.341657 -0.842964
v -0.519947 0.305709 -0.888728
v -0.510171 0.285429 -0.937876
v -0.496833 0.277165 -1.004926
v -0.482728 0.251655 -1.075840
v -0.475386 0.192553 -1.112751
v -0.481394 0.115086 -1.082546
v -0.494619 0.055179 -1.016058
v -0.501196 0.015338 -0.982996
v -0.498388 -0.033676 -0.997110
v -0.505851 -0.062676 -0.959590
v -0.511981 -0.089826 -0.928773
v -0.518102 -0.114886 -0.898001
v -0.522160 -0.168389 -0.877600
v -0.529307 -0.224858 -0.841668
v -0.517997 0.346138 -0.840567
v -0.498915 0.315504 -0.886635
v -0.475906 0.306356 -0.942183
v -0.460431 0.263493 -0.979542
v -0.434237 0.239951 -1.042780
v -0.421034 0.184003 -1.074656
v -0.429115 0.112892 -1.055146
v -0.443588 0.055179 -1.020205
v -0.444732 0.005534 -1.017445
v -0.457412 -0.034527 -0.986831
v -0.469857 -0.067851 -0.956786
v -0.488219 -0.081143 -0.912457
v -0.497574 -0.112178 -0.889871
v -0.506054 -0.160813 -0.869399
v -0.518796 -0.225599 -0.838638
v -0.507326 0.351831 -0.836182
v -0.477672 0.326627 -0.880563
v -0.447484 0.304717 -0.925742
v -0.423623 0.264886 -0.961453
v -0.390516 0.235008 -1.011001
v -0.367780 0.183579 -1.045028
v -0.361182 0.119210 -1.054902
v -0.384299 0.055179 -1.020306
v -0.405969 0.007085 -0.987873
v -0.417959 -0.036054 -0.969930
v -0.437403 -0.068669 -0.940830
v -0.458878 -0.091612 -0.908690
v -0.473698 -0.124510 -0.886510
v -0.491154 -0.158605 -0.860386
v -0.509371 -0.223536 -0.833122
v -0.497515 0.357693 -0.829678
v -0.459273 0.331163 -0.867921
v -0.429971 0.288450 -0.897223
v -0.393621 0.262377 -0.933573
v -0.342292 0.241951 -0.984901
v -0.321791 0.182977 -1.005403
v -0.307473 0.120576 -1.019720
v -0.348069 0.055179 -0.979125
v -0.364589 0.005750 -0.962605
v -0.379151 -0.039238 -0.948043
v -0.410443 -0.067662 -0.916751
v -0.426665 -0.105686 -0.900528
v -0.449614 -0.136968 -0.877579
v -0.474201 -0.170639 -0.852993
v -0.501316 -0.221134 -0.825878
v -0.489174 0.362606 -0.821095
v -0.444598 0.332436 -0.850880
v -0.420013 0.271671 -0.867307
v -0.379305 0.248711 -0.894507
v -0.309266 0.240534 -0.941306
v -0.288682 0.180354 -0.955060
v -0.297559 0.113203 -0.949128
v -0.327746 0.055179 -0.928958
v -0.337730 0.006707 -0.922287
v -0.366907 -0.031281 -0.902791
v -0.403451 -0.055037 -0.878373
v -0.404526 -0.108280 -0.877655
v -0.417448 -0.165878 -0.869021
v -0.454806 -0.192905 -0.844059
v -0.494705 -0.219821 -0.817400
v -0.540179 0.345958 -0.787015
v -0.483058 0.364966 -0.810675
v -0.432418 0.336442 -0.831651
v -0.413425 0.260828 -0.839518
v -0.359082 0.251226 -0.862028
v -0.303985 0.225899 -0.884850
v -0.272035 0.175319 -0.898084
v -0.292606 0.108493 -0.889563
v -0.318945 0.055179 -0.878653
v -0.332981 0.010505 -0.872839
v -0.370590 -0.021064 -0.857261
v -0.394085 -0.050852 -0.847529
v -0.394973 -0.102351 -0.847161
v -0.382823 -0.199502 -0.852194
v -0.433548 -0.223176 -0.831183
v -0.489780 -0.219138 -0.807891
v -0.479818 0.363584 -0.799022
v -0.425100 0.338089 -0.809905
v -0.405947 0.260330 -0.813715
v -0.347012 0.252152 -0.825438
v -0.315850 0.208036 -0.831637
v -0.289292 0.161149 -0.836919
v -0.283852 0.107184 -0.838002
v -0.290631 0.055179 -0.836653
v -0.317950 0.010048 -0.831219
v -0.356515 -0.022586 -0.823548
v -0.380191 -0.054163 -0.818839
v -0.369288 -0.119275 -0.821007
v -0.360233 -0.218969 -0.822808
v -0.418809 -0.242973 -0.811157
v -0.486918 -0.217935 -0.797609
v -0.540179 -0.227629 -0.787015
v -0.479638 0.358694 -0.787015
v -0.423014 0.337690 -0.787015
v -0.400952 0.263831 -0.787015
v -0.356547 0.238947 -0.787015
v -0.314159 0.206242 -0.787015
v -0.283584 0.161475 -0.787015
v -0.284326 0.106097 -0.787015
v -0.249918 0.055179 -0.787015
v -0.296198 0.006609 -0.787015
v -0.337207 -0.029050 -0.787015
v -0.334647 -0.082294 -0.787015
v -0.337816 -0.147158 -0.787015
v -0.353779 -0.223305 -0.787015
v -0.417421 -0.240621 -0.787015
v -0.486157 -0.216560 -0.787015
v -0.481716 0.354147 -0.775386
v -0.420823 0.348453 -0.763274
v -0.392500 0.280626 -0.757640
v -0.356335 0.242728 -0.750446
v -0.339368 0.192131 -0.747071
v -0.277910 0.165925 -0.734846
v -0.262648 0.111458 -0.731811
v -0.249783 0.055179 -0.729252
v -0.246254 -0.004403 -0.728550
v -0.285948 -0.052193 -0.736445
v -0.276058 -0.124588 -0.734478
v -0.312633 -0.176545 -0.741753
v -0.352131 -0.231197 -0.749610
v -0.417243 -0.246768 -0.762562
v -0.486987 -0.217594 -0.776435
v -0.485236 0.353473 -0.764257
v -0.419686 0.369189 -0.737105
v -0.386263 0.304349 -0.723261
v -0.355985 0.254550 -0.710719
v -0.345773 0.195897 -0.706489
v -0.292467 0.166219 -0.684409
v -0.247633 0.118116 -0.665838
v -0.250331 0.055179 -0.666956
v -0.252404 -0.006736 -0.667815
v -0.249855 -0.074839 -0.666759
v -0.254314 -0.151203 -0.668606
v -0.309409 -0.194173 -0.691427
v -0.359788 -0.236410 -0.712295
v -0.416058 -0.268160 -0.735603
v -0.489256 -0.221906 -0.765922
v -0.490522 0.354705 -0.753835
v -0.426362 0.384554 -0.710965
v -0.385789 0.332602 -0.683855
v -0.360617 0.270996 -0.667036
v -0.343286 0.213393 -0.655456
v -0.317436 0.166124 -0.638183
v -0.264662 0.121024 -0.602921
v -0.245844 0.055179 -0.590347
v -0.261592 -0.011395 -0.600870
v -0.259218 -0.084577 -0.599283
v -0.277934 -0.155170 -0.611789
v -0.321742 -0.206991 -0.641060
v -0.374626 -0.242117 -0.676397
v -0.422588 -0.284979 -0.708444
v -0.493397 -0.227486 -0.755757
v -0.498095 0.353699 -0.744931
v -0.444997 0.379138 -0.691833
v -0.408313 0.333790 -0.655150
v -0.389964 0.267505 -0.636800
v -0.361704 0.223741 -0.608541
v -0.347136 0.168228 -0.593973
v -0.340712 0.111284 -0.587549
v -0.325287 0.055179 -0.572123
v -0.309698 -0.009595 -0.556534
v -0.310752 -0.079042 -0.557588
v -0.330406 -0.142742 -0.577243
v -0.364236 -0.193218 -0.611073
v -0.392404 -0.256737 -0.639241
v -0.439341 -0.287787 -0.686177
v -0.499866 -0.231128 -0.746703
v -0.507761 0.348014 -0.738499
v -0.468038 0.367835 -0.679048
v -0.436355 0.334369 -0.631633
v -0.421499 0.268676 -0.609398
v -0.391878 0.233382 -0.565067
v -0.409267 0.152850 -0.591093
v -0.402129 0.104641 -0.580409
v -0.385807 0.055179 -0.555981
v -0.387649 0.000566 -0.558739
v -0.383419 -0.061637 -0.552407
v -0.399803 -0.113561 -0.576928
v -0.405324 -0.187183 -0.585190
v -0.426948 -0.249076 -0.617554
v -0.462633 -0.280593 -0.670959
v -0.508562 -0.230628 -0.739698
v -0.518491 0.339840 -0.734657
v -0.493373 0.349915 -0.674016
v -0.469424 0.331431 -0.616198
v -0.454379 0.279173 -0.579876
v -0.440522 0.229057 -0.546423
v -0.438144 0.165604 -0.540682
v -0.428383 0.113270 -0.517116
v -0.434501 0.055179 -0.531887
v -0.439155 0.002654 -0.543123
v -0.436849 -0.056638 -0.537555
v -0.448483 -0.104900 -0.565642
v -0.446468 -0.189310 -0.560777
v -0.463673 -0.243319 -0.602313
v -0.488388 -0.270512 -0.661980
v -0.518744 -0.226253 -0.735268
v -0.529331 0.334625 -0.732481
v -0.517186 0.339335 -0.671423
v -0.507238 0.307685 -0.621409
v -0.498675 0.267806 -0.578363
v -0.489935 0.227150 -0.534424
v -0.484380 0.173581 -0.506498
v -0.477770 0.118757 -0.473267
v -0.484648 0.055179 -0.507843
v -0.487466 0.001426 -0.522009
v -0.491593 -0.048008 -0.542760
v -0.498264 -0.088473 -0.576296
v -0.493963 -0.181396 -0.554671
v -0.502349 -0.234420 -0.596832
v -0.515544 -0.248975 -0.663168
v -0.529497 -0.220132 -0.733313
v -0.540179 0.336957 -0.730934
v -0.540179 0.340617 -0.668619
v -0.540179 0.291850 -0.628861
v -0.540179 0.244261 -0.598023
v -0.540179 0.211801 -0.552615
v -0.540179 0.187571 -0.467004
v -0.540179 0.122351 -0.448943
v -0.540179 0.055179 -0.495992
v -0.540179 -0.003165 -0.493595
v -0.540179 -0.044945 -0.545417
v -0.540179 -0.087593 -0.573494
v -0.540179 -0.154177 -0.577574
v -0.540179 -0.197619 -0.617966
v -0.540179 -0.212220 -0.676210
v -0.540179 -0.214277 -0.733462
v -0.551282 0.341025 -0.731193
v -0.563211 0.339821 -0.671222
v -0.569584 0.280854 -0.639185
v -0.575396 0.235860 -0.609965
v -0.586433 0.213588 -0.554477
v -0.599203 0.180386 -0.490278
v -0.607056 0.123286 -0.450800
v -0.601671 0.055179 -0.477873
v -0.593098 0.001217 -0.520973
v -0.583976 -0.037908 -0.566833
v -0.577893 -0.074192 -0.597412
v -0.574282 -0.119838 -0.615568
v -0.567364 -0.153655 -0.650343
v -0.559416 -0.183237 -0.690301
v -0.550319 -0.206597 -0.736036
v -0.561989 0.341407 -0.734360
v -0.584323 0.333387 -0.680442
v -0.593733 0.264895 -0.657722
v -0.603538 0.221036 -0.634051
v -0.614531 0.185197 -0.607513
v -0.643090 0.166548 -0.538564
v -0.672432 0.123838 -0.467727
v -0.657512 0.055179 -0.503747
v -0.631766 0.007528 -0.565904
v -0.625447 -0.037217 -0.581160
v -0.615269 -0.076117 -0.605731
v -0.598866 -0.098574 -0.645330
v -0.583874 -0.116397 -0.681525
v -0.574910 -0.164584 -0.703165
v -0.559257 -0.196243 -0.740956
v -0.571722 0.340348 -0.739807
v -0.603483 0.330037 -0.692274
v -0.617007 0.262440 -0.672034
v -0.623279 0.205182 -0.662647
v -0.634930 0.169448 -0.645209
v -0.655198 0.141079 -0.614877
v -0.693014 0.109901 -0.558281
v -0.701692 0.055179 -0.545294
v -0.696730 -0.000865 -0.552719
v -0.691140 -0.057342 -0.561085
v -0.660989 -0.090201 -0.606209
v -0.633604 -0.113250 -0.647194
v -0.597621 -0.100428 -0.701047
v -0.585729 -0.143744 -0.718844
v -0.566677 -0.185724 -0.747358
v -0.580184 0.339373 -0.747009
v -0.622504 0.335933 -0.704690
v -0.642253 0.271424 -0.684940
v -0.655096 0.218014 -0.672098
v -0.658238 0.167068 -0.668956
v -0.681357 0.138045 -0.645837
v -0.715691 0.104587 -0.611503
v -0.727118 0.055179 -0.600076
v -0.718154 0.005083 -0.609039
v -0.707089 -0.042661 -0.620105
v -0.686092 -0.082838 -0.641102
v -0.653814 -0.105858 -0.673379
v -0.615494 -0.105045 -0.711699
v -0.591338 -0.120841 -0.735856
v -0.572631 -0.176946 -0.754562
v -0.587187 0.339175 -0.755605
v -0.639646 0.343545 -0.720553
v -0.662242 0.275048 -0.705455
v -0.688995 0.234335 -0.687579
v -0.688442 0.174600 -0.687948
v -0.703760 0.136845 -0.677713
v -0.729932 0.100634 -0.660226
v -0.730354 0.055179 -0.659944
v -0.700286 0.016774 -0.680034
v -0.709451 -0.029302 -0.673911
v -0.681176 -0.058444 -0.692803
v -0.657780 -0.086755 -0.708437
v -0.621914 -0.092892 -0.732401
v -0.597832 -0.113687 -0.748492
v -0.577392 -0.171398 -0.762150
v -0.592499 0.339638 -0.765343
v -0.653876 0.351711 -0.739920
v -0.687496 0.293777 -0.725994
v -0.722688 0.252742 -0.711417
v -0.732493 0.194396 -0.707356
v -0.734987 0.142655 -0.706323
v -0.786656 0.108258 -0.684921
v -0.764382 0.055179 -0.694147
v -0.757249 0.008393 -0.697101
v -0.757460 -0.042306 -0.697014
v -0.701146 -0.061530 -0.720340
v -0.665411 -0.080918 -0.735142
v -0.629034 -0.089745 -0.750210
v -0.606339 -0.119086 -0.759610
v -0.581252 -0.169943 -0.770002
v -0.595789 0.339975 -0.775953
v -0.663096 0.357082 -0.762565
v -0.710926 0.315445 -0.753051
v -0.730714 0.249492 -0.749115
v -0.762793 0.206876 -0.742734
v -0.756478 0.146638 -0.743990
v -0.784130 0.104689 -0.738490
v -0.812564 0.055179 -0.732834
v -0.798735 0.002726 -0.735585
v -0.784820 -0.048170 -0.738353
v -0.719816 -0.067452 -0.751283
v -0.668987 -0.076736 -0.761393
v -0.640641 -0.099003 -0.767032
v -0.614681 -0.129422 -0.772196
v -0.584153 -0.171786 -0.778268
v -0.596673 0.338971 -0.787015
v -0.663058 0.351269 -0.787015
v -0.712165 0.312327 -0.787015
v -0.744108 0.259071 -0.787015
v -0.765470 0.205759 -0.787015
v -0.779871 0.154520 -0.787015
v -0.799748 0.106832 -0.787015
v -0.835653 0.055179 -0.787015
v -0.828480 -0.002153 -0.787015
v -0.801212 -0.052943 -0.787015
v -0.734360 -0.074765 -0.787015
v -0.696517 -0.101528 -0.787015
v -0.662484 -0.128424 -0.787015
v -0.621258 -0.141584 -0.787015
v -0.585441 -0.173863 -0.787015
v -0.595415 0.338118 -0.798002
v -0.654730 0.336813 -0.809801
v -0.709269 0.312943 -0.820649
v -0.726628 0.245361 -0.824102
v -0.763181 0.207139 -0.831373
v -0.766193 0.150714 -0.831972
v -0.814884 0.110888 -0.841657
v -0.845321 0.055179 -0.847712
v -0.837213 -0.005030 -0.846099
v -0.791360 -0.050914 -0.836978
v -0.740668 -0.081554 -0.826895
v -0.721284 -0.129601 -0.823039
v -0.672207 -0.146646 -0.813277
v -0.626122 -0.157142 -0.804110
v -0.585087 -0.176425 -0.795948
v -0.592244 0.338292 -0.808581
v -0.643349 0.324635 -0.829750
v -0.705322 0.322339 -0.855420
v -0.726480 0.256812 -0.864184
v -0.761734 0.215390 -0.878787
v -0.795479 0.169599 -0.892764
v -0.802008 0.111543 -0.895469
v -0.834998 0.055179 -0.909133
v -0.829953 -0.007164 -0.907044
v -0.801316 -0.061839 -0.895182
v -0.760122 -0.103874 -0.878119
v -0.709751 -0.128501 -0.857254
v -0.656554 -0.133839 -0.835219
v -0.624258 -0.165174 -0.821842
v -0.583298 -0.180736 -0.804876
v -0.586955 0.337815 -0.818270
v -0.629000 0.313119 -0.846363
v -0.682163 0.310517 -0.881886
v -0.717527 0.268356 -0.905515
v -0.747099 0.221393 -0.925275
v -0.796832 0.182906 -0.958506
v -0.799586 0.117194 -0.960346
v -0.798679 0.055179 -0.959739
v -0.799989 -0.006931 -0.960615
v -0.791229 -0.069774 -0.954762
v -0.745963 -0.110128 -0.924516
v -0.684796 -0.118969 -0.883645
v -0.634337 -0.115009 -0.849930
v -0.613019 -0.157087 -0.835685
v -0.579700 -0.184925 -0.813422
v -0.579794 0.336684 -0.826631
v -0.610794 0.296584 -0.857631
v -0.652846 0.293600 -0.899683
v -0.692566 0.270551 -0.939403
v -0.717520 0.222679 -0.964357
v -0.754703 0.180729 -1.001539
v -0.769989 0.119767 -1.016826
v -0.784802 0.055179 -1.031639
v -0.762585 -0.007338 -1.009422
v -0.739967 -0.061794 -0.986803
v -0.717256 -0.112072 -0.964092
v -0.657707 -0.111315 -0.904543
v -0.620558 -0.115646 -0.867394
v -0.597060 -0.140069 -0.843896
v -0.574333 -0.188681 -0.821170
v -0.571249 0.336198 -0.833515
v -0.592158 0.281603 -0.864808
v -0.622317 0.276589 -0.909943
v -0.656591 0.264631 -0.961239
v -0.680143 0.223429 -0.996487
v -0.690990 0.167590 -1.012721
v -0.715810 0.118013 -1.049866
v -0.743877 0.055179 -1.091871
v -0.736596 -0.015050 -1.080975
v -0.696417 -0.061250 -1.020842
v -0.681229 -0.114367 -0.998113
v -0.634286 -0.114466 -0.927856
v -0.602617 -0.113740 -0.880461
v -0.581612 -0.126133 -0.849024
v -0.567543 -0.193321 -0.827968
v -0.561667 0.337298 -0.838892
v -0.575260 0.277113 -0.871709
v -0.596707 0.276397 -0.923486
v -0.624099 0.274305 -0.989618
v -0.640203 0.229694 -1.028494
v -0.657321 0.181850 -1.069822
v -0.661027 0.117947 -1.078770
v -0.672210 0.055179 -1.105768
v -0.685477 -0.020218 -1.137797
v -0.663026 -0.077625 -1.083595
v -0.633808 -0.108252 -1.013057
v -0.602282 -0.107423 -0.936946
v -0.581133 -0.105794 -0.885887
v -0.569198 -0.129113 -0.857074
v -0.559593 -0.200530 -0.833886
v -0.551214 0.339308 -0.842492
v -0.558742 0.285385 -0.880340
v -0.568888 0.275572 -0.931345
v -0.581769 0.268248 -0.996105
v -0.592423 0.233953 -1.049665
v -0.604317 0.191171 -1.109458
v -0.605662 0.121873 -1.116222
v -0.603559 0.055179 -1.105648
v -0.604350 -0.010185 -1.109626
v -0.601856 -0.075622 -1.097088
v -0.586400 -0.103115 -1.019384
v -0.566527 -0.080428 -0.919476
v -0.559735 -0.095762 -0.885331
v -0.556606 -0.149004 -0.869599
v -0.550465 -0.210245 -0.838728
v -0.540179 0.297639 -0.887325
v -0.540179 0.246011 -1.072989
v -0.540179 0.117559 -1.100847
v -0.540178 -0.081756 -0.923411
v -0.540178 -0.107112 -0.894924
v -0.540179 -0.168163 -0.879280
v -0.540179 -0.219587 -0.841658
vn -0.2446 0.8717 -0.4245
vn -0.2276 0.9505 -0.2114
vn -0.1760 0.9534 -0.2450
vn -0.0016 0.2366 -0.9716
vn 0.5500 -0.4211 -0.7212
vn 0.7147 -0.1250 -0.6882
vn 0.7362 -0.2534 -0.6276
vn 0.5235 -0.8025 -0.2862
vn -0.2506 0.8758 -0.4125
vn -0.3384 0.7856 -0.5180
vn -0.2633 0.9113 -0.3167
vn 0.0637 0.9594 -0.2748
vn 0.1870 0.7485 -0.6362
vn 0.2378 0.1466 -0.9602
vn 0.2509 -0.4813 -0.8398
vn 0.1921 -0.5506 -0.8123
vn 0.2056 -0.2341 -0.9502
vn 0.3818 -0.3528 -0.8542
vn 0.3474 -0.8204 -0.4541
vn 0.2015 -0.8661 -0.4575
vn 0.1415 -0.5585 -0.8173
vn 0.1936 -0.4523 -0.8706
vn -0.0052 -0.8540 -0.5203
vn -0.3099 0.8603 -0.4046
vn -0.2551 0.8393 -0.4801
vn -0.0053 0.8843 -0.4669
vn 0.2578 0.8787 -0.4018
vn 0.4432 0.7498 -0.4913
vn 0.4787 0.1686 -0.8616
vn 0.2188 -0.4261 -0.8778
vn 0.0343 -0.4943 -0.8686
vn 0.0442 -0.3874 -0.9209
vn 0.1324 -0.5704 -0.8107
vn 0.1237 -0.8177 -0.5622
vn 0.1404 -0.7902 -0.5965
vn 0.2447 -0.5586 -0.7925
vn 0.3984 -0.4580 -0.7947
vn 0.3207 -0.8367 -0.4440
vn -0.2495 0.8886 -0.3850
vn 0.0952 0.8953 -0.4352
vn 0.3718 0.8468 -0.3804
vn 0.3309 0.8642 -0.3791
vn 0.3484 0.7715 -0.5323
vn 0.4576 0.3287 -0.8262
vn 0.4019 -0.2428 -0.8829
vn 0.3396 -0.5342 -0.7741
vn 0.4260 -0.4780 -0.7682
vn 0.3782 -0.6262 -0.6818
vn 0.2115 -0.7840 -0.5836
vn 0.0136 -0.7046 -0.7094
vn -0.0040 -0.5550 -0.8319
vn 0.2067 -0.5319 -0.8212
vn 0.3645 -0.8240 -0.4337
vn -0.1208 0.9332 -0.3386
vn 0.4489 0.8086 -0.3802
vn 0.6569 0.7398 -0.1455
vn 0.4007 0.9103 -0.1033
vn 0.4708 0.7681 -0.4339
vn 0.7210 0.3235 -0.6127
vn 0.7949 -0.2069 -0.5704
vn 0.6946 -0.5324 -0.4838
vn 0.6778 -0.4733 -0.5627
vn 0.5967 -0.6660 -0.4477
vn 0.5843 -0.7020 -0.4072
vn 0.3916 -0.5216 -0.7580
vn 0.0182 -0.5220 -0.8527
vn 0.0264 -0.5447 -0.8382
vn 0.2172 -0.8567 -0.4679
vn -0.0153 0.9626 -0.2705
vn 0.6293 0.6855 -0.3661
vn 0.6987 0.7064 -0.1133
vn 0.3777 0.9244 0.0533
vn 0.6362 0.7526 -0.1697
vn 0.9351 0.1856 -0.3018
vn 0.9160 -0.3274 -0.2317
vn 0.8783 -0.4177 -0.2326
vn 0.8657 -0.4537 -0.2116
vn 0.7247 -0.6888 -0.0180
vn 0.8665 -0.4797 -0.1379
vn 0.7587 -0.1918 -0.6226
vn 0.2376 -0.3649 -0.9002
vn -0.1193 -0.5781 -0.8072
vn 0.0479 -0.8967 -0.4399
vn -0.1767 0.9841 0.0195
vn 0.0734 0.9910 -0.1119
vn 0.7071 0.6360 -0.3090
vn 0.6332 0.7520 -0.1829
vn 0.3628 0.9312 0.0364
vn 0.7093 0.6960 0.1121
vn 0.9893 0.1455 0.0114
vn 0.9429 -0.2979 -0.1490
vn 0.8904 -0.3738 -0.2598
vn 0.8088 -0.5615 -0.1748
vn 0.6904 -0.7145 -0.1128
vn 0.8744 -0.3754 -0.3075
vn 0.8460 0.0343 -0.5321
vn 0.4474 -0.3426 -0.8261
vn -0.1375 -0.7425 -0.6555
vn -0.0573 -0.9554 -0.2897
vn 0.1232 0.9846 0.1241
vn 0.7565 0.6401 -0.1339
vn 0.6680 0.7383 -0.0937
vn 0.4925 0.8627 0.1147
vn 0.7804 0.6057 0.1552
vn 0.9716 0.2240 0.0767
vn 0.9820 -0.0442 -0.1838
vn 0.8561 -0.2933 -0.4255
vn 0.6734 -0.6291 -0.3884
vn 0.6573 -0.6051 -0.4492
vn 0.7615 -0.2061 -0.6145
vn 0.7706 0.0620 -0.6343
vn 0.6474 -0.5253 -0.5522
vn -0.0113 -0.9618 -0.2735
vn -0.0820 -0.9965 -0.0185
vn -0.3890 -0.9212 0.0099
vn 0.0806 0.9832 0.1638
vn 0.7305 0.6609 -0.1716
vn 0.7487 0.6437 -0.1585
vn 0.6341 0.7664 0.1028
vn 0.7401 0.6530 0.1607
vn 0.9173 0.3954 -0.0464
vn 0.9553 0.1991 -0.2185
vn 0.9237 -0.0516 -0.3795
vn 0.6700 -0.5360 -0.5136
vn 0.6603 -0.3847 -0.6449
vn 0.6843 -0.0315 -0.7285
vn 0.7849 -0.1259 -0.6066
vn 0.6784 -0.6418 -0.3577
vn -0.0186 -0.9947 -0.1008
vn -0.0797 -0.9967 -0.0127
vn -0.0016 0.9963 -0.0860
vn 0.6039 0.6935 -0.3929
vn 0.8050 0.4879 -0.3374
vn 0.8408 0.5370 -0.0678
vn 0.7287 0.6663 0.1586
vn 0.7855 0.6186 -0.0177
vn 0.9474 0.2822 -0.1512
vn 0.9844 0.0358 -0.1721
vn 0.9117 -0.2700 -0.3098
vn 0.7968 -0.1850 -0.5752
vn 0.8177 -0.1848 -0.5451
vn 0.7793 -0.4560 -0.4299
vn 0.6186 -0.7313 -0.2872
vn 0.0276 -0.9320 -0.3615
vn -0.0493 -0.9531 -0.2986
vn -0.0534 0.9599 -0.2752
vn 0.5081 0.7529 -0.4183
vn 0.8623 0.4272 -0.2718
vn 0.9260 0.3522 -0.1357
vn 0.8130 0.5820 0.0189
vn 0.6707 0.7384 0.0703
vn 0.9174 0.3948 0.0508
vn 0.9997 0.0212 0.0126
vn 0.9950 -0.0988 -0.0148
vn 0.9940 -0.0806 -0.0742
vn 0.9065 -0.4144 -0.0807
vn 0.6968 -0.7095 -0.1054
vn 0.6070 -0.7851 -0.1236
vn 0.1695 -0.9003 -0.4009
vn -0.0168 -0.8792 -0.4761
vn -0.1721 0.9661 -0.1924
vn 0.3354 0.9410 -0.0444
vn 0.8084 0.5502 0.2091
vn 0.8837 0.4154 0.2155
vn 0.8501 0.4904 0.1920
vn 0.6619 0.6538 0.3667
vn 0.6588 0.4698 0.5876
vn 0.8009 0.0874 0.5924
vn 0.8624 -0.0166 0.5060
vn 0.8415 -0.1319 0.5239
vn 0.6853 -0.5253 0.5044
vn 0.5413 -0.7679 0.3426
vn 0.5845 -0.8014 0.1270
vn 0.2067 -0.9469 -0.2463
vn -0.0694 -0.8973 -0.4359
vn -0.3463 0.9380 0.0168
vn 0.0171 0.9567 0.2905
vn 0.5278 0.5851 0.6157
vn 0.6653 0.5222 0.5336
vn 0.6995 0.4269 0.5731
vn 0.4798 0.2925 0.8272
vn 0.1959 0.3469 0.9172
vn 0.2178 0.2053 0.9542
vn 0.3260 0.0482 0.9441
vn 0.3200 -0.1708 0.9319
vn 0.2333 -0.4380 0.8682
vn 0.3321 -0.5778 0.7456
vn 0.4107 -0.7754 0.4798
vn 0.0039 -0.9998 -0.0196
vn -0.2058 -0.9355 -0.2873
vn -0.4857 0.8601 0.1560
vn -0.2192 0.9175 0.3317
vn 0.3417 0.6667 0.6624
vn 0.5355 0.6005 0.5938
vn 0.5843 0.3545 0.7300
vn 0.5602 0.0855 0.8239
vn 0.5165 0.2694 0.8128
vn 0.3570 0.1392 0.9237
vn 0.2029 0.0344 0.9786
vn 0.0930 -0.1699 0.9811
vn 0.1465 -0.3039 0.9414
vn 0.3079 -0.3762 0.8739
vn 0.2108 -0.7348 0.6447
vn -0.2191 -0.9687 0.1165
vn -0.3444 -0.9265 -0.1517
vn -0.4680 0.8681 0.1653
vn -0.4105 0.8619 0.2977
vn -0.0550 0.7322 0.6789
vn 0.1746 0.6478 0.7415
vn 0.4203 0.3965 0.8162
vn 0.6868 0.2091 0.6961
vn 0.7280 0.1130 0.6762
vn 0.5290 -0.1600 0.8334
vn 0.3042 -0.1065 0.9466
vn 0.0958 -0.2685 0.9585
vn 0.0570 -0.2286 0.9718
vn 0.1916 -0.3037 0.9333
vn -0.0033 -0.7674 0.6412
vn -0.3661 -0.9227 0.1205
vn -0.4770 -0.8772 -0.0543
vn -0.1209 0.9887 0.0886
vn -0.2821 0.9091 0.3065
vn -0.3763 0.6490 0.6612
vn -0.3312 0.6192 0.7120
vn 0.0325 0.6502 0.7590
vn 0.4272 0.5040 0.7506
vn 0.5019 -0.0286 0.8644
vn 0.3853 -0.3172 0.8666
vn 0.2857 -0.2874 0.9142
vn 0.0184 -0.4827 0.8756
vn -0.1339 -0.2584 0.9567
vn -0.2482 -0.2507 0.9357
vn -0.4578 -0.6860 0.5656
vn -0.6463 -0.7584 0.0846
vn -0.5967 -0.8016 0.0369
vn 0.1868 0.9812 0.0486
vn -0.1134 0.9064 0.4070
vn -0.3849 0.5706 0.7254
vn -0.4006 0.6655 0.6298
vn -0.1948 0.8441 0.4996
vn 0.0774 0.6674 0.7407
vn 0.1779 -0.0412 0.9832
vn 0.1590 -0.3729 0.9142
vn 0.0337 -0.4695 0.8823
vn -0.1871 -0.6562 0.7310
vn -0.4039 -0.3257 0.8549
vn -0.6275 -0.2266 0.7449
vn -0.8037 -0.4862 0.3431
vn -0.8131 -0.5750 0.0910
vn -0.6825 -0.7232 0.1056
vn 0.0552 0.9967 0.0589
vn -0.3000 0.8392 0.4536
vn -0.5231 0.4735 0.7086
vn -0.5624 0.6503 0.5108
vn -0.4229 0.8584 0.2903
vn -0.3409 0.7758 0.5309
vn -0.2492 0.0776 0.9653
vn -0.1830 -0.5145 0.8377
vn -0.3723 -0.6270 0.6843
vn -0.4150 -0.6146 0.6709
vn -0.5013 -0.5099 0.6990
vn -0.7864 -0.4190 0.4539
vn -0.8816 -0.4285 0.1979
vn -0.8508 -0.5057 0.1431
vn -0.7573 -0.6409 0.1256
vn -0.1313 0.9899 0.0542
vn -0.4555 0.7550 0.4717
vn -0.6559 0.3748 0.6552
vn -0.7797 0.4632 0.4212
vn -0.7602 0.6352 0.1360
vn -0.6542 0.7424 0.1442
vn -0.7025 0.2379 0.6708
vn -0.5185 -0.4903 0.7006
vn -0.2215 -0.5409 0.8114
vn -0.0315 -0.5246 0.8508
vn -0.0280 -0.6964 0.7171
vn -0.3660 -0.8617 0.3515
vn -0.7434 -0.6448 0.1777
vn -0.8841 -0.4364 0.1671
vn -0.8218 -0.5626 0.0899
vn -0.1021 0.9913 0.0834
vn -0.3204 0.7457 0.5842
vn -0.4881 0.3119 0.8152
vn -0.6276 0.3483 0.6963
vn -0.6882 0.5945 0.4158
vn -0.6336 0.7612 0.1387
vn -0.8561 0.4464 0.2605
vn -0.7972 -0.1903 0.5729
vn -0.5483 -0.3624 0.7537
vn -0.4042 -0.5242 0.7496
vn -0.2035 -0.8373 0.5074
vn -0.0692 -0.9709 0.2294
vn -0.4752 -0.8719 0.1183
vn -0.8983 -0.4152 0.1436
vn -0.8712 -0.4900 0.0312
vn -0.0079 0.9936 0.1127
vn -0.2520 0.7771 0.5768
vn -0.4094 0.3568 0.8397
vn -0.3988 0.2239 0.8893
vn -0.5220 0.4613 0.7175
vn -0.5543 0.7490 0.3630
vn -0.8065 0.5305 0.2611
vn -0.9747 -0.0300 0.2214
vn -0.9744 -0.2002 0.1018
vn -0.9310 -0.3625 0.0431
vn -0.7335 -0.6793 -0.0243
vn -0.4486 -0.8793 -0.1598
vn -0.4500 -0.8812 -0.1452
vn -0.8291 -0.5500 0.1000
vn -0.8838 -0.4623 0.0726
vn 0.0509 0.9919 0.1168
vn -0.2327 0.8010 0.5516
vn -0.4332 0.4423 0.7853
vn -0.4095 0.2678 0.8721
vn -0.4965 0.2357 0.8354
vn -0.5123 0.5907 0.6234
vn -0.7160 0.4167 0.5601
vn -0.8506 -0.2554 0.4597
vn -0.8510 -0.2100 0.4814
vn -0.8278 -0.4022 0.3911
vn -0.6528 -0.7533 0.0797
vn -0.5269 -0.8343 -0.1622
vn -0.4960 -0.8654 -0.0720
vn -0.7403 -0.6261 0.2449
vn -0.8154 -0.4945 0.3009
vn 0.0810 0.9922 0.0948
vn -0.1842 0.8508 0.4922
vn -0.5290 0.4938 0.6902
vn -0.6056 0.3947 0.6910
vn -0.6712 0.1391 0.7281
vn -0.6124 0.4625 0.6412
vn -0.7267 0.3549 0.5881
vn -0.6394 -0.1967 0.7433
vn -0.5550 -0.1503 0.8182
vn -0.4842 -0.5211 0.7028
vn -0.3051 -0.8998 0.3117
vn -0.3603 -0.9252 0.1194
vn -0.4398 -0.8468 0.2992
vn -0.6040 -0.5530 0.5739
vn -0.7035 -0.5290 0.4747
vn 0.0672 0.9971 -0.0363
vn -0.2523 0.9569 0.1441
vn -0.7389 0.5889 0.3275
vn -0.8275 0.4369 0.3527
vn -0.8874 0.2439 0.3913
vn -0.8627 0.3359 0.3780
vn -0.8211 0.4642 0.3322
vn -0.8560 0.0689 0.5124
vn -0.7867 -0.2108 0.5803
vn -0.6053 -0.6501 0.4594
vn -0.2522 -0.9100 0.3292
vn -0.3147 -0.8203 0.4776
vn -0.3673 -0.6394 0.6754
vn -0.4861 -0.5314 0.6938
vn -0.6697 -0.5801 0.4637
vn 0.0245 0.9802 -0.1963
vn -0.2451 0.9369 -0.2491
vn -0.7773 0.6158 -0.1285
vn -0.8884 0.4571 -0.0419
vn -0.9467 0.3216 0.0152
vn -0.9293 0.3425 0.1382
vn -0.8150 0.5319 0.2300
vn -0.9376 0.1880 0.2926
vn -0.9093 -0.3270 0.2575
vn -0.6525 -0.7344 0.1868
vn -0.4288 -0.8320 0.3519
vn -0.4146 -0.6155 0.6703
vn -0.3094 -0.5857 0.7491
vn -0.4146 -0.6246 0.6618
vn -0.6569 -0.6407 0.3975
vn -0.0347 0.9723 -0.2312
vn -0.1498 0.9438 -0.2946
vn -0.7200 0.6686 -0.1858
vn -0.8691 0.4827 -0.1085
vn -0.9070 0.4210 0.0080
vn -0.9151 0.3958 0.0770
vn -0.8481 0.5257 0.0666
vn -0.9792 0.2029 0.0047
vn -0.9322 -0.3611 0.0247
vn -0.6850 -0.7159 0.1350
vn -0.6348 -0.7166 0.2889
vn -0.5611 -0.7762 0.2874
vn -0.3355 -0.9161 0.2196
vn -0.4292 -0.8348 0.3448
vn -0.6239 -0.7173 0.3102
vn -0.0898 0.9612 -0.2608
vn -0.0271 0.9415 -0.3360
vn -0.5541 0.7972 -0.2397
vn -0.8486 0.5250 -0.0651
vn -0.8162 0.5689 0.1007
vn -0.9104 0.3934 0.1281
vn -0.9355 0.3476 -0.0638
vn -0.9403 0.1614 -0.2996
vn -0.9323 -0.2711 -0.2396
vn -0.7959 -0.6054 0.0126
vn -0.5858 -0.8040 0.1022
vn -0.2707 -0.9512 -0.1483
vn -0.1305 -0.8662 -0.4823
vn -0.4006 -0.8598 -0.3167
vn -0.5929 -0.8047 0.0315
vn -0.0824 0.9159 -0.3930
vn 0.0935 0.8546 -0.5109
vn -0.2014 0.8586 -0.4714
vn -0.6515 0.6603 -0.3735
vn -0.6708 0.7055 -0.2287
vn -0.8291 0.4827 -0.2821
vn -0.9386 0.1728 -0.2985
vn -0.9196 0.0443 -0.3904
vn -0.8374 -0.2342 -0.4938
vn -0.7138 -0.5430 -0.4422
vn -0.3764 -0.8959 -0.2360
vn 0.0259 -0.9807 -0.1938
vn -0.0832 -0.8387 -0.5382
vn -0.2783 -0.6562 -0.7014
vn -0.5212 -0.7750 -0.3575
vn -0.0712 0.8567 -0.5108
vn 0.1597 0.7722 -0.6150
vn 0.1306 0.8751 -0.4660
vn -0.3426 0.7703 -0.5379
vn -0.4527 0.6751 -0.5825
vn -0.4826 0.5439 -0.6865
vn -0.6986 0.3479 -0.6253
vn -0.8785 0.0376 -0.4762
vn -0.7766 -0.4060 -0.4817
vn -0.5815 -0.5650 -0.5853
vn -0.3135 -0.8751 -0.3687
vn 0.0001 -0.9993 -0.0386
vn -0.0483 -0.9298 -0.3648
vn -0.1990 -0.6118 -0.7656
vn -0.5012 -0.6639 -0.5550
vn -0.1746 0.8287 -0.5318
vn 0.0161 0.8311 -0.5558
vn 0.1053 0.9632 -0.2473
vn -0.2839 0.8619 -0.4202
vn -0.5087 0.6032 -0.6143
vn -0.4967 0.5030 -0.7073
vn -0.4560 0.4924 -0.7414
vn -0.6255 0.2192 -0.7488
vn -0.7235 -0.4169 -0.5502
vn -0.5885 -0.6720 -0.4496
vn -0.3072 -0.8901 -0.3367
vn 0.0694 -0.9971 -0.0327
vn 0.0650 -0.9551 -0.2889
vn -0.2281 -0.6922 -0.6847
vn -0.6438 -0.5719 -0.5084
vn -0.3376 0.8144 -0.4720
vn -0.2411 0.8716 -0.4268
vn -0.0536 0.9965 -0.0648
vn -0.2386 0.9034 -0.3564
vn -0.4883 0.6797 -0.5473
vn -0.6172 0.4496 -0.6456
vn -0.4701 0.3157 -0.8242
vn -0.2166 0.2806 -0.9351
vn -0.2788 -0.2516 -0.9268
vn -0.2756 -0.7806 -0.5610
vn -0.0144 -0.9708 -0.2393
vn 0.3139 -0.9458 -0.0833
vn 0.1352 -0.8745 -0.4657
vn -0.4778 -0.5657 -0.6720
vn -0.7809 -0.5117 -0.3581
vn -0.3488 0.8331 -0.4293
vn -0.3697 0.8199 -0.4373
vn -0.1017 0.9881 -0.1158
vn -0.1260 0.9441 -0.3045
vn -0.2586 0.7598 -0.5965
vn -0.2322 0.4167 -0.8789
vn -0.0576 -0.0077 -0.9983
vn 0.3179 -0.0401 -0.9473
vn 0.4851 -0.0944 -0.8694
vn 0.3975 -0.5855 -0.7065
vn 0.3530 -0.9023 -0.2475
vn 0.1997 -0.9602 -0.1955
vn -0.1893 -0.7218 -0.6657
vn -0.6750 -0.3288 -0.6605
vn -0.7610 -0.5475 -0.3480
vn -0.3439 0.7829 -0.5184
vn -0.1732 0.7270 -0.6644
vn 0.2683 -0.3024 -0.9147
vn -0.0571 -0.9553 -0.2900
vn -0.3961 -0.5367 -0.7450
vn -0.3855 -0.4105 -0.8264
vn -0.4779 -0.7306 -0.4877
vt 0.750000 0.125000
vt 0.750000 0.187500
vt 0.718750 0.187500
vt 0.718750 0.125000
vt 0.750000 0.562500
vt 0.750000 0.625000
vt 0.718750 0.625000
vt 0.718750 0.562500
vt 0.750000 0.062500
vt 0.718750 0.062500
vt 0.750000 0.500000
vt 0.718750 0.500000
vt 0.750000 0.937500
vt 0.734375 1.000000
vt 0.718750 0.937500
vt 0.734375 0.000000
vt 0.750000 0.437500
vt 0.718750 0.437500
vt 0.750000 0.875000
vt 0.718750 0.875000
vt 0.750000 0.375000
vt 0.718750 0.375000
vt 0.750000 0.812500
vt 0.718750 0.812500
vt 0.750000 0.312500
vt 0.718750 0.312500
vt 0.750000 0.750000
vt 0.718750 0.750000
vt 0.750000 0.250000
vt 0.718750 0.250000
vt 0.750000 0.687500
vt 0.718750 0.687500
vt 0.687500 0.250000
vt 0.687500 0.187500
vt 0.687500 0.687500
vt 0.687500 0.625000
vt 0.687500 0.125000
vt 0.687500 0.562500
vt 0.687500 0.062500
vt 0.687500 0.500000
vt 0.703125 1.000000
vt 0.687500 0.937500
vt 0.703125 0.000000
vt 0.687500 0.437500
vt 0.687500 0.875000
vt 0.687500 0.375000
vt 0.687500 0.812500
vt 0.687500 0.312500
vt 0.687500 0.750000
vt 0.656250 0.937500
vt 0.656250 0.875000
vt 0.656250 0.437500
vt 0.656250 0.375000
vt 0.656250 0.812500
vt 0.656250 0.312500
vt 0.656250 0.750000
vt 0.656250 0.250000
vt 0.656250 0.687500
vt 0.656250 0.187500
vt 0.656250 0.625000
vt 0.656250 0.125000
vt 0.656250 0.562500
vt 0.656250 0.062500
vt 0.656250 0.500000
vt 0.671875 1.000000
vt 0.671875 0.000000
vt 0.625000 0.687500
vt 0.625000 0.625000
vt 0.625000 0.187500
vt 0.625000 0.125000
vt 0.625000 0.562500
vt 0.625000 0.062500
vt 0.625000 0.500000
vt 0.640625 1.000000
vt 0.625000 0.937500
vt 0.640625 0.000000
vt 0.625000 0.437500
vt 0.625000 0.875000
vt 0.625000 0.375000
vt 0.625000 0.812500
vt 0.625000 0.312500
vt 0.625000 0.750000
vt 0.625000 0.250000
vt 0.593750 0.437500
vt 0.593750 0.375000
vt 0.593750 0.875000
vt 0.593750 0.812500
vt 0.593750 0.312500
vt 0.593750 0.750000
vt 0.593750 0.250000
vt 0.593750 0.687500
vt 0.593750 0.187500
vt 0.593750 0.625000
vt 0.593750 0.125000
vt 0.593750 0.562500
vt 0.593750 0.062500
vt 0.593750 0.500000
vt 0.609375 1.000000
vt 0.593750 0.937500
vt 0.609375 0.000000
vt 0.562500 0.187500
vt 0.562500 0.125000
vt 0.562500 0.625000
vt 0.562500 0.562500
vt 0.562500 0.062500
vt 0.562500 0.500000
vt 0.578125 1.000000
vt 0.562500 0.937500
vt 0.578125 0.000000
vt 0.562500 0.437500
vt 0.562500 0.875000
vt 0.562500 0.375000
vt 0.562500 0.812500
vt 0.562500 0.312500
vt 0.562500 0.750000
vt 0.562500 0.250000
vt 0.562500 0.687500
vt 0.531250 0.875000
vt 0.531250 0.812500
vt 0.531250 0.375000
vt 0.531250 0.312500
vt 0.531250 0.750000
vt 0.531250 0.250000
vt 0.531250 0.687500
vt 0.531250 0.187500
vt 0.531250 0.625000
vt 0.531250 0.125000
vt 0.531250 0.562500
vt 0.531250 0.062500
vt 0.531250 0.500000
vt 0.546875 1.000000
vt 0.531250 0.937500
vt 0.546875 0.000000
vt 0.531250 0.437500
vt 0.500000 0.625000
vt 0.500000 0.562500
vt 0.500000 0.125000
vt 0.500000 0.062500
vt 0.500000 0.500000
vt 0.515625 1.000000
vt 0.500000 0.937500
vt 0.515625 0.000000
vt 0.500000 0.437500
vt 0.500000 0.875000
vt 0.500000 0.375000
vt 0.500000 0.812500
vt 0.500000 0.312500
vt 0.500000 0.750000
vt 0.500000 0.250000
vt 0.500000 0.687500
vt 0.500000 0.187500
vt 0.468750 0.375000
vt 0.468750 0.312500
vt 0.468750 0.812500
vt 0.468750 0.750000
vt 0.468750 0.250000
vt 0.468750 0.687500
vt 0.468750 0.187500
vt 0.468750 0.625000
vt 0.468750 0.125000
vt 0.468750 0.562500
vt 0.468750 0.062500
vt 0.468750 0.500000
vt 0.484375 1.000000
vt 0.468750 0.937500
vt 0.484375 0.000000
vt 0.468750 0.437500
vt 0.468750 0.875000
vt 0.437500 0.125000
vt 0.437500 0.062500
vt 0.437500 0.562500
vt 0.437500 0.500000
vt 0.453125 1.000000
vt 0.437500 0.937500
vt 0.453125 0.000000
vt 0.437500 0.437500
vt 0.437500 0.875000
vt 0.437500 0.375000
vt 0.437500 0.812500
vt 0.437500 0.312500
vt 0.437500 0.750000
vt 0.437500 0.250000
vt 0.437500 0.687500
vt 0.437500 0.187500
vt 0.437500 0.625000
vt 0.406250 0.312500
vt 0.406250 0.250000
vt 0.406250 0.750000
vt 0.406250 0.687500
vt 0.406250 0.187500
vt 0.406250 0.625000
vt 0.406250 0.125000
vt 0.406250 0.562500
vt 0.406250 0.062500
vt 0.406250 0.500000
vt 0.421875 1.000000
vt 0.406250 0.937500
vt 0.421875 0.000000
vt 0.406250 0.437500
vt 0.406250 0.875000
vt 0.406250 0.375000
vt 0.406250 0.812500
vt 0.390625 1.000000
vt 0.375000 0.937500
vt 0.390625 0.000000
vt 0.375000 0.062500
vt 0.375000 0.500000
vt 0.375000 0.437500
vt 0.375000 0.875000
vt 0.375000 0.375000
vt 0.375000 0.812500
vt 0.375000 0.312500
vt 0.375000 0.750000
vt 0.375000 0.250000
vt 0.375000 0.687500
vt 0.375000 0.187500
vt 0.375000 0.625000
vt 0.375000 0.125000
vt 0.375000 0.562500
vt 0.343750 0.750000
vt 0.343750 0.687500
vt 0.343750 0.250000
vt 0.343750 0.187500
vt 0.343750 0.625000
vt 0.343750 0.125000
vt 0.343750 0.562500
vt 0.343750 0.062500
vt 0.343750 0.500000
vt 0.359375 1.000000
vt 0.343750 0.937500
vt 0.359375 0.000000
vt 0.343750 0.437500
vt 0.343750 0.875000
vt 0.343750 0.375000
vt 0.343750 0.812500
vt 0.343750 0.312500
vt 0.312500 0.500000
vt 0.312500 0.437500
vt 0.312500 0.937500
vt 0.312500 0.875000
vt 0.312500 0.375000
vt 0.312500 0.812500
vt 0.312500 0.312500
vt 0.312500 0.750000
vt 0.312500 0.250000
vt 0.312500 0.687500
vt 0.312500 0.187500
vt 0.312500 0.625000
vt 0.312500 0.125000
vt 0.312500 0.562500
vt 0.312500 0.062500
vt 0.328125 1.000000
vt 0.328125 0.000000
vt 0.281250 0.250000
vt 0.281250 0.187500
vt 0.281250 0.687500
vt 0.281250 0.625000
vt 0.281250 0.125000
vt 0.281250 0.562500
vt 0.281250 0.062500
vt 0.281250 0.500000
vt 0.296875 1.000000
vt 0.281250 0.937500
vt 0.296875 0.000000
vt 0.281250 0.437500
vt 0.281250 0.875000
vt 0.281250 0.375000
vt 0.281250 0.812500
vt 0.281250 0.312500
vt 0.281250 0.750000
vt 0.250000 0.937500
vt 0.250000 0.875000
vt 0.250000 0.437500
vt 0.250000 0.375000
vt 0.250000 0.812500
vt 0.250000 0.312500
vt 0.250000 0.750000
vt 0.250000 0.250000
vt 0.250000 0.687500
vt 0.250000 0.187500
vt 0.250000 0.625000
vt 0.250000 0.125000
vt 0.250000 0.562500
vt 0.250000 0.062500
vt 0.250000 0.500000
vt 0.265625 1.000000
vt 0.265625 0.000000
vt 0.218750 0.687500
vt 0.218750 0.625000
vt 0.218750 0.187500
vt 0.218750 0.125000
vt 0.218750 0.562500
vt 0.218750 0.062500
vt 0.218750 0.500000
vt 0.234375 1.000000
vt 0.218750 0.937500
vt 0.234375 0.000000
vt 0.218750 0.437500
vt 0.218750 0.875000
vt 0.218750 0.375000
vt 0.218750 0.812500
vt 0.218750 0.312500
vt 0.218750 0.750000
vt 0.218750 0.250000
vt 0.187500 0.437500
vt 0.187500 0.375000
vt 0.187500 0.875000
vt 0.187500 0.812500
vt 0.187500 0.312500
vt 0.187500 0.750000
vt 0.187500 0.250000
vt 0.187500 0.687500
vt 0.187500 0.187500
vt 0.187500 0.625000
vt 0.187500 0.125000
vt 0.187500 0.562500
vt 0.187500 0.062500
vt 0.187500 0.500000
vt 0.203125 1.000000
vt 0.187500 0.937500
vt 0.203125 0.000000
vt 0.156250 0.187500
vt 0.156250 0.125000
vt 0.156250 0.625000
vt 0.156250 0.562500
vt 0.156250 0.062500
vt 0.156250 0.500000
vt 0.171875 1.000000
vt 0.156250 0.937500
vt 0.171875 0.000000
vt 0.156250 0.437500
vt 0.156250 0.875000
vt 0.156250 0.375000
vt 0.156250 0.812500
vt 0.156250 0.312500
vt 0.156250 0.750000
vt 0.156250 0.250000
vt 0.156250 0.687500
vt 0.125000 0.375000
vt 0.125000 0.312500
vt 0.125000 0.812500
vt 0.125000 0.750000
vt 0.125000 0.250000
vt 0.125000 0.687500
vt 0.125000 0.187500
vt 0.125000 0.625000
vt 0.125000 0.125000
vt 0.125000 0.562500
vt 0.125000 0.062500
vt 0.125000 0.500000
vt 0.140625 1.000000
vt 0.125000 0.937500
vt 0.140625 0.000000
vt 0.125000 0.437500
vt 0.125000 0.875000
vt 0.093750 0.125000
vt 0.093750 0.062500
vt 0.093750 0.562500
vt 0.093750 0.500000
vt 0.109375 1.000000
vt 0.093750 0.937500
vt 0.109375 0.000000
vt 0.093750 0.437500
vt 0.093750 0.875000
vt 0.093750 0.375000
vt 0.093750 0.812500
vt 0.093750 0.312500
vt 0.093750 0.750000
vt 0.093750 0.250000
vt 0.093750 0.687500
vt 0.093750 0.187500
vt 0.093750 0.625000
vt 0.062500 0.812500
vt 0.062500 0.750000
vt 0.062500 0.312500
vt 0.062500 0.250000
vt 0.062500 0.687500
vt 0.062500 0.187500
vt 0.062500 0.625000
vt 0.062500 0.125000
vt 0.062500 0.562500
vt 0.062500 0.062500
vt 0.062500 0.500000
vt 0.078125 1.000000
vt 0.062500 0.937500
vt 0.078125 0.000000
vt 0.062500 0.437500
vt 0.062500 0.875000
vt 0.062500 0.375000
vt 0.031250 0.562500
vt 0.031250 0.500000
vt 0.046875 1.000000
vt 0.031250 0.937500
vt 0.046875 0.000000
vt 0.031250 0.062500
vt 0.031250 0.437500
vt 0.031250 0.875000
vt 0.031250 0.375000
vt 0.031250 0.812500
vt 0.031250 0.312500
vt 0.031250 0.750000
vt 0.031250 0.250000
vt 0.031250 0.687500
vt 0.031250 0.187500
vt 0.031250 0.625000
vt 0.031250 0.125000
vt 0.000000 0.312500
vt 0.000000 0.250000
vt 0.000000 0.750000
vt 0.000000 0.687500
vt 0.000000 0.187500
vt 0.000000 0.625000
vt 0.000000 0.125000
vt 0.000000 0.562500
vt 0.000000 0.062500
vt 0.000000 0.500000
vt 0.015625 1.000000
vt 0.000000 0.937500
vt 0.015625 0.000000
vt 0.000000 0.437500
vt 0.000000 0.875000
vt 0.000000 0.375000
vt 0.000000 0.812500
vt 1.000000 0.937500
vt 0.984375 1.000000
vt 0.968750 0.937500
vt 0.984375 0.000000
vt 1.000000 0.062500
vt 0.968750 0.062500
vt 1.000000 0.437500
vt 1.000000 0.500000
vt 0.968750 0.500000
vt 0.968750 0.437500
vt 1.000000 0.875000
vt 0.968750 0.875000
vt 1.000000 0.375000
vt 0.968750 0.375000
vt 1.000000 0.812500
vt 0.968750 0.812500
vt 1.000000 0.312500
vt 0.968750 0.312500
vt 1.000000 0.750000
vt 0.968750 0.750000
vt 1.000000 0.250000
vt 0.968750 0.250000
vt 1.000000 0.687500
vt 0.968750 0.687500
vt 1.000000 0.187500
vt 0.968750 0.187500
vt 1.000000 0.625000
vt 0.968750 0.625000
vt 1.000000 0.125000
vt 0.968750 0.125000
vt 1.000000 0.562500
vt 0.968750 0.562500
vt 0.937500 0.750000
vt 0.937500 0.687500
vt 0.937500 0.250000
vt 0.937500 0.187500
vt 0.937500 0.625000
vt 0.937500 0.125000
vt 0.937500 0.562500
vt 0.937500 0.062500
vt 0.937500 0.500000
vt 0.953125 1.000000
vt 0.937500 0.937500
vt 0.953125 0.000000
vt 0.937500 0.437500
vt 0.937500 0.875000
vt 0.937500 0.375000
vt 0.937500 0.812500
vt 0.937500 0.312500
vt 0.906250 0.500000
vt 0.906250 0.437500
vt 0.906250 0.937500
vt 0.906250 0.875000
vt 0.906250 0.375000
vt 0.906250 0.812500
vt 0.906250 0.312500
vt 0.906250 0.750000
vt 0.906250 0.250000
vt 0.906250 0.687500
vt 0.906250 0.187500
vt 0.906250 0.625000
vt 0.906250 0.125000
vt 0.906250 0.562500
vt 0.906250 0.062500
vt 0.921875 1.000000
vt 0.921875 0.000000
vt 0.875000 0.250000
vt 0.875000 0.187500
vt 0.875000 0.687500
vt 0.875000 0.625000
vt 0.875000 0.125000
vt 0.875000 0.562500
vt 0.875000 0.062500
vt 0.875000 0.500000
vt 0.890625 1.000000
vt 0.875000 0.937500
vt 0.890625 0.000000
vt 0.875000 0.437500
vt 0.875000 0.875000
vt 0.875000 0.375000
vt 0.875000 0.812500
vt 0.875000 0.312500
vt 0.875000 0.750000
vt 0.843750 0.437500
vt 0.843750 0.375000
vt 0.843750 0.875000
vt 0.843750 0.812500
vt 0.843750 0.312500
vt 0.843750 0.750000
vt 0.843750 0.250000
vt 0.843750 0.687500
vt 0.843750 0.187500
vt 0.843750 0.625000
vt 0.843750 0.125000
vt 0.843750 0.562500
vt 0.843750 0.062500
vt 0.843750 0.500000
vt 0.859375 1.000000
vt 0.843750 0.937500
vt 0.859375 0.000000
vt 0.812500 0.187500
vt 0.812500 0.125000
vt 0.812500 0.625000
vt 0.812500 0.562500
vt 0.812500 0.062500
vt 0.812500 0.500000
vt 0.828125 1.000000
vt 0.812500 0.937500
vt 0.828125 0.000000
vt 0.812500 0.437500
vt 0.812500 0.875000
vt 0.812500 0.375000
vt 0.812500 0.812500
vt 0.812500 0.312500
vt 0.812500 0.750000
vt 0.812500 0.250000
vt 0.812500 0.687500
vt 0.781250 0.875000
vt 0.781250 0.812500
vt 0.781250 0.375000
vt 0.781250 0.312500
vt 0.781250 0.750000
vt 0.781250 0.250000
vt 0.781250 0.687500
vt 0.781250 0.187500
vt 0.781250 0.625000
vt 0.781250 0.125000
vt 0.781250 0.562500
vt 0.781250 0.062500
vt 0.781250 0.500000
vt 0.796875 1.000000
vt 0.781250 0.937500
vt 0.796875 0.000000
vt 0.781250 0.437500
vt 0.765625 1.000000
vt 0.765625 0.000000
s 1
usemtl SphereImageMaterial
f 1445/1119/1445 1444/1120/1444 985/1121/985 986/1122/986
f 1442/1123/1442 968/1124/968 978/1125/978 979/1126/979
f 1446/1127/1446 1445/1119/1445 986/1122/986 987/1128/987
f 969/1129/969 1442/1123/1442 979/1126/979 980/1130/980
f 965/1131/965 1048/1132/1048 973/1133/973
f 1079/1134/1079 1446/1127/1446 987/1128/987
f 970/1135/970 969/1129/969 980/1130/980 981/1136/981
f 1440/1137/1440 965/1131/965 973/1133/973 974/1138/974
f 971/1139/971 970/1135/970 981/1136/981 982/1140/982
f 966/1141/966 1440/1137/1440 974/1138/974 975/1142/975
f 972/1143/972 971/1139/971 982/1140/982 983/1144/983
f 967/1145/967 966/1141/966 975/1142/975 976/1146/976
f 1443/1147/1443 972/1143/972 983/1144/983 984/1148/984
f 1441/1149/1441 967/1145/967 976/1146/976 977/1150/977
f 1444/1120/1444 1443/1147/1443 984/1148/984 985/1121/985
f 968/1124/968 1441/1149/1441 977/1150/977 978/1125/978
f 985/1121/985 984/1148/984 999/1151/999 1000/1152/1000
f 978/1125/978 977/1150/977 992/1153/992 993/1154/993
f 986/1122/986 985/1121/985 1000/1152/1000 1001/1155/1001
f 979/1126/979 978/1125/978 993/1154/993 994/1156/994
f 987/1128/987 986/1122/986 1001/1155/1001 1002/1157/1002
f 980/1130/980 979/1126/979 994/1156/994 995/1158/995
f 973/1133/973 1048/1159/1048 988/1160/988
f 1079/1161/1079 987/1128/987 1002/1157/1002
f 981/1136/981 980/1130/980 995/1158/995 996/1162/996
f 974/1138/974 973/1133/973 988/1160/988 989/1163/989
f 982/1140/982 981/1136/981 996/1162/996 997/1164/997
f 975/1142/975 974/1138/974 989/1163/989 990/1165/990
f 983/1144/983 982/1140/982 997/1164/997 998/1166/998
f 976/1146/976 975/1142/975 990/1165/990 991/1167/991
f 984/1148/984 983/1144/983 998/1166/998 999/1151/999
f 977/1150/977 976/1146/976 991/1167/991 992/1153/992
f 989/1163/989 988/1160/988 1003/1168/1003 1004/1169/1004
f 997/1164/997 996/1162/996 1011/1170/1011 1012/1171/1012
f 990/1165/990 989/1163/989 1004/1169/1004 1005/1172/1005
f 998/1166/998 997/1164/997 1012/1171/1012 1013/1173/1013
f 991/1167/991 990/1165/990 1005/1172/1005 1006/1174/1006
f 999/1151/999 998/1166/998 1013/1173/1013 1014/1175/1014
f 992/1153/992 991/1167/991 1006/1174/1006 1007/1176/1007
f 1000/1152/1000 999/1151/999 1014/1175/1014 1015/1177/1015
f 993/1154/993 992/1153/992 1007/1176/1007 1008/1178/1008
f 1001/1155/1001 1000/1152/1000 1015/1177/1015 1016/1179/1016
f 994/1156/994 993/1154/993 1008/1178/1008 1009/1180/1009
f 1002/1157/1002 1001/1155/1001 1016/1179/1016 1017/1181/1017
f 995/1158/995 994/1156/994 1009/1180/1009 1010/1182/1010
f 988/1160/988 1048/1183/1048 1003/1168/1003
f 1079/1184/1079 1002/1157/1002 1017/1181/1017
f 996/1162/996 995/1158/995 1010/1182/1010 1011/1170/1011
f 1008/1178/1008 1007/1176/1007 1022/1185/1022 1023/1186/1023
f 1016/1179/1016 1015/1177/1015 1030/1187/1030 1031/1188/1031
f 1009/1180/1009 1008/1178/1008 1023/1186/1023 1024/1189/1024
f 1017/1181/1017 1016/1179/1016 1031/1188/1031 1032/1190/1032
f 1010/1182/1010 1009/1180/1009 1024/1189/1024 1025/1191/1025
f 1003/1168/1003 1048/1192/1048 1018/1193/1018
f 1079/1194/1079 1017/1181/1017 1032/1190/1032
f 1011/1170/1011 1010/1182/1010 1025/1191/1025 1026/1195/1026
f 1004/1169/1004 1003/1168/1003 1018/1193/1018 1019/1196/1019
f 1012/1171/1012 1011/1170/1011 1026/1195/1026 1027/1197/1027
f 1005/1172/1005 1004/1169/1004 1019/1196/1019 1020/1198/1020
f 1013/1173/1013 1012/1171/1012 1027/1197/1027 1028/1199/1028
f 1006/1174/1006 1005/1172/1005 1020/1198/1020 1021/1200/1021
f 1014/1175/1014 1013/1173/1013 1028/1199/1028 1029/1201/1029
f 1007/1176/1007 1006/1174/1006 1021/1200/1021 1022/1185/1022
f 1015/1177/1015 1014/1175/1014 1029/1201/1029 1030/1187/1030
f 1027/1197/1027 1026/1195/1026 1041/1202/1041 1042/1203/1042
f 1020/1198/1020 1019/1196/1019 1034/1204/1034 1035/1205/1035
f 1028/1199/1028 1027/1197/1027 1042/1203/1042 1043/1206/1043
f 1021/1200/1021 1020/1198/1020 1035/1205/1035 1036/1207/1036
f 1029/1201/1029 1028/1199/1028 1043/1206/1043 1044/1208/1044
f 1022/1185/1022 1021/1200/1021 1036/1207/1036 1037/1209/1037
f 1030/1187/1030 1029/1201/1029 1044/1208/1044 1045/1210/1045
f 1023/1186/1023 1022/1185/1022 1037/1209/1037 1038/1211/1038
f 1031/1188/1031 1030/1187/1030 1045/1210/1045 1046/1212/1046
f 1024/1189/1024 1023/1186/1023 1038/1211/1038 1039/1213/1039
f 1032/1190/1032 1031/1188/1031 1046/1212/1046 1047/1214/1047
f 1025/1191/1025 1024/1189/1024 1039/1213/1039 1040/1215/1040
f 1018/1193/1018 1048/1216/1048 1033/1217/1033
f 1079/1218/1079 1032/1190/1032 1047/1214/1047
f 1026/1195/1026 1025/1191/1025 1040/1215/1040 1041/1202/1041
f 1019/1196/1019 1018/1193/1018 1033/1217/1033 1034/1204/1034
f 1046/1212/1046 1045/1210/1045 1061/1219/1061 1062/1220/1062
f 1039/1213/1039 1038/1211/1038 1054/1221/1054 1055/1222/1055
f 1047/1214/1047 1046/1212/1046 1062/1220/1062 1063/1223/1063
f 1040/1215/1040 1039/1213/1039 1055/1222/1055 1056/1224/1056
f 1033/1217/1033 1048/1225/1048 1049/1226/1049
f 1079/1227/1079 1047/1214/1047 1063/1223/1063
f 1041/1202/1041 1040/1215/1040 1056/1224/1056 1057/1228/1057
f 1034/1204/1034 1033/1217/1033 1049/1226/1049 1050/1229/1050
f 1042/1203/1042 1041/1202/1041 1057/1228/1057 1058/1230/1058
f 1035/1205/1035 1034/1204/1034 1050/1229/1050 1051/1231/1051
f 1043/1206/1043 1042/1203/1042 1058/1230/1058 1059/1232/1059
f 1036/1207/1036 1035/1205/1035 1051/1231/1051 1052/1233/1052
f 1044/1208/1044 1043/1206/1043 1059/1232/1059 1060/1234/1060
f 1037/1209/1037 1036/1207/1036 1052/1233/1052 1053/1235/1053
f 1045/1210/1045 1044/1208/1044 1060/1234/1060 1061/1219/1061
f 1038/1211/1038 1037/1209/1037 1053/1235/1053 1054/1221/1054
f 1051/1231/1051 1050/1229/1050 1065/1236/1065 1066/1237/1066
f 1059/1232/1059 1058/1230/1058 1073/1238/1073 1074/1239/1074
f 1052/1233/1052 1051/1231/1051 1066/1237/1066 1067/1240/1067
f 1060/1234/1060 1059/1232/1059 1074/1239/1074 1075/1241/1075
f 1053/1235/1053 1052/1233/1052 1067/1240/1067 1068/1242/1068
f 1061/1219/1061 1060/1234/1060 1075/1241/1075 1076/1243/1076
f 1054/1221/1054 1053/1235/1053 1068/1242/1068 1069/1244/1069
f 1062/1220/1062 1061/1219/1061 1076/1243/1076 1077/1245/1077
f 1055/1222/1055 1054/1221/1054 1069/1244/1069 1070/1246/1070
f 1063/1223/1063 1062/1220/1062 1077/1245/1077 1078/1247/1078
f 1056/1224/1056 1055/1222/1055 1070/1246/1070 1071/1248/1071
f 1049/1226/1049 1048/1249/1048 1064/1250/1064
f 1079/1251/1079 1063/1223/1063 1078/1247/1078
f 1057/1228/1057 1056/1224/1056 1071/1248/1071 1072/1252/1072
f 1050/1229/1050 1049/1226/1049 1064/1250/1064 1065/1236/1065
f 1058/1230/1058 1057/1228/1057 1072/1252/1072 1073/1238/1073
f 1070/1246/1070 1069/1244/1069 1085/1253/1085 1086/1254/1086
f 1078/1247/1078 1077/1245/1077 1093/1255/1093 1094/1256/1094
f 1071/1248/1071 1070/1246/1070 1086/1254/1086 1087/1257/1087
f 1064/1250/1064 1048/1258/1048 1080/1259/1080
f 1079/1260/1079 1078/1247/1078 1094/1256/1094
f 1072/1252/1072 1071/1248/1071 1087/1257/1087 1088/1261/1088
f 1065/1236/1065 1064/1250/1064 1080/1259/1080 1081/1262/1081
f 1073/1238/1073 1072/1252/1072 1088/1261/1088 1089/1263/1089
f 1066/1237/1066 1065/1236/1065 1081/1262/1081 1082/1264/1082
f 1074/1239/1074 1073/1238/1073 1089/1263/1089 1090/1265/1090
f 1067/1240/1067 1066/1237/1066 1082/1264/1082 1083/1266/1083
f 1075/1241/1075 1074/1239/1074 1090/1265/1090 1091/1267/1091
f 1068/1242/1068 1067/1240/1067 1083/1266/1083 1084/1268/1084
f 1076/1243/1076 1075/1241/1075 1091/1267/1091 1092/1269/1092
f 1069/1244/1069 1068/1242/1068 1084/1268/1084 1085/1253/1085
f 1077/1245/1077 1076/1243/1076 1092/1269/1092 1093/1255/1093
f 1090/1265/1090 1089/1263/1089 1104/1270/1104 1105/1271/1105
f 1083/1266/1083 1082/1264/1082 1097/1272/1097 1098/1273/1098
f 1091/1267/1091 1090/1265/1090 1105/1271/1105 1106/1274/1106
f 1084/1268/1084 1083/1266/1083 1098/1273/1098 1099/1275/1099
f 1092/1269/1092 1091/1267/1091 1106/1274/1106 1107/1276/1107
f 1085/1253/1085 1084/1268/1084 1099/1275/1099 1100/1277/1100
f 1093/1255/1093 1092/1269/1092 1107/1276/1107 1108/1278/1108
f 1086/1254/1086 1085/1253/1085 1100/1277/1100 1101/1279/1101
f 1094/1256/1094 1093/1255/1093 1108/1278/1108 1109/1280/1109
f 1087/1257/1087 1086/1254/1086 1101/1279/1101 1102/1281/1102
f 1080/1259/1080 1048/1282/1048 1095/1283/1095
f 1079/1284/1079 1094/1256/1094 1109/1280/1109
f 1088/1261/1088 1087/1257/1087 1102/1281/1102 1103/1285/1103
f 1081/1262/1081 1080/1259/1080 1095/1283/1095 1096/1286/1096
f 1089/1263/1089 1088/1261/1088 1103/1285/1103 1104/1270/1104
f 1082/1264/1082 1081/1262/1081 1096/1286/1096 1097/1272/1097
f 1109/1280/1109 1108/1278/1108 1123/1287/1123 1124/1288/1124
f 1102/1281/1102 1101/1279/1101 1116/1289/1116 1117/1290/1117
f 1095/1283/1095 1048/1291/1048 1110/1292/1110
f 1079/1293/1079 1109/1280/1109 1124/1288/1124
f 1103/1285/1103 1102/1281/1102 1117/1290/1117 1118/1294/1118
f 1096/1286/1096 1095/1283/1095 1110/1292/1110 1111/1295/1111
f 1104/1270/1104 1103/1285/1103 1118/1294/1118 1119/1296/1119
f 1097/1272/1097 1096/1286/1096 1111/1295/1111 1112/1297/1112
f 1105/1271/1105 1104/1270/1104 1119/1296/1119 1120/1298/1120
f 1098/1273/1098 1097/1272/1097 1112/1297/1112 1113/1299/1113
f 1106/1274/1106 1105/1271/1105 1120/1298/1120 1121/1300/1121
f 1099/1275/1099 1098/1273/1098 1113/1299/1113 1114/1301/1114
f 1107/1276/1107 1106/1274/1106 1121/1300/1121 1122/1302/1122
f 1100/1277/1100 1099/1275/1099 1114/1301/1114 1115/1303/1115
f 1108/1278/1108 1107/1276/1107 1122/1302/1122 1123/1287/1123
f 1101/1279/1101 1100/1277/1100 1115/1303/1115 1116/1289/1116
f 1121/1300/1121 1120/1298/1120 1135/1304/1135 1136/1305/1136
f 1114/1301/1114 1113/1299/1113 1128/1306/1128 1129/1307/1129
f 1122/1302/1122 1121/1300/1121 1136/1305/1136 1137/1308/1137
f 1115/1303/1115 1114/1301/1114 1129/1307/1129 1130/1309/1130
f 1123/1287/1123 1122/1302/1122 1137/1308/1137 1138/1310/1138
f 1116/1289/1116 1115/1303/1115 1130/1309/1130 1131/1311/1131
f 1124/1288/1124 1123/1287/1123 1138/1310/1138 1139/1312/1139
f 1117/1290/1117 1116/1289/1116 1131/1311/1131 1132/1313/1132
f 1110/1292/1110 1048/1314/1048 1125/1315/1125
f 1079/1316/1079 1124/1288/1124 1139/1312/1139
f 1118/1294/1118 1117/1290/1117 1132/1313/1132 1133/1317/1133
f 1111/1295/1111 1110/1292/1110 1125/1315/1125 1126/1318/1126
f 1119/1296/1119 1118/1294/1118 1133/1317/1133 1134/1319/1134
f 1112/1297/1112 1111/1295/1111 1126/1318/1126 1127/1320/1127
f 1120/1298/1120 1119/1296/1119 1134/1319/1134 1135/1304/1135
f 1113/1299/1113 1112/1297/1112 1127/1320/1127 1128/1306/1128
f 1125/1315/1125 1048/1321/1048 1140/1322/1140
f 1079/1323/1079 1139/1312/1139 1154/1324/1154
f 1133/1317/1133 1132/1313/1132 1147/1325/1147 1148/1326/1148
f 1126/1318/1126 1125/1315/1125 1140/1322/1140 1141/1327/1141
f 1134/1319/1134 1133/1317/1133 1148/1326/1148 1149/1328/1149
f 1127/1320/1127 1126/1318/1126 1141/1327/1141 1142/1329/1142
f 1135/1304/1135 1134/1319/1134 1149/1328/1149 1150/1330/1150
f 1128/1306/1128 1127/1320/1127 1142/1329/1142 1143/1331/1143
f 1136/1305/1136 1135/1304/1135 1150/1330/1150 1151/1332/1151
f 1129/1307/1129 1128/1306/1128 1143/1331/1143 1144/1333/1144
f 1137/1308/1137 1136/1305/1136 1151/1332/1151 1152/1334/1152
f 1130/1309/1130 1129/1307/1129 1144/1333/1144 1145/1335/1145
f 1138/1310/1138 1137/1308/1137 1152/1334/1152 1153/1336/1153
f 1131/1311/1131 1130/1309/1130 1145/1335/1145 1146/1337/1146
f 1139/1312/1139 1138/1310/1138 1153/1336/1153 1154/1324/1154
f 1132/1313/1132 1131/1311/1131 1146/1337/1146 1147/1325/1147
f 1144/1333/1144 1143/1331/1143 1158/1338/1158 1159/1339/1159
f 1152/1334/1152 1151/1332/1151 1166/1340/1166 1167/1341/1167
f 1145/1335/1145 1144/1333/1144 1159/1339/1159 1160/1342/1160
f 1153/1336/1153 1152/1334/1152 1167/1341/1167 1168/1343/1168
f 1146/1337/1146 1145/1335/1145 1160/1342/1160 1161/1344/1161
f 1154/1324/1154 1153/1336/1153 1168/1343/1168 1169/1345/1169
f 1147/1325/1147 1146/1337/1146 1161/1344/1161 1162/1346/1162
f 1140/1322/1140 1048/1347/1048 1155/1348/1155
f 1079/1349/1079 1154/1324/1154 1169/1345/1169
f 1148/1326/1148 1147/1325/1147 1162/1346/1162 1163/1350/1163
f 1141/1327/1141 1140/1322/1140 1155/1348/1155 1156/1351/1156
f 1149/1328/1149 1148/1326/1148 1163/1350/1163 1164/1352/1164
f 1142/1329/1142 1141/1327/1141 1156/1351/1156 1157/1353/1157
f 1150/1330/1150 1149/1328/1149 1164/1352/1164 1165/1354/1165
f 1143/1331/1143 1142/1329/1142 1157/1353/1157 1158/1338/1158
f 1151/1332/1151 1150/1330/1150 1165/1354/1165 1166/1340/1166
f 1163/1350/1163 1162/1346/1162 1177/1355/1177 1178/1356/1178
f 1156/1351/1156 1155/1348/1155 1170/1357/1170 1171/1358/1171
f 1164/1352/1164 1163/1350/1163 1178/1356/1178 1179/1359/1179
f 1157/1353/1157 1156/1351/1156 1171/1358/1171 1172/1360/1172
f 1165/1354/1165 1164/1352/1164 1179/1359/1179 1180/1361/1180
f 1158/1338/1158 1157/1353/1157 1172/1360/1172 1173/1362/1173
f 1166/1340/1166 1165/1354/1165 1180/1361/1180 1181/1363/1181
f 1159/1339/1159 1158/1338/1158 1173/1362/1173 1174/1364/1174
f 1167/1341/1167 1166/1340/1166 1181/1363/1181 1182/1365/1182
f 1160/1342/1160 1159/1339/1159 1174/1364/1174 1175/1366/1175
f 1168/1343/1168 1167/1341/1167 1182/1365/1182 1183/1367/1183
f 1161/1344/1161 1160/1342/1160 1175/1366/1175 1176/1368/1176
f 1169/1345/1169 1168/1343/1168 1183/1367/1183 1184/1369/1184
f 1162/1346/1162 1161/1344/1161 1176/1368/1176 1177/1355/1177
f 1155/1348/1155 1048/1370/1048 1170/1357/1170
f 1079/1371/1079 1169/1345/1169 1184/1369/1184
f 1182/1365/1182 1181/1363/1181 1196/1372/1196 1197/1373/1197
f 1175/1366/1175 1174/1364/1174 1189/1374/1189 1190/1375/1190
f 1183/1367/1183 1182/1365/1182 1197/1373/1197 1198/1376/1198
f 1176/1368/1176 1175/1366/1175 1190/1375/1190 1191/1377/1191
f 1184/1369/1184 1183/1367/1183 1198/1376/1198 1199/1378/1199
f 1177/1355/1177 1176/1368/1176 1191/1377/1191 1192/1379/1192
f 1170/1357/1170 1048/1380/1048 1185/1381/1185
f 1079/1382/1079 1184/1369/1184 1199/1378/1199
f 1178/1356/1178 1177/1355/1177 1192/1379/1192 1193/1383/1193
f 1171/1358/1171 1170/1357/1170 1185/1381/1185 1186/1384/1186
f 1179/1359/1179 1178/1356/1178 1193/1383/1193 1194/1385/1194
f 1172/1360/1172 1171/1358/1171 1186/1384/1186 1187/1386/1187
f 1180/1361/1180 1179/1359/1179 1194/1385/1194 1195/1387/1195
f 1173/1362/1173 1172/1360/1172 1187/1386/1187 1188/1388/1188
f 1181/1363/1181 1180/1361/1180 1195/1387/1195 1196/1372/1196
f 1174/1364/1174 1173/1362/1173 1188/1388/1188 1189/1374/1189
f 1186/1384/1186 1185/1381/1185 1200/1389/1200 1201/1390/1201
f 1194/1385/1194 1193/1383/1193 1208/1391/1208 1209/1392/1209
f 1187/1386/1187 1186/1384/1186 1201/1390/1201 1202/1393/1202
f 1195/1387/1195 1194/1385/1194 1209/1392/1209 1210/1394/1210
f 1188/1388/1188 1187/1386/1187 1202/1393/1202 1203/1395/1203
f 1196/1372/1196 1195/1387/1195 1210/1394/1210 1211/1396/1211
f 1189/1374/1189 1188/1388/1188 1203/1395/1203 1204/1397/1204
f 1197/1373/1197 1196/1372/1196 1211/1396/1211 1212/1398/1212
f 1190/1375/1190 1189/1374/1189 1204/1397/1204 1205/1399/1205
f 1198/1376/1198 1197/1373/1197 1212/1398/1212 1213/1400/1213
f 1191/1377/1191 1190/1375/1190 1205/1399/1205 1206/1401/1206
f 1199/1378/1199 1198/1376/1198 1213/1400/1213 1214/1402/1214
f 1192/1379/1192 1191/1377/1191 1206/1401/1206 1207/1403/1207
f 1185/1381/1185 1048/1404/1048 1200/1389/1200
f 1079/1405/1079 1199/1378/1199 1214/1402/1214
f 1193/1383/1193 1192/1379/1192 1207/1403/1207 1208/1391/1208
f 1205/1399/1205 1204/1397/1204 1219/1406/1219 1220/1407/1220
f 1213/1400/1213 1212/1398/1212 1227/1408/1227 1228/1409/1228
f 1206/1401/1206 1205/1399/1205 1220/1407/1220 1221/1410/1221
f 1214/1402/1214 1213/1400/1213 1228/1409/1228 1229/1411/1229
f 1207/1403/1207 1206/1401/1206 1221/1410/1221 1222/1412/1222
f 1200/1389/1200 1048/1413/1048 1215/1414/1215
f 1079/1415/1079 1214/1402/1214 1229/1411/1229
f 1208/1391/1208 1207/1403/1207 1222/1412/1222 1223/1416/1223
f 1201/1390/1201 1200/1389/1200 1215/1414/1215 1216/1417/1216
f 1209/1392/1209 1208/1391/1208 1223/1416/1223 1224/1418/1224
f 1202/1393/1202 1201/1390/1201 1216/1417/1216 1217/1419/1217
f 1210/1394/1210 1209/1392/1209 1224/1418/1224 1225/1420/1225
f 1203/1395/1203 1202/1393/1202 1217/1419/1217 1218/1421/1218
f 1211/1396/1211 1210/1394/1210 1225/1420/1225 1226/1422/1226
f 1204/1397/1204 1203/1395/1203 1218/1421/1218 1219/1406/1219
f 1212/1398/1212 1211/1396/1211 1226/1422/1226 1227/1408/1227
f 1224/1418/1224 1223/1416/1223 1238/1423/1238 1239/1424/1239
f 1217/1419/1217 1216/1417/1216 1231/1425/1231 1232/1426/1232
f 1225/1420/1225 1224/1418/1224 1239/1424/1239 1240/1427/1240
f 1218/1421/1218 1217/1419/1217 1232/1426/1232 1233/1428/1233
f 1226/1422/1226 1225/1420/1225 1240/1427/1240 1241/1429/1241
f 1219/1406/1219 1218/1421/1218 1233/1428/1233 1234/1430/1234
f 1227/1408/1227 1226/1422/1226 1241/1429/1241 1242/1431/1242
f 1220/1407/1220 1219/1406/1219 1234/1430/1234 1235/1432/1235
f 1228/1409/1228 1227/1408/1227 1242/1431/1242 1243/1433/1243
f 1221/1410/1221 1220/1407/1220 1235/1432/1235 1236/1434/1236
f 1229/1411/1229 1228/1409/1228 1243/1433/1243 1244/1435/1244
f 1222/1412/1222 1221/1410/1221 1236/1434/1236 1237/1436/1237
f 1215/1414/1215 1048/1437/1048 1230/1438/1230
f 1079/1439/1079 1229/1411/1229 1244/1435/1244
f 1223/1416/1223 1222/1412/1222 1237/1436/1237 1238/1423/1238
f 1216/1417/1216 1215/1414/1215 1230/1438/1230 1231/1425/1231
f 1243/1433/1243 1242/1431/1242 1257/1440/1257 1258/1441/1258
f 1236/1434/1236 1235/1432/1235 1250/1442/1250 1251/1443/1251
f 1244/1435/1244 1243/1433/1243 1258/1441/1258 1259/1444/1259
f 1237/1436/1237 1236/1434/1236 1251/1443/1251 1252/1445/1252
f 1230/1438/1230 1048/1446/1048 1245/1447/1245
f 1079/1448/1079 1244/1435/1244 1259/1444/1259
f 1238/1423/1238 1237/1436/1237 1252/1445/1252 1253/1449/1253
f 1231/1425/1231 1230/1438/1230 1245/1447/1245 1246/1450/1246
f 1239/1424/1239 1238/1423/1238 1253/1449/1253 1254/1451/1254
f 1232/1426/1232 1231/1425/1231 1246/1450/1246 1247/1452/1247
f 1240/1427/1240 1239/1424/1239 1254/1451/1254 1255/1453/1255
f 1233/1428/1233 1232/1426/1232 1247/1452/1247 1248/1454/1248
f 1241/1429/1241 1240/1427/1240 1255/1453/1255 1256/1455/1256
f 1234/1430/1234 1233/1428/1233 1248/1454/1248 1249/1456/1249
f 1242/1431/1242 1241/1429/1241 1256/1455/1256 1257/1440/1257
f 1235/1432/1235 1234/1430/1234 1249/1456/1249 1250/1442/1250
f 1255/1453/1255 1254/1451/1254 1269/1457/1269 1270/1458/1270
f 1248/1454/1248 1247/1452/1247 1262/1459/1262 1263/1460/1263
f 1256/1455/1256 1255/1453/1255 1270/1458/1270 1271/1461/1271
f 1249/1456/1249 1248/1454/1248 1263/1460/1263 1264/1462/1264
f 1257/1440/1257 1256/1455/1256 1271/1461/1271 1272/1463/1272
f 1250/1442/1250 1249/1456/1249 1264/1462/1264 1265/1464/1265
f 1258/1441/1258 1257/1440/1257 1272/1463/1272 1273/1465/1273
f 1251/1443/1251 1250/1442/1250 1265/1464/1265 1266/1466/1266
f 1259/1444/1259 1258/1441/1258 1273/1465/1273 1274/1467/1274
f 1252/1445/1252 1251/1443/1251 1266/1466/1266 1267/1468/1267
f 1245/1447/1245 1048/1469/1048 1260/1470/1260
f 1079/1471/1079 1259/1444/1259 1274/1467/1274
f 1253/1449/1253 1252/1445/1252 1267/1468/1267 1268/1472/1268
f 1246/1450/1246 1245/1447/1245 1260/1470/1260 1261/1473/1261
f 1254/1451/1254 1253/1449/1253 1268/1472/1268 1269/1457/1269
f 1247/1452/1247 1246/1450/1246 1261/1473/1261 1262/1459/1262
f 1274/1467/1274 1273/1465/1273 1288/1474/1288 1289/1475/1289
f 1267/1468/1267 1266/1466/1266 1281/1476/1281 1282/1477/1282
f 1260/1470/1260 1048/1478/1048 1275/1479/1275
f 1079/1480/1079 1274/1467/1274 1289/1475/1289
f 1268/1472/1268 1267/1468/1267 1282/1477/1282 1283/1481/1283
f 1261/1473/1261 1260/1470/1260 1275/1479/1275 1276/1482/1276
f 1269/1457/1269 1268/1472/1268 1283/1481/1283 1284/1483/1284
f 1262/1459/1262 1261/1473/1261 1276/1482/1276 1277/1484/1277
f 1270/1458/1270 1269/1457/1269 1284/1483/1284 1285/1485/1285
f 1263/1460/1263 1262/1459/1262 1277/1484/1277 1278/1486/1278
f 1271/1461/1271 1270/1458/1270 1285/1485/1285 1286/1487/1286
f 1264/1462/1264 1263/1460/1263 1278/1486/1278 1279/1488/1279
f 1272/1463/1272 1271/1461/1271 1286/1487/1286 1287/1489/1287
f 1265/1464/1265 1264/1462/1264 1279/1488/1279 1280/1490/1280
f 1273/1465/1273 1272/1463/1272 1287/1489/1287 1288/1474/1288
f 1266/1466/1266 1265/1464/1265 1280/1490/1280 1281/1476/1281
f 1278/1486/1278 1277/1484/1277 1292/1491/1292 1293/1492/1293
f 1286/1487/1286 1285/1485/1285 1300/1493/1300 1301/1494/1301
f 1279/1488/1279 1278/1486/1278 1293/1492/1293 1294/1495/1294
f 1287/1489/1287 1286/1487/1286 1301/1494/1301 1302/1496/1302
f 1280/1490/1280 1279/1488/1279 1294/1495/1294 1295/1497/1295
f 1288/1474/1288 1287/1489/1287 1302/1496/1302 1303/1498/1303
f 1281/1476/1281 1280/1490/1280 1295/1497/1295 1296/1499/1296
f 1289/1475/1289 1288/1474/1288 1303/1498/1303 1304/1500/1304
f 1282/1477/1282 1281/1476/1281 1296/1499/1296 1297/1501/1297
f 1275/1479/1275 1048/1502/1048 1290/1503/1290
f 1079/1504/1079 1289/1475/1289 1304/1500/1304
f 1283/1481/1283 1282/1477/1282 1297/1501/1297 1298/1505/1298
f 1276/1482/1276 1275/1479/1275 1290/1503/1290 1291/1506/1291
f 1284/1483/1284 1283/1481/1283 1298/1505/1298 1299/1507/1299
f 1277/1484/1277 1276/1482/1276 1291/1506/1291 1292/1491/1292
f 1285/1485/1285 1284/1483/1284 1299/1507/1299 1300/1493/1300
f 1297/1501/1297 1296/1499/1296 1311/1508/1311 1312/1509/1312
f 1290/1503/1290 1048/1510/1048 1305/1511/1305
f 1079/1512/1079 1304/1500/1304 1319/1513/1319
f 1298/1505/1298 1297/1501/1297 1312/1509/1312 1313/1514/1313
f 1291/1506/1291 1290/1503/1290 1305/1511/1305 1306/1515/1306
f 1299/1507/1299 1298/1505/1298 1313/1514/1313 1314/1516/1314
f 1292/1491/1292 1291/1506/1291 1306/1515/1306 1307/1517/1307
f 1300/1493/1300 1299/1507/1299 1314/1516/1314 1315/1518/1315
f 1293/1492/1293 1292/1491/1292 1307/1517/1307 1308/1519/1308
f 1301/1494/1301 1300/1493/1300 1315/1518/1315 1316/1520/1316
f 1294/1495/1294 1293/1492/1293 1308/1519/1308 1309/1521/1309
f 1302/1496/1302 1301/1494/1301 1316/1520/1316 1317/1522/1317
f 1295/1497/1295 1294/1495/1294 1309/1521/1309 1310/1523/1310
f 1303/1498/1303 1302/1496/1302 1317/1522/1317 1318/1524/1318
f 1296/1499/1296 1295/1497/1295 1310/1523/1310 1311/1508/1311
f 1304/1500/1304 1303/1498/1303 1318/1524/1318 1319/1513/1319
f 1316/1520/1316 1315/1518/1315 1330/1525/1330 1331/1526/1331
f 1309/1521/1309 1308/1519/1308 1323/1527/1323 1324/1528/1324
f 1317/1522/1317 1316/1520/1316 1331/1526/1331 1332/1529/1332
f 1310/1523/1310 1309/1521/1309 1324/1528/1324 1325/1530/1325
f 1318/1524/1318 1317/1522/1317 1332/1529/1332 1333/1531/1333
f 1311/1508/1311 1310/1523/1310 1325/1530/1325 1326/1532/1326
f 1319/1513/1319 1318/1524/1318 1333/1531/1333 1334/1533/1334
f 1312/1509/1312 1311/1508/1311 1326/1532/1326 1327/1534/1327
f 1305/1511/1305 1048/1535/1048 1320/1536/1320
f 1079/1537/1079 1319/1513/1319 1334/1533/1334
f 1313/1514/1313 1312/1509/1312 1327/1534/1327 1328/1538/1328
f 1306/1515/1306 1305/1511/1305 1320/1536/1320 1321/1539/1321
f 1314/1516/1314 1313/1514/1313 1328/1538/1328 1329/1540/1329
f 1307/1517/1307 1306/1515/1306 1321/1539/1321 1322/1541/1322
f 1315/1518/1315 1314/1516/1314 1329/1540/1329 1330/1525/1330
f 1308/1519/1308 1307/1517/1307 1322/1541/1322 1323/1527/1323
f 1320/1542/1320 1048/1543/1048 1335/1544/1335
f 1079/1545/1079 1334/1546/1334 1349/1547/1349
f 1328/1548/1328 1327/1549/1327 1342/1550/1342 1343/1551/1343
f 1321/1552/1321 1320/1542/1320 1335/1544/1335 1336/1553/1336
f 1329/1554/1329 1328/1548/1328 1343/1551/1343 1344/1555/1344
f 1322/1556/1322 1321/1552/1321 1336/1553/1336 1337/1557/1337
f 1330/1558/1330 1329/1554/1329 1344/1555/1344 1345/1559/1345
f 1323/1560/1323 1322/1556/1322 1337/1557/1337 1338/1561/1338
f 1331/1562/1331 1330/1558/1330 1345/1559/1345 1346/1563/1346
f 1324/1564/1324 1323/1560/1323 1338/1561/1338 1339/1565/1339
f 1332/1566/1332 1331/1562/1331 1346/1563/1346 1347/1567/1347
f 1325/1568/1325 1324/1564/1324 1339/1565/1339 1340/1569/1340
f 1333/1570/1333 1332/1566/1332 1347/1567/1347 1348/1571/1348
f 1326/1572/1326 1325/1568/1325 1340/1569/1340 1341/1573/1341
f 1334/1546/1334 1333/1570/1333 1348/1571/1348 1349/1547/1349
f 1327/1549/1327 1326/1572/1326 1341/1573/1341 1342/1550/1342
f 1339/1565/1339 1338/1561/1338 1353/1574/1353 1354/1575/1354
f 1347/1567/1347 1346/1563/1346 1361/1576/1361 1362/1577/1362
f 1340/1569/1340 1339/1565/1339 1354/1575/1354 1355/1578/1355
f 1348/1571/1348 1347/1567/1347 1362/1577/1362 1363/1579/1363
f 1341/1573/1341 1340/1569/1340 1355/1578/1355 1356/1580/1356
f 1349/1547/1349 1348/1571/1348 1363/1579/1363 1364/1581/1364
f 1342/1550/1342 1341/1573/1341 1356/1580/1356 1357/1582/1357
f 1335/1544/1335 1048/1583/1048 1350/1584/1350
f 1079/1585/1079 1349/1547/1349 1364/1581/1364
f 1343/1551/1343 1342/1550/1342 1357/1582/1357 1358/1586/1358
f 1336/1553/1336 1335/1544/1335 1350/1584/1350 1351/1587/1351
f 1344/1555/1344 1343/1551/1343 1358/1586/1358 1359/1588/1359
f 1337/1557/1337 1336/1553/1336 1351/1587/1351 1352/1589/1352
f 1345/1559/1345 1344/1555/1344 1359/1588/1359 1360/1590/1360
f 1338/1561/1338 1337/1557/1337 1352/1589/1352 1353/1574/1353
f 1346/1563/1346 1345/1559/1345 1360/1590/1360 1361/1576/1361
f 1358/1586/1358 1357/1582/1357 1372/1591/1372 1373/1592/1373
f 1351/1587/1351 1350/1584/1350 1365/1593/1365 1366/1594/1366
f 1359/1588/1359 1358/1586/1358 1373/1592/1373 1374/1595/1374
f 1352/1589/1352 1351/1587/1351 1366/1594/1366 1367/1596/1367
f 1360/1590/1360 1359/1588/1359 1374/1595/1374 1375/1597/1375
f 1353/1574/1353 1352/1589/1352 1367/1596/1367 1368/1598/1368
f 1361/1576/1361 1360/1590/1360 1375/1597/1375 1376/1599/1376
f 1354/1575/1354 1353/1574/1353 1368/1598/1368 1369/1600/1369
f 1362/1577/1362 1361/1576/1361 1376/1599/1376 1377/1601/1377
f 1355/1578/1355 1354/1575/1354 1369/1600/1369 1370/1602/1370
f 1363/1579/1363 1362/1577/1362 1377/1601/1377 1378/1603/1378
f 1356/1580/1356 1355/1578/1355 1370/1602/1370 1371/1604/1371
f 1364/1581/1364 1363/1579/1363 1378/1603/1378 1379/1605/1379
f 1357/1582/1357 1356/1580/1356 1371/1604/1371 1372/1591/1372
f 1350/1584/1350 1048/1606/1048 1365/1593/1365
f 1079/1607/1079 1364/1581/1364 1379/1605/1379
f 1377/1601/1377 1376/1599/1376 1391/1608/1391 1392/1609/1392
f 1370/1602/1370 1369/1600/1369 1384/1610/1384 1385/1611/1385
f 1378/1603/1378 1377/1601/1377 1392/1609/1392 1393/1612/1393
f 1371/1604/1371 1370/1602/1370 1385/1611/1385 1386/1613/1386
f 1379/1605/1379 1378/1603/1378 1393/1612/1393 1394/1614/1394
f 1372/1591/1372 1371/1604/1371 1386/1613/1386 1387/1615/1387
f 1365/1593/1365 1048/1616/1048 1380/1617/1380
f 1079/1618/1079 1379/1605/1379 1394/1614/1394
f 1373/1592/1373 1372/1591/1372 1387/1615/1387 1388/1619/1388
f 1366/1594/1366 1365/1593/1365 1380/1617/1380 1381/1620/1381
f 1374/1595/1374 1373/1592/1373 1388/1619/1388 1389/1621/1389
f 1367/1596/1367 1366/1594/1366 1381/1620/1381 1382/1622/1382
f 1375/1597/1375 1374/1595/1374 1389/1621/1389 1390/1623/1390
f 1368/1598/1368 1367/1596/1367 1382/1622/1382 1383/1624/1383
f 1376/1599/1376 1375/1597/1375 1390/1623/1390 1391/1608/1391
f 1369/1600/1369 1368/1598/1368 1383/1624/1383 1384/1610/1384
f 1389/1621/1389 1388/1619/1388 1403/1625/1403 1404/1626/1404
f 1382/1622/1382 1381/1620/1381 1396/1627/1396 1397/1628/1397
f 1390/1623/1390 1389/1621/1389 1404/1626/1404 1405/1629/1405
f 1383/1624/1383 1382/1622/1382 1397/1628/1397 1398/1630/1398
f 1391/1608/1391 1390/1623/1390 1405/1629/1405 1406/1631/1406
f 1384/1610/1384 1383/1624/1383 1398/1630/1398 1399/1632/1399
f 1392/1609/1392 1391/1608/1391 1406/1631/1406 1407/1633/1407
f 1385/1611/1385 1384/1610/1384 1399/1632/1399 1400/1634/1400
f 1393/1612/1393 1392/1609/1392 1407/1633/1407 1408/1635/1408
f 1386/1613/1386 1385/1611/1385 1400/1634/1400 1401/1636/1401
f 1394/1614/1394 1393/1612/1393 1408/1635/1408 1409/1637/1409
f 1387/1615/1387 1386/1613/1386 1401/1636/1401 1402/1638/1402
f 1380/1617/1380 1048/1639/1048 1395/1640/1395
f 1079/1641/1079 1394/1614/1394 1409/1637/1409
f 1388/1619/1388 1387/1615/1387 1402/1638/1402 1403/1625/1403
f 1381/1620/1381 1380/1617/1380 1395/1640/1395 1396/1627/1396
f 1408/1635/1408 1407/1633/1407 1422/1642/1422 1423/1643/1423
f 1401/1636/1401 1400/1634/1400 1415/1644/1415 1416/1645/1416
f 1409/1637/1409 1408/1635/1408 1423/1643/1423 1424/1646/1424
f 1402/1638/1402 1401/1636/1401 1416/1645/1416 1417/1647/1417
f 1395/1640/1395 1048/1648/1048 1410/1649/1410
f 1079/1650/1079 1409/1637/1409 1424/1646/1424
f 1403/1625/1403 1402/1638/1402 1417/1647/1417 1418/1651/1418
f 1396/1627/1396 1395/1640/1395 1410/1649/1410 1411/1652/1411
f 1404/1626/1404 1403/1625/1403 1418/1651/1418 1419/1653/1419
f 1397/1628/1397 1396/1627/1396 1411/1652/1411 1412/1654/1412
f 1405/1629/1405 1404/1626/1404 1419/1653/1419 1420/1655/1420
f 1398/1630/1398 1397/1628/1397 1412/1654/1412 1413/1656/1413
f 1406/1631/1406 1405/1629/1405 1420/1655/1420 1421/1657/1421
f 1399/1632/1399 1398/1630/1398 1413/1656/1413 1414/1658/1414
f 1407/1633/1407 1406/1631/1406 1421/1657/1421 1422/1642/1422
f 1400/1634/1400 1399/1632/1399 1414/1658/1414 1415/1644/1415
f 1412/1654/1412 1411/1652/1411 1426/1659/1426 1427/1660/1427
f 1420/1655/1420 1419/1653/1419 1434/1661/1434 1435/1662/1435
f 1413/1656/1413 1412/1654/1412 1427/1660/1427 1428/1663/1428
f 1421/1657/1421 1420/1655/1420 1435/1662/1435 1436/1664/1436
f 1414/1658/1414 1413/1656/1413 1428/1663/1428 1429/1665/1429
f 1422/1642/1422 1421/1657/1421 1436/1664/1436 1437/1666/1437
f 1415/1644/1415 1414/1658/1414 1429/1665/1429 1430/1667/1430
f 1423/1643/1423 1422/1642/1422 1437/1666/1437 1438/1668/1438
f 1416/1645/1416 1415/1644/1415 1430/1667/1430 1431/1669/1431
f 1424/1646/1424 1423/1643/1423 1438/1668/1438 1439/1670/1439
f 1417/1647/1417 1416/1645/1416 1431/1669/1431 1432/1671/1432
f 1410/1649/1410 1048/1672/1048 1425/1673/1425
f 1079/1674/1079 1424/1646/1424 1439/1670/1439
f 1418/1651/1418 1417/1647/1417 1432/1671/1432 1433/1675/1433
f 1411/1652/1411 1410/1649/1410 1425/1673/1425 1426/1659/1426
f 1419/1653/1419 1418/1651/1418 1433/1675/1433 1434/1661/1434
f 1431/1669/1431 1430/1667/1430 968/1124/968 1442/1123/1442
f 1439/1670/1439 1438/1668/1438 1445/1119/1445 1446/1127/1446
f 1432/1671/1432 1431/1669/1431 1442/1123/1442 969/1129/969
f 1425/1673/1425 1048/1676/1048 965/1131/965
f 1079/1677/1079 1439/1670/1439 1446/1127/1446
f 1433/1675/1433 1432/1671/1432 969/1129/969 970/1135/970
f 1426/1659/1426 1425/1673/1425 965/1131/965 1440/1137/1440
f 1434/1661/1434 1433/1675/1433 970/1135/970 971/1139/971
f 1427/1660/1427 1426/1659/1426 1440/1137/1440 966/1141/966
f 1435/1662/1435 1434/1661/1434 971/1139/971 972/1143/972
f 1428/1663/1428 1427/1660/1427 966/1141/966 967/1145/967
f 1436/1664/1436 1435/1662/1435 972/1143/972 1443/1147/1443
f 1429/1665/1429 1428/1663/1428 967/1145/967 1441/1149/1441
f 1437/1666/1437 1436/1664/1436 1443/1147/1443 1444/1120/1444
f 1430/1667/1430 1429/1665/1429 1441/1149/1441 968/1124/968
f 1438/1668/1438 1437/1666/1437 1444/1120/1444 1445/1119/1445
o Sphere.003
v -0.441964 -0.115212 -0.788307
v -0.441964 -0.122616 -0.786476
v -0.441964 -0.124673 -0.784180
v -0.441964 -0.125053 -0.779389
v -0.441964 -0.123747 -0.777848
v -0.441964 -0.121952 -0.777341
v -0.441964 -0.120227 -0.778195
v -0.441964 -0.119591 -0.783364
v -0.441964 -0.124715 -0.788790
v -0.441693 -0.114742 -0.788377
v -0.441701 -0.118524 -0.788341
v -0.441931 -0.121565 -0.787182
v -0.442304 -0.123590 -0.785306
v -0.442731 -0.124498 -0.783162
v -0.443119 -0.124351 -0.781209
v -0.443387 -0.123377 -0.779860
v -0.443475 -0.121952 -0.779420
v -0.443319 -0.120597 -0.780204
v -0.442924 -0.119966 -0.782193
v -0.442396 -0.120546 -0.784846
v -0.441871 -0.122518 -0.787486
v -0.441480 -0.125762 -0.789450
v -0.441329 -0.129907 -0.790209
v -0.441484 -0.134408 -0.789432
v -0.441385 -0.114129 -0.788414
v -0.441270 -0.117427 -0.788691
v -0.441541 -0.120181 -0.788036
v -0.442072 -0.122142 -0.786755
v -0.442717 -0.123197 -0.785198
v -0.443322 -0.123375 -0.783737
v -0.443745 -0.122855 -0.782715
v -0.443880 -0.121952 -0.782389
v -0.443610 -0.121120 -0.783041
v -0.442940 -0.120940 -0.784659
v -0.442065 -0.121837 -0.786771
v -0.441229 -0.123948 -0.788791
v -0.440662 -0.127123 -0.790158
v -0.440545 -0.130984 -0.790443
v -0.440974 -0.135012 -0.789406
v -0.441039 -0.113394 -0.788399
v -0.440648 -0.116108 -0.788984
v -0.440722 -0.118507 -0.788875
v -0.441129 -0.120372 -0.788265
v -0.441711 -0.121590 -0.787394
v -0.442292 -0.122158 -0.786524
v -0.442706 -0.122199 -0.785904
v -0.442829 -0.121952 -0.785721
v -0.442508 -0.121777 -0.786201
v -0.441743 -0.122153 -0.787346
v -0.440780 -0.123427 -0.788788
v -0.439923 -0.125685 -0.790070
v -0.439461 -0.128758 -0.790762
v -0.439603 -0.132270 -0.790549
v -0.440445 -0.135730 -0.789290
v -0.440667 -0.112565 -0.788312
v -0.439845 -0.114615 -0.789134
v -0.439473 -0.116602 -0.789507
v -0.439458 -0.118349 -0.789521
v -0.439675 -0.119745 -0.789304
v -0.439972 -0.120756 -0.789008
v -0.440198 -0.121441 -0.788781
v -0.440243 -0.121952 -0.788737
v -0.439942 -0.122536 -0.789038
v -0.439281 -0.123551 -0.789698
v -0.438514 -0.125249 -0.790465
v -0.437954 -0.127665 -0.791025
v -0.437893 -0.130610 -0.791086
v -0.438527 -0.133719 -0.790452
v -0.439913 -0.136537 -0.789066
v -0.440286 -0.111672 -0.788136
v -0.438908 -0.113002 -0.789057
v -0.437876 -0.114539 -0.789747
v -0.437179 -0.116157 -0.790212
v -0.436767 -0.117746 -0.790488
v -0.436554 -0.119237 -0.790630
v -0.436440 -0.120621 -0.790706
v -0.436351 -0.121952 -0.790766
v -0.436131 -0.123357 -0.790913
v -0.435750 -0.125065 -0.791167
v -0.435431 -0.127225 -0.791380
v -0.435449 -0.129811 -0.791368
v -0.436051 -0.132615 -0.790966
v -0.437376 -0.135283 -0.790081
v -0.439404 -0.137405 -0.788726
v -0.441964 -0.110685 -0.787015
v -0.439924 -0.110747 -0.787860
v -0.437918 -0.111328 -0.788691
v -0.436085 -0.112398 -0.789450
v -0.434530 -0.113884 -0.790095
v -0.433312 -0.115680 -0.790599
v -0.432441 -0.117674 -0.790960
v -0.431891 -0.119779 -0.791187
v -0.431635 -0.121952 -0.791294
v -0.431539 -0.124201 -0.791333
v -0.431556 -0.126626 -0.791326
v -0.431858 -0.129268 -0.791201
v -0.432650 -0.132038 -0.790873
v -0.434094 -0.134697 -0.790275
v -0.436235 -0.136904 -0.789388
v -0.438950 -0.138302 -0.788264
v -0.439613 -0.109825 -0.787483
v -0.436978 -0.109656 -0.788007
v -0.434306 -0.110259 -0.788538
v -0.431831 -0.111619 -0.789031
v -0.429745 -0.113629 -0.789446
v -0.428169 -0.116127 -0.789759
v -0.427154 -0.118949 -0.789961
v -0.426724 -0.121952 -0.790046
v -0.426773 -0.125032 -0.790037
v -0.427236 -0.128169 -0.789945
v -0.428231 -0.131300 -0.789747
v -0.429877 -0.134261 -0.789419
v -0.432229 -0.136781 -0.788952
v -0.435213 -0.138526 -0.788358
v -0.438584 -0.139195 -0.787687
v -0.441964 -0.138626 -0.787015
v -0.439386 -0.108941 -0.787015
v -0.436204 -0.108049 -0.787015
v -0.432767 -0.108204 -0.787015
v -0.429441 -0.109446 -0.787015
v -0.426547 -0.111666 -0.787015
v -0.424315 -0.114653 -0.787015
v -0.422875 -0.118161 -0.787015
v -0.422295 -0.121952 -0.787015
v -0.422487 -0.125821 -0.787015
v -0.423376 -0.129639 -0.787015
v -0.425029 -0.133246 -0.787015
v -0.427482 -0.136400 -0.787015
v -0.430681 -0.138790 -0.787015
v -0.434424 -0.140087 -0.787015
v -0.438342 -0.140051 -0.787015
v -0.439270 -0.108120 -0.786479
v -0.435692 -0.106540 -0.785767
v -0.431653 -0.106255 -0.784964
v -0.427630 -0.107373 -0.784164
v -0.424063 -0.109786 -0.783454
v -0.421281 -0.113237 -0.782901
v -0.419489 -0.117404 -0.782544
v -0.418796 -0.121952 -0.782407
v -0.419128 -0.126573 -0.782472
v -0.420394 -0.131040 -0.782724
v -0.422616 -0.135098 -0.783166
v -0.425751 -0.138432 -0.783790
v -0.429640 -0.140688 -0.784564
v -0.433965 -0.141550 -0.785424
v -0.438253 -0.140843 -0.786277
v -0.439288 -0.107389 -0.785906
v -0.435519 -0.105159 -0.784345
v -0.431116 -0.104436 -0.782522
v -0.426627 -0.105403 -0.780662
v -0.422581 -0.107976 -0.778986
v -0.419396 -0.111863 -0.777667
v -0.417349 -0.116667 -0.776819
v -0.416591 -0.121952 -0.776505
v -0.417057 -0.127300 -0.776698
v -0.418633 -0.132381 -0.777351
v -0.421292 -0.136855 -0.778452
v -0.424917 -0.140336 -0.779954
v -0.429260 -0.142442 -0.781753
v -0.433912 -0.142878 -0.783680
v -0.438335 -0.141546 -0.785512
v -0.439451 -0.106776 -0.785336
v -0.435747 -0.103968 -0.782861
v -0.431296 -0.102825 -0.779887
v -0.426666 -0.103621 -0.776793
v -0.422430 -0.106309 -0.773963
v -0.419068 -0.110584 -0.771716
v -0.416910 -0.115978 -0.770274
v -0.416147 -0.121952 -0.769764
v -0.416716 -0.127973 -0.770145
v -0.418480 -0.133612 -0.771323
v -0.421365 -0.138446 -0.773251
v -0.425199 -0.142034 -0.775813
v -0.429669 -0.143976 -0.778800
v -0.434321 -0.144013 -0.781908
v -0.438598 -0.142129 -0.784766
v -0.439760 -0.106311 -0.784810
v -0.436397 -0.103026 -0.781447
v -0.432262 -0.101505 -0.777312
v -0.427882 -0.102118 -0.772933
v -0.423821 -0.104873 -0.768872
v -0.420569 -0.109464 -0.765620
v -0.418485 -0.115371 -0.763536
v -0.417779 -0.121952 -0.762830
v -0.418394 -0.128560 -0.763444
v -0.420173 -0.134671 -0.765224
v -0.423012 -0.139791 -0.768063
v -0.426704 -0.143439 -0.771755
v -0.430918 -0.145213 -0.775968
v -0.435200 -0.144899 -0.780251
v -0.439038 -0.142568 -0.784089
v -0.440199 -0.106018 -0.784373
v -0.437441 -0.102389 -0.780245
v -0.433987 -0.100562 -0.775076
v -0.430271 -0.100996 -0.769515
v -0.426781 -0.103765 -0.764292
v -0.423964 -0.108582 -0.760075
v -0.422159 -0.114887 -0.757374
v -0.421570 -0.121952 -0.756493
v -0.422148 -0.129021 -0.757358
v -0.423739 -0.135489 -0.759739
v -0.426225 -0.140804 -0.763460
v -0.429401 -0.144462 -0.768213
v -0.432961 -0.146077 -0.773540
v -0.436513 -0.145485 -0.778856
v -0.439634 -0.142838 -0.783528
v -0.440740 -0.105913 -0.784059
v -0.438802 -0.102103 -0.779382
v -0.436343 -0.100073 -0.773444
v -0.433662 -0.100354 -0.766972
v -0.431116 -0.103089 -0.760825
v -0.429044 -0.108022 -0.755822
v -0.427715 -0.114574 -0.752615
v -0.427295 -0.121952 -0.751601
v -0.427747 -0.129315 -0.752690
v -0.428943 -0.135992 -0.755579
v -0.430782 -0.141396 -0.760018
v -0.433096 -0.145017 -0.765606
v -0.435654 -0.146498 -0.771780
v -0.438170 -0.145728 -0.777855
v -0.440353 -0.142924 -0.783124
v -0.441344 -0.106008 -0.783896
v -0.440361 -0.102204 -0.778953
v -0.439103 -0.100103 -0.772628
v -0.437718 -0.100284 -0.765668
v -0.436391 -0.102942 -0.758995
v -0.435303 -0.107864 -0.753526
v -0.434604 -0.114476 -0.750013
v -0.434388 -0.121952 -0.748926
v -0.434634 -0.129398 -0.750164
v -0.435271 -0.136108 -0.753366
v -0.436238 -0.141483 -0.758226
v -0.437441 -0.145027 -0.764277
v -0.438757 -0.146421 -0.770893
v -0.440041 -0.145600 -0.777344
v -0.441147 -0.142818 -0.782906
v -0.441964 -0.106302 -0.783895
v -0.441964 -0.102706 -0.779006
v -0.441964 -0.100695 -0.772746
v -0.441964 -0.100852 -0.765823
v -0.441964 -0.103405 -0.759144
v -0.441964 -0.108182 -0.753641
v -0.441964 -0.114636 -0.750097
v -0.441964 -0.121952 -0.749010
v -0.441964 -0.129233 -0.750278
v -0.441964 -0.135775 -0.753515
v -0.441964 -0.140997 -0.758394
v -0.441964 -0.144437 -0.764427
v -0.441964 -0.145811 -0.770989
v -0.441964 -0.145086 -0.777370
v -0.441964 -0.142519 -0.782887
v -0.442554 -0.106776 -0.784051
v -0.443457 -0.103558 -0.779512
v -0.444607 -0.101764 -0.773729
v -0.445882 -0.101954 -0.767320
v -0.447117 -0.104373 -0.761111
v -0.448139 -0.108890 -0.755970
v -0.448800 -0.115007 -0.752647
v -0.449004 -0.121952 -0.751625
v -0.448768 -0.128864 -0.752812
v -0.448167 -0.135073 -0.755832
v -0.447266 -0.140037 -0.760364
v -0.446155 -0.143341 -0.765945
v -0.444950 -0.144746 -0.772002
v -0.443776 -0.144237 -0.777906
v -0.442751 -0.142046 -0.783061
v -0.443072 -0.107401 -0.784341
v -0.444710 -0.104690 -0.780387
v -0.446777 -0.103200 -0.775395
v -0.449070 -0.103452 -0.769859
v -0.451302 -0.105707 -0.764472
v -0.453158 -0.109878 -0.759990
v -0.454365 -0.115529 -0.757078
v -0.454740 -0.121952 -0.756171
v -0.454315 -0.128351 -0.757197
v -0.453230 -0.134104 -0.759816
v -0.451607 -0.138727 -0.763735
v -0.449615 -0.141864 -0.768544
v -0.447455 -0.143327 -0.773759
v -0.445338 -0.143116 -0.778871
v -0.443458 -0.141428 -0.783408
v -0.443487 -0.108152 -0.784737
v -0.445629 -0.106064 -0.781531
v -0.448290 -0.104962 -0.777547
v -0.451235 -0.105319 -0.773140
v -0.454108 -0.107394 -0.768841
v -0.456509 -0.111142 -0.765248
v -0.458077 -0.116201 -0.762900
v -0.458574 -0.121952 -0.762156
v -0.458039 -0.127690 -0.762958
v -0.456655 -0.132871 -0.765029
v -0.454586 -0.137082 -0.768126
v -0.452048 -0.140037 -0.771924
v -0.449286 -0.141595 -0.776058
v -0.446546 -0.141763 -0.780159
v -0.444049 -0.140688 -0.783895
v -0.443778 -0.109003 -0.785201
v -0.446162 -0.107629 -0.782817
v -0.449047 -0.106991 -0.779933
v -0.452211 -0.107495 -0.776768
v -0.455298 -0.109384 -0.773681
v -0.457884 -0.112651 -0.771095
v -0.459582 -0.117009 -0.769397
v -0.460134 -0.121952 -0.768845
v -0.459586 -0.126897 -0.769394
v -0.458139 -0.131403 -0.770840
v -0.455965 -0.135146 -0.773015
v -0.453284 -0.137914 -0.775695
v -0.450333 -0.139608 -0.778646
v -0.447338 -0.140228 -0.781641
v -0.444497 -0.139853 -0.784483
v -0.443941 -0.109919 -0.785694
v -0.446308 -0.109323 -0.784113
v -0.449048 -0.109207 -0.782282
v -0.452003 -0.109893 -0.780308
v -0.454869 -0.111598 -0.778393
v -0.457270 -0.114340 -0.776788
v -0.458855 -0.117919 -0.775729
v -0.459387 -0.121952 -0.775374
v -0.458923 -0.126002 -0.775683
v -0.457659 -0.129757 -0.776528
v -0.455732 -0.132996 -0.777816
v -0.453318 -0.135580 -0.779429
v -0.450590 -0.137444 -0.781251
v -0.447703 -0.138569 -0.783180
v -0.444789 -0.138957 -0.785127
v -0.443982 -0.110865 -0.786179
v -0.446108 -0.111078 -0.785298
v -0.448397 -0.111510 -0.784350
v -0.450783 -0.112399 -0.783362
v -0.453065 -0.113922 -0.782417
v -0.454969 -0.116123 -0.781628
v -0.456232 -0.118882 -0.781105
v -0.456675 -0.121952 -0.780922
v -0.456374 -0.125054 -0.781046
v -0.455496 -0.128017 -0.781410
v -0.454112 -0.130734 -0.781983
v -0.452307 -0.133142 -0.782731
v -0.450147 -0.135199 -0.783625
v -0.447675 -0.136857 -0.784649
v -0.444928 -0.138035 -0.785787
v -0.443917 -0.111802 -0.786627
v -0.445646 -0.112816 -0.786283
v -0.447281 -0.113793 -0.785957
v -0.448869 -0.114883 -0.785642
v -0.450339 -0.116229 -0.785349
v -0.451549 -0.117894 -0.785108
v -0.452356 -0.119840 -0.784948
v -0.452658 -0.121952 -0.784888
v -0.452557 -0.124105 -0.784908
v -0.452185 -0.126278 -0.784982
v -0.451526 -0.128479 -0.785113
v -0.450546 -0.130717 -0.785308
v -0.449177 -0.132973 -0.785580
v -0.447328 -0.135163 -0.785948
v -0.444928 -0.137123 -0.786426
v -0.443773 -0.112694 -0.787015
v -0.445025 -0.114464 -0.787015
v -0.445930 -0.115947 -0.787015
v -0.446650 -0.117217 -0.787015
v -0.447248 -0.118388 -0.787015
v -0.447718 -0.119547 -0.787015
v -0.448032 -0.120735 -0.787015
v -0.448167 -0.121952 -0.787015
v -0.448258 -0.123215 -0.787015
v -0.448406 -0.124640 -0.787015
v -0.448508 -0.126353 -0.787015
v -0.448406 -0.128429 -0.787015
v -0.447897 -0.130870 -0.787015
v -0.446759 -0.133561 -0.787015
v -0.444808 -0.136259 -0.787015
v -0.443573 -0.113513 -0.787335
v -0.444339 -0.115982 -0.787487
v -0.444540 -0.117931 -0.787527
v -0.444436 -0.119364 -0.787507
v -0.444213 -0.120372 -0.787462
v -0.443986 -0.121067 -0.787417
v -0.443834 -0.121558 -0.787387
v -0.443805 -0.121952 -0.787381
v -0.444064 -0.122394 -0.787433
v -0.444686 -0.123132 -0.787556
v -0.445489 -0.124396 -0.787716
v -0.446204 -0.126328 -0.787858
v -0.446506 -0.128942 -0.787919
v -0.446061 -0.132095 -0.787830
v -0.444595 -0.135469 -0.787538
v -0.443343 -0.114235 -0.787586
v -0.443676 -0.117333 -0.787724
v -0.443279 -0.119711 -0.787560
v -0.442488 -0.121300 -0.787232
v -0.441583 -0.122166 -0.786857
v -0.440780 -0.122443 -0.786525
v -0.440242 -0.122303 -0.786301
v -0.440078 -0.121952 -0.786233
v -0.440472 -0.121651 -0.786397
v -0.441475 -0.121772 -0.786812
v -0.442840 -0.122641 -0.787378
v -0.444212 -0.124454 -0.787946
v -0.445177 -0.127235 -0.788346
v -0.445322 -0.130805 -0.788406
v -0.444312 -0.134780 -0.787987
v -0.443104 -0.114829 -0.787776
v -0.443111 -0.118460 -0.787781
v -0.442307 -0.121207 -0.787244
v -0.441065 -0.122935 -0.786414
v -0.439719 -0.123683 -0.785515
v -0.438547 -0.123606 -0.784732
v -0.437764 -0.122933 -0.784208
v -0.437513 -0.121952 -0.784041
v -0.437986 -0.121024 -0.784357
v -0.439213 -0.120628 -0.785177
v -0.440910 -0.121171 -0.786310
v -0.442678 -0.122894 -0.787492
v -0.444062 -0.125821 -0.788417
v -0.444615 -0.129745 -0.788786
v -0.443981 -0.134220 -0.788363
v -0.442869 -0.115270 -0.787920
v -0.442685 -0.119313 -0.787736
v -0.441708 -0.122354 -0.786759
v -0.440298 -0.124198 -0.785349
v -0.438799 -0.124862 -0.783849
v -0.437501 -0.124512 -0.782552
v -0.436636 -0.123424 -0.781687
v -0.436355 -0.121952 -0.781406
v -0.436840 -0.120538 -0.781891
v -0.438105 -0.119744 -0.783156
v -0.439866 -0.120044 -0.784917
v -0.441726 -0.121709 -0.786777
v -0.443241 -0.124761 -0.788292
v -0.443985 -0.128959 -0.789036
v -0.443620 -0.133811 -0.788671
v -0.442645 -0.115538 -0.788033
v -0.442405 -0.119852 -0.787674
v -0.441483 -0.123100 -0.786295
v -0.440185 -0.125038 -0.784351
v -0.438810 -0.125659 -0.782294
v -0.437621 -0.125132 -0.780515
v -0.436828 -0.123762 -0.779328
v -0.436570 -0.121952 -0.778941
v -0.437000 -0.120204 -0.779586
v -0.438125 -0.119146 -0.781269
v -0.439690 -0.119297 -0.783611
v -0.441348 -0.120943 -0.786093
v -0.442718 -0.124095 -0.788143
v -0.443441 -0.128483 -0.789224
v -0.443238 -0.133571 -0.788921
v -0.442427 -0.115621 -0.788131
v -0.442236 -0.120049 -0.787671
v -0.441553 -0.123408 -0.786023
v -0.440592 -0.125417 -0.783703
v -0.439570 -0.126042 -0.781235
v -0.438682 -0.125445 -0.779091
v -0.438087 -0.123937 -0.777655
v -0.437893 -0.121952 -0.777185
v -0.438213 -0.120032 -0.777959
v -0.439047 -0.118852 -0.779971
v -0.440201 -0.118957 -0.782758
v -0.441418 -0.120628 -0.785697
v -0.442422 -0.123856 -0.788119
v -0.442958 -0.128337 -0.789413
v -0.442837 -0.133511 -0.789122
v -0.442204 -0.115512 -0.788222
v -0.442116 -0.119887 -0.787778
v -0.441776 -0.123250 -0.786066
v -0.441287 -0.125303 -0.783612
v -0.440761 -0.125983 -0.780966
v -0.440299 -0.125427 -0.778644
v -0.439987 -0.123938 -0.777076
v -0.439885 -0.121952 -0.776562
v -0.440054 -0.120035 -0.777411
v -0.440491 -0.118883 -0.779610
v -0.441092 -0.119046 -0.782629
v -0.441717 -0.120787 -0.785773
v -0.442224 -0.124060 -0.788322
v -0.442487 -0.128533 -0.789642
v -0.442414 -0.133635 -0.789277
v -0.441964 -0.119364 -0.788014
v -0.441964 -0.125452 -0.781648
v -0.441964 -0.119263 -0.780389
v -0.441964 -0.121437 -0.786404
v -0.441964 -0.129071 -0.789920
v -0.441964 -0.133941 -0.789384
vn -0.5579 0.0847 -0.8256
vn -0.5871 0.6341 0.5032
vn 0.4911 0.7587 0.4279
vn 0.5698 0.7402 -0.3571
vn 0.5898 0.4315 -0.6826
vn 0.5942 -0.0736 -0.8009
vn 0.5640 -0.5917 -0.5760
vn 0.4382 -0.8530 0.2835
vn -0.4869 0.3529 -0.7990
vn -0.5475 0.1165 -0.8287
vn -0.5565 -0.1155 -0.8228
vn -0.9601 0.1162 -0.2542
vn 0.5601 0.6145 0.5557
vn 0.7061 0.6631 0.2485
vn 0.8126 0.5801 -0.0569
vn 0.8920 0.3361 -0.3024
vn 0.9166 -0.0658 -0.3943
vn 0.8435 -0.4888 -0.2228
vn 0.6922 -0.7138 0.1071
vn 0.5198 -0.7306 0.4428
vn -0.7087 0.3383 -0.6191
vn -0.4388 0.2707 -0.8569
vn -0.3981 -0.0028 -0.9173
vn -0.4221 -0.2766 -0.8633
vn -0.5018 0.1568 -0.8507
vn -0.4932 -0.0355 -0.8692
vn -0.5600 -0.2183 -0.7992
vn -0.9598 0.0161 -0.2801
vn 0.7463 0.4621 0.4792
vn 0.8704 0.4067 0.2775
vn 0.9656 0.2355 0.1102
vn 0.9974 -0.0598 0.0397
vn 0.9096 -0.3795 0.1691
vn 0.7330 -0.5558 0.3921
vn -0.7620 0.3314 -0.5564
vn -0.4545 0.3743 -0.8083
vn -0.3663 0.1691 -0.9150
vn -0.3363 -0.0779 -0.9385
vn -0.3776 -0.3138 -0.8712
vn -0.4415 0.2077 -0.8729
vn -0.4219 0.0595 -0.9047
vn -0.4608 -0.0924 -0.8827
vn -0.5298 -0.2158 -0.8202
vn -0.5704 -0.3342 -0.7503
vn 0.7510 0.4437 -0.4889
vn 0.9606 0.2735 -0.0491
vn 0.9735 -0.0888 0.2109
vn 0.6619 -0.6708 -0.3344
vn -0.6180 0.3813 -0.6875
vn -0.4616 0.3642 -0.8089
vn -0.3407 0.2403 -0.9089
vn -0.2706 0.0517 -0.9613
vn -0.2601 -0.1641 -0.9515
vn -0.3222 -0.3606 -0.8753
vn -0.3787 0.2693 -0.8855
vn -0.3441 0.1653 -0.9243
vn -0.3529 0.0513 -0.9342
vn -0.3916 -0.0468 -0.9190
vn -0.4522 -0.1131 -0.8847
vn -0.5245 -0.1363 -0.8404
vn -0.6004 -0.1037 -0.7930
vn -0.6420 0.0424 -0.7656
vn -0.5459 0.1958 -0.8146
vn -0.4156 0.2484 -0.8750
vn -0.2900 0.2077 -0.9342
vn -0.1960 0.0901 -0.9765
vn -0.1542 -0.0771 -0.9850
vn -0.1750 -0.2599 -0.9496
vn -0.2636 -0.4167 -0.8700
vn -0.3239 0.3399 -0.8829
vn -0.2646 0.2782 -0.9234
vn -0.2304 0.2010 -0.9521
vn -0.2204 0.1238 -0.9675
vn -0.2322 0.0601 -0.9708
vn -0.2578 0.0219 -0.9660
vn -0.2815 0.0132 -0.9595
vn -0.2880 0.0424 -0.9567
vn -0.2438 0.0949 -0.9652
vn -0.1573 0.1062 -0.9818
vn -0.0738 0.0488 -0.9961
vn -0.0228 -0.0651 -0.9976
vn -0.0246 -0.2125 -0.9769
vn -0.0878 -0.3626 -0.9278
vn -0.2098 -0.4804 -0.8516
vn -0.3567 0.4203 -0.8343
vn -0.2852 0.4167 -0.8631
vn -0.1874 0.3945 -0.8996
vn -0.0989 0.3503 -0.9314
vn -0.0272 0.2873 -0.9575
vn 0.0227 0.2156 -0.9762
vn 0.0521 0.1459 -0.9879
vn 0.0680 0.0831 -0.9942
vn 0.0774 0.0399 -0.9962
vn 0.0999 0.0177 -0.9948
vn 0.1387 -0.0216 -0.9901
vn 0.1683 -0.1026 -0.9804
vn 0.1640 -0.2181 -0.9620
vn 0.1082 -0.3492 -0.9308
vn -0.0052 -0.4684 -0.8835
vn -0.1673 -0.5484 -0.8193
vn -0.2656 0.4936 -0.8281
vn -0.1177 0.5082 -0.8532
vn 0.0289 0.4914 -0.8705
vn 0.1634 0.4357 -0.8851
vn 0.2725 0.3505 -0.8961
vn 0.3504 0.2483 -0.9031
vn 0.3983 0.1385 -0.9067
vn 0.4193 0.0379 -0.9071
vn 0.4271 -0.0444 -0.9031
vn 0.4273 -0.1312 -0.8946
vn 0.4052 -0.2394 -0.8823
vn 0.3442 -0.3620 -0.8663
vn 0.2318 -0.4817 -0.8452
vn 0.0661 -0.5731 -0.8168
vn -0.1400 -0.6160 -0.7752
vn -0.3345 -0.5721 -0.7489
vn -0.2602 0.5601 -0.7865
vn -0.0609 0.6097 -0.7903
vn 0.1372 0.6142 -0.7771
vn 0.3243 0.5611 -0.7616
vn 0.4804 0.4605 -0.7465
vn 0.5946 0.3289 -0.7337
vn 0.6651 0.1805 -0.7246
vn 0.6937 0.0350 -0.7194
vn 0.6912 -0.0941 -0.7165
vn 0.6635 -0.2208 -0.7148
vn 0.6011 -0.3555 -0.7158
vn 0.4926 -0.4886 -0.7201
vn 0.3307 -0.6016 -0.7271
vn 0.1190 -0.6693 -0.7334
vn -0.1278 -0.6761 -0.7257
vn -0.2602 0.6096 -0.7488
vn -0.0210 0.6927 -0.7209
vn 0.2145 0.7141 -0.6664
vn 0.4379 0.6612 -0.6091
vn 0.6249 0.5463 -0.5577
vn 0.7617 0.3899 -0.5174
vn 0.8455 0.2104 -0.4907
vn 0.8778 0.0303 -0.4781
vn 0.8684 -0.1344 -0.4774
vn 0.8227 -0.2929 -0.4872
vn 0.7332 -0.4507 -0.5092
vn 0.5913 -0.5950 -0.5443
vn 0.3938 -0.7042 -0.5908
vn 0.1488 -0.7518 -0.6424
vn -0.1269 -0.7239 -0.6782
vn -0.2601 0.6447 -0.7188
vn -0.0006 0.7604 -0.6495
vn 0.2557 0.7976 -0.5463
vn 0.4998 0.7461 -0.4400
vn 0.7048 0.6195 -0.3458
vn 0.8546 0.4415 -0.2734
vn 0.9454 0.2343 -0.2266
vn 0.9783 0.0240 -0.2060
vn 0.9630 -0.1705 -0.2085
vn 0.9054 -0.3553 -0.2323
vn 0.7985 -0.5331 -0.2797
vn 0.6356 -0.6872 -0.3518
vn 0.4165 -0.7926 -0.4453
vn 0.1539 -0.8215 -0.5490
vn -0.1337 -0.7602 -0.6357
vn -0.2584 0.6698 -0.6961
vn -0.0017 0.8155 -0.5788
vn 0.2570 0.8691 -0.4226
vn 0.5061 0.8217 -0.2621
vn 0.7171 0.6866 -0.1201
vn 0.8720 0.4893 -0.0114
vn 0.9650 0.2558 0.0579
vn 0.9961 0.0166 0.0863
vn 0.9756 -0.2048 0.0786
vn 0.9101 -0.4126 0.0378
vn 0.7937 -0.6071 -0.0390
vn 0.6214 -0.7684 -0.1528
vn 0.3959 -0.8686 -0.2979
vn 0.1329 -0.8792 -0.4575
vn -0.1462 -0.7874 -0.5989
vn -0.2555 0.6874 -0.6799
vn -0.0244 0.8573 -0.5143
vn 0.2171 0.9270 -0.3059
vn 0.4535 0.8866 -0.0905
vn 0.6569 0.7471 0.1019
vn 0.8078 0.5338 0.2500
vn 0.8978 0.2756 0.3435
vn 0.9254 0.0089 0.3790
vn 0.9009 -0.2371 0.3636
vn 0.8321 -0.4645 0.3032
vn 0.7147 -0.6720 0.1942
vn 0.5458 -0.8371 0.0366
vn 0.3304 -0.9301 -0.1605
vn 0.0860 -0.9232 -0.3745
vn -0.1635 -0.8061 -0.5687
vn -0.2543 0.6985 -0.6690
vn -0.0678 0.8845 -0.4616
vn 0.1374 0.9685 -0.2075
vn 0.3425 0.9377 0.0584
vn 0.5225 0.7982 0.2998
vn 0.6583 0.5731 0.4880
vn 0.7392 0.2932 0.6063
vn 0.7618 0.0014 0.6478
vn 0.7358 -0.2662 0.6226
vn 0.6697 -0.5093 0.5405
vn 0.5612 -0.7253 0.3986
vn 0.4098 -0.8902 0.1990
vn 0.2221 -0.9740 -0.0455
vn 0.0152 -0.9517 -0.3066
vn -0.1863 -0.8171 -0.5456
vn -0.2581 0.7019 -0.6639
vn -0.1294 0.8953 -0.4261
vn 0.0230 0.9901 -0.1386
vn 0.1785 0.9697 0.1668
vn 0.3181 0.8346 0.4498
vn 0.4254 0.6034 0.6745
vn 0.4897 0.3071 0.8160
vn 0.5065 -0.0051 0.8622
vn 0.4833 -0.2895 0.8262
vn 0.4277 -0.5430 0.7227
vn 0.3396 -0.7623 0.5510
vn 0.2204 -0.9228 0.3161
vn 0.0771 -0.9964 0.0351
vn -0.0760 -0.9626 -0.2599
vn -0.2156 -0.8198 -0.5305
vn -0.2680 0.6959 -0.6662
vn -0.2046 0.8875 -0.4129
vn -0.1163 0.9872 -0.1092
vn -0.0251 0.9757 0.2176
vn 0.0578 0.8482 0.5266
vn 0.1227 0.6179 0.7766
vn 0.1621 0.3141 0.9355
vn 0.1723 -0.0096 0.9850
vn 0.1570 -0.3028 0.9400
vn 0.1208 -0.5594 0.8200
vn 0.0649 -0.7758 0.6276
vn -0.0083 -0.9285 0.3712
vn -0.0936 -0.9931 0.0712
vn -0.1815 -0.9538 -0.2393
vn -0.2516 -0.8135 -0.5243
vn -0.2779 0.6819 -0.6766
vn -0.2767 0.8614 -0.4259
vn -0.2526 0.9593 -0.1266
vn -0.2291 0.9530 0.1984
vn -0.2093 0.8341 0.5104
vn -0.1945 0.6114 0.7671
vn -0.1856 0.3112 0.9321
vn -0.1828 -0.0115 0.9831
vn -0.1870 -0.3027 0.9346
vn -0.1984 -0.5540 0.8086
vn -0.2157 -0.7618 0.6108
vn -0.2377 -0.9050 0.3528
vn -0.2620 -0.9635 0.0560
vn -0.2846 -0.9260 -0.2481
vn -0.2884 -0.7987 -0.5281
vn -0.2842 0.6636 -0.6920
vn -0.3297 0.8236 -0.4614
vn -0.3576 0.9154 -0.1850
vn -0.3926 0.9121 0.1184
vn -0.4304 0.8024 0.4134
vn -0.4637 0.5914 0.6597
vn -0.4854 0.3022 0.8204
vn -0.4907 -0.0111 0.8712
vn -0.4843 -0.2932 0.8243
vn -0.4715 -0.5338 0.7019
vn -0.4527 -0.7296 0.5127
vn -0.4286 -0.8621 0.2702
vn -0.4006 -0.9163 -0.0043
vn -0.3695 -0.8849 -0.2835
vn -0.3209 -0.7778 -0.5405
vn -0.2958 0.6387 -0.7103
vn -0.3690 0.7744 -0.5139
vn -0.4349 0.8577 -0.2744
vn -0.5159 0.8566 -0.0082
vn -0.6016 0.7573 0.2540
vn -0.6769 0.5614 0.4761
vn -0.7267 0.2888 0.6233
vn -0.7408 -0.0088 0.6717
vn -0.7256 -0.2766 0.6301
vn -0.6913 -0.5024 0.5193
vn -0.6413 -0.6830 0.3498
vn -0.5793 -0.8036 0.1368
vn -0.5104 -0.8541 -0.1005
vn -0.4390 -0.8317 -0.3399
vn -0.3543 -0.7491 -0.5598
vn -0.3185 0.6025 -0.7318
vn -0.3994 0.7103 -0.5796
vn -0.4882 0.7816 -0.3883
vn -0.6002 0.7810 -0.1727
vn -0.7201 0.6926 0.0420
vn -0.8265 0.5157 0.2258
vn -0.8980 0.2674 0.3493
vn -0.9200 -0.0049 0.3919
vn -0.8992 -0.2495 0.3595
vn -0.8493 -0.4541 0.2692
vn -0.7767 -0.6159 0.1320
vn -0.6887 -0.7240 -0.0381
vn -0.5930 -0.7730 -0.2253
vn -0.4960 -0.7636 -0.4134
vn -0.3911 -0.7094 -0.5864
vn -0.3481 0.5519 -0.7578
vn -0.4176 0.6309 -0.6539
vn -0.5111 0.6871 -0.5164
vn -0.6343 0.6848 -0.3588
vn -0.7685 0.6077 -0.2002
vn -0.8888 0.4538 -0.0635
vn -0.9710 0.2374 0.0294
vn -0.9980 0.0003 0.0631
vn -0.9765 -0.2114 0.0417
vn -0.9216 -0.3875 -0.0217
vn -0.8414 -0.5273 -0.1182
vn -0.7453 -0.6232 -0.2369
vn -0.6415 -0.6738 -0.3668
vn -0.5359 -0.6816 -0.4982
vn -0.4263 -0.6580 -0.6207
vn -0.3747 0.4870 -0.7890
vn -0.4209 0.5371 -0.7310
vn -0.5010 0.5749 -0.6470
vn -0.6135 0.5694 -0.5472
vn -0.7398 0.5045 -0.4453
vn -0.8546 0.3773 -0.3569
vn -0.9341 0.1994 -0.2962
vn -0.9620 0.0065 -0.2730
vn -0.9449 -0.1629 -0.2838
vn -0.8978 -0.3036 -0.3189
vn -0.8283 -0.4181 -0.3729
vn -0.7447 -0.5026 -0.4391
vn -0.6530 -0.5582 -0.5118
vn -0.5560 -0.5881 -0.5874
vn -0.4527 -0.5970 -0.6623
vn -0.3856 0.4135 -0.8248
vn -0.4078 0.4317 -0.8045
vn -0.4592 0.4466 -0.7679
vn -0.5408 0.4363 -0.7191
vn -0.6381 0.3848 -0.6670
vn -0.7291 0.2880 -0.6208
vn -0.7935 0.1543 -0.5887
vn -0.8175 0.0131 -0.5758
vn -0.8091 -0.1053 -0.5781
vn -0.7825 -0.2035 -0.5885
vn -0.7418 -0.2899 -0.6047
vn -0.6908 -0.3645 -0.6244
vn -0.6298 -0.4298 -0.6470
vn -0.5555 -0.4871 -0.6739
vn -0.4640 -0.5314 -0.7088
vn -0.3739 0.3409 -0.8626
vn -0.3789 0.3206 -0.8681
vn -0.3916 0.3054 -0.8680
vn -0.4256 0.2866 -0.8583
vn -0.4760 0.2489 -0.8435
vn -0.5279 0.1860 -0.8287
vn -0.5664 0.1017 -0.8178
vn -0.5816 0.0195 -0.8133
vn -0.5853 -0.0384 -0.8099
vn -0.5913 -0.0873 -0.8017
vn -0.5963 -0.1443 -0.7897
vn -0.5950 -0.2127 -0.7751
vn -0.5787 -0.2939 -0.7607
vn -0.5365 -0.3841 -0.7515
vn -0.4579 -0.4669 -0.7565
vn -0.3407 0.2741 -0.8993
vn -0.3356 0.2097 -0.9184
vn -0.3060 0.1550 -0.9393
vn -0.2810 0.1174 -0.9525
vn -0.2686 0.0887 -0.9592
vn -0.2657 0.0619 -0.9621
vn -0.2668 0.0354 -0.9631
vn -0.2667 0.0254 -0.9634
vn -0.2882 0.0427 -0.9566
vn -0.3432 0.0492 -0.9380
vn -0.4098 0.0184 -0.9120
vn -0.4703 -0.0509 -0.8810
vn -0.5067 -0.1546 -0.8481
vn -0.5018 -0.2821 -0.8177
vn -0.4364 -0.4072 -0.8023
vn -0.2918 0.2134 -0.9324
vn -0.2786 0.1008 -0.9551
vn -0.2084 0.0030 -0.9780
vn -0.1273 -0.0644 -0.9898
vn -0.0537 -0.1094 -0.9925
vn 0.0057 -0.1517 -0.9884
vn 0.0535 -0.2312 -0.9714
vn 0.1075 -0.0421 -0.9933
vn 0.0428 0.1857 -0.9817
vn -0.0742 0.2109 -0.9747
vn -0.2042 0.1925 -0.9598
vn -0.3283 0.1153 -0.9375
vn -0.4197 -0.0155 -0.9075
vn -0.4545 -0.1831 -0.8717
vn -0.4040 -0.3535 -0.8437
vn -0.2388 0.1617 -0.9575
vn -0.2141 -0.0019 -0.9768
vn -0.1010 -0.1434 -0.9845
vn 0.0380 -0.2376 -0.9706
vn -0.8988 0.4374 0.0285
vn -0.9252 0.0651 0.3739
vn -0.8408 -0.2079 0.4999
vn -0.7709 -0.1968 0.6058
vn -0.8539 -0.3243 0.4070
vn -0.6306 -0.7602 -0.1564
vn 0.0017 0.3619 -0.9322
vn -0.1863 0.2765 -0.9428
vn -0.3306 0.1168 -0.9365
vn -0.4036 -0.0916 -0.9103
vn -0.3702 -0.3084 -0.8763
vn -0.2012 0.1207 -0.9721
vn -0.1526 -0.0918 -0.9840
vn 0.0447 -0.2542 -0.9661
vn -0.1129 0.4806 0.8696
vn -0.4119 0.4727 0.7790
vn -0.6277 0.3852 0.6764
vn -0.7730 0.2108 0.5984
vn -0.8233 -0.0478 0.5656
vn -0.7128 -0.3427 0.6119
vn -0.4618 -0.5386 0.7047
vn -0.1249 -0.6068 0.7850
vn -0.0469 0.4106 -0.9106
vn -0.2551 0.2355 -0.9378
vn -0.3624 -0.0108 -0.9320
vn -0.3478 -0.2730 -0.8970
vn -0.2035 0.0873 -0.9752
vn -0.0877 -0.1598 -0.9832
vn 0.7307 0.6716 -0.1222
vn -0.1533 0.6715 0.7250
vn -0.4744 0.6976 0.5369
vn -0.7435 0.5755 0.3406
vn -0.9281 0.3178 0.1940
vn -0.9885 -0.0578 0.1399
vn -0.8550 -0.4667 0.2262
vn -0.5554 -0.7226 0.4115
vn -0.2021 -0.7702 0.6049
vn 0.2528 -0.8426 -0.4756
vn -0.1965 0.3329 -0.9223
vn -0.3409 0.0588 -0.9383
vn -0.3462 -0.2456 -0.9055
vn -0.2675 0.0518 -0.9622
vn 0.1090 -0.1417 -0.9839
vn 0.4388 0.6295 0.6412
vn -0.0966 0.8257 0.5558
vn -0.3932 0.8827 0.2572
vn -0.6659 0.7442 -0.0525
vn -0.8619 0.4176 -0.2876
vn -0.9261 -0.0686 -0.3711
vn -0.7845 -0.5786 -0.2230
vn -0.4824 -0.8718 0.0854
vn -0.1578 -0.9024 0.4011
vn 0.6391 -0.7528 0.1575
vn -0.0499 0.3758 -0.9254
vn -0.3473 0.1183 -0.9302
vn -0.3673 -0.2251 -0.9025
vn -0.3848 0.0259 -0.9226
vn 0.5612 0.5944 0.5759
vn 0.2367 0.7235 0.6485
vn 0.0639 0.9161 0.3957
vn -0.1424 0.9896 0.0186
vn -0.3529 0.8519 -0.3870
vn -0.5134 0.4869 -0.7066
vn -0.5673 -0.0767 -0.8200
vn -0.4549 -0.6527 -0.6059
vn -0.2260 -0.9575 -0.1791
vn 0.0003 -0.9733 0.2296
vn 0.1785 -0.8569 0.4835
vn 0.7242 -0.4351 -0.5350
vn -0.3839 0.1493 -0.9112
vn -0.4017 -0.2172 -0.8896
vn -0.5028 0.0521 -0.8628
vn -0.8082 -0.1075 -0.5790
vn 0.2620 0.6504 0.7130
vn 0.3068 0.8835 0.3539
vn 0.2245 0.9725 -0.0623
vn 0.1302 0.8515 -0.5079
vn 0.0541 0.4941 -0.8677
vn 0.0269 -0.0785 -0.9966
vn 0.0706 -0.6587 -0.7491
vn 0.1559 -0.9510 -0.2669
vn 0.2411 -0.9520 0.1885
vn 0.1577 -0.7882 0.5949
vn -0.5882 0.3567 -0.7258
vn -0.4268 0.1181 -0.8966
vn -0.4343 -0.2271 -0.8717
vn -0.6239 -0.1704 -0.7627
vn 0.5400 0.8405 0.0446
vn 0.5006 -0.8542 -0.1403
vn -0.4976 -0.8597 -0.1153
vn -0.4339 0.0616 -0.8989
vn -0.4444 -0.2481 -0.8608
vt 0.750000 0.500000
vt 0.750000 0.562500
vt 0.718750 0.562500
vt 0.718750 0.500000
vt 0.750000 0.937500
vt 0.734375 1.000000
vt 0.718750 0.937500
vt 0.734375 0.000000
vt 0.750000 0.062500
vt 0.718750 0.062500
vt 0.750000 0.437500
vt 0.718750 0.437500
vt 0.750000 0.875000
vt 0.718750 0.875000
vt 0.750000 0.375000
vt 0.718750 0.375000
vt 0.750000 0.812500
vt 0.718750 0.812500
vt 0.750000 0.312500
vt 0.718750 0.312500
vt 0.750000 0.750000
vt 0.718750 0.750000
vt 0.750000 0.250000
vt 0.718750 0.250000
vt 0.750000 0.687500
vt 0.718750 0.687500
vt 0.750000 0.187500
vt 0.718750 0.187500
vt 0.750000 0.625000
vt 0.718750 0.625000
vt 0.750000 0.125000
vt 0.718750 0.125000
vt 0.687500 0.187500
vt 0.687500 0.125000
vt 0.687500 0.625000
vt 0.687500 0.562500
vt 0.687500 0.062500
vt 0.687500 0.500000
vt 0.703125 1.000000
vt 0.687500 0.937500
vt 0.703125 0.000000
vt 0.687500 0.437500
vt 0.687500 0.875000
vt 0.687500 0.375000
vt 0.687500 0.812500
vt 0.687500 0.312500
vt 0.687500 0.750000
vt 0.687500 0.250000
vt 0.687500 0.687500
vt 0.656250 0.375000
vt 0.656250 0.312500
vt 0.656250 0.812500
vt 0.656250 0.750000
vt 0.656250 0.250000
vt 0.656250 0.687500
vt 0.656250 0.187500
vt 0.656250 0.625000
vt 0.656250 0.125000
vt 0.656250 0.562500
vt 0.656250 0.062500
vt 0.656250 0.500000
vt 0.671875 1.000000
vt 0.656250 0.937500
vt 0.671875 0.000000
vt 0.656250 0.437500
vt 0.656250 0.875000
vt 0.625000 0.125000
vt 0.625000 0.062500
vt 0.625000 0.562500
vt 0.625000 0.500000
vt 0.640625 1.000000
vt 0.625000 0.937500
vt 0.640625 0.000000
vt 0.625000 0.437500
vt 0.625000 0.875000
vt 0.625000 0.375000
vt 0.625000 0.812500
vt 0.625000 0.312500
vt 0.625000 0.750000
vt 0.625000 0.250000
vt 0.625000 0.687500
vt 0.625000 0.187500
vt 0.625000 0.625000
vt 0.593750 0.812500
vt 0.593750 0.750000
vt 0.593750 0.312500
vt 0.593750 0.250000
vt 0.593750 0.687500
vt 0.593750 0.187500
vt 0.593750 0.625000
vt 0.593750 0.125000
vt 0.593750 0.562500
vt 0.593750 0.062500
vt 0.593750 0.500000
vt 0.609375 1.000000
vt 0.593750 0.937500
vt 0.609375 0.000000
vt 0.593750 0.437500
vt 0.593750 0.875000
vt 0.593750 0.375000
vt 0.562500 0.562500
vt 0.562500 0.500000
vt 0.578125 1.000000
vt 0.562500 0.937500
vt 0.578125 0.000000
vt 0.562500 0.062500
vt 0.562500 0.437500
vt 0.562500 0.875000
vt 0.562500 0.375000
vt 0.562500 0.812500
vt 0.562500 0.312500
vt 0.562500 0.750000
vt 0.562500 0.250000
vt 0.562500 0.687500
vt 0.562500 0.187500
vt 0.562500 0.625000
vt 0.562500 0.125000
vt 0.531250 0.312500
vt 0.531250 0.250000
vt 0.531250 0.750000
vt 0.531250 0.687500
vt 0.531250 0.187500
vt 0.531250 0.625000
vt 0.531250 0.125000
vt 0.531250 0.562500
vt 0.531250 0.062500
vt 0.531250 0.500000
vt 0.546875 1.000000
vt 0.531250 0.937500
vt 0.546875 0.000000
vt 0.531250 0.437500
vt 0.531250 0.875000
vt 0.531250 0.375000
vt 0.531250 0.812500
vt 0.515625 1.000000
vt 0.500000 0.937500
vt 0.515625 0.000000
vt 0.500000 0.062500
vt 0.500000 0.500000
vt 0.500000 0.437500
vt 0.500000 0.875000
vt 0.500000 0.375000
vt 0.500000 0.812500
vt 0.500000 0.312500
vt 0.500000 0.750000
vt 0.500000 0.250000
vt 0.500000 0.687500
vt 0.500000 0.187500
vt 0.500000 0.625000
vt 0.500000 0.125000
vt 0.500000 0.562500
vt 0.468750 0.750000
vt 0.468750 0.687500
vt 0.468750 0.250000
vt 0.468750 0.187500
vt 0.468750 0.625000
vt 0.468750 0.125000
vt 0.468750 0.562500
vt 0.468750 0.062500
vt 0.468750 0.500000
vt 0.484375 1.000000
vt 0.468750 0.937500
vt 0.484375 0.000000
vt 0.468750 0.437500
vt 0.468750 0.875000
vt 0.468750 0.375000
vt 0.468750 0.812500
vt 0.468750 0.312500
vt 0.437500 0.500000
vt 0.437500 0.437500
vt 0.437500 0.937500
vt 0.437500 0.875000
vt 0.437500 0.375000
vt 0.437500 0.812500
vt 0.437500 0.312500
vt 0.437500 0.750000
vt 0.437500 0.250000
vt 0.437500 0.687500
vt 0.437500 0.187500
vt 0.437500 0.625000
vt 0.437500 0.125000
vt 0.437500 0.562500
vt 0.437500 0.062500
vt 0.453125 1.000000
vt 0.453125 0.000000
vt 0.406250 0.250000
vt 0.406250 0.187500
vt 0.406250 0.687500
vt 0.406250 0.625000
vt 0.406250 0.125000
vt 0.406250 0.562500
vt 0.406250 0.062500
vt 0.406250 0.500000
vt 0.421875 1.000000
vt 0.406250 0.937500
vt 0.421875 0.000000
vt 0.406250 0.437500
vt 0.406250 0.875000
vt 0.406250 0.375000
vt 0.406250 0.812500
vt 0.406250 0.312500
vt 0.406250 0.750000
vt 0.375000 0.437500
vt 0.375000 0.375000
vt 0.375000 0.875000
vt 0.375000 0.812500
vt 0.375000 0.312500
vt 0.375000 0.750000
vt 0.375000 0.250000
vt 0.375000 0.687500
vt 0.375000 0.187500
vt 0.375000 0.625000
vt 0.375000 0.125000
vt 0.375000 0.562500
vt 0.375000 0.062500
vt 0.375000 0.500000
vt 0.390625 1.000000
vt 0.375000 0.937500
vt 0.390625 0.000000
vt 0.343750 0.187500
vt 0.343750 0.125000
vt 0.343750 0.625000
vt 0.343750 0.562500
vt 0.343750 0.062500
vt 0.343750 0.500000
vt 0.359375 1.000000
vt 0.343750 0.937500
vt 0.359375 0.000000
vt 0.343750 0.437500
vt 0.343750 0.875000
vt 0.343750 0.375000
vt 0.343750 0.812500
vt 0.343750 0.312500
vt 0.343750 0.750000
vt 0.343750 0.250000
vt 0.343750 0.687500
vt 0.312500 0.875000
vt 0.312500 0.812500
vt 0.312500 0.375000
vt 0.312500 0.312500
vt 0.312500 0.750000
vt 0.312500 0.250000
vt 0.312500 0.687500
vt 0.312500 0.187500
vt 0.312500 0.625000
vt 0.312500 0.125000
vt 0.312500 0.562500
vt 0.312500 0.062500
vt 0.312500 0.500000
vt 0.328125 1.000000
vt 0.312500 0.937500
vt 0.328125 0.000000
vt 0.312500 0.437500
vt 0.281250 0.625000
vt 0.281250 0.562500
vt 0.281250 0.125000
vt 0.281250 0.062500
vt 0.281250 0.500000
vt 0.296875 1.000000
vt 0.281250 0.937500
vt 0.296875 0.000000
vt 0.281250 0.437500
vt 0.281250 0.875000
vt 0.281250 0.375000
vt 0.281250 0.812500
vt 0.281250 0.312500
vt 0.281250 0.750000
vt 0.281250 0.250000
vt 0.281250 0.687500
vt 0.281250 0.187500
vt 0.250000 0.375000
vt 0.250000 0.312500
vt 0.250000 0.812500
vt 0.250000 0.750000
vt 0.250000 0.250000
vt 0.250000 0.687500
vt 0.250000 0.187500
vt 0.250000 0.625000
vt 0.250000 0.125000
vt 0.250000 0.562500
vt 0.250000 0.062500
vt 0.250000 0.500000
vt 0.265625 1.000000
vt 0.250000 0.937500
vt 0.265625 0.000000
vt 0.250000 0.437500
vt 0.250000 0.875000
vt 0.218750 0.125000
vt 0.218750 0.062500
vt 0.218750 0.562500
vt 0.218750 0.500000
vt 0.234375 1.000000
vt 0.218750 0.937500
vt 0.234375 0.000000
vt 0.218750 0.437500
vt 0.218750 0.875000
vt 0.218750 0.375000
vt 0.218750 0.812500
vt 0.218750 0.312500
vt 0.218750 0.750000
vt 0.218750 0.250000
vt 0.218750 0.687500
vt 0.218750 0.187500
vt 0.218750 0.625000
vt 0.187500 0.812500
vt 0.187500 0.750000
vt 0.187500 0.312500
vt 0.187500 0.250000
vt 0.187500 0.687500
vt 0.187500 0.187500
vt 0.187500 0.625000
vt 0.187500 0.125000
vt 0.187500 0.562500
vt 0.187500 0.062500
vt 0.187500 0.500000
vt 0.203125 1.000000
vt 0.187500 0.937500
vt 0.203125 0.000000
vt 0.187500 0.437500
vt 0.187500 0.875000
vt 0.187500 0.375000
vt 0.156250 0.562500
vt 0.156250 0.500000
vt 0.171875 1.000000
vt 0.156250 0.937500
vt 0.171875 0.000000
vt 0.156250 0.062500
vt 0.156250 0.437500
vt 0.156250 0.875000
vt 0.156250 0.375000
vt 0.156250 0.812500
vt 0.156250 0.312500
vt 0.156250 0.750000
vt 0.156250 0.250000
vt 0.156250 0.687500
vt 0.156250 0.187500
vt 0.156250 0.625000
vt 0.156250 0.125000
vt 0.125000 0.312500
vt 0.125000 0.250000
vt 0.125000 0.750000
vt 0.125000 0.687500
vt 0.125000 0.187500
vt 0.125000 0.625000
vt 0.125000 0.125000
vt 0.125000 0.562500
vt 0.125000 0.062500
vt 0.125000 0.500000
vt 0.140625 1.000000
vt 0.125000 0.937500
vt 0.140625 0.000000
vt 0.125000 0.437500
vt 0.125000 0.875000
vt 0.125000 0.375000
vt 0.125000 0.812500
vt 0.109375 0.000000
vt 0.093750 0.062500
vt 0.093750 0.500000
vt 0.093750 0.437500
vt 0.093750 0.937500
vt 0.093750 0.875000
vt 0.093750 0.375000
vt 0.093750 0.812500
vt 0.093750 0.312500
vt 0.093750 0.750000
vt 0.093750 0.250000
vt 0.093750 0.687500
vt 0.093750 0.187500
vt 0.093750 0.625000
vt 0.093750 0.125000
vt 0.093750 0.562500
vt 0.109375 1.000000
vt 0.062500 0.250000
vt 0.062500 0.187500
vt 0.062500 0.687500
vt 0.062500 0.625000
vt 0.062500 0.125000
vt 0.062500 0.562500
vt 0.062500 0.062500
vt 0.062500 0.500000
vt 0.078125 1.000000
vt 0.062500 0.937500
vt 0.078125 0.000000
vt 0.062500 0.437500
vt 0.062500 0.875000
vt 0.062500 0.375000
vt 0.062500 0.812500
vt 0.062500 0.312500
vt 0.062500 0.750000
vt 0.031250 0.937500
vt 0.031250 0.875000
vt 0.031250 0.437500
vt 0.031250 0.375000
vt 0.031250 0.812500
vt 0.031250 0.312500
vt 0.031250 0.750000
vt 0.031250 0.250000
vt 0.031250 0.687500
vt 0.031250 0.187500
vt 0.031250 0.625000
vt 0.031250 0.125000
vt 0.031250 0.562500
vt 0.031250 0.062500
vt 0.031250 0.500000
vt 0.046875 1.000000
vt 0.046875 0.000000
vt 0.000000 0.687500
vt 0.000000 0.625000
vt 0.000000 0.187500
vt 0.000000 0.125000
vt 0.000000 0.562500
vt 0.000000 0.062500
vt 0.000000 0.500000
vt 0.015625 1.000000
vt 0.000000 0.937500
vt 0.015625 0.000000
vt 0.000000 0.437500
vt 0.000000 0.875000
vt 0.000000 0.375000
vt 0.000000 0.812500
vt 0.000000 0.312500
vt 0.000000 0.750000
vt 0.000000 0.250000
vt 1.000000 0.375000
vt 1.000000 0.437500
vt 0.968750 0.437500
vt 0.968750 0.375000
vt 1.000000 0.812500
vt 1.000000 0.875000
vt 0.968750 0.875000
vt 0.968750 0.812500
vt 1.000000 0.312500
vt 0.968750 0.312500
vt 1.000000 0.750000
vt 0.968750 0.750000
vt 1.000000 0.250000
vt 0.968750 0.250000
vt 1.000000 0.687500
vt 0.968750 0.687500
vt 1.000000 0.187500
vt 0.968750 0.187500
vt 1.000000 0.625000
vt 0.968750 0.625000
vt 1.000000 0.125000
vt 0.968750 0.125000
vt 1.000000 0.562500
vt 0.968750 0.562500
vt 1.000000 0.062500
vt 0.968750 0.062500
vt 1.000000 0.500000
vt 0.968750 0.500000
vt 1.000000 0.937500
vt 0.984375 1.000000
vt 0.968750 0.937500
vt 0.984375 0.000000
vt 0.937500 0.187500
vt 0.937500 0.125000
vt 0.937500 0.625000
vt 0.937500 0.562500
vt 0.937500 0.062500
vt 0.937500 0.500000
vt 0.953125 1.000000
vt 0.937500 0.937500
vt 0.953125 0.000000
vt 0.937500 0.437500
vt 0.937500 0.875000
vt 0.937500 0.375000
vt 0.937500 0.812500
vt 0.937500 0.312500
vt 0.937500 0.750000
vt 0.937500 0.250000
vt 0.937500 0.687500
vt 0.906250 0.875000
vt 0.906250 0.812500
vt 0.906250 0.375000
vt 0.906250 0.312500
vt 0.906250 0.750000
vt 0.906250 0.250000
vt 0.906250 0.687500
vt 0.906250 0.187500
vt 0.906250 0.625000
vt 0.906250 0.125000
vt 0.906250 0.562500
vt 0.906250 0.062500
vt 0.906250 0.500000
vt 0.921875 1.000000
vt 0.906250 0.937500
vt 0.921875 0.000000
vt 0.906250 0.437500
vt 0.875000 0.625000
vt 0.875000 0.562500
vt 0.875000 0.125000
vt 0.875000 0.062500
vt 0.875000 0.500000
vt 0.890625 1.000000
vt 0.875000 0.937500
vt 0.890625 0.000000
vt 0.875000 0.437500
vt 0.875000 0.875000
vt 0.875000 0.375000
vt 0.875000 0.812500
vt 0.875000 0.312500
vt 0.875000 0.750000
vt 0.875000 0.250000
vt 0.875000 0.687500
vt 0.875000 0.187500
vt 0.843750 0.375000
vt 0.843750 0.312500
vt 0.843750 0.812500
vt 0.843750 0.750000
vt 0.843750 0.250000
vt 0.843750 0.687500
vt 0.843750 0.187500
vt 0.843750 0.625000
vt 0.843750 0.125000
vt 0.843750 0.562500
vt 0.843750 0.062500
vt 0.843750 0.500000
vt 0.859375 1.000000
vt 0.843750 0.937500
vt 0.859375 0.000000
vt 0.843750 0.437500
vt 0.843750 0.875000
vt 0.812500 0.125000
vt 0.812500 0.062500
vt 0.812500 0.562500
vt 0.812500 0.500000
vt 0.828125 1.000000
vt 0.812500 0.937500
vt 0.828125 0.000000
vt 0.812500 0.437500
vt 0.812500 0.875000
vt 0.812500 0.375000
vt 0.812500 0.812500
vt 0.812500 0.312500
vt 0.812500 0.750000
vt 0.812500 0.250000
vt 0.812500 0.687500
vt 0.812500 0.187500
vt 0.812500 0.625000
vt 0.781250 0.312500
vt 0.781250 0.250000
vt 0.781250 0.750000
vt 0.781250 0.687500
vt 0.781250 0.187500
vt 0.781250 0.625000
vt 0.781250 0.125000
vt 0.781250 0.562500
vt 0.781250 0.062500
vt 0.781250 0.500000
vt 0.796875 1.000000
vt 0.781250 0.937500
vt 0.796875 0.000000
vt 0.781250 0.437500
vt 0.781250 0.875000
vt 0.781250 0.375000
vt 0.781250 0.812500
vt 0.765625 1.000000
vt 0.765625 0.000000
s 1
usemtl SphereImageMaterial
f 1452/1678/1452 1451/1679/1451 1462/1680/1462 1463/1681/1463
f 1447/1682/1447 1531/1683/1531 1456/1684/1456
f 1562/1685/1562 1928/1686/1928 1470/1687/1470
f 1453/1688/1453 1452/1678/1452 1463/1681/1463 1464/1689/1464
f 1923/1690/1923 1447/1682/1447 1456/1684/1456 1457/1691/1457
f 1925/1692/1925 1453/1688/1453 1464/1689/1464 1465/1693/1465
f 1448/1694/1448 1923/1690/1923 1457/1691/1457 1458/1695/1458
f 1454/1696/1454 1925/1692/1925 1465/1693/1465 1466/1697/1466
f 1449/1698/1449 1448/1694/1448 1458/1695/1458 1459/1699/1459
f 1926/1700/1926 1454/1696/1454 1466/1697/1466 1467/1701/1467
f 1924/1702/1924 1449/1698/1449 1459/1699/1459 1460/1703/1460
f 1455/1704/1455 1926/1700/1926 1467/1701/1467 1468/1705/1468
f 1450/1706/1450 1924/1702/1924 1460/1703/1460 1461/1707/1461
f 1927/1708/1927 1455/1704/1455 1468/1705/1468 1469/1709/1469
f 1451/1679/1451 1450/1706/1450 1461/1707/1461 1462/1680/1462
f 1928/1686/1928 1927/1708/1927 1469/1709/1469 1470/1687/1470
f 1469/1709/1469 1468/1705/1468 1483/1710/1483 1484/1711/1484
f 1462/1680/1462 1461/1707/1461 1476/1712/1476 1477/1713/1477
f 1470/1687/1470 1469/1709/1469 1484/1711/1484 1485/1714/1485
f 1463/1681/1463 1462/1680/1462 1477/1713/1477 1478/1715/1478
f 1456/1684/1456 1531/1716/1531 1471/1717/1471
f 1562/1718/1562 1470/1687/1470 1485/1714/1485
f 1464/1689/1464 1463/1681/1463 1478/1715/1478 1479/1719/1479
f 1457/1691/1457 1456/1684/1456 1471/1717/1471 1472/1720/1472
f 1465/1693/1465 1464/1689/1464 1479/1719/1479 1480/1721/1480
f 1458/1695/1458 1457/1691/1457 1472/1720/1472 1473/1722/1473
f 1466/1697/1466 1465/1693/1465 1480/1721/1480 1481/1723/1481
f 1459/1699/1459 1458/1695/1458 1473/1722/1473 1474/1724/1474
f 1467/1701/1467 1466/1697/1466 1481/1723/1481 1482/1725/1482
f 1460/1703/1460 1459/1699/1459 1474/1724/1474 1475/1726/1475
f 1468/1705/1468 1467/1701/1467 1482/1725/1482 1483/1710/1483
f 1461/1707/1461 1460/1703/1460 1475/1726/1475 1476/1712/1476
f 1481/1723/1481 1480/1721/1480 1495/1727/1495 1496/1728/1496
f 1474/1724/1474 1473/1722/1473 1488/1729/1488 1489/1730/1489
f 1482/1725/1482 1481/1723/1481 1496/1728/1496 1497/1731/1497
f 1475/1726/1475 1474/1724/1474 1489/1730/1489 1490/1732/1490
f 1483/1710/1483 1482/1725/1482 1497/1731/1497 1498/1733/1498
f 1476/1712/1476 1475/1726/1475 1490/1732/1490 1491/1734/1491
f 1484/1711/1484 1483/1710/1483 1498/1733/1498 1499/1735/1499
f 1477/1713/1477 1476/1712/1476 1491/1734/1491 1492/1736/1492
f 1485/1714/1485 1484/1711/1484 1499/1735/1499 1500/1737/1500
f 1478/1715/1478 1477/1713/1477 1492/1736/1492 1493/1738/1493
f 1471/1717/1471 1531/1739/1531 1486/1740/1486
f 1562/1741/1562 1485/1714/1485 1500/1737/1500
f 1479/1719/1479 1478/1715/1478 1493/1738/1493 1494/1742/1494
f 1472/1720/1472 1471/1717/1471 1486/1740/1486 1487/1743/1487
f 1480/1721/1480 1479/1719/1479 1494/1742/1494 1495/1727/1495
f 1473/1722/1473 1472/1720/1472 1487/1743/1487 1488/1729/1488
f 1500/1737/1500 1499/1735/1499 1514/1744/1514 1515/1745/1515
f 1493/1738/1493 1492/1736/1492 1507/1746/1507 1508/1747/1508
f 1486/1740/1486 1531/1748/1531 1501/1749/1501
f 1562/1750/1562 1500/1737/1500 1515/1745/1515
f 1494/1742/1494 1493/1738/1493 1508/1747/1508 1509/1751/1509
f 1487/1743/1487 1486/1740/1486 1501/1749/1501 1502/1752/1502
f 1495/1727/1495 1494/1742/1494 1509/1751/1509 1510/1753/1510
f 1488/1729/1488 1487/1743/1487 1502/1752/1502 1503/1754/1503
f 1496/1728/1496 1495/1727/1495 1510/1753/1510 1511/1755/1511
f 1489/1730/1489 1488/1729/1488 1503/1754/1503 1504/1756/1504
f 1497/1731/1497 1496/1728/1496 1511/1755/1511 1512/1757/1512
f 1490/1732/1490 1489/1730/1489 1504/1756/1504 1505/1758/1505
f 1498/1733/1498 1497/1731/1497 1512/1757/1512 1513/1759/1513
f 1491/1734/1491 1490/1732/1490 1505/1758/1505 1506/1760/1506
f 1499/1735/1499 1498/1733/1498 1513/1759/1513 1514/1744/1514
f 1492/1736/1492 1491/1734/1491 1506/1760/1506 1507/1746/1507
f 1504/1756/1504 1503/1754/1503 1518/1761/1518 1519/1762/1519
f 1512/1757/1512 1511/1755/1511 1526/1763/1526 1527/1764/1527
f 1505/1758/1505 1504/1756/1504 1519/1762/1519 1520/1765/1520
f 1513/1759/1513 1512/1757/1512 1527/1764/1527 1528/1766/1528
f 1506/1760/1506 1505/1758/1505 1520/1765/1520 1521/1767/1521
f 1514/1744/1514 1513/1759/1513 1528/1766/1528 1529/1768/1529
f 1507/1746/1507 1506/1760/1506 1521/1767/1521 1522/1769/1522
f 1515/1745/1515 1514/1744/1514 1529/1768/1529 1530/1770/1530
f 1508/1747/1508 1507/1746/1507 1522/1769/1522 1523/1771/1523
f 1501/1749/1501 1531/1772/1531 1516/1773/1516
f 1562/1774/1562 1515/1745/1515 1530/1770/1530
f 1509/1751/1509 1508/1747/1508 1523/1771/1523 1524/1775/1524
f 1502/1752/1502 1501/1749/1501 1516/1773/1516 1517/1776/1517
f 1510/1753/1510 1509/1751/1509 1524/1775/1524 1525/1777/1525
f 1503/1754/1503 1502/1752/1502 1517/1776/1517 1518/1761/1518
f 1511/1755/1511 1510/1753/1510 1525/1777/1525 1526/1763/1526
f 1523/1771/1523 1522/1769/1522 1538/1778/1538 1539/1779/1539
f 1516/1773/1516 1531/1780/1531 1532/1781/1532
f 1562/1782/1562 1530/1770/1530 1546/1783/1546
f 1524/1775/1524 1523/1771/1523 1539/1779/1539 1540/1784/1540
f 1517/1776/1517 1516/1773/1516 1532/1781/1532 1533/1785/1533
f 1525/1777/1525 1524/1775/1524 1540/1784/1540 1541/1786/1541
f 1518/1761/1518 1517/1776/1517 1533/1785/1533 1534/1787/1534
f 1526/1763/1526 1525/1777/1525 1541/1786/1541 1542/1788/1542
f 1519/1762/1519 1518/1761/1518 1534/1787/1534 1535/1789/1535
f 1527/1764/1527 1526/1763/1526 1542/1788/1542 1543/1790/1543
f 1520/1765/1520 1519/1762/1519 1535/1789/1535 1536/1791/1536
f 1528/1766/1528 1527/1764/1527 1543/1790/1543 1544/1792/1544
f 1521/1767/1521 1520/1765/1520 1536/1791/1536 1537/1793/1537
f 1529/1768/1529 1528/1766/1528 1544/1792/1544 1545/1794/1545
f 1522/1769/1522 1521/1767/1521 1537/1793/1537 1538/1778/1538
f 1530/1770/1530 1529/1768/1529 1545/1794/1545 1546/1783/1546
f 1543/1790/1543 1542/1788/1542 1557/1795/1557 1558/1796/1558
f 1536/1791/1536 1535/1789/1535 1550/1797/1550 1551/1798/1551
f 1544/1792/1544 1543/1790/1543 1558/1796/1558 1559/1799/1559
f 1537/1793/1537 1536/1791/1536 1551/1798/1551 1552/1800/1552
f 1545/1794/1545 1544/1792/1544 1559/1799/1559 1560/1801/1560
f 1538/1778/1538 1537/1793/1537 1552/1800/1552 1553/1802/1553
f 1546/1783/1546 1545/1794/1545 1560/1801/1560 1561/1803/1561
f 1539/1779/1539 1538/1778/1538 1553/1802/1553 1554/1804/1554
f 1532/1781/1532 1531/1805/1531 1547/1806/1547
f 1562/1807/1562 1546/1783/1546 1561/1803/1561
f 1540/1784/1540 1539/1779/1539 1554/1804/1554 1555/1808/1555
f 1533/1785/1533 1532/1781/1532 1547/1806/1547 1548/1809/1548
f 1541/1786/1541 1540/1784/1540 1555/1808/1555 1556/1810/1556
f 1534/1787/1534 1533/1785/1533 1548/1809/1548 1549/1811/1549
f 1542/1788/1542 1541/1786/1541 1556/1810/1556 1557/1795/1557
f 1535/1789/1535 1534/1787/1534 1549/1811/1549 1550/1797/1550
f 1547/1806/1547 1531/1812/1531 1563/1813/1563
f 1562/1814/1562 1561/1803/1561 1577/1815/1577
f 1555/1808/1555 1554/1804/1554 1570/1816/1570 1571/1817/1571
f 1548/1809/1548 1547/1806/1547 1563/1813/1563 1564/1818/1564
f 1556/1810/1556 1555/1808/1555 1571/1817/1571 1572/1819/1572
f 1549/1811/1549 1548/1809/1548 1564/1818/1564 1565/1820/1565
f 1557/1795/1557 1556/1810/1556 1572/1819/1572 1573/1821/1573
f 1550/1797/1550 1549/1811/1549 1565/1820/1565 1566/1822/1566
f 1558/1796/1558 1557/1795/1557 1573/1821/1573 1574/1823/1574
f 1551/1798/1551 1550/1797/1550 1566/1822/1566 1567/1824/1567
f 1559/1799/1559 1558/1796/1558 1574/1823/1574 1575/1825/1575
f 1552/1800/1552 1551/1798/1551 1567/1824/1567 1568/1826/1568
f 1560/1801/1560 1559/1799/1559 1575/1825/1575 1576/1827/1576
f 1553/1802/1553 1552/1800/1552 1568/1826/1568 1569/1828/1569
f 1561/1803/1561 1560/1801/1560 1576/1827/1576 1577/1815/1577
f 1554/1804/1554 1553/1802/1553 1569/1828/1569 1570/1816/1570
f 1567/1824/1567 1566/1822/1566 1581/1829/1581 1582/1830/1582
f 1575/1825/1575 1574/1823/1574 1589/1831/1589 1590/1832/1590
f 1568/1826/1568 1567/1824/1567 1582/1830/1582 1583/1833/1583
f 1576/1827/1576 1575/1825/1575 1590/1832/1590 1591/1834/1591
f 1569/1828/1569 1568/1826/1568 1583/1833/1583 1584/1835/1584
f 1577/1815/1577 1576/1827/1576 1591/1834/1591 1592/1836/1592
f 1570/1816/1570 1569/1828/1569 1584/1835/1584 1585/1837/1585
f 1563/1813/1563 1531/1838/1531 1578/1839/1578
f 1562/1840/1562 1577/1815/1577 1592/1836/1592
f 1571/1817/1571 1570/1816/1570 1585/1837/1585 1586/1841/1586
f 1564/1818/1564 1563/1813/1563 1578/1839/1578 1579/1842/1579
f 1572/1819/1572 1571/1817/1571 1586/1841/1586 1587/1843/1587
f 1565/1820/1565 1564/1818/1564 1579/1842/1579 1580/1844/1580
f 1573/1821/1573 1572/1819/1572 1587/1843/1587 1588/1845/1588
f 1566/1822/1566 1565/1820/1565 1580/1844/1580 1581/1829/1581
f 1574/1823/1574 1573/1821/1573 1588/1845/1588 1589/1831/1589
f 1586/1841/1586 1585/1837/1585 1600/1846/1600 1601/1847/1601
f 1579/1842/1579 1578/1839/1578 1593/1848/1593 1594/1849/1594
f 1587/1843/1587 1586/1841/1586 1601/1847/1601 1602/1850/1602
f 1580/1844/1580 1579/1842/1579 1594/1849/1594 1595/1851/1595
f 1588/1845/1588 1587/1843/1587 1602/1850/1602 1603/1852/1603
f 1581/1829/1581 1580/1844/1580 1595/1851/1595 1596/1853/1596
f 1589/1831/1589 1588/1845/1588 1603/1852/1603 1604/1854/1604
f 1582/1830/1582 1581/1829/1581 1596/1853/1596 1597/1855/1597
f 1590/1832/1590 1589/1831/1589 1604/1854/1604 1605/1856/1605
f 1583/1833/1583 1582/1830/1582 1597/1855/1597 1598/1857/1598
f 1591/1834/1591 1590/1832/1590 1605/1856/1605 1606/1858/1606
f 1584/1835/1584 1583/1833/1583 1598/1857/1598 1599/1859/1599
f 1592/1836/1592 1591/1834/1591 1606/1858/1606 1607/1860/1607
f 1585/1837/1585 1584/1835/1584 1599/1859/1599 1600/1846/1600
f 1578/1839/1578 1531/1861/1531 1593/1848/1593
f 1562/1862/1562 1592/1836/1592 1607/1860/1607
f 1605/1856/1605 1604/1854/1604 1619/1863/1619 1620/1864/1620
f 1598/1857/1598 1597/1855/1597 1612/1865/1612 1613/1866/1613
f 1606/1858/1606 1605/1856/1605 1620/1864/1620 1621/1867/1621
f 1599/1859/1599 1598/1857/1598 1613/1866/1613 1614/1868/1614
f 1607/1860/1607 1606/1858/1606 1621/1867/1621 1622/1869/1622
f 1600/1846/1600 1599/1859/1599 1614/1868/1614 1615/1870/1615
f 1593/1848/1593 1531/1871/1531 1608/1872/1608
f 1562/1873/1562 1607/1860/1607 1622/1869/1622
f 1601/1847/1601 1600/1846/1600 1615/1870/1615 1616/1874/1616
f 1594/1849/1594 1593/1848/1593 1608/1872/1608 1609/1875/1609
f 1602/1850/1602 1601/1847/1601 1616/1874/1616 1617/1876/1617
f 1595/1851/1595 1594/1849/1594 1609/1875/1609 1610/1877/1610
f 1603/1852/1603 1602/1850/1602 1617/1876/1617 1618/1878/1618
f 1596/1853/1596 1595/1851/1595 1610/1877/1610 1611/1879/1611
f 1604/1854/1604 1603/1852/1603 1618/1878/1618 1619/1863/1619
f 1597/1855/1597 1596/1853/1596 1611/1879/1611 1612/1865/1612
f 1617/1876/1617 1616/1874/1616 1631/1880/1631 1632/1881/1632
f 1610/1877/1610 1609/1875/1609 1624/1882/1624 1625/1883/1625
f 1618/1878/1618 1617/1876/1617 1632/1881/1632 1633/1884/1633
f 1611/1879/1611 1610/1877/1610 1625/1883/1625 1626/1885/1626
f 1619/1863/1619 1618/1878/1618 1633/1884/1633 1634/1886/1634
f 1612/1865/1612 1611/1879/1611 1626/1885/1626 1627/1887/1627
f 1620/1864/1620 1619/1863/1619 1634/1886/1634 1635/1888/1635
f 1613/1866/1613 1612/1865/1612 1627/1887/1627 1628/1889/1628
f 1621/1867/1621 1620/1864/1620 1635/1888/1635 1636/1890/1636
f 1614/1868/1614 1613/1866/1613 1628/1889/1628 1629/1891/1629
f 1622/1869/1622 1621/1867/1621 1636/1890/1636 1637/1892/1637
f 1615/1870/1615 1614/1868/1614 1629/1891/1629 1630/1893/1630
f 1608/1872/1608 1531/1894/1531 1623/1895/1623
f 1562/1896/1562 1622/1869/1622 1637/1892/1637
f 1616/1874/1616 1615/1870/1615 1630/1893/1630 1631/1880/1631
f 1609/1875/1609 1608/1872/1608 1623/1895/1623 1624/1882/1624
f 1636/1890/1636 1635/1888/1635 1650/1897/1650 1651/1898/1651
f 1629/1891/1629 1628/1889/1628 1643/1899/1643 1644/1900/1644
f 1637/1892/1637 1636/1890/1636 1651/1898/1651 1652/1901/1652
f 1630/1893/1630 1629/1891/1629 1644/1900/1644 1645/1902/1645
f 1623/1895/1623 1531/1903/1531 1638/1904/1638
f 1562/1905/1562 1637/1892/1637 1652/1901/1652
f 1631/1880/1631 1630/1893/1630 1645/1902/1645 1646/1906/1646
f 1624/1882/1624 1623/1895/1623 1638/1904/1638 1639/1907/1639
f 1632/1881/1632 1631/1880/1631 1646/1906/1646 1647/1908/1647
f 1625/1883/1625 1624/1882/1624 1639/1907/1639 1640/1909/1640
f 1633/1884/1633 1632/1881/1632 1647/1908/1647 1648/1910/1648
f 1626/1885/1626 1625/1883/1625 1640/1909/1640 1641/1911/1641
f 1634/1886/1634 1633/1884/1633 1648/1910/1648 1649/1912/1649
f 1627/1887/1627 1626/1885/1626 1641/1911/1641 1642/1913/1642
f 1635/1888/1635 1634/1886/1634 1649/1912/1649 1650/1897/1650
f 1628/1889/1628 1627/1887/1627 1642/1913/1642 1643/1899/1643
f 1640/1909/1640 1639/1907/1639 1654/1914/1654 1655/1915/1655
f 1648/1910/1648 1647/1908/1647 1662/1916/1662 1663/1917/1663
f 1641/1911/1641 1640/1909/1640 1655/1915/1655 1656/1918/1656
f 1649/1912/1649 1648/1910/1648 1663/1917/1663 1664/1919/1664
f 1642/1913/1642 1641/1911/1641 1656/1918/1656 1657/1920/1657
f 1650/1897/1650 1649/1912/1649 1664/1919/1664 1665/1921/1665
f 1643/1899/1643 1642/1913/1642 1657/1920/1657 1658/1922/1658
f 1651/1898/1651 1650/1897/1650 1665/1921/1665 1666/1923/1666
f 1644/1900/1644 1643/1899/1643 1658/1922/1658 1659/1924/1659
f 1652/1901/1652 1651/1898/1651 1666/1923/1666 1667/1925/1667
f 1645/1902/1645 1644/1900/1644 1659/1924/1659 1660/1926/1660
f 1638/1904/1638 1531/1927/1531 1653/1928/1653
f 1562/1929/1562 1652/1901/1652 1667/1925/1667
f 1646/1906/1646 1645/1902/1645 1660/1926/1660 1661/1930/1661
f 1639/1907/1639 1638/1904/1638 1653/1928/1653 1654/1914/1654
f 1647/1908/1647 1646/1906/1646 1661/1930/1661 1662/1916/1662
f 1659/1924/1659 1658/1922/1658 1673/1931/1673 1674/1932/1674
f 1667/1925/1667 1666/1923/1666 1681/1933/1681 1682/1934/1682
f 1660/1926/1660 1659/1924/1659 1674/1932/1674 1675/1935/1675
f 1653/1928/1653 1531/1936/1531 1668/1937/1668
f 1562/1938/1562 1667/1925/1667 1682/1934/1682
f 1661/1930/1661 1660/1926/1660 1675/1935/1675 1676/1939/1676
f 1654/1914/1654 1653/1928/1653 1668/1937/1668 1669/1940/1669
f 1662/1916/1662 1661/1930/1661 1676/1939/1676 1677/1941/1677
f 1655/1915/1655 1654/1914/1654 1669/1940/1669 1670/1942/1670
f 1663/1917/1663 1662/1916/1662 1677/1941/1677 1678/1943/1678
f 1656/1918/1656 1655/1915/1655 1670/1942/1670 1671/1944/1671
f 1664/1919/1664 1663/1917/1663 1678/1943/1678 1679/1945/1679
f 1657/1920/1657 1656/1918/1656 1671/1944/1671 1672/1946/1672
f 1665/1921/1665 1664/1919/1664 1679/1945/1679 1680/1947/1680
f 1658/1922/1658 1657/1920/1657 1672/1946/1672 1673/1931/1673
f 1666/1923/1666 1665/1921/1665 1680/1947/1680 1681/1933/1681
f 1678/1943/1678 1677/1941/1677 1692/1948/1692 1693/1949/1693
f 1671/1944/1671 1670/1942/1670 1685/1950/1685 1686/1951/1686
f 1679/1945/1679 1678/1943/1678 1693/1949/1693 1694/1952/1694
f 1672/1946/1672 1671/1944/1671 1686/1951/1686 1687/1953/1687
f 1680/1947/1680 1679/1945/1679 1694/1952/1694 1695/1954/1695
f 1673/1931/1673 1672/1946/1672 1687/1953/1687 1688/1955/1688
f 1681/1933/1681 1680/1947/1680 1695/1954/1695 1696/1956/1696
f 1674/1932/1674 1673/1931/1673 1688/1955/1688 1689/1957/1689
f 1682/1934/1682 1681/1933/1681 1696/1956/1696 1697/1958/1697
f 1675/1935/1675 1674/1932/1674 1689/1957/1689 1690/1959/1690
f 1668/1937/1668 1531/1960/1531 1683/1961/1683
f 1562/1962/1562 1682/1934/1682 1697/1958/1697
f 1676/1939/1676 1675/1935/1675 1690/1959/1690 1691/1963/1691
f 1669/1940/1669 1668/1937/1668 1683/1961/1683 1684/1964/1684
f 1677/1941/1677 1676/1939/1676 1691/1963/1691 1692/1948/1692
f 1670/1942/1670 1669/1940/1669 1684/1964/1684 1685/1950/1685
f 1697/1958/1697 1696/1956/1696 1711/1965/1711 1712/1966/1712
f 1690/1959/1690 1689/1957/1689 1704/1967/1704 1705/1968/1705
f 1683/1961/1683 1531/1969/1531 1698/1970/1698
f 1562/1971/1562 1697/1958/1697 1712/1966/1712
f 1691/1963/1691 1690/1959/1690 1705/1968/1705 1706/1972/1706
f 1684/1964/1684 1683/1961/1683 1698/1970/1698 1699/1973/1699
f 1692/1948/1692 1691/1963/1691 1706/1972/1706 1707/1974/1707
f 1685/1950/1685 1684/1964/1684 1699/1973/1699 1700/1975/1700
f 1693/1949/1693 1692/1948/1692 1707/1974/1707 1708/1976/1708
f 1686/1951/1686 1685/1950/1685 1700/1975/1700 1701/1977/1701
f 1694/1952/1694 1693/1949/1693 1708/1976/1708 1709/1978/1709
f 1687/1953/1687 1686/1951/1686 1701/1977/1701 1702/1979/1702
f 1695/1954/1695 1694/1952/1694 1709/1978/1709 1710/1980/1710
f 1688/1955/1688 1687/1953/1687 1702/1979/1702 1703/1981/1703
f 1696/1956/1696 1695/1954/1695 1710/1980/1710 1711/1965/1711
f 1689/1957/1689 1688/1955/1688 1703/1981/1703 1704/1967/1704
f 1701/1977/1701 1700/1975/1700 1715/1982/1715 1716/1983/1716
f 1709/1978/1709 1708/1976/1708 1723/1984/1723 1724/1985/1724
f 1702/1979/1702 1701/1977/1701 1716/1983/1716 1717/1986/1717
f 1710/1980/1710 1709/1978/1709 1724/1985/1724 1725/1987/1725
f 1703/1981/1703 1702/1979/1702 1717/1986/1717 1718/1988/1718
f 1711/1965/1711 1710/1980/1710 1725/1987/1725 1726/1989/1726
f 1704/1967/1704 1703/1981/1703 1718/1988/1718 1719/1990/1719
f 1712/1966/1712 1711/1965/1711 1726/1989/1726 1727/1991/1727
f 1705/1968/1705 1704/1967/1704 1719/1990/1719 1720/1992/1720
f 1698/1970/1698 1531/1993/1531 1713/1994/1713
f 1562/1995/1562 1712/1966/1712 1727/1991/1727
f 1706/1972/1706 1705/1968/1705 1720/1992/1720 1721/1996/1721
f 1699/1973/1699 1698/1970/1698 1713/1994/1713 1714/1997/1714
f 1707/1974/1707 1706/1972/1706 1721/1996/1721 1722/1998/1722
f 1700/1975/1700 1699/1973/1699 1714/1997/1714 1715/1982/1715
f 1708/1976/1708 1707/1974/1707 1722/1998/1722 1723/1984/1723
f 1720/1992/1720 1719/1990/1719 1734/1999/1734 1735/2000/1735
f 1713/1994/1713 1531/2001/1531 1728/2002/1728
f 1562/2003/1562 1727/1991/1727 1742/2004/1742
f 1721/1996/1721 1720/1992/1720 1735/2000/1735 1736/2005/1736
f 1714/1997/1714 1713/1994/1713 1728/2002/1728 1729/2006/1729
f 1722/1998/1722 1721/1996/1721 1736/2005/1736 1737/2007/1737
f 1715/1982/1715 1714/1997/1714 1729/2006/1729 1730/2008/1730
f 1723/1984/1723 1722/1998/1722 1737/2007/1737 1738/2009/1738
f 1716/1983/1716 1715/1982/1715 1730/2008/1730 1731/2010/1731
f 1724/1985/1724 1723/1984/1723 1738/2009/1738 1739/2011/1739
f 1717/1986/1717 1716/1983/1716 1731/2010/1731 1732/2012/1732
f 1725/1987/1725 1724/1985/1724 1739/2011/1739 1740/2013/1740
f 1718/1988/1718 1717/1986/1717 1732/2012/1732 1733/2014/1733
f 1726/1989/1726 1725/1987/1725 1740/2013/1740 1741/2015/1741
f 1719/1990/1719 1718/1988/1718 1733/2014/1733 1734/1999/1734
f 1727/1991/1727 1726/1989/1726 1741/2015/1741 1742/2004/1742
f 1739/2011/1739 1738/2009/1738 1753/2016/1753 1754/2017/1754
f 1732/2012/1732 1731/2010/1731 1746/2018/1746 1747/2019/1747
f 1740/2013/1740 1739/2011/1739 1754/2017/1754 1755/2020/1755
f 1733/2014/1733 1732/2012/1732 1747/2019/1747 1748/2021/1748
f 1741/2015/1741 1740/2013/1740 1755/2020/1755 1756/2022/1756
f 1734/1999/1734 1733/2014/1733 1748/2021/1748 1749/2023/1749
f 1742/2004/1742 1741/2015/1741 1756/2022/1756 1757/2024/1757
f 1735/2000/1735 1734/1999/1734 1749/2023/1749 1750/2025/1750
f 1728/2002/1728 1531/2026/1531 1743/2027/1743
f 1562/2028/1562 1742/2004/1742 1757/2024/1757
f 1736/2005/1736 1735/2000/1735 1750/2025/1750 1751/2029/1751
f 1729/2006/1729 1728/2002/1728 1743/2027/1743 1744/2030/1744
f 1737/2007/1737 1736/2005/1736 1751/2029/1751 1752/2031/1752
f 1730/2008/1730 1729/2006/1729 1744/2030/1744 1745/2032/1745
f 1738/2009/1738 1737/2007/1737 1752/2031/1752 1753/2016/1753
f 1731/2010/1731 1730/2008/1730 1745/2032/1745 1746/2018/1746
f 1562/2033/1562 1757/2024/1757 1772/2034/1772
f 1751/2029/1751 1750/2025/1750 1765/2035/1765 1766/2036/1766
f 1744/2030/1744 1743/2027/1743 1758/2037/1758 1759/2038/1759
f 1752/2031/1752 1751/2029/1751 1766/2036/1766 1767/2039/1767
f 1745/2032/1745 1744/2030/1744 1759/2038/1759 1760/2040/1760
f 1753/2016/1753 1752/2031/1752 1767/2039/1767 1768/2041/1768
f 1746/2018/1746 1745/2032/1745 1760/2040/1760 1761/2042/1761
f 1754/2017/1754 1753/2016/1753 1768/2041/1768 1769/2043/1769
f 1747/2019/1747 1746/2018/1746 1761/2042/1761 1762/2044/1762
f 1755/2020/1755 1754/2017/1754 1769/2043/1769 1770/2045/1770
f 1748/2021/1748 1747/2019/1747 1762/2044/1762 1763/2046/1763
f 1756/2022/1756 1755/2020/1755 1770/2045/1770 1771/2047/1771
f 1749/2023/1749 1748/2021/1748 1763/2046/1763 1764/2048/1764
f 1757/2024/1757 1756/2022/1756 1771/2047/1771 1772/2034/1772
f 1750/2025/1750 1749/2023/1749 1764/2048/1764 1765/2035/1765
f 1743/2027/1743 1531/2049/1531 1758/2037/1758
f 1770/2045/1770 1769/2043/1769 1784/2050/1784 1785/2051/1785
f 1763/2046/1763 1762/2044/1762 1777/2052/1777 1778/2053/1778
f 1771/2047/1771 1770/2045/1770 1785/2051/1785 1786/2054/1786
f 1764/2048/1764 1763/2046/1763 1778/2053/1778 1779/2055/1779
f 1772/2034/1772 1771/2047/1771 1786/2054/1786 1787/2056/1787
f 1765/2035/1765 1764/2048/1764 1779/2055/1779 1780/2057/1780
f 1758/2037/1758 1531/2058/1531 1773/2059/1773
f 1562/2060/1562 1772/2034/1772 1787/2056/1787
f 1766/2036/1766 1765/2035/1765 1780/2057/1780 1781/2061/1781
f 1759/2038/1759 1758/2037/1758 1773/2059/1773 1774/2062/1774
f 1767/2039/1767 1766/2036/1766 1781/2061/1781 1782/2063/1782
f 1760/2040/1760 1759/2038/1759 1774/2062/1774 1775/2064/1775
f 1768/2041/1768 1767/2039/1767 1782/2063/1782 1783/2065/1783
f 1761/2042/1761 1760/2040/1760 1775/2064/1775 1776/2066/1776
f 1769/2043/1769 1768/2041/1768 1783/2065/1783 1784/2050/1784
f 1762/2044/1762 1761/2042/1761 1776/2066/1776 1777/2052/1777
f 1774/2062/1774 1773/2059/1773 1788/2067/1788 1789/2068/1789
f 1782/2063/1782 1781/2061/1781 1796/2069/1796 1797/2070/1797
f 1775/2064/1775 1774/2062/1774 1789/2068/1789 1790/2071/1790
f 1783/2065/1783 1782/2063/1782 1797/2070/1797 1798/2072/1798
f 1776/2066/1776 1775/2064/1775 1790/2071/1790 1791/2073/1791
f 1784/2050/1784 1783/2065/1783 1798/2072/1798 1799/2074/1799
f 1777/2052/1777 1776/2066/1776 1791/2073/1791 1792/2075/1792
f 1785/2051/1785 1784/2050/1784 1799/2074/1799 1800/2076/1800
f 1778/2053/1778 1777/2052/1777 1792/2075/1792 1793/2077/1793
f 1786/2054/1786 1785/2051/1785 1800/2076/1800 1801/2078/1801
f 1779/2055/1779 1778/2053/1778 1793/2077/1793 1794/2079/1794
f 1787/2056/1787 1786/2054/1786 1801/2078/1801 1802/2080/1802
f 1780/2057/1780 1779/2055/1779 1794/2079/1794 1795/2081/1795
f 1773/2059/1773 1531/2082/1531 1788/2067/1788
f 1562/2083/1562 1787/2056/1787 1802/2080/1802
f 1781/2061/1781 1780/2057/1780 1795/2081/1795 1796/2069/1796
f 1793/2077/1793 1792/2075/1792 1807/2084/1807 1808/2085/1808
f 1801/2078/1801 1800/2076/1800 1815/2086/1815 1816/2087/1816
f 1794/2079/1794 1793/2077/1793 1808/2085/1808 1809/2088/1809
f 1802/2080/1802 1801/2078/1801 1816/2087/1816 1817/2089/1817
f 1795/2081/1795 1794/2079/1794 1809/2088/1809 1810/2090/1810
f 1788/2067/1788 1531/2091/1531 1803/2092/1803
f 1562/2093/1562 1802/2080/1802 1817/2089/1817
f 1796/2069/1796 1795/2081/1795 1810/2090/1810 1811/2094/1811
f 1789/2068/1789 1788/2067/1788 1803/2092/1803 1804/2095/1804
f 1797/2070/1797 1796/2069/1796 1811/2094/1811 1812/2096/1812
f 1790/2071/1790 1789/2068/1789 1804/2095/1804 1805/2097/1805
f 1798/2072/1798 1797/2070/1797 1812/2096/1812 1813/2098/1813
f 1791/2073/1791 1790/2071/1790 1805/2097/1805 1806/2099/1806
f 1799/2074/1799 1798/2072/1798 1813/2098/1813 1814/2100/1814
f 1792/2075/1792 1791/2073/1791 1806/2099/1806 1807/2084/1807
f 1800/2076/1800 1799/2074/1799 1814/2100/1814 1815/2086/1815
f 1812/2101/1812 1811/2102/1811 1826/2103/1826 1827/2104/1827
f 1805/2105/1805 1804/2106/1804 1819/2107/1819 1820/2108/1820
f 1813/2109/1813 1812/2101/1812 1827/2104/1827 1828/2110/1828
f 1806/2111/1806 1805/2105/1805 1820/2108/1820 1821/2112/1821
f 1814/2113/1814 1813/2109/1813 1828/2110/1828 1829/2114/1829
f 1807/2115/1807 1806/2111/1806 1821/2112/1821 1822/2116/1822
f 1815/2117/1815 1814/2113/1814 1829/2114/1829 1830/2118/1830
f 1808/2119/1808 1807/2115/1807 1822/2116/1822 1823/2120/1823
f 1816/2121/1816 1815/2117/1815 1830/2118/1830 1831/2122/1831
f 1809/2123/1809 1808/2119/1808 1823/2120/1823 1824/2124/1824
f 1817/2125/1817 1816/2121/1816 1831/2122/1831 1832/2126/1832
f 1810/2127/1810 1809/2123/1809 1824/2124/1824 1825/2128/1825
f 1803/2129/1803 1531/2130/1531 1818/2131/1818
f 1562/2132/1562 1817/2125/1817 1832/2126/1832
f 1811/2102/1811 1810/2127/1810 1825/2128/1825 1826/2103/1826
f 1804/2106/1804 1803/2129/1803 1818/2131/1818 1819/2107/1819
f 1831/2122/1831 1830/2118/1830 1845/2133/1845 1846/2134/1846
f 1824/2124/1824 1823/2120/1823 1838/2135/1838 1839/2136/1839
f 1832/2126/1832 1831/2122/1831 1846/2134/1846 1847/2137/1847
f 1825/2128/1825 1824/2124/1824 1839/2136/1839 1840/2138/1840
f 1818/2131/1818 1531/2139/1531 1833/2140/1833
f 1562/2141/1562 1832/2126/1832 1847/2137/1847
f 1826/2103/1826 1825/2128/1825 1840/2138/1840 1841/2142/1841
f 1819/2107/1819 1818/2131/1818 1833/2140/1833 1834/2143/1834
f 1827/2104/1827 1826/2103/1826 1841/2142/1841 1842/2144/1842
f 1820/2108/1820 1819/2107/1819 1834/2143/1834 1835/2145/1835
f 1828/2110/1828 1827/2104/1827 1842/2144/1842 1843/2146/1843
f 1821/2112/1821 1820/2108/1820 1835/2145/1835 1836/2147/1836
f 1829/2114/1829 1828/2110/1828 1843/2146/1843 1844/2148/1844
f 1822/2116/1822 1821/2112/1821 1836/2147/1836 1837/2149/1837
f 1830/2118/1830 1829/2114/1829 1844/2148/1844 1845/2133/1845
f 1823/2120/1823 1822/2116/1822 1837/2149/1837 1838/2135/1838
f 1835/2145/1835 1834/2143/1834 1849/2150/1849 1850/2151/1850
f 1843/2146/1843 1842/2144/1842 1857/2152/1857 1858/2153/1858
f 1836/2147/1836 1835/2145/1835 1850/2151/1850 1851/2154/1851
f 1844/2148/1844 1843/2146/1843 1858/2153/1858 1859/2155/1859
f 1837/2149/1837 1836/2147/1836 1851/2154/1851 1852/2156/1852
f 1845/2133/1845 1844/2148/1844 1859/2155/1859 1860/2157/1860
f 1838/2135/1838 1837/2149/1837 1852/2156/1852 1853/2158/1853
f 1846/2134/1846 1845/2133/1845 1860/2157/1860 1861/2159/1861
f 1839/2136/1839 1838/2135/1838 1853/2158/1853 1854/2160/1854
f 1847/2137/1847 1846/2134/1846 1861/2159/1861 1862/2161/1862
f 1840/2138/1840 1839/2136/1839 1854/2160/1854 1855/2162/1855
f 1833/2140/1833 1531/2163/1531 1848/2164/1848
f 1562/2165/1562 1847/2137/1847 1862/2161/1862
f 1841/2142/1841 1840/2138/1840 1855/2162/1855 1856/2166/1856
f 1834/2143/1834 1833/2140/1833 1848/2164/1848 1849/2150/1849
f 1842/2144/1842 1841/2142/1841 1856/2166/1856 1857/2152/1857
f 1854/2160/1854 1853/2158/1853 1868/2167/1868 1869/2168/1869
f 1862/2161/1862 1861/2159/1861 1876/2169/1876 1877/2170/1877
f 1855/2162/1855 1854/2160/1854 1869/2168/1869 1870/2171/1870
f 1848/2164/1848 1531/2172/1531 1863/2173/1863
f 1562/2174/1562 1862/2161/1862 1877/2170/1877
f 1856/2166/1856 1855/2162/1855 1870/2171/1870 1871/2175/1871
f 1849/2150/1849 1848/2164/1848 1863/2173/1863 1864/2176/1864
f 1857/2152/1857 1856/2166/1856 1871/2175/1871 1872/2177/1872
f 1850/2151/1850 1849/2150/1849 1864/2176/1864 1865/2178/1865
f 1858/2153/1858 1857/2152/1857 1872/2177/1872 1873/2179/1873
f 1851/2154/1851 1850/2151/1850 1865/2178/1865 1866/2180/1866
f 1859/2155/1859 1858/2153/1858 1873/2179/1873 1874/2181/1874
f 1852/2156/1852 1851/2154/1851 1866/2180/1866 1867/2182/1867
f 1860/2157/1860 1859/2155/1859 1874/2181/1874 1875/2183/1875
f 1853/2158/1853 1852/2156/1852 1867/2182/1867 1868/2167/1868
f 1861/2159/1861 1860/2157/1860 1875/2183/1875 1876/2169/1876
f 1873/2179/1873 1872/2177/1872 1887/2184/1887 1888/2185/1888
f 1866/2180/1866 1865/2178/1865 1880/2186/1880 1881/2187/1881
f 1874/2181/1874 1873/2179/1873 1888/2185/1888 1889/2188/1889
f 1867/2182/1867 1866/2180/1866 1881/2187/1881 1882/2189/1882
f 1875/2183/1875 1874/2181/1874 1889/2188/1889 1890/2190/1890
f 1868/2167/1868 1867/2182/1867 1882/2189/1882 1883/2191/1883
f 1876/2169/1876 1875/2183/1875 1890/2190/1890 1891/2192/1891
f 1869/2168/1869 1868/2167/1868 1883/2191/1883 1884/2193/1884
f 1877/2170/1877 1876/2169/1876 1891/2192/1891 1892/2194/1892
f 1870/2171/1870 1869/2168/1869 1884/2193/1884 1885/2195/1885
f 1863/2173/1863 1531/2196/1531 1878/2197/1878
f 1562/2198/1562 1877/2170/1877 1892/2194/1892
f 1871/2175/1871 1870/2171/1870 1885/2195/1885 1886/2199/1886
f 1864/2176/1864 1863/2173/1863 1878/2197/1878 1879/2200/1879
f 1872/2177/1872 1871/2175/1871 1886/2199/1886 1887/2184/1887
f 1865/2178/1865 1864/2176/1864 1879/2200/1879 1880/2186/1880
f 1892/2194/1892 1891/2192/1891 1906/2201/1906 1907/2202/1907
f 1885/2195/1885 1884/2193/1884 1899/2203/1899 1900/2204/1900
f 1878/2197/1878 1531/2205/1531 1893/2206/1893
f 1562/2207/1562 1892/2194/1892 1907/2202/1907
f 1886/2199/1886 1885/2195/1885 1900/2204/1900 1901/2208/1901
f 1879/2200/1879 1878/2197/1878 1893/2206/1893 1894/2209/1894
f 1887/2184/1887 1886/2199/1886 1901/2208/1901 1902/2210/1902
f 1880/2186/1880 1879/2200/1879 1894/2209/1894 1895/2211/1895
f 1888/2185/1888 1887/2184/1887 1902/2210/1902 1903/2212/1903
f 1881/2187/1881 1880/2186/1880 1895/2211/1895 1896/2213/1896
f 1889/2188/1889 1888/2185/1888 1903/2212/1903 1904/2214/1904
f 1882/2189/1882 1881/2187/1881 1896/2213/1896 1897/2215/1897
f 1890/2190/1890 1889/2188/1889 1904/2214/1904 1905/2216/1905
f 1883/2191/1883 1882/2189/1882 1897/2215/1897 1898/2217/1898
f 1891/2192/1891 1890/2190/1890 1905/2216/1905 1906/2201/1906
f 1884/2193/1884 1883/2191/1883 1898/2217/1898 1899/2203/1899
f 1904/2214/1904 1903/2212/1903 1918/2218/1918 1919/2219/1919
f 1897/2215/1897 1896/2213/1896 1911/2220/1911 1912/2221/1912
f 1905/2216/1905 1904/2214/1904 1919/2219/1919 1920/2222/1920
f 1898/2217/1898 1897/2215/1897 1912/2221/1912 1913/2223/1913
f 1906/2201/1906 1905/2216/1905 1920/2222/1920 1921/2224/1921
f 1899/2203/1899 1898/2217/1898 1913/2223/1913 1914/2225/1914
f 1907/2202/1907 1906/2201/1906 1921/2224/1921 1922/2226/1922
f 1900/2204/1900 1899/2203/1899 1914/2225/1914 1915/2227/1915
f 1893/2206/1893 1531/2228/1531 1908/2229/1908
f 1562/2230/1562 1907/2202/1907 1922/2226/1922
f 1901/2208/1901 1900/2204/1900 1915/2227/1915 1916/2231/1916
f 1894/2209/1894 1893/2206/1893 1908/2229/1908 1909/2232/1909
f 1902/2210/1902 1901/2208/1901 1916/2231/1916 1917/2233/1917
f 1895/2211/1895 1894/2209/1894 1909/2232/1909 1910/2234/1910
f 1903/2212/1903 1902/2210/1902 1917/2233/1917 1918/2218/1918
f 1896/2213/1896 1895/2211/1895 1910/2234/1910 1911/2220/1911
f 1908/2229/1908 1531/2235/1531 1447/1682/1447
f 1562/2236/1562 1922/2226/1922 1928/1686/1928
f 1916/2231/1916 1915/2227/1915 1452/1678/1452 1453/1688/1453
f 1909/2232/1909 1908/2229/1908 1447/1682/1447 1923/1690/1923
f 1917/2233/1917 1916/2231/1916 1453/1688/1453 1925/1692/1925
f 1910/2234/1910 1909/2232/1909 1923/1690/1923 1448/1694/1448
f 1918/2218/1918 1917/2233/1917 1925/1692/1925 1454/1696/1454
f 1911/2220/1911 1910/2234/1910 1448/1694/1448 1449/1698/1449
f 1919/2219/1919 1918/2218/1918 1454/1696/1454 1926/1700/1926
f 1912/2221/1912 1911/2220/1911 1449/1698/1449 1924/1702/1924
f 1920/2222/1920 1919/2219/1919 1926/1700/1926 1455/1704/1455
f 1913/2223/1913 1912/2221/1912 1924/1702/1924 1450/1706/1450
f 1921/2224/1921 1920/2222/1920 1455/1704/1455 1927/1708/1927
f 1914/2225/1914 1913/2223/1913 1450/1706/1450 1451/1679/1451
f 1922/2226/1922 1921/2224/1921 1927/1708/1927 1928/1686/1928
f 1915/2227/1915 1914/2225/1914 1451/1679/1451 1452/1678/1452
o Sphere.004
v 0.571429 0.795071 -0.788071
v 0.571429 0.789738 -0.787028
v 0.571429 0.788142 -0.785455
v 0.571429 0.787611 -0.782051
v 0.571429 0.788436 -0.780921
v 0.571429 0.789629 -0.780498
v 0.571429 0.790814 -0.780961
v 0.571429 0.791547 -0.782292
v 0.571429 0.790398 -0.786179
v 0.571647 0.795373 -0.788111
v 0.571667 0.792682 -0.788216
v 0.571523 0.790438 -0.787492
v 0.571270 0.788881 -0.786216
v 0.570972 0.788116 -0.784719
v 0.570697 0.788111 -0.783338
v 0.570503 0.788703 -0.782364
v 0.570430 0.789629 -0.781997
v 0.570512 0.790546 -0.782405
v 0.570745 0.791046 -0.783577
v 0.571071 0.790804 -0.785219
v 0.571411 0.789659 -0.786926
v 0.571678 0.787645 -0.788270
v 0.571799 0.784974 -0.788877
v 0.571722 0.781995 -0.788492
v 0.571888 0.795774 -0.788124
v 0.572014 0.793408 -0.788428
v 0.571855 0.791367 -0.788044
v 0.571497 0.789867 -0.787181
v 0.571050 0.789012 -0.786101
v 0.570624 0.788788 -0.785073
v 0.570318 0.789067 -0.784335
v 0.570202 0.789629 -0.784053
v 0.570336 0.790182 -0.784376
v 0.570718 0.790368 -0.785299
v 0.571245 0.789908 -0.786571
v 0.571774 0.788674 -0.787848
v 0.572158 0.786720 -0.788775
v 0.572271 0.784252 -0.789050
v 0.572036 0.781597 -0.788481
v 0.572150 0.796257 -0.788095
v 0.572484 0.794286 -0.788594
v 0.572471 0.792495 -0.788575
v 0.572202 0.791070 -0.788173
v 0.571798 0.790110 -0.787568
v 0.571386 0.789622 -0.786951
v 0.571079 0.789516 -0.786492
v 0.570959 0.789629 -0.786312
v 0.571106 0.789732 -0.786533
v 0.571523 0.789534 -0.787157
v 0.572080 0.788811 -0.787990
v 0.572601 0.787477 -0.788769
v 0.572907 0.785599 -0.789228
v 0.572856 0.783381 -0.789151
v 0.572365 0.781118 -0.788416
v 0.572427 0.796806 -0.788013
v 0.573069 0.795285 -0.788655
v 0.573369 0.793781 -0.788956
v 0.573394 0.792445 -0.788981
v 0.573241 0.791369 -0.788828
v 0.573020 0.790580 -0.788607
v 0.572833 0.790034 -0.788420
v 0.572754 0.789629 -0.788340
v 0.572871 0.789214 -0.788457
v 0.573197 0.788575 -0.788783
v 0.573597 0.787554 -0.789184
v 0.573896 0.786109 -0.789483
v 0.573920 0.784323 -0.789506
v 0.573539 0.782392 -0.789126
v 0.572699 0.780574 -0.788286
v 0.572704 0.797400 -0.787867
v 0.573736 0.796367 -0.788557
v 0.574495 0.795178 -0.789064
v 0.574995 0.793941 -0.789398
v 0.575278 0.792740 -0.789587
v 0.575408 0.791623 -0.789674
v 0.575450 0.790597 -0.789702
v 0.575450 0.789629 -0.789702
v 0.575498 0.788649 -0.789734
v 0.575617 0.787531 -0.789813
v 0.575693 0.786187 -0.789864
v 0.575578 0.784622 -0.789787
v 0.575136 0.782939 -0.789492
v 0.574285 0.781321 -0.788924
v 0.573023 0.779987 -0.788080
v 0.571429 0.798156 -0.787015
v 0.572962 0.798017 -0.787650
v 0.574431 0.797494 -0.788258
v 0.575744 0.796633 -0.788803
v 0.576843 0.795499 -0.789258
v 0.577694 0.794168 -0.789610
v 0.578289 0.792710 -0.789857
v 0.578636 0.791183 -0.790000
v 0.578744 0.789629 -0.790045
v 0.578692 0.788063 -0.790024
v 0.578521 0.786445 -0.789953
v 0.578149 0.784763 -0.789799
v 0.577482 0.783073 -0.789522
v 0.576447 0.781498 -0.789094
v 0.575035 0.780208 -0.788509
v 0.573315 0.779378 -0.787797
v 0.573181 0.798633 -0.787364
v 0.575081 0.798621 -0.787741
v 0.576975 0.798090 -0.788118
v 0.578721 0.797060 -0.788465
v 0.580193 0.795596 -0.788758
v 0.581299 0.793795 -0.788978
v 0.581982 0.791768 -0.789114
v 0.582208 0.789629 -0.789159
v 0.582043 0.787477 -0.789126
v 0.581543 0.785360 -0.789027
v 0.580669 0.783340 -0.788853
v 0.579388 0.781523 -0.788598
v 0.577712 0.780055 -0.788265
v 0.575717 0.779094 -0.787868
v 0.573554 0.778770 -0.787438
v 0.571429 0.779138 -0.787015
v 0.573337 0.799226 -0.787015
v 0.575609 0.799707 -0.787015
v 0.578032 0.799494 -0.787015
v 0.580379 0.798563 -0.787015
v 0.582435 0.796970 -0.787015
v 0.584026 0.794837 -0.787015
v 0.585027 0.792329 -0.787015
v 0.585365 0.789629 -0.787015
v 0.585089 0.786916 -0.787015
v 0.584271 0.784319 -0.787015
v 0.582912 0.781971 -0.787015
v 0.581049 0.780030 -0.787015
v 0.578774 0.778665 -0.787015
v 0.576252 0.778022 -0.787015
v 0.573715 0.778186 -0.787015
v 0.573411 0.799776 -0.786621
v 0.575949 0.800724 -0.786116
v 0.578782 0.800818 -0.785552
v 0.581615 0.799986 -0.784989
v 0.584154 0.798275 -0.784484
v 0.586148 0.795829 -0.784087
v 0.587415 0.792863 -0.783835
v 0.587843 0.789629 -0.783750
v 0.587468 0.786384 -0.783825
v 0.586375 0.783333 -0.784042
v 0.584605 0.780678 -0.784394
v 0.582256 0.778623 -0.784861
v 0.579498 0.777360 -0.785410
v 0.576573 0.777022 -0.785992
v 0.573780 0.777645 -0.786547
v 0.573389 0.800265 -0.786203
v 0.576044 0.801645 -0.785103
v 0.579115 0.802035 -0.783831
v 0.582259 0.801311 -0.782529
v 0.585123 0.799501 -0.781343
v 0.587398 0.796767 -0.780400
v 0.588851 0.793369 -0.779798
v 0.589338 0.789629 -0.779597
v 0.588883 0.785882 -0.779785
v 0.587583 0.782409 -0.780324
v 0.585518 0.779473 -0.781179
v 0.582837 0.777326 -0.782289
v 0.579773 0.776170 -0.783559
v 0.576624 0.776121 -0.784863
v 0.573735 0.777166 -0.786060
v 0.573262 0.800674 -0.785790
v 0.575858 0.802431 -0.784056
v 0.578941 0.803093 -0.781996
v 0.582156 0.802480 -0.779847
v 0.585125 0.800595 -0.777863
v 0.587504 0.797609 -0.776274
v 0.589027 0.793825 -0.775256
v 0.589532 0.789629 -0.774919
v 0.589032 0.785432 -0.775253
v 0.587633 0.781585 -0.776188
v 0.585442 0.778410 -0.777652
v 0.582647 0.776192 -0.779519
v 0.579514 0.775144 -0.781613
v 0.576372 0.775358 -0.783712
v 0.573572 0.776768 -0.785583
v 0.573033 0.800984 -0.785411
v 0.575378 0.803045 -0.783066
v 0.578221 0.803939 -0.780222
v 0.581232 0.803434 -0.777212
v 0.584042 0.801501 -0.774401
v 0.586310 0.798314 -0.772133
v 0.587766 0.794208 -0.770677
v 0.588242 0.789629 -0.770202
v 0.587745 0.785055 -0.770698
v 0.586382 0.780902 -0.772061
v 0.584274 0.777539 -0.774170
v 0.581620 0.775279 -0.776823
v 0.578692 0.774333 -0.779752
v 0.575808 0.774768 -0.782636
v 0.573295 0.776468 -0.785149
v 0.572712 0.801181 -0.785095
v 0.574627 0.803453 -0.782228
v 0.576985 0.804524 -0.778699
v 0.579512 0.804113 -0.774918
v 0.581892 0.802162 -0.771355
v 0.583826 0.798836 -0.768461
v 0.585069 0.794494 -0.766600
v 0.585470 0.789629 -0.766000
v 0.585032 0.784776 -0.766655
v 0.583852 0.780402 -0.768422
v 0.582044 0.776914 -0.771127
v 0.579795 0.774639 -0.774494
v 0.577342 0.773783 -0.778165
v 0.574960 0.774382 -0.781730
v 0.572916 0.776280 -0.784788
v 0.572318 0.801254 -0.784868
v 0.573660 0.803629 -0.781628
v 0.575329 0.804805 -0.777599
v 0.577132 0.804466 -0.773245
v 0.578845 0.802523 -0.769111
v 0.580243 0.799131 -0.765736
v 0.581143 0.794659 -0.763562
v 0.581430 0.789629 -0.762869
v 0.581105 0.784618 -0.763653
v 0.580242 0.780127 -0.765738
v 0.578932 0.776584 -0.768901
v 0.577314 0.774321 -0.772806
v 0.575567 0.773530 -0.777024
v 0.573886 0.774224 -0.781081
v 0.572459 0.776214 -0.784529
v 0.571880 0.801197 -0.784747
v 0.572560 0.803556 -0.781326
v 0.573410 0.804751 -0.777055
v 0.574333 0.804449 -0.772413
v 0.575214 0.802540 -0.767984
v 0.575936 0.799162 -0.764353
v 0.576402 0.794681 -0.762010
v 0.576550 0.789629 -0.761270
v 0.576379 0.784601 -0.762129
v 0.575930 0.780110 -0.764387
v 0.575252 0.776588 -0.767793
v 0.574421 0.774361 -0.771971
v 0.573529 0.773603 -0.776457
v 0.572675 0.774308 -0.780751
v 0.571951 0.776276 -0.784388
v 0.571429 0.801011 -0.784741
v 0.571429 0.803229 -0.781352
v 0.571429 0.804347 -0.777133
v 0.571429 0.804038 -0.772542
v 0.571429 0.802182 -0.768150
v 0.571429 0.798901 -0.764542
v 0.571429 0.794544 -0.762213
v 0.571429 0.789629 -0.761481
v 0.571429 0.784739 -0.762342
v 0.571429 0.780376 -0.764589
v 0.571429 0.776954 -0.767967
v 0.571429 0.774781 -0.772099
v 0.571429 0.774014 -0.776528
v 0.571429 0.774640 -0.780768
v 0.571429 0.776463 -0.784375
v 0.570997 0.800708 -0.784845
v 0.570369 0.802676 -0.781689
v 0.569594 0.803639 -0.777792
v 0.568752 0.803289 -0.773561
v 0.567947 0.801507 -0.769512
v 0.567284 0.798395 -0.766181
v 0.566856 0.794274 -0.764028
v 0.566722 0.789629 -0.763354
v 0.566881 0.785008 -0.764150
v 0.567292 0.780879 -0.766220
v 0.567910 0.777625 -0.769326
v 0.568665 0.775525 -0.773122
v 0.569476 0.774720 -0.777196
v 0.570255 0.775191 -0.781115
v 0.570926 0.776766 -0.784486
v 0.570614 0.800303 -0.785048
v 0.569470 0.801936 -0.782286
v 0.568076 0.802686 -0.778922
v 0.566570 0.802277 -0.775285
v 0.565129 0.800588 -0.771806
v 0.563942 0.797704 -0.768942
v 0.563175 0.793905 -0.767088
v 0.562934 0.789629 -0.766507
v 0.563217 0.785375 -0.767190
v 0.563950 0.781562 -0.768960
v 0.565049 0.778531 -0.771614
v 0.566394 0.776524 -0.774860
v 0.567841 0.775661 -0.778353
v 0.569245 0.775924 -0.781743
v 0.570473 0.777167 -0.784709
v 0.570301 0.799813 -0.785328
v 0.568795 0.801036 -0.783074
v 0.566999 0.801522 -0.780385
v 0.565073 0.801030 -0.777503
v 0.563236 0.799451 -0.774753
v 0.561723 0.796843 -0.772489
v 0.560742 0.793443 -0.771022
v 0.560435 0.789629 -0.770562
v 0.560792 0.785832 -0.771096
v 0.561716 0.782410 -0.772480
v 0.563104 0.779650 -0.774556
v 0.564806 0.777750 -0.777103
v 0.566650 0.776808 -0.779864
v 0.568466 0.776812 -0.782581
v 0.570097 0.777652 -0.785022
v 0.570075 0.799256 -0.785661
v 0.568382 0.800010 -0.783969
v 0.566428 0.800187 -0.782014
v 0.564364 0.799594 -0.779951
v 0.562407 0.798131 -0.777994
v 0.560799 0.795839 -0.776386
v 0.559758 0.792904 -0.775344
v 0.559431 0.789629 -0.775017
v 0.559802 0.786367 -0.775389
v 0.560765 0.783398 -0.776352
v 0.562214 0.780945 -0.777801
v 0.564005 0.779161 -0.779592
v 0.565974 0.778120 -0.781560
v 0.567958 0.777823 -0.783545
v 0.569814 0.778202 -0.785400
v 0.569939 0.798654 -0.786020
v 0.568236 0.798897 -0.784882
v 0.566365 0.798734 -0.783631
v 0.564440 0.798022 -0.782345
v 0.562637 0.796682 -0.781141
v 0.561165 0.794733 -0.780157
v 0.560215 0.792307 -0.779522
v 0.559918 0.789629 -0.779324
v 0.560245 0.786958 -0.779543
v 0.561093 0.784489 -0.780109
v 0.562379 0.782369 -0.780968
v 0.563994 0.780704 -0.782047
v 0.565817 0.779548 -0.783265
v 0.567731 0.778919 -0.784545
v 0.569631 0.778796 -0.785814
v 0.569892 0.798030 -0.786379
v 0.568330 0.797743 -0.785731
v 0.566745 0.797223 -0.785075
v 0.565190 0.796384 -0.784431
v 0.563771 0.795167 -0.783843
v 0.562629 0.793573 -0.783370
v 0.561898 0.791680 -0.783067
v 0.561673 0.789629 -0.782974
v 0.561910 0.787580 -0.783072
v 0.562516 0.785634 -0.783323
v 0.563452 0.783862 -0.783711
v 0.564669 0.782315 -0.784215
v 0.566121 0.781035 -0.784817
v 0.567763 0.780056 -0.785496
v 0.569548 0.779412 -0.786236
v 0.569923 0.797408 -0.786716
v 0.568614 0.796592 -0.786455
v 0.567454 0.795717 -0.786224
v 0.566421 0.794751 -0.786019
v 0.565534 0.793655 -0.785843
v 0.564846 0.792415 -0.785706
v 0.564417 0.791054 -0.785620
v 0.564295 0.789629 -0.785596
v 0.564415 0.788203 -0.785620
v 0.564701 0.786781 -0.785677
v 0.565168 0.785355 -0.785770
v 0.565846 0.783926 -0.785905
v 0.566777 0.782519 -0.786090
v 0.568005 0.781189 -0.786334
v 0.569556 0.780025 -0.786642
v 0.570015 0.796813 -0.787015
v 0.569021 0.795493 -0.787015
v 0.568346 0.794281 -0.787015
v 0.567890 0.793197 -0.787015
v 0.567584 0.792219 -0.787015
v 0.567388 0.791316 -0.787015
v 0.567288 0.790459 -0.787015
v 0.567280 0.789629 -0.787015
v 0.567279 0.788797 -0.787015
v 0.567228 0.787875 -0.787015
v 0.567195 0.786780 -0.787015
v 0.567289 0.785465 -0.787015
v 0.567645 0.783938 -0.787015
v 0.568394 0.782273 -0.787015
v 0.569639 0.780611 -0.787015
v 0.570153 0.796264 -0.787269
v 0.569488 0.794475 -0.787401
v 0.569289 0.792948 -0.787441
v 0.569388 0.791752 -0.787421
v 0.569634 0.790883 -0.787372
v 0.569905 0.790293 -0.787318
v 0.570117 0.789905 -0.787276
v 0.570217 0.789629 -0.787256
v 0.570105 0.789350 -0.787278
v 0.569740 0.788895 -0.787351
v 0.569240 0.788108 -0.787450
v 0.568785 0.786896 -0.787541
v 0.568590 0.785254 -0.787580
v 0.568866 0.783276 -0.787525
v 0.569782 0.781152 -0.787342
v 0.570319 0.795778 -0.787475
v 0.569954 0.793565 -0.787626
v 0.570162 0.791747 -0.787539
v 0.570726 0.790442 -0.787306
v 0.571431 0.789667 -0.787014
v 0.572089 0.789360 -0.786741
v 0.572558 0.789399 -0.786547
v 0.572746 0.789629 -0.786469
v 0.572543 0.789855 -0.786553
v 0.571923 0.789824 -0.786810
v 0.571044 0.789313 -0.787174
v 0.570142 0.788188 -0.787548
v 0.569491 0.786434 -0.787818
v 0.569362 0.784169 -0.787871
v 0.569968 0.781628 -0.787620
v 0.570499 0.795376 -0.787636
v 0.570368 0.792803 -0.787723
v 0.570859 0.790732 -0.787395
v 0.571730 0.789329 -0.786813
v 0.572732 0.788629 -0.786144
v 0.573637 0.788561 -0.785539
v 0.574269 0.788965 -0.785117
v 0.574512 0.789629 -0.784955
v 0.574251 0.790288 -0.785129
v 0.573477 0.790618 -0.785646
v 0.572367 0.790338 -0.786388
v 0.571187 0.789281 -0.787176
v 0.570242 0.787427 -0.787808
v 0.569829 0.784912 -0.788084
v 0.570181 0.782020 -0.787849
v 0.570682 0.795074 -0.787762
v 0.570700 0.792221 -0.787744
v 0.571319 0.789949 -0.787125
v 0.572303 0.788462 -0.786140
v 0.573403 0.787817 -0.785041
v 0.574386 0.787933 -0.784058
v 0.575066 0.788624 -0.783378
v 0.575322 0.789629 -0.783122
v 0.575047 0.790628 -0.783397
v 0.574239 0.791240 -0.784204
v 0.573079 0.791137 -0.785365
v 0.571827 0.790127 -0.786617
v 0.570783 0.788187 -0.787661
v 0.570235 0.785475 -0.788208
v 0.570410 0.782313 -0.788033
v 0.570863 0.794887 -0.787861
v 0.570943 0.791849 -0.787741
v 0.571535 0.789435 -0.786856
v 0.572440 0.787884 -0.785502
v 0.573440 0.787268 -0.784005
v 0.574330 0.787504 -0.782672
v 0.574945 0.788390 -0.781753
v 0.575174 0.789629 -0.781410
v 0.574927 0.790862 -0.781780
v 0.574208 0.791663 -0.782855
v 0.573175 0.791673 -0.784402
v 0.572055 0.790686 -0.786078
v 0.571106 0.788680 -0.787498
v 0.570574 0.785832 -0.788293
v 0.570649 0.782493 -0.788182
v 0.571044 0.794822 -0.787943
v 0.571118 0.791704 -0.787766
v 0.571558 0.789220 -0.786704
v 0.572225 0.787626 -0.785093
v 0.572962 0.787011 -0.783313
v 0.573620 0.787298 -0.781726
v 0.574073 0.788275 -0.780630
v 0.574242 0.789629 -0.780223
v 0.574059 0.790976 -0.780664
v 0.573531 0.791865 -0.781939
v 0.572773 0.791920 -0.783768
v 0.571953 0.790928 -0.785748
v 0.571258 0.788879 -0.787427
v 0.570861 0.785963 -0.788384
v 0.570896 0.782552 -0.788300
v 0.571230 0.794884 -0.788013
v 0.571262 0.791799 -0.787851
v 0.571481 0.789319 -0.786750
v 0.571818 0.787709 -0.785056
v 0.572194 0.787068 -0.783169
v 0.572530 0.787330 -0.781476
v 0.572764 0.788288 -0.780302
v 0.572851 0.789629 -0.779866
v 0.572756 0.790962 -0.780341
v 0.572484 0.791830 -0.781710
v 0.572095 0.791856 -0.783663
v 0.571678 0.790835 -0.785762
v 0.571327 0.788768 -0.787526
v 0.571131 0.785859 -0.788511
v 0.571155 0.782485 -0.788393
v 0.571429 0.792134 -0.788009
v 0.571429 0.787450 -0.783669
v 0.571429 0.791471 -0.784178
v 0.571429 0.788344 -0.787822
v 0.571429 0.785521 -0.788683
v 0.571429 0.782296 -0.788459
vn -0.4996 0.1288 -0.8566
vn -0.6737 0.7334 -0.0902
vn 0.4576 0.7414 0.4909
vn 0.5855 0.7552 -0.2948
vn 0.6201 0.4651 -0.6318
vn 0.6334 -0.0124 -0.7738
vn 0.6099 -0.5189 -0.5989
vn 0.5489 -0.8122 -0.1977
vn 0.2436 -0.7369 0.6306
vn -0.4945 0.1596 -0.8544
vn -0.4980 -0.0889 -0.8626
vn -0.6177 -0.2896 -0.7312
vn 0.4751 0.6231 0.6213
vn 0.6839 0.6647 0.3007
vn 0.8058 0.5921 -0.0072
vn 0.8956 0.3622 -0.2585
vn 0.9307 -0.0115 -0.3656
vn 0.8787 -0.4157 -0.2349
vn 0.7477 -0.6607 0.0661
vn 0.5870 -0.7054 0.3974
vn -0.6931 -0.7202 -0.0299
vn -0.4769 0.2893 -0.8300
vn -0.4146 0.0295 -0.9095
vn -0.4280 -0.2425 -0.8706
vn -0.4562 0.1983 -0.8675
vn -0.4458 -0.0074 -0.8951
vn -0.5086 -0.2064 -0.8359
vn -0.6337 -0.3380 -0.6958
vn 0.7187 0.4608 0.5207
vn 0.8525 0.4170 0.3152
vn 0.9552 0.2590 0.1434
vn 0.9982 -0.0111 0.0596
vn 0.9366 -0.3118 0.1600
vn 0.7878 -0.4939 0.3680
vn 0.5691 -0.5505 0.6108
vn -0.5060 0.3690 -0.7796
vn -0.4060 0.1856 -0.8949
vn -0.3607 -0.0481 -0.9314
vn -0.3893 -0.2794 -0.8777
vn -0.4017 0.2475 -0.8817
vn -0.3790 0.0867 -0.9213
vn -0.4192 -0.0771 -0.9046
vn -0.4953 -0.2079 -0.8435
vn -0.5847 -0.2899 -0.7577
vn 0.5351 0.4190 -0.7336
vn 0.8990 0.3776 -0.2220
vn 0.9648 -0.0154 0.2626
vn 0.7840 -0.5510 -0.2860
vn 0.3412 -0.4369 -0.8323
vn -0.5080 0.3326 -0.7946
vn -0.3934 0.2306 -0.8900
vn -0.3159 0.0630 -0.9467
vn -0.2908 -0.1373 -0.9469
vn -0.3370 -0.3263 -0.8832
vn -0.3427 0.3070 -0.8879
vn -0.3035 0.1910 -0.9335
vn -0.3134 0.0655 -0.9474
vn -0.3570 -0.0411 -0.9332
vn -0.4242 -0.1123 -0.8986
vn -0.5021 -0.1369 -0.8539
vn -0.5783 -0.1062 -0.8089
vn -0.6291 0.0090 -0.7773
vn -0.5639 0.1459 -0.8129
vn -0.4510 0.1994 -0.8700
vn -0.3402 0.1712 -0.9247
vn -0.2519 0.0738 -0.9649
vn -0.2052 -0.0715 -0.9761
vn -0.2111 -0.2364 -0.9485
vn -0.2799 -0.3830 -0.8803
vn -0.2894 0.3755 -0.8805
vn -0.2254 0.3021 -0.9262
vn -0.1930 0.2136 -0.9577
vn -0.1880 0.1281 -0.9738
vn -0.2050 0.0583 -0.9770
vn -0.2345 0.0133 -0.9720
vn -0.2625 -0.0049 -0.9649
vn -0.2773 0.0093 -0.9607
vn -0.2529 0.0464 -0.9664
vn -0.1896 0.0550 -0.9803
vn -0.1237 0.0077 -0.9923
vn -0.0816 -0.0875 -0.9928
vn -0.0805 -0.2125 -0.9738
vn -0.1286 -0.3425 -0.9307
vn -0.2269 -0.4480 -0.8647
vn -0.3364 0.4655 -0.8186
vn -0.2498 0.4498 -0.8575
vn -0.1500 0.4162 -0.8968
vn -0.0654 0.3612 -0.9302
vn -0.0003 0.2910 -0.9567
vn 0.0437 0.2140 -0.9759
vn 0.0690 0.1376 -0.9881
vn 0.0804 0.0655 -0.9946
vn 0.0822 0.0090 -0.9966
vn 0.0897 -0.0274 -0.9956
vn 0.1082 -0.0724 -0.9915
vn 0.1190 -0.1469 -0.9820
vn 0.1034 -0.2459 -0.9638
vn 0.0484 -0.3545 -0.9338
vn -0.0499 -0.4519 -0.8907
vn -0.1854 -0.5181 -0.8350
vn -0.2278 0.5243 -0.8205
vn -0.0827 0.5278 -0.8453
vn 0.0571 0.5012 -0.8635
vn 0.1830 0.4400 -0.8792
vn 0.2858 0.3509 -0.8918
vn 0.3602 0.2425 -0.9008
vn 0.4045 0.1228 -0.9063
vn 0.4188 0.0086 -0.9080
vn 0.4139 -0.0877 -0.9061
vn 0.3963 -0.1819 -0.8999
vn 0.3561 -0.2864 -0.8895
vn 0.2826 -0.3942 -0.8745
vn 0.1695 -0.4914 -0.8543
vn 0.0186 -0.5598 -0.8284
vn -0.1595 -0.5882 -0.7928
vn -0.3241 -0.5465 -0.7722
vn -0.2207 0.5899 -0.7768
vn -0.0292 0.6283 -0.7774
vn 0.1595 0.6244 -0.7647
vn 0.3369 0.5678 -0.7511
vn 0.4875 0.4652 -0.7389
vn 0.6005 0.3280 -0.7293
vn 0.6698 0.1685 -0.7232
vn 0.6931 0.0078 -0.7208
vn 0.6791 -0.1369 -0.7211
vn 0.6344 -0.2728 -0.7232
vn 0.5536 -0.4056 -0.7274
vn 0.4315 -0.5248 -0.7338
vn 0.2679 -0.6148 -0.7418
vn 0.0704 -0.6587 -0.7491
vn -0.1488 -0.6510 -0.7443
vn -0.2215 0.6404 -0.7354
vn 0.0066 0.7120 -0.7021
vn 0.2309 0.7263 -0.6475
vn 0.4446 0.6720 -0.5923
vn 0.6281 0.5569 -0.5435
vn 0.7667 0.3955 -0.5057
vn 0.8523 0.2038 -0.4818
vn 0.8812 0.0062 -0.4727
vn 0.8609 -0.1767 -0.4771
vn 0.7979 -0.3465 -0.4932
vn 0.6890 -0.5037 -0.5212
vn 0.5324 -0.6341 -0.5607
vn 0.3323 -0.7199 -0.6094
vn 0.1010 -0.7434 -0.6612
vn -0.1491 -0.7013 -0.6971
vn -0.2246 0.6771 -0.7008
vn 0.0224 0.7806 -0.6246
vn 0.2661 0.8113 -0.5206
vn 0.5002 0.7596 -0.4156
vn 0.7026 0.6342 -0.3227
vn 0.8560 0.4521 -0.2507
vn 0.9507 0.2328 -0.2050
vn 0.9821 0.0036 -0.1882
vn 0.9572 -0.2111 -0.1980
vn 0.8825 -0.4092 -0.2317
vn 0.7562 -0.5870 -0.2893
vn 0.5788 -0.7270 -0.3694
vn 0.3577 -0.8088 -0.4667
vn 0.1085 -0.8141 -0.5705
vn -0.1559 -0.7393 -0.6551
vn -0.2277 0.7034 -0.6734
vn 0.0167 0.8360 -0.5485
vn 0.2617 0.8824 -0.3910
vn 0.4996 0.8348 -0.2315
vn 0.7068 0.7018 -0.0894
vn 0.8647 0.5019 0.0210
vn 0.9619 0.2577 0.0909
vn 0.9933 0.0004 0.1159
vn 0.9652 -0.2422 0.0991
vn 0.8846 -0.4643 0.0448
vn 0.7508 -0.6589 -0.0467
vn 0.5664 -0.8060 -0.1720
vn 0.3408 -0.8831 -0.3225
vn 0.0918 -0.8715 -0.4818
vn -0.1666 -0.7671 -0.6195
vn -0.2305 0.7215 -0.6529
vn -0.0103 0.8775 -0.4795
vn 0.2169 0.9382 -0.2698
vn 0.4403 0.8961 -0.0560
vn 0.6370 0.7587 0.1365
vn 0.7880 0.5447 0.2870
vn 0.8810 0.2790 0.3822
vn 0.9098 -0.0031 0.4150
vn 0.8806 -0.2695 0.3898
vn 0.8004 -0.5112 0.3130
vn 0.6700 -0.7187 0.1860
vn 0.4933 -0.8697 0.0145
vn 0.2810 -0.9410 -0.1887
vn 0.0511 -0.9144 -0.4016
vn -0.1804 -0.7862 -0.5910
vn -0.2348 0.7327 -0.6388
vn -0.0573 0.9041 -0.4234
vn 0.1338 0.9766 -0.1685
vn 0.3244 0.9412 0.0941
vn 0.4944 0.8028 0.3333
vn 0.6263 0.5789 0.5222
vn 0.7075 0.2960 0.6417
vn 0.7319 -0.0066 0.6814
vn 0.7043 -0.2921 0.6470
vn 0.6318 -0.5485 0.5476
vn 0.5163 -0.7642 0.3866
vn 0.3625 -0.9159 0.1725
vn 0.1812 -0.9804 -0.0773
vn -0.0114 -0.9417 -0.3362
vn -0.1978 -0.7976 -0.5699
vn -0.2431 0.7364 -0.6313
vn -0.1214 0.9147 -0.3855
vn 0.0184 0.9950 -0.0978
vn 0.1598 0.9663 0.2016
vn 0.2875 0.8300 0.4780
vn 0.3874 0.6014 0.6987
vn 0.4493 0.3073 0.8389
vn 0.4673 -0.0096 0.8840
vn 0.4450 -0.3080 0.8409
vn 0.3882 -0.5731 0.7218
vn 0.2992 -0.7918 0.5324
vn 0.1829 -0.9409 0.2850
vn 0.0481 -0.9988 0.0004
vn -0.0922 -0.9522 -0.2914
vn -0.2201 -0.8011 -0.5567
vn -0.2566 0.7317 -0.6315
vn -0.1978 0.9077 -0.3701
vn -0.1191 0.9906 -0.0667
vn -0.0389 0.9670 0.2516
vn 0.0337 0.8353 0.5488
vn 0.0909 0.6078 0.7889
vn 0.1264 0.3106 0.9421
vn 0.1367 -0.0117 0.9905
vn 0.1232 -0.3144 0.9413
vn 0.0894 -0.5806 0.8093
vn 0.0370 -0.7969 0.6030
vn -0.0303 -0.9409 0.3373
vn -0.1073 -0.9936 0.0356
vn -0.1857 -0.9444 -0.2714
vn -0.2478 -0.7961 -0.5521
vn -0.2711 0.7193 -0.6396
vn -0.2731 0.8836 -0.3804
vn -0.2557 0.9633 -0.0811
vn -0.2391 0.9422 0.2346
vn -0.2256 0.8163 0.5317
vn -0.2158 0.5957 0.7737
vn -0.2099 0.3044 0.9291
vn -0.2080 -0.0126 0.9780
vn -0.2107 -0.3095 0.9273
vn -0.2182 -0.5688 0.7930
vn -0.2298 -0.7775 0.5854
vn -0.2448 -0.9150 0.3207
vn -0.2620 -0.9648 0.0227
vn -0.2784 -0.9190 -0.2792
vn -0.2768 -0.7832 -0.5567
vn -0.2841 0.7015 -0.6536
vn -0.3344 0.8467 -0.4138
vn -0.3688 0.9194 -0.1365
vn -0.4079 0.8993 0.1576
vn -0.4476 0.7806 0.4363
vn -0.4817 0.5708 0.6650
vn -0.5039 0.2919 0.8129
vn -0.5103 -0.0124 0.8599
vn -0.5029 -0.2967 0.8118
vn -0.4857 -0.5434 0.6847
vn -0.4601 -0.7408 0.4894
vn -0.4284 -0.8704 0.2426
vn -0.3935 -0.9187 -0.0335
vn -0.3573 -0.8802 -0.3124
vn -0.3039 -0.7640 -0.5692
vn -0.3018 0.6765 -0.6717
vn -0.3837 0.7975 -0.4656
vn -0.4569 0.8606 -0.2248
vn -0.5398 0.8412 0.0324
vn -0.6229 0.7312 0.2780
vn -0.6937 0.5358 0.4813
vn -0.7402 0.2745 0.6138
vn -0.7541 -0.0114 0.6567
vn -0.7386 -0.2774 0.6144
vn -0.7008 -0.5070 0.5018
vn -0.6445 -0.6898 0.3298
vn -0.5753 -0.8099 0.1142
vn -0.4997 -0.8571 -0.1253
vn -0.4233 -0.8286 -0.3665
vn -0.3334 -0.7370 -0.5880
vn -0.3278 0.6405 -0.6944
vn -0.4227 0.7335 -0.5323
vn -0.5199 0.7840 -0.3392
vn -0.6315 0.7641 -0.1314
vn -0.7443 0.6643 0.0685
vn -0.8409 0.4875 0.2351
vn -0.9048 0.2501 0.3446
vn -0.9246 -0.0096 0.3808
vn -0.9040 -0.2499 0.3470
vn -0.8523 -0.4562 0.2560
vn -0.7754 -0.6204 0.1176
vn -0.6814 -0.7299 -0.0549
vn -0.5793 -0.7772 -0.2457
vn -0.4771 -0.7621 -0.4376
vn -0.3674 -0.6990 -0.6136
vn -0.3582 0.5911 -0.7227
vn -0.4479 0.6546 -0.6090
vn -0.5515 0.6894 -0.4697
vn -0.6729 0.6678 -0.3182
vn -0.7968 0.5794 -0.1715
vn -0.9039 0.4250 -0.0486
vn -0.9754 0.2181 0.0328
vn -0.9982 -0.0072 0.0601
vn -0.9763 -0.2135 0.0363
vn -0.9204 -0.3899 -0.0284
vn -0.8373 -0.5319 -0.1267
vn -0.7359 -0.6298 -0.2488
vn -0.6255 -0.6793 -0.3838
vn -0.5145 -0.6814 -0.5205
vn -0.4012 -0.6488 -0.6466
vn -0.3843 0.5284 -0.7570
vn -0.4566 0.5619 -0.6898
vn -0.5488 0.5775 -0.6045
vn -0.6593 0.5526 -0.5099
vn -0.7738 0.4766 -0.4172
vn -0.8738 0.3486 -0.3390
vn -0.9412 0.1785 -0.2870
vn -0.9630 -0.0046 -0.2695
vn -0.9441 -0.1685 -0.2835
vn -0.8955 -0.3083 -0.3210
vn -0.8231 -0.4241 -0.3777
vn -0.7340 -0.5102 -0.4483
vn -0.6352 -0.5646 -0.5270
vn -0.5325 -0.5882 -0.6087
vn -0.4277 -0.5878 -0.6868
vn -0.3957 0.4576 -0.7963
vn -0.4472 0.4582 -0.7682
vn -0.5130 0.4497 -0.7311
vn -0.5930 0.4191 -0.6875
vn -0.6779 0.3563 -0.6431
vn -0.7534 0.2583 -0.6048
vn -0.8047 0.1310 -0.5791
vn -0.8210 -0.0020 -0.5709
vn -0.8089 -0.1150 -0.5765
vn -0.7795 -0.2112 -0.5897
vn -0.7351 -0.2975 -0.6092
vn -0.6780 -0.3726 -0.6336
vn -0.6095 -0.4359 -0.6622
vn -0.5299 -0.4861 -0.6949
vn -0.4393 -0.5205 -0.7322
vn -0.3866 0.3864 -0.8374
vn -0.4206 0.3490 -0.8374
vn -0.4497 0.3096 -0.8378
vn -0.4828 0.2683 -0.8336
vn -0.5199 0.2176 -0.8261
vn -0.5546 0.1527 -0.8180
vn -0.5786 0.0744 -0.8122
vn -0.5846 0.0001 -0.8113
vn -0.5829 -0.0522 -0.8109
vn -0.5847 -0.0975 -0.8054
vn -0.5851 -0.1527 -0.7964
vn -0.5776 -0.2199 -0.7862
vn -0.5543 -0.2978 -0.7772
vn -0.5080 -0.3804 -0.7728
vn -0.4325 -0.4532 -0.7795
vn -0.3577 0.3198 -0.8773
vn -0.3787 0.2393 -0.8940
vn -0.3663 0.1617 -0.9163
vn -0.3420 0.1007 -0.9343
vn -0.3159 0.0560 -0.9471
vn -0.2934 0.0246 -0.9557
vn -0.2770 0.0031 -0.9609
vn -0.2656 0.0015 -0.9641
vn -0.2796 0.0253 -0.9598
vn -0.3292 0.0371 -0.9435
vn -0.3912 0.0101 -0.9203
vn -0.4459 -0.0560 -0.8933
vn -0.4767 -0.1551 -0.8652
vn -0.4696 -0.2749 -0.8390
vn -0.4088 -0.3900 -0.8251
vn -0.3144 0.2596 -0.9131
vn -0.3237 0.1315 -0.9370
vn -0.2692 0.0120 -0.9630
vn -0.1876 -0.0757 -0.9793
vn -0.0984 -0.1293 -0.9867
vn -0.0160 -0.1579 -0.9873
vn 0.0500 -0.2102 -0.9764
vn 0.1052 -0.0088 -0.9944
vn 0.0510 0.2179 -0.9746
vn -0.0559 0.2018 -0.9778
vn -0.1788 0.1848 -0.9664
vn -0.2967 0.1122 -0.9484
vn -0.3837 -0.0126 -0.9234
vn -0.4182 -0.1723 -0.8919
vn -0.3730 -0.3332 -0.8659
vn -0.2677 0.2083 -0.9407
vn -0.2632 0.0303 -0.9643
vn -0.1662 -0.1320 -0.9772
vn -0.0290 -0.2466 -0.9687
vn -0.7464 0.5694 -0.3446
vn -0.9197 0.2900 0.2647
vn -0.8602 -0.1619 0.4836
vn -0.7747 -0.0223 0.6319
vn -0.8460 0.0077 0.5331
vn -0.7765 -0.6289 0.0386
vn 0.0378 0.3512 -0.9355
vn -0.1458 0.2745 -0.9505
vn -0.2876 0.1229 -0.9498
vn -0.3627 -0.0772 -0.9287
vn -0.3348 -0.2853 -0.8981
vn -0.2347 0.1676 -0.9575
vn -0.2102 -0.0595 -0.9758
vn -0.0563 -0.2533 -0.9657
vn 0.2608 0.6060 0.7515
vn -0.3395 0.5051 0.7935
vn -0.5807 0.4307 0.6908
vn -0.7528 0.2570 0.6060
vn -0.8242 -0.0056 0.5662
vn -0.7352 -0.3027 0.6065
vn -0.5028 -0.5074 0.6998
vn -0.1975 -0.5770 0.7925
vn 0.0255 0.3961 -0.9179
vn -0.2018 0.2438 -0.9486
vn -0.3162 0.0071 -0.9487
vn -0.3078 -0.2474 -0.9187
vn -0.2347 0.1350 -0.9627
vn -0.1767 -0.1361 -0.9748
vn 0.6648 0.3634 -0.6526
vn -0.0519 0.6715 0.7392
vn -0.4004 0.7192 0.5679
vn -0.6915 0.6212 0.3686
vn -0.9053 0.3702 0.2083
vn -0.9900 -0.0079 0.1411
vn -0.8814 -0.4203 0.2157
vn -0.6034 -0.6913 0.3974
vn -0.2640 -0.7579 0.5966
vn 0.6232 -0.7263 0.2900
vn -0.1026 0.3249 -0.9402
vn -0.2908 0.0801 -0.9534
vn -0.3044 -0.2177 -0.9273
vn -0.2815 0.1046 -0.9538
vn -0.1775 -0.2086 -0.9618
vn 0.1463 0.9201 -0.3633
vn -0.0307 0.8032 0.5949
vn -0.3270 0.8937 0.3073
vn -0.6131 0.7900 -0.0113
vn -0.8351 0.4778 -0.2725
vn -0.9244 -0.0105 -0.3812
vn -0.8092 -0.5302 -0.2532
vn -0.5279 -0.8478 0.0499
vn -0.2107 -0.9027 0.3751
vn 0.1382 -0.7750 0.6167
vn 0.4364 0.0403 -0.8988
vn -0.2989 0.1456 -0.9431
vn -0.3295 -0.1942 -0.9240
vn -0.3659 0.0843 -0.9268
vn -0.2959 -0.3007 -0.9067
vn 0.2037 0.7610 0.6159
vn 0.0960 0.8905 0.4447
vn -0.0936 0.9923 0.0808
vn -0.3003 0.8923 -0.3371
vn -0.4705 0.5480 -0.6916
vn -0.5405 -0.0125 -0.8413
vn -0.4517 -0.6007 -0.6596
vn -0.2443 -0.9390 -0.2420
vn -0.0267 -0.9825 0.1842
vn 0.1511 -0.8482 0.5077
vn 0.2821 -0.7353 0.6163
vn -0.3506 0.1912 -0.9168
vn -0.3741 -0.1825 -0.9093
vn -0.4528 0.1002 -0.8859
vn -0.4897 -0.2339 -0.8399
vn -0.0036 0.9997 -0.0252
vn 0.3086 0.8562 0.4144
vn 0.2491 0.9685 0.0075
vn 0.1731 0.8780 -0.4463
vn 0.1065 0.5429 -0.8330
vn 0.0786 -0.0131 -0.9968
vn 0.1103 -0.5959 -0.7954
vn 0.1796 -0.9243 -0.3367
vn 0.2495 -0.9594 0.1312
vn 0.2839 -0.8052 0.5207
vn -0.6240 -0.7805 0.0382
vn -0.4182 0.1585 -0.8944
vn -0.4193 -0.1920 -0.8873
vn -0.5244 -0.1580 -0.8367
vn 0.5360 0.8371 0.1096
vn 0.4773 -0.8488 0.2272
vn -0.5611 0.3409 -0.7543
vn -0.4402 0.0964 -0.8927
vn -0.4411 -0.2140 -0.8715
vt 0.750000 0.875000
vt 0.750000 0.937500
vt 0.718750 0.937500
vt 0.718750 0.875000
vt 0.750000 0.375000
vt 0.750000 0.437500
vt 0.718750 0.437500
vt 0.718750 0.375000
vt 0.750000 0.812500
vt 0.718750 0.812500
vt 0.750000 0.312500
vt 0.718750 0.312500
vt 0.750000 0.750000
vt 0.718750 0.750000
vt 0.750000 0.250000
vt 0.718750 0.250000
vt 0.750000 0.687500
vt 0.718750 0.687500
vt 0.750000 0.187500
vt 0.718750 0.187500
vt 0.750000 0.625000
vt 0.718750 0.625000
vt 0.750000 0.125000
vt 0.718750 0.125000
vt 0.750000 0.562500
vt 0.718750 0.562500
vt 0.750000 0.062500
vt 0.718750 0.062500
vt 0.750000 0.500000
vt 0.718750 0.500000
vt 0.734375 1.000000
vt 0.734375 0.000000
vt 0.687500 0.562500
vt 0.687500 0.500000
vt 0.703125 1.000000
vt 0.687500 0.937500
vt 0.703125 0.000000
vt 0.687500 0.062500
vt 0.687500 0.437500
vt 0.687500 0.875000
vt 0.687500 0.375000
vt 0.687500 0.812500
vt 0.687500 0.312500
vt 0.687500 0.750000
vt 0.687500 0.250000
vt 0.687500 0.687500
vt 0.687500 0.187500
vt 0.687500 0.625000
vt 0.687500 0.125000
vt 0.656250 0.312500
vt 0.656250 0.250000
vt 0.656250 0.750000
vt 0.656250 0.687500
vt 0.656250 0.187500
vt 0.656250 0.625000
vt 0.656250 0.125000
vt 0.656250 0.562500
vt 0.656250 0.062500
vt 0.656250 0.500000
vt 0.671875 1.000000
vt 0.656250 0.937500
vt 0.671875 0.000000
vt 0.656250 0.437500
vt 0.656250 0.875000
vt 0.656250 0.375000
vt 0.656250 0.812500
vt 0.640625 0.000000
vt 0.625000 0.062500
vt 0.625000 0.500000
vt 0.625000 0.437500
vt 0.625000 0.937500
vt 0.625000 0.875000
vt 0.625000 0.375000
vt 0.625000 0.812500
vt 0.625000 0.312500
vt 0.625000 0.750000
vt 0.625000 0.250000
vt 0.625000 0.687500
vt 0.625000 0.187500
vt 0.625000 0.625000
vt 0.625000 0.125000
vt 0.625000 0.562500
vt 0.640625 1.000000
vt 0.593750 0.250000
vt 0.593750 0.187500
vt 0.593750 0.687500
vt 0.593750 0.625000
vt 0.593750 0.125000
vt 0.593750 0.562500
vt 0.593750 0.062500
vt 0.593750 0.500000
vt 0.609375 1.000000
vt 0.593750 0.937500
vt 0.609375 0.000000
vt 0.593750 0.437500
vt 0.593750 0.875000
vt 0.593750 0.375000
vt 0.593750 0.812500
vt 0.593750 0.312500
vt 0.593750 0.750000
vt 0.562500 0.937500
vt 0.562500 0.875000
vt 0.562500 0.437500
vt 0.562500 0.375000
vt 0.562500 0.812500
vt 0.562500 0.312500
vt 0.562500 0.750000
vt 0.562500 0.250000
vt 0.562500 0.687500
vt 0.562500 0.187500
vt 0.562500 0.625000
vt 0.562500 0.125000
vt 0.562500 0.562500
vt 0.562500 0.062500
vt 0.562500 0.500000
vt 0.578125 1.000000
vt 0.578125 0.000000
vt 0.531250 0.687500
vt 0.531250 0.625000
vt 0.531250 0.187500
vt 0.531250 0.125000
vt 0.531250 0.562500
vt 0.531250 0.062500
vt 0.531250 0.500000
vt 0.546875 1.000000
vt 0.531250 0.937500
vt 0.546875 0.000000
vt 0.531250 0.437500
vt 0.531250 0.875000
vt 0.531250 0.375000
vt 0.531250 0.812500
vt 0.531250 0.312500
vt 0.531250 0.750000
vt 0.531250 0.250000
vt 0.500000 0.437500
vt 0.500000 0.375000
vt 0.500000 0.875000
vt 0.500000 0.812500
vt 0.500000 0.312500
vt 0.500000 0.750000
vt 0.500000 0.250000
vt 0.500000 0.687500
vt 0.500000 0.187500
vt 0.500000 0.625000
vt 0.500000 0.125000
vt 0.500000 0.562500
vt 0.500000 0.062500
vt 0.500000 0.500000
vt 0.515625 1.000000
vt 0.500000 0.937500
vt 0.515625 0.000000
vt 0.468750 0.187500
vt 0.468750 0.125000
vt 0.468750 0.625000
vt 0.468750 0.562500
vt 0.468750 0.062500
vt 0.468750 0.500000
vt 0.484375 1.000000
vt 0.468750 0.937500
vt 0.484375 0.000000
vt 0.468750 0.437500
vt 0.468750 0.875000
vt 0.468750 0.375000
vt 0.468750 0.812500
vt 0.468750 0.312500
vt 0.468750 0.750000
vt 0.468750 0.250000
vt 0.468750 0.687500
vt 0.437500 0.875000
vt 0.437500 0.812500
vt 0.437500 0.375000
vt 0.437500 0.312500
vt 0.437500 0.750000
vt 0.437500 0.250000
vt 0.437500 0.687500
vt 0.437500 0.187500
vt 0.437500 0.625000
vt 0.437500 0.125000
vt 0.437500 0.562500
vt 0.437500 0.062500
vt 0.437500 0.500000
vt 0.453125 1.000000
vt 0.437500 0.937500
vt 0.453125 0.000000
vt 0.437500 0.437500
vt 0.406250 0.625000
vt 0.406250 0.562500
vt 0.406250 0.125000
vt 0.406250 0.062500
vt 0.406250 0.500000
vt 0.421875 1.000000
vt 0.406250 0.937500
vt 0.421875 0.000000
vt 0.406250 0.437500
vt 0.406250 0.875000
vt 0.406250 0.375000
vt 0.406250 0.812500
vt 0.406250 0.312500
vt 0.406250 0.750000
vt 0.406250 0.250000
vt 0.406250 0.687500
vt 0.406250 0.187500
vt 0.375000 0.375000
vt 0.375000 0.312500
vt 0.375000 0.812500
vt 0.375000 0.750000
vt 0.375000 0.250000
vt 0.375000 0.687500
vt 0.375000 0.187500
vt 0.375000 0.625000
vt 0.375000 0.125000
vt 0.375000 0.562500
vt 0.375000 0.062500
vt 0.375000 0.500000
vt 0.390625 1.000000
vt 0.375000 0.937500
vt 0.390625 0.000000
vt 0.375000 0.437500
vt 0.375000 0.875000
vt 0.343750 0.125000
vt 0.343750 0.062500
vt 0.343750 0.562500
vt 0.343750 0.500000
vt 0.359375 1.000000
vt 0.343750 0.937500
vt 0.359375 0.000000
vt 0.343750 0.437500
vt 0.343750 0.875000
vt 0.343750 0.375000
vt 0.343750 0.812500
vt 0.343750 0.312500
vt 0.343750 0.750000
vt 0.343750 0.250000
vt 0.343750 0.687500
vt 0.343750 0.187500
vt 0.343750 0.625000
vt 0.312500 0.312500
vt 0.312500 0.250000
vt 0.312500 0.750000
vt 0.312500 0.687500
vt 0.312500 0.187500
vt 0.312500 0.625000
vt 0.312500 0.125000
vt 0.312500 0.562500
vt 0.312500 0.062500
vt 0.312500 0.500000
vt 0.328125 1.000000
vt 0.312500 0.937500
vt 0.328125 0.000000
vt 0.312500 0.437500
vt 0.312500 0.875000
vt 0.312500 0.375000
vt 0.312500 0.812500
vt 0.296875 1.000000
vt 0.281250 0.937500
vt 0.296875 0.000000
vt 0.281250 0.062500
vt 0.281250 0.500000
vt 0.281250 0.437500
vt 0.281250 0.875000
vt 0.281250 0.375000
vt 0.281250 0.812500
vt 0.281250 0.312500
vt 0.281250 0.750000
vt 0.281250 0.250000
vt 0.281250 0.687500
vt 0.281250 0.187500
vt 0.281250 0.625000
vt 0.281250 0.125000
vt 0.281250 0.562500
vt 0.250000 0.750000
vt 0.250000 0.687500
vt 0.250000 0.250000
vt 0.250000 0.187500
vt 0.250000 0.625000
vt 0.250000 0.125000
vt 0.250000 0.562500
vt 0.250000 0.062500
vt 0.250000 0.500000
vt 0.265625 1.000000
vt 0.250000 0.937500
vt 0.265625 0.000000
vt 0.250000 0.437500
vt 0.250000 0.875000
vt 0.250000 0.375000
vt 0.250000 0.812500
vt 0.250000 0.312500
vt 0.218750 0.500000
vt 0.218750 0.437500
vt 0.218750 0.937500
vt 0.218750 0.875000
vt 0.218750 0.375000
vt 0.218750 0.812500
vt 0.218750 0.312500
vt 0.218750 0.750000
vt 0.218750 0.250000
vt 0.218750 0.687500
vt 0.218750 0.187500
vt 0.218750 0.625000
vt 0.218750 0.125000
vt 0.218750 0.562500
vt 0.218750 0.062500
vt 0.234375 1.000000
vt 0.234375 0.000000
vt 0.187500 0.250000
vt 0.187500 0.187500
vt 0.187500 0.687500
vt 0.187500 0.625000
vt 0.187500 0.125000
vt 0.187500 0.562500
vt 0.187500 0.062500
vt 0.187500 0.500000
vt 0.203125 1.000000
vt 0.187500 0.937500
vt 0.203125 0.000000
vt 0.187500 0.437500
vt 0.187500 0.875000
vt 0.187500 0.375000
vt 0.187500 0.812500
vt 0.187500 0.312500
vt 0.187500 0.750000
vt 0.156250 0.937500
vt 0.156250 0.875000
vt 0.156250 0.437500
vt 0.156250 0.375000
vt 0.156250 0.812500
vt 0.156250 0.312500
vt 0.156250 0.750000
vt 0.156250 0.250000
vt 0.156250 0.687500
vt 0.156250 0.187500
vt 0.156250 0.625000
vt 0.156250 0.125000
vt 0.156250 0.562500
vt 0.156250 0.062500
vt 0.156250 0.500000
vt 0.171875 1.000000
vt 0.171875 0.000000
vt 0.125000 0.687500
vt 0.125000 0.625000
vt 0.125000 0.187500
vt 0.125000 0.125000
vt 0.125000 0.562500
vt 0.125000 0.062500
vt 0.125000 0.500000
vt 0.140625 1.000000
vt 0.125000 0.937500
vt 0.140625 0.000000
vt 0.125000 0.437500
vt 0.125000 0.875000
vt 0.125000 0.375000
vt 0.125000 0.812500
vt 0.125000 0.312500
vt 0.125000 0.750000
vt 0.125000 0.250000
vt 0.093750 0.437500
vt 0.093750 0.375000
vt 0.093750 0.875000
vt 0.093750 0.812500
vt 0.093750 0.312500
vt 0.093750 0.750000
vt 0.093750 0.250000
vt 0.093750 0.687500
vt 0.093750 0.187500
vt 0.093750 0.625000
vt 0.093750 0.125000
vt 0.093750 0.562500
vt 0.093750 0.062500
vt 0.093750 0.500000
vt 0.109375 1.000000
vt 0.093750 0.937500
vt 0.109375 0.000000
vt 0.062500 0.187500
vt 0.062500 0.125000
vt 0.062500 0.625000
vt 0.062500 0.562500
vt 0.062500 0.062500
vt 0.062500 0.500000
vt 0.078125 1.000000
vt 0.062500 0.937500
vt 0.078125 0.000000
vt 0.062500 0.437500
vt 0.062500 0.875000
vt 0.062500 0.375000
vt 0.062500 0.812500
vt 0.062500 0.312500
vt 0.062500 0.750000
vt 0.062500 0.250000
vt 0.062500 0.687500
vt 0.031250 0.375000
vt 0.031250 0.312500
vt 0.031250 0.812500
vt 0.031250 0.750000
vt 0.031250 0.250000
vt 0.031250 0.687500
vt 0.031250 0.187500
vt 0.031250 0.625000
vt 0.031250 0.125000
vt 0.031250 0.562500
vt 0.031250 0.062500
vt 0.031250 0.500000
vt 0.046875 1.000000
vt 0.031250 0.937500
vt 0.046875 0.000000
vt 0.031250 0.437500
vt 0.031250 0.875000
vt 0.000000 0.125000
vt 0.000000 0.062500
vt 0.000000 0.562500
vt 0.000000 0.500000
vt 0.015625 1.000000
vt 0.000000 0.937500
vt 0.015625 0.000000
vt 0.000000 0.437500
vt 0.000000 0.875000
vt 0.000000 0.375000
vt 0.000000 0.812500
vt 0.000000 0.312500
vt 0.000000 0.750000
vt 0.000000 0.250000
vt 0.000000 0.687500
vt 0.000000 0.187500
vt 0.000000 0.625000
vt 1.000000 0.750000
vt 1.000000 0.812500
vt 0.968750 0.812500
vt 0.968750 0.750000
vt 1.000000 0.250000
vt 1.000000 0.312500
vt 0.968750 0.312500
vt 0.968750 0.250000
vt 1.000000 0.687500
vt 0.968750 0.687500
vt 1.000000 0.187500
vt 0.968750 0.187500
vt 1.000000 0.625000
vt 0.968750 0.625000
vt 1.000000 0.125000
vt 0.968750 0.125000
vt 1.000000 0.562500
vt 0.968750 0.562500
vt 1.000000 0.062500
vt 0.968750 0.062500
vt 1.000000 0.500000
vt 0.968750 0.500000
vt 1.000000 0.937500
vt 0.984375 1.000000
vt 0.968750 0.937500
vt 0.984375 0.000000
vt 1.000000 0.437500
vt 0.968750 0.437500
vt 1.000000 0.875000
vt 0.968750 0.875000
vt 1.000000 0.375000
vt 0.968750 0.375000
vt 0.937500 0.562500
vt 0.937500 0.500000
vt 0.953125 1.000000
vt 0.937500 0.937500
vt 0.953125 0.000000
vt 0.937500 0.062500
vt 0.937500 0.437500
vt 0.937500 0.875000
vt 0.937500 0.375000
vt 0.937500 0.812500
vt 0.937500 0.312500
vt 0.937500 0.750000
vt 0.937500 0.250000
vt 0.937500 0.687500
vt 0.937500 0.187500
vt 0.937500 0.625000
vt 0.937500 0.125000
vt 0.906250 0.312500
vt 0.906250 0.250000
vt 0.906250 0.750000
vt 0.906250 0.687500
vt 0.906250 0.187500
vt 0.906250 0.625000
vt 0.906250 0.125000
vt 0.906250 0.562500
vt 0.906250 0.062500
vt 0.906250 0.500000
vt 0.921875 1.000000
vt 0.906250 0.937500
vt 0.921875 0.000000
vt 0.906250 0.437500
vt 0.906250 0.875000
vt 0.906250 0.375000
vt 0.906250 0.812500
vt 0.890625 1.000000
vt 0.875000 0.937500
vt 0.890625 0.000000
vt 0.875000 0.062500
vt 0.875000 0.500000
vt 0.875000 0.437500
vt 0.875000 0.875000
vt 0.875000 0.375000
vt 0.875000 0.812500
vt 0.875000 0.312500
vt 0.875000 0.750000
vt 0.875000 0.250000
vt 0.875000 0.687500
vt 0.875000 0.187500
vt 0.875000 0.625000
vt 0.875000 0.125000
vt 0.875000 0.562500
vt 0.843750 0.750000
vt 0.843750 0.687500
vt 0.843750 0.250000
vt 0.843750 0.187500
vt 0.843750 0.625000
vt 0.843750 0.125000
vt 0.843750 0.562500
vt 0.843750 0.062500
vt 0.843750 0.500000
vt 0.859375 1.000000
vt 0.843750 0.937500
vt 0.859375 0.000000
vt 0.843750 0.437500
vt 0.843750 0.875000
vt 0.843750 0.375000
vt 0.843750 0.812500
vt 0.843750 0.312500
vt 0.812500 0.500000
vt 0.812500 0.437500
vt 0.812500 0.937500
vt 0.812500 0.875000
vt 0.812500 0.375000
vt 0.812500 0.812500
vt 0.812500 0.312500
vt 0.812500 0.750000
vt 0.812500 0.250000
vt 0.812500 0.687500
vt 0.812500 0.187500
vt 0.812500 0.625000
vt 0.812500 0.125000
vt 0.812500 0.562500
vt 0.812500 0.062500
vt 0.828125 1.000000
vt 0.828125 0.000000
vt 0.781250 0.250000
vt 0.781250 0.187500
vt 0.781250 0.687500
vt 0.781250 0.625000
vt 0.781250 0.125000
vt 0.781250 0.562500
vt 0.781250 0.062500
vt 0.781250 0.500000
vt 0.796875 1.000000
vt 0.781250 0.937500
vt 0.796875 0.000000
vt 0.781250 0.437500
vt 0.781250 0.875000
vt 0.781250 0.375000
vt 0.781250 0.812500
vt 0.781250 0.312500
vt 0.781250 0.750000
vt 0.765625 1.000000
vt 0.765625 0.000000
s 1
usemtl SphereImageMaterial
f 2405/2237/2405 1929/2238/1929 1938/2239/1938 1939/2240/1939
f 1936/2241/1936 1935/2242/1935 1946/2243/1946 1947/2244/1947
f 1930/2245/1930 2405/2237/2405 1939/2240/1939 1940/2246/1940
f 2407/2247/2407 1936/2241/1936 1947/2244/1947 1948/2248/1948
f 1931/2249/1931 1930/2245/1930 1940/2246/1940 1941/2250/1941
f 1937/2251/1937 2407/2247/2407 1948/2248/1948 1949/2252/1949
f 2406/2253/2406 1931/2249/1931 1941/2250/1941 1942/2254/1942
f 2408/2255/2408 1937/2251/1937 1949/2252/1949 1950/2256/1950
f 1932/2257/1932 2406/2253/2406 1942/2254/1942 1943/2258/1943
f 2409/2259/2409 2408/2255/2408 1950/2256/1950 1951/2260/1951
f 1933/2261/1933 1932/2257/1932 1943/2258/1943 1944/2262/1944
f 2410/2263/2410 2409/2259/2409 1951/2260/1951 1952/2264/1952
f 1934/2265/1934 1933/2261/1933 1944/2262/1944 1945/2266/1945
f 1929/2238/1929 2013/2267/2013 1938/2239/1938
f 2044/2268/2044 2410/2263/2410 1952/2264/1952
f 1935/2242/1935 1934/2265/1934 1945/2266/1945 1946/2243/1946
f 1945/2266/1945 1944/2262/1944 1959/2269/1959 1960/2270/1960
f 1938/2239/1938 2013/2271/2013 1953/2272/1953
f 2044/2273/2044 1952/2264/1952 1967/2274/1967
f 1946/2243/1946 1945/2266/1945 1960/2270/1960 1961/2275/1961
f 1939/2240/1939 1938/2239/1938 1953/2272/1953 1954/2276/1954
f 1947/2244/1947 1946/2243/1946 1961/2275/1961 1962/2277/1962
f 1940/2246/1940 1939/2240/1939 1954/2276/1954 1955/2278/1955
f 1948/2248/1948 1947/2244/1947 1962/2277/1962 1963/2279/1963
f 1941/2250/1941 1940/2246/1940 1955/2278/1955 1956/2280/1956
f 1949/2252/1949 1948/2248/1948 1963/2279/1963 1964/2281/1964
f 1942/2254/1942 1941/2250/1941 1956/2280/1956 1957/2282/1957
f 1950/2256/1950 1949/2252/1949 1964/2281/1964 1965/2283/1965
f 1943/2258/1943 1942/2254/1942 1957/2282/1957 1958/2284/1958
f 1951/2260/1951 1950/2256/1950 1965/2283/1965 1966/2285/1966
f 1944/2262/1944 1943/2258/1943 1958/2284/1958 1959/2269/1959
f 1952/2264/1952 1951/2260/1951 1966/2285/1966 1967/2274/1967
f 1964/2281/1964 1963/2279/1963 1978/2286/1978 1979/2287/1979
f 1957/2282/1957 1956/2280/1956 1971/2288/1971 1972/2289/1972
f 1965/2283/1965 1964/2281/1964 1979/2287/1979 1980/2290/1980
f 1958/2284/1958 1957/2282/1957 1972/2289/1972 1973/2291/1973
f 1966/2285/1966 1965/2283/1965 1980/2290/1980 1981/2292/1981
f 1959/2269/1959 1958/2284/1958 1973/2291/1973 1974/2293/1974
f 1967/2274/1967 1966/2285/1966 1981/2292/1981 1982/2294/1982
f 1960/2270/1960 1959/2269/1959 1974/2293/1974 1975/2295/1975
f 1953/2272/1953 2013/2296/2013 1968/2297/1968
f 2044/2298/2044 1967/2274/1967 1982/2294/1982
f 1961/2275/1961 1960/2270/1960 1975/2295/1975 1976/2299/1976
f 1954/2276/1954 1953/2272/1953 1968/2297/1968 1969/2300/1969
f 1962/2277/1962 1961/2275/1961 1976/2299/1976 1977/2301/1977
f 1955/2278/1955 1954/2276/1954 1969/2300/1969 1970/2302/1970
f 1963/2279/1963 1962/2277/1962 1977/2301/1977 1978/2286/1978
f 1956/2280/1956 1955/2278/1955 1970/2302/1970 1971/2288/1971
f 2044/2303/2044 1982/2294/1982 1997/2304/1997
f 1976/2299/1976 1975/2295/1975 1990/2305/1990 1991/2306/1991
f 1969/2300/1969 1968/2297/1968 1983/2307/1983 1984/2308/1984
f 1977/2301/1977 1976/2299/1976 1991/2306/1991 1992/2309/1992
f 1970/2302/1970 1969/2300/1969 1984/2308/1984 1985/2310/1985
f 1978/2286/1978 1977/2301/1977 1992/2309/1992 1993/2311/1993
f 1971/2288/1971 1970/2302/1970 1985/2310/1985 1986/2312/1986
f 1979/2287/1979 1978/2286/1978 1993/2311/1993 1994/2313/1994
f 1972/2289/1972 1971/2288/1971 1986/2312/1986 1987/2314/1987
f 1980/2290/1980 1979/2287/1979 1994/2313/1994 1995/2315/1995
f 1973/2291/1973 1972/2289/1972 1987/2314/1987 1988/2316/1988
f 1981/2292/1981 1980/2290/1980 1995/2315/1995 1996/2317/1996
f 1974/2293/1974 1973/2291/1973 1988/2316/1988 1989/2318/1989
f 1982/2294/1982 1981/2292/1981 1996/2317/1996 1997/2304/1997
f 1975/2295/1975 1974/2293/1974 1989/2318/1989 1990/2305/1990
f 1968/2297/1968 2013/2319/2013 1983/2307/1983
f 1995/2315/1995 1994/2313/1994 2009/2320/2009 2010/2321/2010
f 1988/2316/1988 1987/2314/1987 2002/2322/2002 2003/2323/2003
f 1996/2317/1996 1995/2315/1995 2010/2321/2010 2011/2324/2011
f 1989/2318/1989 1988/2316/1988 2003/2323/2003 2004/2325/2004
f 1997/2304/1997 1996/2317/1996 2011/2324/2011 2012/2326/2012
f 1990/2305/1990 1989/2318/1989 2004/2325/2004 2005/2327/2005
f 1983/2307/1983 2013/2328/2013 1998/2329/1998
f 2044/2330/2044 1997/2304/1997 2012/2326/2012
f 1991/2306/1991 1990/2305/1990 2005/2327/2005 2006/2331/2006
f 1984/2308/1984 1983/2307/1983 1998/2329/1998 1999/2332/1999
f 1992/2309/1992 1991/2306/1991 2006/2331/2006 2007/2333/2007
f 1985/2310/1985 1984/2308/1984 1999/2332/1999 2000/2334/2000
f 1993/2311/1993 1992/2309/1992 2007/2333/2007 2008/2335/2008
f 1986/2312/1986 1985/2310/1985 2000/2334/2000 2001/2336/2001
f 1994/2313/1994 1993/2311/1993 2008/2335/2008 2009/2320/2009
f 1987/2314/1987 1986/2312/1986 2001/2336/2001 2002/2322/2002
f 1999/2332/1999 1998/2329/1998 2014/2337/2014 2015/2338/2015
f 2007/2333/2007 2006/2331/2006 2022/2339/2022 2023/2340/2023
f 2000/2334/2000 1999/2332/1999 2015/2338/2015 2016/2341/2016
f 2008/2335/2008 2007/2333/2007 2023/2340/2023 2024/2342/2024
f 2001/2336/2001 2000/2334/2000 2016/2341/2016 2017/2343/2017
f 2009/2320/2009 2008/2335/2008 2024/2342/2024 2025/2344/2025
f 2002/2322/2002 2001/2336/2001 2017/2343/2017 2018/2345/2018
f 2010/2321/2010 2009/2320/2009 2025/2344/2025 2026/2346/2026
f 2003/2323/2003 2002/2322/2002 2018/2345/2018 2019/2347/2019
f 2011/2324/2011 2010/2321/2010 2026/2346/2026 2027/2348/2027
f 2004/2325/2004 2003/2323/2003 2019/2347/2019 2020/2349/2020
f 2012/2326/2012 2011/2324/2011 2027/2348/2027 2028/2350/2028
f 2005/2327/2005 2004/2325/2004 2020/2349/2020 2021/2351/2021
f 1998/2329/1998 2013/2352/2013 2014/2337/2014
f 2044/2353/2044 2012/2326/2012 2028/2350/2028
f 2006/2331/2006 2005/2327/2005 2021/2351/2021 2022/2339/2022
f 2019/2347/2019 2018/2345/2018 2033/2354/2033 2034/2355/2034
f 2027/2348/2027 2026/2346/2026 2041/2356/2041 2042/2357/2042
f 2020/2349/2020 2019/2347/2019 2034/2355/2034 2035/2358/2035
f 2028/2350/2028 2027/2348/2027 2042/2357/2042 2043/2359/2043
f 2021/2351/2021 2020/2349/2020 2035/2358/2035 2036/2360/2036
f 2014/2337/2014 2013/2361/2013 2029/2362/2029
f 2044/2363/2044 2028/2350/2028 2043/2359/2043
f 2022/2339/2022 2021/2351/2021 2036/2360/2036 2037/2364/2037
f 2015/2338/2015 2014/2337/2014 2029/2362/2029 2030/2365/2030
f 2023/2340/2023 2022/2339/2022 2037/2364/2037 2038/2366/2038
f 2016/2341/2016 2015/2338/2015 2030/2365/2030 2031/2367/2031
f 2024/2342/2024 2023/2340/2023 2038/2366/2038 2039/2368/2039
f 2017/2343/2017 2016/2341/2016 2031/2367/2031 2032/2369/2032
f 2025/2344/2025 2024/2342/2024 2039/2368/2039 2040/2370/2040
f 2018/2345/2018 2017/2343/2017 2032/2369/2032 2033/2354/2033
f 2026/2346/2026 2025/2344/2025 2040/2370/2040 2041/2356/2041
f 2038/2366/2038 2037/2364/2037 2053/2371/2053 2054/2372/2054
f 2031/2367/2031 2030/2365/2030 2046/2373/2046 2047/2374/2047
f 2039/2368/2039 2038/2366/2038 2054/2372/2054 2055/2375/2055
f 2032/2369/2032 2031/2367/2031 2047/2374/2047 2048/2376/2048
f 2040/2370/2040 2039/2368/2039 2055/2375/2055 2056/2377/2056
f 2033/2354/2033 2032/2369/2032 2048/2376/2048 2049/2378/2049
f 2041/2356/2041 2040/2370/2040 2056/2377/2056 2057/2379/2057
f 2034/2355/2034 2033/2354/2033 2049/2378/2049 2050/2380/2050
f 2042/2357/2042 2041/2356/2041 2057/2379/2057 2058/2381/2058
f 2035/2358/2035 2034/2355/2034 2050/2380/2050 2051/2382/2051
f 2043/2359/2043 2042/2357/2042 2058/2381/2058 2059/2383/2059
f 2036/2360/2036 2035/2358/2035 2051/2382/2051 2052/2384/2052
f 2029/2362/2029 2013/2385/2013 2045/2386/2045
f 2044/2387/2044 2043/2359/2043 2059/2383/2059
f 2037/2364/2037 2036/2360/2036 2052/2384/2052 2053/2371/2053
f 2030/2365/2030 2029/2362/2029 2045/2386/2045 2046/2373/2046
f 2058/2381/2058 2057/2379/2057 2072/2388/2072 2073/2389/2073
f 2051/2382/2051 2050/2380/2050 2065/2390/2065 2066/2391/2066
f 2059/2383/2059 2058/2381/2058 2073/2389/2073 2074/2392/2074
f 2052/2384/2052 2051/2382/2051 2066/2391/2066 2067/2393/2067
f 2045/2386/2045 2013/2394/2013 2060/2395/2060
f 2044/2396/2044 2059/2383/2059 2074/2392/2074
f 2053/2371/2053 2052/2384/2052 2067/2393/2067 2068/2397/2068
f 2046/2373/2046 2045/2386/2045 2060/2395/2060 2061/2398/2061
f 2054/2372/2054 2053/2371/2053 2068/2397/2068 2069/2399/2069
f 2047/2374/2047 2046/2373/2046 2061/2398/2061 2062/2400/2062
f 2055/2375/2055 2054/2372/2054 2069/2399/2069 2070/2401/2070
f 2048/2376/2048 2047/2374/2047 2062/2400/2062 2063/2402/2063
f 2056/2377/2056 2055/2375/2055 2070/2401/2070 2071/2403/2071
f 2049/2378/2049 2048/2376/2048 2063/2402/2063 2064/2404/2064
f 2057/2379/2057 2056/2377/2056 2071/2403/2071 2072/2388/2072
f 2050/2380/2050 2049/2378/2049 2064/2404/2064 2065/2390/2065
f 2062/2400/2062 2061/2398/2061 2076/2405/2076 2077/2406/2077
f 2070/2401/2070 2069/2399/2069 2084/2407/2084 2085/2408/2085
f 2063/2402/2063 2062/2400/2062 2077/2406/2077 2078/2409/2078
f 2071/2403/2071 2070/2401/2070 2085/2408/2085 2086/2410/2086
f 2064/2404/2064 2063/2402/2063 2078/2409/2078 2079/2411/2079
f 2072/2388/2072 2071/2403/2071 2086/2410/2086 2087/2412/2087
f 2065/2390/2065 2064/2404/2064 2079/2411/2079 2080/2413/2080
f 2073/2389/2073 2072/2388/2072 2087/2412/2087 2088/2414/2088
f 2066/2391/2066 2065/2390/2065 2080/2413/2080 2081/2415/2081
f 2074/2392/2074 2073/2389/2073 2088/2414/2088 2089/2416/2089
f 2067/2393/2067 2066/2391/2066 2081/2415/2081 2082/2417/2082
f 2060/2395/2060 2013/2418/2013 2075/2419/2075
f 2044/2420/2044 2074/2392/2074 2089/2416/2089
f 2068/2397/2068 2067/2393/2067 2082/2417/2082 2083/2421/2083
f 2061/2398/2061 2060/2395/2060 2075/2419/2075 2076/2405/2076
f 2069/2399/2069 2068/2397/2068 2083/2421/2083 2084/2407/2084
f 2081/2415/2081 2080/2413/2080 2095/2422/2095 2096/2423/2096
f 2089/2416/2089 2088/2414/2088 2103/2424/2103 2104/2425/2104
f 2082/2417/2082 2081/2415/2081 2096/2423/2096 2097/2426/2097
f 2075/2419/2075 2013/2427/2013 2090/2428/2090
f 2044/2429/2044 2089/2416/2089 2104/2425/2104
f 2083/2421/2083 2082/2417/2082 2097/2426/2097 2098/2430/2098
f 2076/2405/2076 2075/2419/2075 2090/2428/2090 2091/2431/2091
f 2084/2407/2084 2083/2421/2083 2098/2430/2098 2099/2432/2099
f 2077/2406/2077 2076/2405/2076 2091/2431/2091 2092/2433/2092
f 2085/2408/2085 2084/2407/2084 2099/2432/2099 2100/2434/2100
f 2078/2409/2078 2077/2406/2077 2092/2433/2092 2093/2435/2093
f 2086/2410/2086 2085/2408/2085 2100/2434/2100 2101/2436/2101
f 2079/2411/2079 2078/2409/2078 2093/2435/2093 2094/2437/2094
f 2087/2412/2087 2086/2410/2086 2101/2436/2101 2102/2438/2102
f 2080/2413/2080 2079/2411/2079 2094/2437/2094 2095/2422/2095
f 2088/2414/2088 2087/2412/2087 2102/2438/2102 2103/2424/2103
f 2100/2434/2100 2099/2432/2099 2114/2439/2114 2115/2440/2115
f 2093/2435/2093 2092/2433/2092 2107/2441/2107 2108/2442/2108
f 2101/2436/2101 2100/2434/2100 2115/2440/2115 2116/2443/2116
f 2094/2437/2094 2093/2435/2093 2108/2442/2108 2109/2444/2109
f 2102/2438/2102 2101/2436/2101 2116/2443/2116 2117/2445/2117
f 2095/2422/2095 2094/2437/2094 2109/2444/2109 2110/2446/2110
f 2103/2424/2103 2102/2438/2102 2117/2445/2117 2118/2447/2118
f 2096/2423/2096 2095/2422/2095 2110/2446/2110 2111/2448/2111
f 2104/2425/2104 2103/2424/2103 2118/2447/2118 2119/2449/2119
f 2097/2426/2097 2096/2423/2096 2111/2448/2111 2112/2450/2112
f 2090/2428/2090 2013/2451/2013 2105/2452/2105
f 2044/2453/2044 2104/2425/2104 2119/2449/2119
f 2098/2430/2098 2097/2426/2097 2112/2450/2112 2113/2454/2113
f 2091/2431/2091 2090/2428/2090 2105/2452/2105 2106/2455/2106
f 2099/2432/2099 2098/2430/2098 2113/2454/2113 2114/2439/2114
f 2092/2433/2092 2091/2431/2091 2106/2455/2106 2107/2441/2107
f 2119/2449/2119 2118/2447/2118 2133/2456/2133 2134/2457/2134
f 2112/2450/2112 2111/2448/2111 2126/2458/2126 2127/2459/2127
f 2105/2452/2105 2013/2460/2013 2120/2461/2120
f 2044/2462/2044 2119/2449/2119 2134/2457/2134
f 2113/2454/2113 2112/2450/2112 2127/2459/2127 2128/2463/2128
f 2106/2455/2106 2105/2452/2105 2120/2461/2120 2121/2464/2121
f 2114/2439/2114 2113/2454/2113 2128/2463/2128 2129/2465/2129
f 2107/2441/2107 2106/2455/2106 2121/2464/2121 2122/2466/2122
f 2115/2440/2115 2114/2439/2114 2129/2465/2129 2130/2467/2130
f 2108/2442/2108 2107/2441/2107 2122/2466/2122 2123/2468/2123
f 2116/2443/2116 2115/2440/2115 2130/2467/2130 2131/2469/2131
f 2109/2444/2109 2108/2442/2108 2123/2468/2123 2124/2470/2124
f 2117/2445/2117 2116/2443/2116 2131/2469/2131 2132/2471/2132
f 2110/2446/2110 2109/2444/2109 2124/2470/2124 2125/2472/2125
f 2118/2447/2118 2117/2445/2117 2132/2471/2132 2133/2456/2133
f 2111/2448/2111 2110/2446/2110 2125/2472/2125 2126/2458/2126
f 2131/2469/2131 2130/2467/2130 2145/2473/2145 2146/2474/2146
f 2124/2470/2124 2123/2468/2123 2138/2475/2138 2139/2476/2139
f 2132/2471/2132 2131/2469/2131 2146/2474/2146 2147/2477/2147
f 2125/2472/2125 2124/2470/2124 2139/2476/2139 2140/2478/2140
f 2133/2456/2133 2132/2471/2132 2147/2477/2147 2148/2479/2148
f 2126/2458/2126 2125/2472/2125 2140/2478/2140 2141/2480/2141
f 2134/2457/2134 2133/2456/2133 2148/2479/2148 2149/2481/2149
f 2127/2459/2127 2126/2458/2126 2141/2480/2141 2142/2482/2142
f 2120/2461/2120 2013/2483/2013 2135/2484/2135
f 2044/2485/2044 2134/2457/2134 2149/2481/2149
f 2128/2463/2128 2127/2459/2127 2142/2482/2142 2143/2486/2143
f 2121/2464/2121 2120/2461/2120 2135/2484/2135 2136/2487/2136
f 2129/2465/2129 2128/2463/2128 2143/2486/2143 2144/2488/2144
f 2122/2466/2122 2121/2464/2121 2136/2487/2136 2137/2489/2137
f 2130/2467/2130 2129/2465/2129 2144/2488/2144 2145/2473/2145
f 2123/2468/2123 2122/2466/2122 2137/2489/2137 2138/2475/2138
f 2135/2484/2135 2013/2490/2013 2150/2491/2150
f 2044/2492/2044 2149/2481/2149 2164/2493/2164
f 2143/2486/2143 2142/2482/2142 2157/2494/2157 2158/2495/2158
f 2136/2487/2136 2135/2484/2135 2150/2491/2150 2151/2496/2151
f 2144/2488/2144 2143/2486/2143 2158/2495/2158 2159/2497/2159
f 2137/2489/2137 2136/2487/2136 2151/2496/2151 2152/2498/2152
f 2145/2473/2145 2144/2488/2144 2159/2497/2159 2160/2499/2160
f 2138/2475/2138 2137/2489/2137 2152/2498/2152 2153/2500/2153
f 2146/2474/2146 2145/2473/2145 2160/2499/2160 2161/2501/2161
f 2139/2476/2139 2138/2475/2138 2153/2500/2153 2154/2502/2154
f 2147/2477/2147 2146/2474/2146 2161/2501/2161 2162/2503/2162
f 2140/2478/2140 2139/2476/2139 2154/2502/2154 2155/2504/2155
f 2148/2479/2148 2147/2477/2147 2162/2503/2162 2163/2505/2163
f 2141/2480/2141 2140/2478/2140 2155/2504/2155 2156/2506/2156
f 2149/2481/2149 2148/2479/2148 2163/2505/2163 2164/2493/2164
f 2142/2482/2142 2141/2480/2141 2156/2506/2156 2157/2494/2157
f 2154/2502/2154 2153/2500/2153 2168/2507/2168 2169/2508/2169
f 2162/2503/2162 2161/2501/2161 2176/2509/2176 2177/2510/2177
f 2155/2504/2155 2154/2502/2154 2169/2508/2169 2170/2511/2170
f 2163/2505/2163 2162/2503/2162 2177/2510/2177 2178/2512/2178
f 2156/2506/2156 2155/2504/2155 2170/2511/2170 2171/2513/2171
f 2164/2493/2164 2163/2505/2163 2178/2512/2178 2179/2514/2179
f 2157/2494/2157 2156/2506/2156 2171/2513/2171 2172/2515/2172
f 2150/2491/2150 2013/2516/2013 2165/2517/2165
f 2044/2518/2044 2164/2493/2164 2179/2514/2179
f 2158/2495/2158 2157/2494/2157 2172/2515/2172 2173/2519/2173
f 2151/2496/2151 2150/2491/2150 2165/2517/2165 2166/2520/2166
f 2159/2497/2159 2158/2495/2158 2173/2519/2173 2174/2521/2174
f 2152/2498/2152 2151/2496/2151 2166/2520/2166 2167/2522/2167
f 2160/2499/2160 2159/2497/2159 2174/2521/2174 2175/2523/2175
f 2153/2500/2153 2152/2498/2152 2167/2522/2167 2168/2507/2168
f 2161/2501/2161 2160/2499/2160 2175/2523/2175 2176/2509/2176
f 2173/2519/2173 2172/2515/2172 2187/2524/2187 2188/2525/2188
f 2166/2520/2166 2165/2517/2165 2180/2526/2180 2181/2527/2181
f 2174/2521/2174 2173/2519/2173 2188/2525/2188 2189/2528/2189
f 2167/2522/2167 2166/2520/2166 2181/2527/2181 2182/2529/2182
f 2175/2523/2175 2174/2521/2174 2189/2528/2189 2190/2530/2190
f 2168/2507/2168 2167/2522/2167 2182/2529/2182 2183/2531/2183
f 2176/2509/2176 2175/2523/2175 2190/2530/2190 2191/2532/2191
f 2169/2508/2169 2168/2507/2168 2183/2531/2183 2184/2533/2184
f 2177/2510/2177 2176/2509/2176 2191/2532/2191 2192/2534/2192
f 2170/2511/2170 2169/2508/2169 2184/2533/2184 2185/2535/2185
f 2178/2512/2178 2177/2510/2177 2192/2534/2192 2193/2536/2193
f 2171/2513/2171 2170/2511/2170 2185/2535/2185 2186/2537/2186
f 2179/2514/2179 2178/2512/2178 2193/2536/2193 2194/2538/2194
f 2172/2515/2172 2171/2513/2171 2186/2537/2186 2187/2524/2187
f 2165/2517/2165 2013/2539/2013 2180/2526/2180
f 2044/2540/2044 2179/2514/2179 2194/2538/2194
f 2192/2534/2192 2191/2532/2191 2206/2541/2206 2207/2542/2207
f 2185/2535/2185 2184/2533/2184 2199/2543/2199 2200/2544/2200
f 2193/2536/2193 2192/2534/2192 2207/2542/2207 2208/2545/2208
f 2186/2537/2186 2185/2535/2185 2200/2544/2200 2201/2546/2201
f 2194/2538/2194 2193/2536/2193 2208/2545/2208 2209/2547/2209
f 2187/2524/2187 2186/2537/2186 2201/2546/2201 2202/2548/2202
f 2180/2526/2180 2013/2549/2013 2195/2550/2195
f 2044/2551/2044 2194/2538/2194 2209/2547/2209
f 2188/2525/2188 2187/2524/2187 2202/2548/2202 2203/2552/2203
f 2181/2527/2181 2180/2526/2180 2195/2550/2195 2196/2553/2196
f 2189/2528/2189 2188/2525/2188 2203/2552/2203 2204/2554/2204
f 2182/2529/2182 2181/2527/2181 2196/2553/2196 2197/2555/2197
f 2190/2530/2190 2189/2528/2189 2204/2554/2204 2205/2556/2205
f 2183/2531/2183 2182/2529/2182 2197/2555/2197 2198/2557/2198
f 2191/2532/2191 2190/2530/2190 2205/2556/2205 2206/2541/2206
f 2184/2533/2184 2183/2531/2183 2198/2557/2198 2199/2543/2199
f 2196/2553/2196 2195/2550/2195 2210/2558/2210 2211/2559/2211
f 2204/2554/2204 2203/2552/2203 2218/2560/2218 2219/2561/2219
f 2197/2555/2197 2196/2553/2196 2211/2559/2211 2212/2562/2212
f 2205/2556/2205 2204/2554/2204 2219/2561/2219 2220/2563/2220
f 2198/2557/2198 2197/2555/2197 2212/2562/2212 2213/2564/2213
f 2206/2541/2206 2205/2556/2205 2220/2563/2220 2221/2565/2221
f 2199/2543/2199 2198/2557/2198 2213/2564/2213 2214/2566/2214
f 2207/2542/2207 2206/2541/2206 2221/2565/2221 2222/2567/2222
f 2200/2544/2200 2199/2543/2199 2214/2566/2214 2215/2568/2215
f 2208/2545/2208 2207/2542/2207 2222/2567/2222 2223/2569/2223
f 2201/2546/2201 2200/2544/2200 2215/2568/2215 2216/2570/2216
f 2209/2547/2209 2208/2545/2208 2223/2569/2223 2224/2571/2224
f 2202/2548/2202 2201/2546/2201 2216/2570/2216 2217/2572/2217
f 2195/2550/2195 2013/2573/2013 2210/2558/2210
f 2044/2574/2044 2209/2547/2209 2224/2571/2224
f 2203/2552/2203 2202/2548/2202 2217/2572/2217 2218/2560/2218
f 2215/2568/2215 2214/2566/2214 2229/2575/2229 2230/2576/2230
f 2223/2569/2223 2222/2567/2222 2237/2577/2237 2238/2578/2238
f 2216/2570/2216 2215/2568/2215 2230/2576/2230 2231/2579/2231
f 2224/2571/2224 2223/2569/2223 2238/2578/2238 2239/2580/2239
f 2217/2572/2217 2216/2570/2216 2231/2579/2231 2232/2581/2232
f 2210/2558/2210 2013/2582/2013 2225/2583/2225
f 2044/2584/2044 2224/2571/2224 2239/2580/2239
f 2218/2560/2218 2217/2572/2217 2232/2581/2232 2233/2585/2233
f 2211/2559/2211 2210/2558/2210 2225/2583/2225 2226/2586/2226
f 2219/2561/2219 2218/2560/2218 2233/2585/2233 2234/2587/2234
f 2212/2562/2212 2211/2559/2211 2226/2586/2226 2227/2588/2227
f 2220/2563/2220 2219/2561/2219 2234/2587/2234 2235/2589/2235
f 2213/2564/2213 2212/2562/2212 2227/2588/2227 2228/2590/2228
f 2221/2565/2221 2220/2563/2220 2235/2589/2235 2236/2591/2236
f 2214/2566/2214 2213/2564/2213 2228/2590/2228 2229/2575/2229
f 2222/2567/2222 2221/2565/2221 2236/2591/2236 2237/2577/2237
f 2234/2587/2234 2233/2585/2233 2248/2592/2248 2249/2593/2249
f 2227/2588/2227 2226/2586/2226 2241/2594/2241 2242/2595/2242
f 2235/2589/2235 2234/2587/2234 2249/2593/2249 2250/2596/2250
f 2228/2590/2228 2227/2588/2227 2242/2595/2242 2243/2597/2243
f 2236/2591/2236 2235/2589/2235 2250/2596/2250 2251/2598/2251
f 2229/2575/2229 2228/2590/2228 2243/2597/2243 2244/2599/2244
f 2237/2577/2237 2236/2591/2236 2251/2598/2251 2252/2600/2252
f 2230/2576/2230 2229/2575/2229 2244/2599/2244 2245/2601/2245
f 2238/2578/2238 2237/2577/2237 2252/2600/2252 2253/2602/2253
f 2231/2579/2231 2230/2576/2230 2245/2601/2245 2246/2603/2246
f 2239/2580/2239 2238/2578/2238 2253/2602/2253 2254/2604/2254
f 2232/2581/2232 2231/2579/2231 2246/2603/2246 2247/2605/2247
f 2225/2583/2225 2013/2606/2013 2240/2607/2240
f 2044/2608/2044 2239/2580/2239 2254/2604/2254
f 2233/2585/2233 2232/2581/2232 2247/2605/2247 2248/2592/2248
f 2226/2586/2226 2225/2583/2225 2240/2607/2240 2241/2594/2241
f 2253/2602/2253 2252/2600/2252 2267/2609/2267 2268/2610/2268
f 2246/2603/2246 2245/2601/2245 2260/2611/2260 2261/2612/2261
f 2254/2604/2254 2253/2602/2253 2268/2610/2268 2269/2613/2269
f 2247/2605/2247 2246/2603/2246 2261/2612/2261 2262/2614/2262
f 2240/2607/2240 2013/2615/2013 2255/2616/2255
f 2044/2617/2044 2254/2604/2254 2269/2613/2269
f 2248/2592/2248 2247/2605/2247 2262/2614/2262 2263/2618/2263
f 2241/2594/2241 2240/2607/2240 2255/2616/2255 2256/2619/2256
f 2249/2593/2249 2248/2592/2248 2263/2618/2263 2264/2620/2264
f 2242/2595/2242 2241/2594/2241 2256/2619/2256 2257/2621/2257
f 2250/2596/2250 2249/2593/2249 2264/2620/2264 2265/2622/2265
f 2243/2597/2243 2242/2595/2242 2257/2621/2257 2258/2623/2258
f 2251/2598/2251 2250/2596/2250 2265/2622/2265 2266/2624/2266
f 2244/2599/2244 2243/2597/2243 2258/2623/2258 2259/2625/2259
f 2252/2600/2252 2251/2598/2251 2266/2624/2266 2267/2609/2267
f 2245/2601/2245 2244/2599/2244 2259/2625/2259 2260/2611/2260
f 2265/2622/2265 2264/2620/2264 2279/2626/2279 2280/2627/2280
f 2258/2623/2258 2257/2621/2257 2272/2628/2272 2273/2629/2273
f 2266/2624/2266 2265/2622/2265 2280/2627/2280 2281/2630/2281
f 2259/2625/2259 2258/2623/2258 2273/2629/2273 2274/2631/2274
f 2267/2609/2267 2266/2624/2266 2281/2630/2281 2282/2632/2282
f 2260/2611/2260 2259/2625/2259 2274/2631/2274 2275/2633/2275
f 2268/2610/2268 2267/2609/2267 2282/2632/2282 2283/2634/2283
f 2261/2612/2261 2260/2611/2260 2275/2633/2275 2276/2635/2276
f 2269/2613/2269 2268/2610/2268 2283/2634/2283 2284/2636/2284
f 2262/2614/2262 2261/2612/2261 2276/2635/2276 2277/2637/2277
f 2255/2616/2255 2013/2638/2013 2270/2639/2270
f 2044/2640/2044 2269/2613/2269 2284/2636/2284
f 2263/2618/2263 2262/2614/2262 2277/2637/2277 2278/2641/2278
f 2256/2619/2256 2255/2616/2255 2270/2639/2270 2271/2642/2271
f 2264/2620/2264 2263/2618/2263 2278/2641/2278 2279/2626/2279
f 2257/2621/2257 2256/2619/2256 2271/2642/2271 2272/2628/2272
f 2284/2636/2284 2283/2634/2283 2298/2643/2298 2299/2644/2299
f 2277/2637/2277 2276/2635/2276 2291/2645/2291 2292/2646/2292
f 2270/2639/2270 2013/2647/2013 2285/2648/2285
f 2044/2649/2044 2284/2636/2284 2299/2644/2299
f 2278/2641/2278 2277/2637/2277 2292/2646/2292 2293/2650/2293
f 2271/2642/2271 2270/2639/2270 2285/2648/2285 2286/2651/2286
f 2279/2626/2279 2278/2641/2278 2293/2650/2293 2294/2652/2294
f 2272/2628/2272 2271/2642/2271 2286/2651/2286 2287/2653/2287
f 2280/2627/2280 2279/2626/2279 2294/2652/2294 2295/2654/2295
f 2273/2629/2273 2272/2628/2272 2287/2653/2287 2288/2655/2288
f 2281/2630/2281 2280/2627/2280 2295/2654/2295 2296/2656/2296
f 2274/2631/2274 2273/2629/2273 2288/2655/2288 2289/2657/2289
f 2282/2632/2282 2281/2630/2281 2296/2656/2296 2297/2658/2297
f 2275/2633/2275 2274/2631/2274 2289/2657/2289 2290/2659/2290
f 2283/2634/2283 2282/2632/2282 2297/2658/2297 2298/2643/2298
f 2276/2635/2276 2275/2633/2275 2290/2659/2290 2291/2645/2291
f 2288/2660/2288 2287/2661/2287 2302/2662/2302 2303/2663/2303
f 2296/2664/2296 2295/2665/2295 2310/2666/2310 2311/2667/2311
f 2289/2668/2289 2288/2660/2288 2303/2663/2303 2304/2669/2304
f 2297/2670/2297 2296/2664/2296 2311/2667/2311 2312/2671/2312
f 2290/2672/2290 2289/2668/2289 2304/2669/2304 2305/2673/2305
f 2298/2674/2298 2297/2670/2297 2312/2671/2312 2313/2675/2313
f 2291/2676/2291 2290/2672/2290 2305/2673/2305 2306/2677/2306
f 2299/2678/2299 2298/2674/2298 2313/2675/2313 2314/2679/2314
f 2292/2680/2292 2291/2676/2291 2306/2677/2306 2307/2681/2307
f 2285/2682/2285 2013/2683/2013 2300/2684/2300
f 2044/2685/2044 2299/2678/2299 2314/2679/2314
f 2293/2686/2293 2292/2680/2292 2307/2681/2307 2308/2687/2308
f 2286/2688/2286 2285/2682/2285 2300/2684/2300 2301/2689/2301
f 2294/2690/2294 2293/2686/2293 2308/2687/2308 2309/2691/2309
f 2287/2661/2287 2286/2688/2286 2301/2689/2301 2302/2662/2302
f 2295/2665/2295 2294/2690/2294 2309/2691/2309 2310/2666/2310
f 2307/2681/2307 2306/2677/2306 2321/2692/2321 2322/2693/2322
f 2300/2684/2300 2013/2694/2013 2315/2695/2315
f 2044/2696/2044 2314/2679/2314 2329/2697/2329
f 2308/2687/2308 2307/2681/2307 2322/2693/2322 2323/2698/2323
f 2301/2689/2301 2300/2684/2300 2315/2695/2315 2316/2699/2316
f 2309/2691/2309 2308/2687/2308 2323/2698/2323 2324/2700/2324
f 2302/2662/2302 2301/2689/2301 2316/2699/2316 2317/2701/2317
f 2310/2666/2310 2309/2691/2309 2324/2700/2324 2325/2702/2325
f 2303/2663/2303 2302/2662/2302 2317/2701/2317 2318/2703/2318
f 2311/2667/2311 2310/2666/2310 2325/2702/2325 2326/2704/2326
f 2304/2669/2304 2303/2663/2303 2318/2703/2318 2319/2705/2319
f 2312/2671/2312 2311/2667/2311 2326/2704/2326 2327/2706/2327
f 2305/2673/2305 2304/2669/2304 2319/2705/2319 2320/2707/2320
f 2313/2675/2313 2312/2671/2312 2327/2706/2327 2328/2708/2328
f 2306/2677/2306 2305/2673/2305 2320/2707/2320 2321/2692/2321
f 2314/2679/2314 2313/2675/2313 2328/2708/2328 2329/2697/2329
f 2326/2704/2326 2325/2702/2325 2340/2709/2340 2341/2710/2341
f 2319/2705/2319 2318/2703/2318 2333/2711/2333 2334/2712/2334
f 2327/2706/2327 2326/2704/2326 2341/2710/2341 2342/2713/2342
f 2320/2707/2320 2319/2705/2319 2334/2712/2334 2335/2714/2335
f 2328/2708/2328 2327/2706/2327 2342/2713/2342 2343/2715/2343
f 2321/2692/2321 2320/2707/2320 2335/2714/2335 2336/2716/2336
f 2329/2697/2329 2328/2708/2328 2343/2715/2343 2344/2717/2344
f 2322/2693/2322 2321/2692/2321 2336/2716/2336 2337/2718/2337
f 2315/2695/2315 2013/2719/2013 2330/2720/2330
f 2044/2721/2044 2329/2697/2329 2344/2717/2344
f 2323/2698/2323 2322/2693/2322 2337/2718/2337 2338/2722/2338
f 2316/2699/2316 2315/2695/2315 2330/2720/2330 2331/2723/2331
f 2324/2700/2324 2323/2698/2323 2338/2722/2338 2339/2724/2339
f 2317/2701/2317 2316/2699/2316 2331/2723/2331 2332/2725/2332
f 2325/2702/2325 2324/2700/2324 2339/2724/2339 2340/2709/2340
f 2318/2703/2318 2317/2701/2317 2332/2725/2332 2333/2711/2333
f 2330/2720/2330 2013/2726/2013 2345/2727/2345
f 2044/2728/2044 2344/2717/2344 2359/2729/2359
f 2338/2722/2338 2337/2718/2337 2352/2730/2352 2353/2731/2353
f 2331/2723/2331 2330/2720/2330 2345/2727/2345 2346/2732/2346
f 2339/2724/2339 2338/2722/2338 2353/2731/2353 2354/2733/2354
f 2332/2725/2332 2331/2723/2331 2346/2732/2346 2347/2734/2347
f 2340/2709/2340 2339/2724/2339 2354/2733/2354 2355/2735/2355
f 2333/2711/2333 2332/2725/2332 2347/2734/2347 2348/2736/2348
f 2341/2710/2341 2340/2709/2340 2355/2735/2355 2356/2737/2356
f 2334/2712/2334 2333/2711/2333 2348/2736/2348 2349/2738/2349
f 2342/2713/2342 2341/2710/2341 2356/2737/2356 2357/2739/2357
f 2335/2714/2335 2334/2712/2334 2349/2738/2349 2350/2740/2350
f 2343/2715/2343 2342/2713/2342 2357/2739/2357 2358/2741/2358
f 2336/2716/2336 2335/2714/2335 2350/2740/2350 2351/2742/2351
f 2344/2717/2344 2343/2715/2343 2358/2741/2358 2359/2729/2359
f 2337/2718/2337 2336/2716/2336 2351/2742/2351 2352/2730/2352
f 2349/2738/2349 2348/2736/2348 2363/2743/2363 2364/2744/2364
f 2357/2739/2357 2356/2737/2356 2371/2745/2371 2372/2746/2372
f 2350/2740/2350 2349/2738/2349 2364/2744/2364 2365/2747/2365
f 2358/2741/2358 2357/2739/2357 2372/2746/2372 2373/2748/2373
f 2351/2742/2351 2350/2740/2350 2365/2747/2365 2366/2749/2366
f 2359/2729/2359 2358/2741/2358 2373/2748/2373 2374/2750/2374
f 2352/2730/2352 2351/2742/2351 2366/2749/2366 2367/2751/2367
f 2345/2727/2345 2013/2752/2013 2360/2753/2360
f 2044/2754/2044 2359/2729/2359 2374/2750/2374
f 2353/2731/2353 2352/2730/2352 2367/2751/2367 2368/2755/2368
f 2346/2732/2346 2345/2727/2345 2360/2753/2360 2361/2756/2361
f 2354/2733/2354 2353/2731/2353 2368/2755/2368 2369/2757/2369
f 2347/2734/2347 2346/2732/2346 2361/2756/2361 2362/2758/2362
f 2355/2735/2355 2354/2733/2354 2369/2757/2369 2370/2759/2370
f 2348/2736/2348 2347/2734/2347 2362/2758/2362 2363/2743/2363
f 2356/2737/2356 2355/2735/2355 2370/2759/2370 2371/2745/2371
f 2368/2755/2368 2367/2751/2367 2382/2760/2382 2383/2761/2383
f 2361/2756/2361 2360/2753/2360 2375/2762/2375 2376/2763/2376
f 2369/2757/2369 2368/2755/2368 2383/2761/2383 2384/2764/2384
f 2362/2758/2362 2361/2756/2361 2376/2763/2376 2377/2765/2377
f 2370/2759/2370 2369/2757/2369 2384/2764/2384 2385/2766/2385
f 2363/2743/2363 2362/2758/2362 2377/2765/2377 2378/2767/2378
f 2371/2745/2371 2370/2759/2370 2385/2766/2385 2386/2768/2386
f 2364/2744/2364 2363/2743/2363 2378/2767/2378 2379/2769/2379
f 2372/2746/2372 2371/2745/2371 2386/2768/2386 2387/2770/2387
f 2365/2747/2365 2364/2744/2364 2379/2769/2379 2380/2771/2380
f 2373/2748/2373 2372/2746/2372 2387/2770/2387 2388/2772/2388
f 2366/2749/2366 2365/2747/2365 2380/2771/2380 2381/2773/2381
f 2374/2750/2374 2373/2748/2373 2388/2772/2388 2389/2774/2389
f 2367/2751/2367 2366/2749/2366 2381/2773/2381 2382/2760/2382
f 2360/2753/2360 2013/2775/2013 2375/2762/2375
f 2044/2776/2044 2374/2750/2374 2389/2774/2389
f 2387/2770/2387 2386/2768/2386 2401/2777/2401 2402/2778/2402
f 2380/2771/2380 2379/2769/2379 2394/2779/2394 2395/2780/2395
f 2388/2772/2388 2387/2770/2387 2402/2778/2402 2403/2781/2403
f 2381/2773/2381 2380/2771/2380 2395/2780/2395 2396/2782/2396
f 2389/2774/2389 2388/2772/2388 2403/2781/2403 2404/2783/2404
f 2382/2760/2382 2381/2773/2381 2396/2782/2396 2397/2784/2397
f 2375/2762/2375 2013/2785/2013 2390/2786/2390
f 2044/2787/2044 2389/2774/2389 2404/2783/2404
f 2383/2761/2383 2382/2760/2382 2397/2784/2397 2398/2788/2398
f 2376/2763/2376 2375/2762/2375 2390/2786/2390 2391/2789/2391
f 2384/2764/2384 2383/2761/2383 2398/2788/2398 2399/2790/2399
f 2377/2765/2377 2376/2763/2376 2391/2789/2391 2392/2791/2392
f 2385/2766/2385 2384/2764/2384 2399/2790/2399 2400/2792/2400
f 2378/2767/2378 2377/2765/2377 2392/2791/2392 2393/2793/2393
f 2386/2768/2386 2385/2766/2385 2400/2792/2400 2401/2777/2401
f 2379/2769/2379 2378/2767/2378 2393/2793/2393 2394/2779/2394
f 2399/2790/2399 2398/2788/2398 1935/2242/1935 1936/2241/1936
f 2392/2791/2392 2391/2789/2391 2405/2237/2405 1930/2245/1930
f 2400/2792/2400 2399/2790/2399 1936/2241/1936 2407/2247/2407
f 2393/2793/2393 2392/2791/2392 1930/2245/1930 1931/2249/1931
f 2401/2777/2401 2400/2792/2400 2407/2247/2407 1937/2251/1937
f 2394/2779/2394 2393/2793/2393 1931/2249/1931 2406/2253/2406
f 2402/2778/2402 2401/2777/2401 1937/2251/1937 2408/2255/2408
f 2395/2780/2395 2394/2779/2394 2406/2253/2406 1932/2257/1932
f 2403/2781/2403 2402/2778/2402 2408/2255/2408 2409/2259/2409
f 2396/2782/2396 2395/2780/2395 1932/2257/1932 1933/2261/1933
f 2404/2783/2404 2403/2781/2403 2409/2259/2409 2410/2263/2410
f 2397/2784/2397 2396/2782/2396 1933/2261/1933 1934/2265/1934
f 2390/2786/2390 2013/2794/2013 1929/2238/1929
f 2044/2795/2044 2404/2783/2404 2410/2263/2410
f 2398/2788/2398 2397/2784/2397 1934/2265/1934 1935/2242/1935
f 2391/2789/2391 2390/2786/2390 1929/2238/1929 2405/2237/2405
o Sphere.005
v 0.580357 0.978481 -0.832960
v 0.580357 0.973623 -0.848730
v 0.580357 0.968435 -0.874339
v 0.580357 0.953395 -0.893502
v 0.580357 0.910309 -0.897007
v 0.580357 0.859322 -0.896146
v 0.580357 0.842320 -0.876932
v 0.580357 0.824713 -0.858886
v 0.582543 0.990407 -0.798002
v 0.584354 0.982639 -0.807110
v 0.586775 0.981986 -0.819278
v 0.589701 0.980414 -0.833989
v 0.593024 0.975756 -0.850698
v 0.596339 0.966212 -0.867362
v 0.598994 0.951228 -0.880707
v 0.599841 0.932198 -0.884965
v 0.601835 0.910289 -0.894993
v 0.605275 0.879338 -0.912283
v 0.603795 0.852021 -0.904844
v 0.598798 0.837754 -0.879721
v 0.594447 0.824197 -0.857847
v 0.589774 0.815740 -0.834358
v 0.584621 0.822064 -0.808450
v 0.584562 0.989365 -0.797167
v 0.587839 0.980414 -0.805079
v 0.592938 0.981959 -0.817389
v 0.601956 0.988887 -0.839159
v 0.611587 0.986819 -0.862412
v 0.614938 0.969686 -0.870499
v 0.614655 0.950061 -0.869817
v 0.613800 0.932198 -0.867753
v 0.618296 0.912455 -0.878607
v 0.625976 0.882842 -0.897148
v 0.623817 0.856380 -0.891937
v 0.614919 0.841927 -0.870454
v 0.606890 0.828471 -0.851070
v 0.598139 0.820026 -0.829945
v 0.588624 0.823292 -0.806974
v 0.586472 0.989454 -0.796167
v 0.591265 0.980607 -0.803340
v 0.599703 0.984837 -0.815968
v 0.616382 0.997218 -0.840931
v 0.634302 0.997094 -0.867750
v 0.640293 0.976895 -0.876716
v 0.636325 0.952258 -0.870776
v 0.629178 0.932198 -0.860081
v 0.629196 0.914675 -0.860107
v 0.635498 0.891054 -0.869539
v 0.633612 0.868127 -0.866717
v 0.625882 0.850227 -0.855147
v 0.616854 0.833860 -0.841636
v 0.605239 0.824021 -0.824253
v 0.592255 0.824204 -0.804822
v 0.588331 0.990771 -0.794989
v 0.595144 0.983646 -0.801802
v 0.607343 0.989786 -0.814001
v 0.628414 1.000311 -0.835072
v 0.649082 0.997155 -0.855740
v 0.663334 0.980789 -0.869992
v 0.660540 0.954760 -0.867198
v 0.643082 0.932198 -0.849740
v 0.636350 0.916399 -0.843008
v 0.642317 0.895838 -0.848975
v 0.640747 0.875060 -0.847405
v 0.634072 0.856153 -0.840730
v 0.625301 0.837015 -0.831959
v 0.611515 0.825737 -0.818173
v 0.595460 0.824485 -0.802118
v 0.590155 0.993240 -0.793562
v 0.599608 0.988971 -0.799878
v 0.614906 0.994801 -0.810100
v 0.637161 1.000662 -0.824970
v 0.657380 0.994132 -0.838480
v 0.682292 0.982949 -0.855126
v 0.687507 0.957819 -0.858610
v 0.663517 0.932198 -0.842581
v 0.644964 0.916692 -0.830184
v 0.650393 0.897234 -0.833812
v 0.652136 0.874448 -0.834976
v 0.643779 0.855843 -0.829392
v 0.633762 0.836026 -0.822699
v 0.617440 0.824464 -0.811793
v 0.598202 0.823982 -0.798939
v 0.591886 0.996628 -0.791790
v 0.604372 0.995720 -0.796962
v 0.621259 0.998828 -0.803957
v 0.643143 1.000307 -0.813022
v 0.665142 0.993559 -0.822134
v 0.695772 0.983907 -0.834821
v 0.716390 0.961451 -0.843362
v 0.699512 0.932198 -0.836371
v 0.672518 0.912333 -0.825189
v 0.669302 0.892279 -0.823857
v 0.668102 0.868712 -0.823360
v 0.656192 0.850087 -0.818427
v 0.642554 0.831448 -0.812778
v 0.623051 0.820634 -0.804699
v 0.600417 0.822758 -0.795324
v 0.593397 1.000610 -0.789609
v 0.608917 1.003147 -0.792696
v 0.626137 1.002387 -0.796121
v 0.649513 1.002836 -0.800771
v 0.676152 0.997474 -0.806070
v 0.704866 0.984740 -0.811781
v 0.732297 0.962968 -0.817238
v 0.728112 0.932198 -0.816405
v 0.703930 0.907146 -0.811595
v 0.690709 0.885596 -0.808965
v 0.680854 0.863743 -0.807005
v 0.666954 0.843930 -0.804240
v 0.650646 0.825017 -0.800996
v 0.627778 0.815552 -0.796448
v 0.601996 0.821050 -0.791319
v 0.594527 1.004873 -0.787015
v 0.612581 1.010524 -0.787015
v 0.629873 1.006591 -0.787015
v 0.654953 1.006887 -0.787015
v 0.688880 1.004671 -0.787015
v 0.716802 0.988648 -0.787015
v 0.731596 0.962241 -0.787015
v 0.723136 0.932198 -0.787015
v 0.703941 0.907622 -0.787015
v 0.689463 0.886998 -0.787015
v 0.679732 0.865793 -0.787015
v 0.670719 0.841879 -0.787015
v 0.655728 0.819533 -0.787015
v 0.630533 0.811212 -0.787015
v 0.602811 0.819148 -0.787015
v 0.595230 1.009717 -0.784057
v 0.615188 1.018342 -0.780087
v 0.633359 1.013287 -0.776472
v 0.656866 1.010269 -0.771796
v 0.689618 1.006581 -0.765282
v 0.720326 0.991227 -0.759174
v 0.732363 0.962982 -0.756779
v 0.718857 0.932198 -0.759466
v 0.696534 0.908637 -0.763906
v 0.683288 0.888710 -0.766541
v 0.677766 0.865831 -0.767639
v 0.670454 0.840391 -0.769094
v 0.656150 0.816710 -0.771939
v 0.630484 0.808996 -0.777044
v 0.602656 0.817771 -0.782579
v 0.595414 1.015240 -0.780778
v 0.616645 1.027288 -0.771984
v 0.636918 1.023917 -0.763587
v 0.658991 1.017313 -0.754444
v 0.685190 1.007954 -0.743592
v 0.715957 0.992898 -0.730848
v 0.733632 0.965140 -0.723526
v 0.723292 0.932198 -0.727809
v 0.701168 0.906203 -0.736974
v 0.690062 0.883032 -0.741574
v 0.682164 0.858616 -0.744845
v 0.668594 0.836778 -0.750466
v 0.652436 0.815614 -0.757159
v 0.627554 0.809052 -0.767465
v 0.601419 0.817471 -0.778291
v 0.594889 1.020996 -0.777305
v 0.616341 1.036792 -0.762971
v 0.638258 1.036376 -0.748327
v 0.660659 1.028681 -0.733359
v 0.683238 1.014761 -0.718272
v 0.709372 0.996352 -0.700810
v 0.720922 0.965764 -0.693093
v 0.711646 0.932198 -0.699290
v 0.699608 0.903701 -0.707334
v 0.693250 0.876024 -0.711582
v 0.679935 0.852270 -0.720479
v 0.661096 0.835195 -0.733067
v 0.644557 0.816806 -0.744118
v 0.621913 0.811682 -0.759248
v 0.599203 0.818113 -0.774423
v 0.593530 1.026609 -0.773842
v 0.613747 1.046162 -0.753625
v 0.635186 1.048074 -0.732187
v 0.655997 1.038984 -0.711375
v 0.677083 1.023423 -0.690289
v 0.697940 1.000928 -0.669432
v 0.700246 0.965861 -0.667127
v 0.690647 0.932198 -0.676725
v 0.682711 0.903438 -0.684662
v 0.677011 0.875648 -0.690361
v 0.665567 0.851777 -0.701805
v 0.649708 0.834230 -0.717664
v 0.633050 0.820794 -0.734322
v 0.614252 0.816539 -0.753120
v 0.596197 0.819404 -0.771175
v 0.591292 1.031740 -0.770650
v 0.608544 1.054511 -0.744831
v 0.626693 1.056754 -0.717668
v 0.643102 1.044900 -0.693111
v 0.660768 1.028692 -0.666672
v 0.674072 1.001914 -0.646761
v 0.670422 0.964391 -0.652223
v 0.658814 0.932198 -0.669595
v 0.652634 0.906335 -0.678844
v 0.650695 0.879798 -0.681747
v 0.644168 0.855524 -0.691515
v 0.633581 0.836487 -0.707360
v 0.619527 0.826738 -0.728394
v 0.605598 0.822486 -0.749240
v 0.592632 0.820897 -0.768644
v 0.588231 1.036089 -0.768007
v 0.600801 1.060898 -0.737659
v 0.613401 1.061114 -0.707240
v 0.623577 1.044902 -0.682673
v 0.631809 1.021870 -0.662799
v 0.637448 0.993891 -0.649186
v 0.636346 0.961266 -0.651846
v 0.629412 0.932198 -0.668586
v 0.626014 0.908468 -0.676791
v 0.626192 0.882609 -0.676359
v 0.621479 0.860433 -0.687739
v 0.614058 0.844158 -0.705655
v 0.605796 0.832701 -0.725600
v 0.596872 0.827895 -0.747144
v 0.588721 0.822056 -0.766822
v 0.584505 1.039438 -0.766162
v 0.591083 1.064596 -0.733093
v 0.597226 1.061289 -0.702210
v 0.601255 1.039132 -0.681954
v 0.603686 1.012005 -0.669734
v 0.605624 0.985795 -0.659992
v 0.606865 0.959204 -0.653752
v 0.606219 0.932198 -0.656996
v 0.605364 0.906714 -0.661299
v 0.603987 0.882054 -0.668220
v 0.600423 0.863484 -0.686136
v 0.596356 0.850162 -0.706584
v 0.592702 0.837435 -0.724953
v 0.588510 0.831144 -0.746029
v 0.584610 0.822335 -0.765634
v 0.580357 1.041719 -0.765286
v 0.580357 1.065241 -0.731765
v 0.580357 1.058388 -0.702509
v 0.580357 1.033487 -0.685589
v 0.580357 1.009159 -0.671727
v 0.580357 0.985490 -0.658246
v 0.580357 0.959135 -0.651490
v 0.580357 0.932198 -0.650812
v 0.580357 0.904955 -0.649938
v 0.580357 0.879929 -0.660728
v 0.580357 0.864232 -0.685286
v 0.580357 0.852934 -0.707804
v 0.580357 0.839388 -0.725057
v 0.580357 0.830958 -0.745148
v 0.580357 0.821283 -0.765000
v 0.580357 1.007472 -0.787015
v 0.576073 1.042847 -0.765476
v 0.569721 1.063501 -0.733545
v 0.564497 1.053633 -0.707283
v 0.561517 1.028673 -0.692301
v 0.557907 1.009018 -0.674151
v 0.554134 0.987812 -0.655184
v 0.552780 0.960287 -0.648376
v 0.553569 0.932198 -0.652342
v 0.553515 0.904854 -0.652073
v 0.555326 0.879097 -0.661174
v 0.560733 0.864987 -0.688357
v 0.565515 0.856042 -0.712400
v 0.568618 0.842034 -0.728001
v 0.572122 0.830136 -0.745614
v 0.575990 0.819491 -0.765062
v 0.571967 1.042671 -0.766759
v 0.560007 1.060315 -0.737886
v 0.550882 1.047309 -0.715856
v 0.545958 1.022049 -0.703969
v 0.539157 1.004099 -0.687550
v 0.529982 0.986669 -0.665400
v 0.521296 0.962853 -0.644428
v 0.520474 0.932198 -0.642446
v 0.525488 0.903709 -0.654549
v 0.533106 0.881086 -0.672941
v 0.543954 0.868611 -0.699130
v 0.553855 0.862806 -0.723033
v 0.559467 0.850295 -0.736581
v 0.564586 0.832511 -0.748939
v 0.571676 0.818019 -0.766057
v 0.580357 0.821028 -0.787015
v 0.568342 1.041218 -0.769033
v 0.551833 1.055956 -0.744325
v 0.540482 1.039538 -0.727338
v 0.534664 1.014470 -0.718631
v 0.526811 0.996618 -0.706877
v 0.514332 0.981405 -0.688201
v 0.497943 0.961669 -0.663674
v 0.495384 0.932198 -0.659843
v 0.507089 0.905982 -0.677361
v 0.520832 0.887807 -0.697930
v 0.534551 0.877020 -0.718461
v 0.548709 0.874989 -0.739650
v 0.554882 0.863228 -0.748889
v 0.558637 0.837543 -0.754508
v 0.567643 0.817041 -0.767986
v 0.565450 1.038565 -0.772108
v 0.545640 1.050619 -0.752298
v 0.533098 1.032228 -0.739755
v 0.526839 1.007967 -0.733497
v 0.517303 0.991836 -0.723961
v 0.507517 0.974891 -0.714175
v 0.497544 0.955496 -0.704202
v 0.503799 0.932198 -0.710457
v 0.517200 0.914396 -0.723857
v 0.527329 0.901036 -0.733987
v 0.537449 0.891459 -0.744107
v 0.550257 0.889264 -0.756915
v 0.554834 0.877674 -0.761492
v 0.554503 0.843560 -0.761161
v 0.564100 0.816530 -0.770758
v 0.563461 1.034856 -0.775725
v 0.541740 1.044318 -0.761212
v 0.527862 1.026751 -0.751939
v 0.521509 1.003100 -0.747694
v 0.516677 0.983489 -0.744465
v 0.515391 0.964653 -0.743606
v 0.518377 0.947080 -0.745601
v 0.533726 0.932198 -0.755857
v 0.545284 0.923714 -0.763580
v 0.548582 0.916170 -0.765784
v 0.550270 0.907707 -0.766911
v 0.555840 0.902233 -0.770633
v 0.556922 0.889383 -0.771356
v 0.551727 0.848621 -0.767885
v 0.561216 0.816381 -0.774225
v 0.562439 1.030341 -0.779593
v 0.540334 1.036894 -0.770437
v 0.525171 1.021715 -0.764156
v 0.519979 0.997723 -0.762006
v 0.520277 0.975823 -0.762129
v 0.524592 0.957339 -0.763917
v 0.534968 0.942056 -0.768214
v 0.552327 0.932198 -0.775405
v 0.560059 0.927710 -0.778607
v 0.561502 0.923497 -0.779205
v 0.561980 0.918516 -0.779403
v 0.562760 0.912584 -0.779726
v 0.558365 0.895868 -0.777906
v 0.549674 0.851526 -0.774306
v 0.559118 0.816537 -0.778217
v 0.562328 1.025407 -0.783429
v 0.541404 1.028328 -0.779267
v 0.526459 1.014640 -0.776294
v 0.521560 0.992365 -0.775320
v 0.521515 0.972483 -0.775311
v 0.522690 0.956696 -0.775544
v 0.536452 0.941193 -0.778282
v 0.549469 0.932198 -0.780871
v 0.552849 0.926508 -0.781543
v 0.561561 0.924009 -0.783276
v 0.565778 0.921850 -0.784115
v 0.567141 0.918107 -0.784386
v 0.558508 0.898128 -0.782669
v 0.548169 0.852459 -0.780612
v 0.557917 0.817072 -0.782552
v 0.562962 1.020595 -0.787015
v 0.544456 1.019263 -0.787015
v 0.531624 1.005431 -0.787015
v 0.527671 0.985165 -0.787015
v 0.525870 0.968829 -0.787015
v 0.522295 0.956394 -0.787015
v 0.536268 0.941060 -0.787015
v 0.545670 0.932198 -0.787015
v 0.548433 0.925742 -0.787015
v 0.564244 0.925265 -0.787015
v 0.569293 0.924371 -0.787015
v 0.569645 0.920847 -0.787015
v 0.558416 0.898626 -0.787015
v 0.547760 0.852984 -0.787015
v 0.557706 0.818182 -0.787015
v 0.564229 1.015959 -0.790223
v 0.549060 1.009781 -0.793240
v 0.538862 0.995921 -0.795269
v 0.532950 0.980852 -0.796445
v 0.527931 0.968143 -0.797443
v 0.527732 0.954581 -0.797483
v 0.540768 0.940323 -0.794890
v 0.543806 0.932198 -0.794285
v 0.544851 0.924896 -0.794078
v 0.561727 0.924079 -0.790721
v 0.569250 0.924198 -0.789224
v 0.567280 0.918248 -0.789616
v 0.555289 0.893269 -0.792001
v 0.547420 0.850644 -0.793567
v 0.558316 0.819051 -0.791399
v 0.566047 1.011303 -0.792943
v 0.554611 1.000172 -0.797679
v 0.546906 0.986889 -0.800871
v 0.535501 0.981066 -0.805595
v 0.521282 0.975101 -0.811485
v 0.521562 0.958689 -0.811369
v 0.529975 0.943124 -0.807884
v 0.523843 0.932198 -0.810424
v 0.523998 0.919994 -0.810360
v 0.544526 0.915936 -0.801857
v 0.560040 0.917123 -0.795430
v 0.559622 0.909216 -0.795604
v 0.549561 0.881762 -0.799771
v 0.546805 0.844147 -0.800913
v 0.559591 0.819031 -0.795617
v 0.568223 1.006935 -0.795123
v 0.560027 0.992054 -0.800599
v 0.555131 0.978202 -0.803870
v 0.541907 0.978778 -0.812707
v 0.521981 0.979258 -0.826021
v 0.515368 0.964665 -0.830439
v 0.516872 0.947438 -0.829435
v 0.511848 0.932198 -0.832791
v 0.516584 0.916891 -0.829627
v 0.537862 0.910864 -0.815409
v 0.553458 0.910251 -0.804988
v 0.552889 0.898715 -0.805368
v 0.546088 0.870094 -0.809913
v 0.547568 0.836736 -0.808924
v 0.561602 0.818642 -0.799547
v 0.570596 1.003091 -0.796776
v 0.564686 0.986616 -0.802686
v 0.561885 0.971961 -0.805487
v 0.552303 0.972265 -0.815069
v 0.534491 0.975713 -0.832882
v 0.521002 0.967043 -0.846370
v 0.515066 0.950597 -0.852306
v 0.512973 0.932198 -0.854399
v 0.521405 0.915572 -0.845967
v 0.538182 0.907352 -0.829190
v 0.549238 0.902518 -0.818134
v 0.549516 0.888224 -0.817856
v 0.546266 0.859736 -0.821106
v 0.550478 0.830035 -0.816894
v 0.564361 0.818325 -0.803011
v 0.573056 0.999862 -0.797942
v 0.568576 0.984343 -0.804647
v 0.566269 0.970830 -0.808100
v 0.559665 0.969855 -0.817983
v 0.545700 0.974065 -0.838883
v 0.534459 0.966497 -0.855706
v 0.528450 0.950814 -0.864700
v 0.524136 0.932198 -0.871156
v 0.525407 0.912500 -0.869254
v 0.534961 0.898271 -0.854956
v 0.544276 0.888631 -0.841014
v 0.549490 0.876384 -0.833211
v 0.549801 0.849688 -0.832746
v 0.555545 0.824320 -0.824149
v 0.567792 0.818352 -0.805820
v 0.575540 0.997155 -0.798644
v 0.572185 0.984700 -0.806745
v 0.569567 0.975030 -0.813064
v 0.564595 0.973766 -0.825069
v 0.555682 0.975457 -0.846586
v 0.548292 0.966981 -0.864427
v 0.547028 0.949561 -0.867478
v 0.544827 0.932198 -0.872792
v 0.542157 0.912320 -0.879238
v 0.545342 0.894244 -0.871549
v 0.550633 0.880189 -0.858775
v 0.554535 0.864569 -0.849355
v 0.556718 0.839665 -0.844084
v 0.562494 0.819521 -0.830142
v 0.571740 0.818830 -0.807819
v 0.577998 0.994745 -0.798875
v 0.576087 0.985968 -0.808484
v 0.574022 0.981363 -0.818865
v 0.571485 0.978020 -0.831621
v 0.567643 0.975916 -0.850934
v 0.563170 0.968753 -0.873419
v 0.561960 0.950986 -0.879506
v 0.561965 0.932198 -0.879477
v 0.561360 0.912803 -0.882518
v 0.561166 0.891417 -0.883494
v 0.562620 0.871404 -0.876185
v 0.564934 0.853086 -0.864554
v 0.567153 0.830911 -0.853399
v 0.570957 0.815950 -0.834272
v 0.576000 0.819721 -0.808922
v 0.580357 0.992385 -0.798623
v 0.580357 0.985496 -0.808706
v 0.580357 0.983885 -0.821193
v 0.580357 0.932198 -0.897175
v 0.580357 0.884066 -0.903246
v 0.580357 0.814146 -0.835957
v 0.580357 0.820847 -0.809120
vn -0.0838 0.9608 -0.2643
vn 0.0036 0.9626 -0.2707
vn 0.0754 0.8398 -0.5377
vn -0.0136 0.4178 -0.9084
vn -0.3065 0.2141 -0.9275
vn -0.5809 -0.4415 -0.6838
vn -0.5092 -0.6344 -0.5816
vn -0.3014 -0.7838 -0.5429
vn 0.6091 0.5789 -0.5420
vn 0.4841 0.8511 -0.2032
vn 0.0511 0.9973 -0.0536
vn -0.3248 0.9227 -0.2078
vn -0.3464 0.8395 -0.4186
vn 0.0266 0.7101 -0.7036
vn 0.4991 0.3391 -0.7974
vn 0.5759 0.2313 -0.7841
vn 0.3575 0.4079 -0.8401
vn 0.1760 0.0685 -0.9820
vn 0.0931 -0.5920 -0.8006
vn 0.0912 -0.8464 -0.5247
vn 0.2156 -0.8807 -0.4217
vn 0.2578 -0.9655 -0.0364
vn 0.2532 -0.9568 0.1431
vn 0.4696 0.6122 -0.6362
vn 0.1997 0.9439 -0.2629
vn -0.2590 0.9639 0.0621
vn -0.5301 0.8373 -0.1338
vn -0.4860 0.6370 -0.5984
vn -0.2088 0.2595 -0.9429
vn 0.2689 -0.0348 -0.9626
vn 0.5878 0.0931 -0.8036
vn 0.6781 0.4220 -0.6017
vn 0.7676 0.1436 -0.6246
vn 0.7374 -0.4820 -0.4732
vn 0.6216 -0.7279 -0.2896
vn 0.5522 -0.7991 -0.2380
vn 0.4086 -0.9118 0.0402
vn 0.2748 -0.9528 0.1294
vn 0.1803 0.6036 -0.7767
vn -0.1719 0.8977 -0.4057
vn -0.4562 0.8893 0.0315
vn -0.3669 0.9262 -0.0863
vn -0.1049 0.7763 -0.6216
vn 0.0494 0.1779 -0.9828
vn 0.1470 -0.3572 -0.9224
vn 0.5286 -0.2739 -0.8034
vn 0.8074 0.2214 -0.5469
vn 0.9119 0.1610 -0.3775
vn 0.9165 -0.3146 -0.2470
vn 0.7941 -0.5647 -0.2248
vn 0.6405 -0.7379 -0.2127
vn 0.3789 -0.9254 -0.0012
vn 0.2014 -0.9777 0.0592
vn -0.0343 0.5436 -0.8387
vn -0.3953 0.7674 -0.5048
vn -0.4722 0.8797 -0.0555
vn -0.1239 0.9922 -0.0130
vn 0.2326 0.9137 -0.3334
vn 0.4056 0.3953 -0.8242
vn 0.3237 -0.4027 -0.8562
vn 0.4561 -0.5996 -0.6576
vn 0.8019 -0.0893 -0.5908
vn 0.8766 0.1691 -0.4505
vn 0.8622 -0.2508 -0.4400
vn 0.7440 -0.5091 -0.4328
vn 0.5744 -0.7207 -0.3881
vn 0.2350 -0.9562 -0.1745
vn 0.0648 -0.9950 -0.0760
vn -0.1126 0.5111 -0.8521
vn -0.4180 0.7083 -0.5688
vn -0.3830 0.9075 -0.1722
vn 0.0010 0.9991 -0.0432
vn 0.2769 0.9497 -0.1462
vn 0.4698 0.6483 -0.5991
vn 0.4438 -0.1869 -0.8764
vn 0.2364 -0.6558 -0.7170
vn 0.5275 -0.2540 -0.8107
vn 0.6357 0.1224 -0.7622
vn 0.6342 -0.2196 -0.7413
vn 0.5464 -0.4920 -0.6777
vn 0.4164 -0.6871 -0.5954
vn 0.0730 -0.9242 -0.3748
vn -0.0676 -0.9712 -0.2286
vn -0.1172 0.5154 -0.8489
vn -0.3269 0.7042 -0.6303
vn -0.2366 0.9204 -0.3114
vn 0.0256 0.9839 -0.1767
vn 0.2331 0.9504 -0.2061
vn 0.4467 0.8026 -0.3952
vn 0.6698 0.1321 -0.7307
vn 0.3716 -0.5533 -0.7455
vn 0.2831 -0.3878 -0.8772
vn 0.4789 -0.0890 -0.8734
vn 0.5613 -0.3005 -0.7711
vn 0.5006 -0.5139 -0.6967
vn 0.3598 -0.6756 -0.6435
vn -0.0027 -0.8789 -0.4770
vn -0.1442 -0.9317 -0.3335
vn -0.0909 0.5474 -0.8319
vn -0.1746 0.7140 -0.6780
vn -0.0785 0.8969 -0.4351
vn 0.0257 0.9504 -0.3099
vn 0.2158 0.9172 -0.3350
vn 0.5020 0.8064 -0.3127
vn 0.9145 0.2404 -0.3255
vn 0.8170 -0.4814 -0.3174
vn 0.6615 -0.6244 -0.4154
vn 0.8001 -0.4055 -0.4420
vn 0.8217 -0.4327 -0.3710
vn 0.7100 -0.5537 -0.4352
vn 0.4622 -0.7196 -0.5182
vn 0.0061 -0.8900 -0.4559
vn -0.1703 -0.9138 -0.3688
vn -0.0582 0.5760 -0.8154
vn -0.0150 0.7016 -0.7124
vn 0.0827 0.8585 -0.5060
vn 0.0648 0.9479 -0.3119
vn 0.2886 0.9190 -0.2687
vn 0.6612 0.7228 -0.2011
vn 0.9883 0.1484 -0.0337
vn 0.8736 -0.4755 0.1033
vn 0.7812 -0.6074 0.1442
vn 0.8705 -0.4668 0.1562
vn 0.9220 -0.3806 0.0707
vn 0.8701 -0.4804 -0.1101
vn 0.5883 -0.7622 -0.2701
vn 0.0410 -0.9473 -0.3178
vn -0.1759 -0.9315 -0.3185
vn -0.0209 0.5755 -0.8175
vn 0.1097 0.6649 -0.7388
vn 0.2488 0.7869 -0.5647
vn 0.2019 0.9261 -0.3186
vn 0.3382 0.9348 -0.1082
vn 0.7195 0.6932 -0.0423
vn 0.9981 0.0558 -0.0253
vn 0.8581 -0.5134 0.0030
vn 0.8115 -0.5842 0.0146
vn 0.9119 -0.4103 -0.0089
vn 0.9473 -0.3161 -0.0522
vn 0.8921 -0.4502 -0.0371
vn 0.6101 -0.7912 -0.0426
vn 0.0372 -0.9915 -0.1249
vn -0.1929 -0.9637 -0.1847
vn 0.0184 0.5752 -0.8178
vn 0.1920 0.6568 -0.7292
vn 0.3936 0.7122 -0.5813
vn 0.4119 0.8291 -0.3781
vn 0.4559 0.8789 -0.1404
vn 0.7138 0.6986 0.0502
vn 0.9831 0.0813 0.1642
vn 0.8804 -0.4657 0.0893
vn 0.8598 -0.5034 -0.0855
vn 0.9199 -0.3460 -0.1845
vn 0.8984 -0.4213 -0.1241
vn 0.8071 -0.5865 0.0673
vn 0.5096 -0.8423 0.1756
vn -0.0331 -0.9973 0.0648
vn -0.2329 -0.9722 -0.0244
vn 0.0459 0.5900 -0.8061
vn 0.2407 0.6925 -0.6800
vn 0.4741 0.7292 -0.4935
vn 0.5652 0.7630 -0.3136
vn 0.5933 0.7959 -0.1209
vn 0.7714 0.6106 0.1793
vn 0.8902 0.0195 0.4551
vn 0.7951 -0.4130 0.4441
vn 0.8490 -0.4140 0.3283
vn 0.8797 -0.4045 0.2499
vn 0.7536 -0.6222 0.2122
vn 0.5930 -0.7493 0.2949
vn 0.2973 -0.8810 0.3681
vn -0.1592 -0.9609 0.2266
vn -0.2842 -0.9521 0.1132
vn 0.0645 0.6098 -0.7899
vn 0.2608 0.7535 -0.6036
vn 0.4845 0.8169 -0.3130
vn 0.5721 0.8159 -0.0837
vn 0.6043 0.7887 0.1129
vn 0.7388 0.4557 0.4966
vn 0.6664 -0.1475 0.7309
vn 0.4988 -0.4020 0.7678
vn 0.4935 -0.3209 0.8084
vn 0.5142 -0.3898 0.7640
vn 0.4385 -0.6574 0.6128
vn 0.3045 -0.8119 0.4981
vn 0.0278 -0.8902 0.4547
vn -0.2820 -0.9031 0.3238
vn -0.3211 -0.9247 0.2045
vn 0.0776 0.6316 -0.7714
vn 0.2471 0.8300 -0.5000
vn 0.4036 0.9134 -0.0534
vn 0.3751 0.8811 0.2879
vn 0.2911 0.7676 0.5710
vn 0.3307 0.3192 0.8881
vn 0.2433 -0.2755 0.9300
vn 0.1383 -0.4113 0.9010
vn 0.1428 -0.2305 0.9625
vn 0.1855 -0.2878 0.9396
vn 0.1337 -0.5823 0.8019
vn -0.0072 -0.7770 0.6294
vn -0.2117 -0.8555 0.4725
vn -0.3421 -0.8692 0.3571
vn -0.3105 -0.9183 0.2455
vn 0.0873 0.6544 -0.7511
vn 0.1850 0.9098 -0.3715
vn 0.2008 0.9497 0.2404
vn 0.0306 0.7611 0.6479
vn -0.1586 0.5410 0.8259
vn -0.1634 0.1922 0.9677
vn -0.0097 -0.2379 0.9712
vn 0.2028 -0.3636 0.9092
vn 0.3043 -0.1991 0.9315
vn 0.2268 -0.3059 0.9247
vn 0.0002 -0.6185 0.7858
vn -0.1967 -0.7509 0.6304
vn -0.2985 -0.8331 0.4657
vn -0.2995 -0.8834 0.3603
vn -0.2066 -0.9458 0.2504
vn 0.0955 0.6772 -0.7295
vn 0.0646 0.9682 -0.2416
vn -0.0438 0.8899 0.4540
vn -0.1751 0.5736 0.8002
vn -0.2146 0.4169 0.8833
vn -0.1349 0.2626 0.9554
vn 0.0548 -0.0331 0.9979
vn 0.3003 -0.1840 0.9359
vn 0.4261 -0.1929 0.8839
vn 0.3013 -0.4743 0.8272
vn 0.0110 -0.7601 0.6497
vn -0.1716 -0.7990 0.5763
vn -0.2090 -0.8567 0.4716
vn -0.1089 -0.9222 0.3711
vn 0.0369 -0.9703 0.2391
vn 0.1022 0.7002 -0.7066
vn -0.0825 0.9839 -0.1586
vn -0.2573 0.8012 0.5403
vn -0.2629 0.5311 0.8055
vn -0.1055 0.5115 0.8528
vn 0.0532 0.3732 0.9262
vn 0.0974 0.0919 0.9910
vn 0.1131 -0.0389 0.9928
vn 0.1461 -0.1879 0.9713
vn 0.1148 -0.6094 0.7845
vn -0.0381 -0.8616 0.5061
vn -0.1896 -0.8359 0.5151
vn -0.1828 -0.8422 0.5072
vn 0.0113 -0.9066 0.4219
vn 0.2342 -0.9411 0.2440
vn 0.2774 0.5423 -0.7931
vn 0.1077 0.7205 -0.6851
vn -0.2191 0.9669 -0.1309
vn -0.4704 0.7146 0.5178
vn -0.4755 0.5542 0.6833
vn -0.3041 0.6573 0.6896
vn -0.0842 0.5296 0.8441
vn 0.0746 0.1624 0.9839
vn 0.0714 -0.0675 0.9952
vn -0.0576 -0.2712 0.9608
vn -0.1680 -0.6852 0.7087
vn -0.2425 -0.9029 0.3550
vn -0.4346 -0.8254 0.3604
vn -0.4919 -0.7349 0.4669
vn -0.2490 -0.8400 0.4822
vn 0.1454 -0.9506 0.2741
vn 0.1113 0.7299 -0.6745
vn -0.3488 0.9260 -0.1446
vn -0.6701 0.6145 0.4163
vn -0.7185 0.5055 0.4777
vn -0.6207 0.6753 0.3984
vn -0.4422 0.7047 0.5549
vn -0.3010 0.3566 0.8844
vn -0.2600 -0.1739 0.9498
vn -0.3748 -0.5101 0.7742
vn -0.4978 -0.7501 0.4354
vn -0.5145 -0.8508 0.1070
vn -0.7073 -0.7058 0.0380
vn -0.8438 -0.4800 0.2400
vn -0.6427 -0.6377 0.4247
vn -0.1078 -0.9570 0.2693
vn 0.0827 -0.9952 -0.0515
vn 0.1155 0.7261 -0.6778
vn -0.4540 0.8700 -0.1925
vn -0.8027 0.5181 0.2953
vn -0.8282 0.4533 0.3297
vn -0.7558 0.6180 0.2166
vn -0.7257 0.6665 0.1710
vn -0.8568 0.3661 0.3631
vn -0.8855 -0.2317 0.4028
vn -0.8328 -0.5357 0.1396
vn -0.7928 -0.6064 -0.0613
vn -0.7159 -0.6596 -0.2290
vn -0.8108 -0.5109 -0.2857
vn -0.9696 -0.2445 0.0112
vn -0.8605 -0.4007 0.3147
vn -0.3173 -0.9220 0.2218
vn 0.1239 0.7101 -0.6931
vn -0.5098 0.8185 -0.2648
vn -0.8644 0.4652 0.1907
vn -0.8944 0.3959 0.2081
vn -0.8865 0.4614 0.0346
vn -0.9088 0.3944 -0.1363
vn -0.9713 0.1260 -0.2019
vn -0.9093 -0.2745 -0.3129
vn -0.8485 -0.3218 -0.4201
vn -0.8352 -0.3081 -0.4556
vn -0.7632 -0.4034 -0.5048
vn -0.8203 -0.3060 -0.4831
vn -0.9904 -0.0829 -0.1109
vn -0.9467 -0.2186 0.2367
vn -0.4430 -0.8803 0.1698
vn 0.1358 0.6839 -0.7168
vn -0.5128 0.7710 -0.3777
vn -0.8946 0.4448 0.0422
vn -0.9626 0.2657 0.0529
vn -0.9735 0.1685 -0.1548
vn -0.9394 0.0101 -0.3427
vn -0.8605 -0.2300 -0.4546
vn -0.7408 -0.3985 -0.5408
vn -0.7182 -0.2545 -0.6476
vn -0.7450 -0.1128 -0.6575
vn -0.7351 -0.1828 -0.6528
vn -0.8256 -0.1041 -0.5545
vn -0.9891 0.0449 -0.1405
vn -0.9720 -0.0953 0.2146
vn -0.5087 -0.8509 0.1307
vn 0.1506 0.6514 -0.7436
vn -0.4620 0.7042 -0.5391
vn -0.8858 0.4166 -0.2043
vn -0.9852 0.1386 -0.1008
vn -0.9896 -0.0381 -0.1389
vn -0.9360 -0.2972 -0.1887
vn -0.7488 -0.6181 -0.2393
vn -0.6712 -0.7229 -0.1644
vn -0.7432 -0.6629 -0.0902
vn -0.7894 -0.4359 -0.4322
vn -0.7163 -0.1507 -0.6814
vn -0.8602 0.0770 -0.5041
vn -0.9767 0.1833 -0.1114
vn -0.9779 -0.0285 0.2073
vn -0.5464 -0.8341 0.0761
vn 0.1705 0.6239 -0.7627
vn -0.3736 0.6152 -0.6942
vn -0.7980 0.3617 -0.4820
vn -0.9422 0.0979 -0.3205
vn -0.9848 -0.0184 -0.1728
vn -0.9326 -0.3608 -0.0115
vn -0.6537 -0.7516 0.0882
vn -0.5990 -0.7109 0.3685
vn -0.4336 -0.8066 0.4017
vn -0.4474 -0.8771 -0.1745
vn -0.5837 -0.3793 -0.7179
vn -0.8617 0.1525 -0.4839
vn -0.9534 0.2991 -0.0392
vn -0.9926 -0.0220 0.1191
vn -0.5710 -0.8195 -0.0491
vn 0.1898 0.5987 -0.7782
vn -0.2823 0.5262 -0.8021
vn -0.6462 0.3099 -0.6975
vn -0.8413 0.1557 -0.5177
vn -0.9353 0.1258 -0.3306
vn -0.9378 -0.2767 -0.2097
vn -0.7175 -0.6940 -0.0603
vn -0.7969 -0.5491 0.2518
vn -0.5460 -0.7551 0.3628
vn -0.1760 -0.9771 -0.1194
vn -0.7554 -0.6335 -0.1675
vn -0.9749 0.1354 -0.1767
vn -0.9311 0.3560 0.0796
vn -0.9972 -0.0038 0.0744
vn -0.5820 -0.8038 -0.1231
vn 0.2020 0.5578 -0.8050
vn -0.1914 0.4344 -0.8802
vn -0.4768 0.3600 -0.8019
vn -0.7992 0.4653 -0.3805
vn -0.9698 0.2430 0.0197
vn -0.9327 -0.3566 0.0549
vn -0.8633 -0.4431 0.2415
vn -0.8455 -0.2519 0.4708
vn -0.5557 -0.4977 0.6659
vn -0.1823 -0.8041 0.5658
vn -0.6398 -0.4777 0.6020
vn -0.8302 0.2571 0.4947
vn -0.9266 0.2680 0.2636
vn -0.9851 -0.0633 0.1598
vn -0.5739 -0.8189 0.0098
vn 0.2108 0.5091 -0.8345
vn -0.1007 0.3545 -0.9296
vn -0.1414 0.5253 -0.8391
vn -0.3732 0.8972 -0.2360
vn -0.7928 0.5539 0.2543
vn -0.9243 -0.1217 0.3617
vn -0.8320 -0.1517 0.5336
vn -0.7922 0.0507 0.6081
vn -0.6692 -0.4607 0.5830
vn -0.3181 -0.7096 0.6288
vn -0.5195 -0.2784 0.8078
vn -0.8569 0.1812 0.4827
vn -0.9566 0.1776 0.2311
vn -0.9701 -0.1845 0.1576
vn -0.5274 -0.8396 0.1302
vn 0.2123 0.4829 -0.8496
vn -0.0554 0.3067 -0.9502
vn 0.1496 0.5548 -0.8184
vn 0.1872 0.9214 -0.3406
vn -0.5153 0.8447 -0.1446
vn -0.9621 0.2726 -0.0111
vn -0.9661 0.0831 0.2442
vn -0.9834 -0.0381 0.1776
vn -0.7731 -0.6064 0.1859
vn -0.4248 -0.8326 0.3554
vn -0.6929 -0.4430 0.5688
vn -0.9586 0.1303 0.2534
vn -0.9951 0.0860 0.0486
vn -0.9441 -0.3274 0.0369
vn -0.4557 -0.8828 0.1140
vn 0.1907 0.4876 -0.8520
vn -0.1385 0.3074 -0.9414
vn 0.0269 0.6920 -0.7214
vn 0.3104 0.9177 -0.2481
vn -0.0201 0.9564 -0.2913
vn -0.6368 0.6349 -0.4374
vn -0.8739 0.3105 -0.3740
vn -0.9525 -0.0570 -0.2991
vn -0.8005 -0.5980 -0.0402
vn -0.6304 -0.7350 0.2498
vn -0.8423 -0.4063 0.3542
vn -0.9958 0.0296 0.0866
vn -0.9905 -0.0263 -0.1349
vn -0.8658 -0.4921 -0.0907
vn -0.3425 -0.9373 0.0649
vn 0.1460 0.5262 -0.8377
vn -0.4092 0.3941 -0.8230
vn -0.4189 0.7962 -0.4366
vn -0.0909 0.9946 0.0496
vn -0.0812 0.9913 -0.1035
vn -0.3391 0.7284 -0.5954
vn -0.4365 0.3864 -0.8125
vn -0.5864 0.1012 -0.8037
vn -0.7372 -0.4007 -0.5440
vn -0.7641 -0.6427 -0.0562
vn -0.8990 -0.4217 0.1183
vn -0.9881 -0.1238 -0.0916
vn -0.9423 -0.1658 -0.2908
vn -0.7369 -0.6554 -0.1657
vn -0.1992 -0.9791 0.0407
vn 0.1422 0.5889 -0.7956
vn -0.5294 0.5701 -0.6283
vn -0.7188 0.6818 -0.1363
vn -0.3842 0.9131 0.1362
vn -0.2204 0.9700 -0.1022
vn -0.3827 0.6806 -0.6248
vn -0.3773 0.2833 -0.8817
vn -0.2889 0.2182 -0.9322
vn -0.4259 -0.1152 -0.8974
vn -0.6601 -0.4872 -0.5718
vn -0.8374 -0.4716 -0.2765
vn -0.9091 -0.2628 -0.3233
vn -0.8408 -0.3397 -0.4214
vn -0.5685 -0.8010 -0.1875
vn -0.0554 -0.9970 0.0545
vn 0.2997 0.6331 -0.7137
vn -0.2398 0.8187 -0.5217
vn -0.5043 0.8442 -0.1818
vn -0.2370 0.9663 -0.1001
vn -0.0647 0.9799 -0.1888
vn -0.3064 0.7381 -0.6011
vn -0.5343 0.2699 -0.8011
vn -0.5231 0.1373 -0.8412
vn -0.5046 0.0635 -0.8610
vn -0.6694 -0.1763 -0.7217
vn -0.7872 -0.3710 -0.4926
vn -0.7875 -0.3867 -0.4799
vn -0.6624 -0.5481 -0.5107
vn -0.3645 -0.9151 -0.1725
vn 0.0613 -0.9940 0.0911
vn 0.5329 0.6044 -0.5922
vn 0.3177 0.8843 -0.3421
vn -0.0267 0.9739 -0.2256
vn -0.1296 0.1588 -0.9788
vn -0.4922 0.0181 -0.8703
vn -0.0673 -0.9890 -0.1319
vn 0.1635 -0.9785 0.1256
vt 0.750000 0.312500
vt 0.750000 0.375000
vt 0.718750 0.375000
vt 0.718750 0.312500
vt 0.750000 0.750000
vt 0.750000 0.812500
vt 0.718750 0.812500
vt 0.718750 0.750000
vt 0.750000 0.250000
vt 0.718750 0.250000
vt 0.750000 0.687500
vt 0.718750 0.687500
vt 0.750000 0.187500
vt 0.718750 0.187500
vt 0.750000 0.625000
vt 0.718750 0.625000
vt 0.750000 0.125000
vt 0.718750 0.125000
vt 0.750000 0.562500
vt 0.718750 0.562500
vt 0.750000 0.062500
vt 0.718750 0.062500
vt 0.750000 0.500000
vt 0.718750 0.500000
vt 0.750000 0.937500
vt 0.734375 1.000000
vt 0.718750 0.937500
vt 0.734375 0.000000
vt 0.750000 0.437500
vt 0.718750 0.437500
vt 0.750000 0.875000
vt 0.718750 0.875000
vt 0.687500 0.937500
vt 0.687500 0.875000
vt 0.687500 0.437500
vt 0.687500 0.375000
vt 0.687500 0.812500
vt 0.687500 0.312500
vt 0.687500 0.750000
vt 0.687500 0.250000
vt 0.687500 0.687500
vt 0.687500 0.187500
vt 0.687500 0.625000
vt 0.687500 0.125000
vt 0.687500 0.562500
vt 0.687500 0.062500
vt 0.687500 0.500000
vt 0.703125 1.000000
vt 0.703125 0.000000
vt 0.656250 0.687500
vt 0.656250 0.625000
vt 0.656250 0.187500
vt 0.656250 0.125000
vt 0.656250 0.562500
vt 0.656250 0.062500
vt 0.656250 0.500000
vt 0.671875 1.000000
vt 0.656250 0.937500
vt 0.671875 0.000000
vt 0.656250 0.437500
vt 0.656250 0.875000
vt 0.656250 0.375000
vt 0.656250 0.812500
vt 0.656250 0.312500
vt 0.656250 0.750000
vt 0.656250 0.250000
vt 0.625000 0.437500
vt 0.625000 0.375000
vt 0.625000 0.875000
vt 0.625000 0.812500
vt 0.625000 0.312500
vt 0.625000 0.750000
vt 0.625000 0.250000
vt 0.625000 0.687500
vt 0.625000 0.187500
vt 0.625000 0.625000
vt 0.625000 0.125000
vt 0.625000 0.562500
vt 0.625000 0.062500
vt 0.625000 0.500000
vt 0.640625 1.000000
vt 0.625000 0.937500
vt 0.640625 0.000000
vt 0.593750 0.187500
vt 0.593750 0.125000
vt 0.593750 0.625000
vt 0.593750 0.562500
vt 0.593750 0.062500
vt 0.593750 0.500000
vt 0.609375 1.000000
vt 0.593750 0.937500
vt 0.609375 0.000000
vt 0.593750 0.437500
vt 0.593750 0.875000
vt 0.593750 0.375000
vt 0.593750 0.812500
vt 0.593750 0.312500
vt 0.593750 0.750000
vt 0.593750 0.250000
vt 0.593750 0.687500
vt 0.562500 0.375000
vt 0.562500 0.312500
vt 0.562500 0.812500
vt 0.562500 0.750000
vt 0.562500 0.250000
vt 0.562500 0.687500
vt 0.562500 0.187500
vt 0.562500 0.625000
vt 0.562500 0.125000
vt 0.562500 0.562500
vt 0.562500 0.062500
vt 0.562500 0.500000
vt 0.578125 1.000000
vt 0.562500 0.937500
vt 0.578125 0.000000
vt 0.562500 0.437500
vt 0.562500 0.875000
vt 0.531250 0.125000
vt 0.531250 0.062500
vt 0.531250 0.562500
vt 0.531250 0.500000
vt 0.546875 1.000000
vt 0.531250 0.937500
vt 0.546875 0.000000
vt 0.531250 0.437500
vt 0.531250 0.875000
vt 0.531250 0.375000
vt 0.531250 0.812500
vt 0.531250 0.312500
vt 0.531250 0.750000
vt 0.531250 0.250000
vt 0.531250 0.687500
vt 0.531250 0.187500
vt 0.531250 0.625000
vt 0.500000 0.812500
vt 0.500000 0.750000
vt 0.500000 0.312500
vt 0.500000 0.250000
vt 0.500000 0.687500
vt 0.500000 0.187500
vt 0.500000 0.625000
vt 0.500000 0.125000
vt 0.500000 0.562500
vt 0.500000 0.062500
vt 0.500000 0.500000
vt 0.515625 1.000000
vt 0.500000 0.937500
vt 0.515625 0.000000
vt 0.500000 0.437500
vt 0.500000 0.875000
vt 0.500000 0.375000
vt 0.468750 0.562500
vt 0.468750 0.500000
vt 0.484375 1.000000
vt 0.468750 0.937500
vt 0.484375 0.000000
vt 0.468750 0.062500
vt 0.468750 0.437500
vt 0.468750 0.875000
vt 0.468750 0.375000
vt 0.468750 0.812500
vt 0.468750 0.312500
vt 0.468750 0.750000
vt 0.468750 0.250000
vt 0.468750 0.687500
vt 0.468750 0.187500
vt 0.468750 0.625000
vt 0.468750 0.125000
vt 0.437500 0.312500
vt 0.437500 0.250000
vt 0.437500 0.750000
vt 0.437500 0.687500
vt 0.437500 0.187500
vt 0.437500 0.625000
vt 0.437500 0.125000
vt 0.437500 0.562500
vt 0.437500 0.062500
vt 0.437500 0.500000
vt 0.453125 1.000000
vt 0.437500 0.937500
vt 0.453125 0.000000
vt 0.437500 0.437500
vt 0.437500 0.875000
vt 0.437500 0.375000
vt 0.437500 0.812500
vt 0.421875 1.000000
vt 0.406250 0.937500
vt 0.421875 0.000000
vt 0.406250 0.062500
vt 0.406250 0.500000
vt 0.406250 0.437500
vt 0.406250 0.875000
vt 0.406250 0.375000
vt 0.406250 0.812500
vt 0.406250 0.312500
vt 0.406250 0.750000
vt 0.406250 0.250000
vt 0.406250 0.687500
vt 0.406250 0.187500
vt 0.406250 0.625000
vt 0.406250 0.125000
vt 0.406250 0.562500
vt 0.375000 0.750000
vt 0.375000 0.687500
vt 0.375000 0.250000
vt 0.375000 0.187500
vt 0.375000 0.625000
vt 0.375000 0.125000
vt 0.375000 0.562500
vt 0.375000 0.062500
vt 0.375000 0.500000
vt 0.390625 1.000000
vt 0.375000 0.937500
vt 0.390625 0.000000
vt 0.375000 0.437500
vt 0.375000 0.875000
vt 0.375000 0.375000
vt 0.375000 0.812500
vt 0.375000 0.312500
vt 0.343750 0.500000
vt 0.343750 0.437500
vt 0.343750 0.937500
vt 0.343750 0.875000
vt 0.343750 0.375000
vt 0.343750 0.812500
vt 0.343750 0.312500
vt 0.343750 0.750000
vt 0.343750 0.250000
vt 0.343750 0.687500
vt 0.343750 0.187500
vt 0.343750 0.625000
vt 0.343750 0.125000
vt 0.343750 0.562500
vt 0.343750 0.062500
vt 0.359375 1.000000
vt 0.359375 0.000000
vt 0.312500 0.250000
vt 0.312500 0.187500
vt 0.312500 0.687500
vt 0.312500 0.625000
vt 0.312500 0.125000
vt 0.312500 0.562500
vt 0.312500 0.062500
vt 0.312500 0.500000
vt 0.328125 1.000000
vt 0.312500 0.937500
vt 0.328125 0.000000
vt 0.312500 0.437500
vt 0.312500 0.875000
vt 0.312500 0.375000
vt 0.312500 0.812500
vt 0.312500 0.312500
vt 0.312500 0.750000
vt 0.281250 0.437500
vt 0.281250 0.375000
vt 0.281250 0.875000
vt 0.281250 0.812500
vt 0.281250 0.312500
vt 0.281250 0.750000
vt 0.281250 0.250000
vt 0.281250 0.687500
vt 0.281250 0.187500
vt 0.281250 0.625000
vt 0.281250 0.125000
vt 0.281250 0.562500
vt 0.281250 0.062500
vt 0.281250 0.500000
vt 0.296875 1.000000
vt 0.281250 0.937500
vt 0.296875 0.000000
vt 0.250000 0.187500
vt 0.250000 0.125000
vt 0.250000 0.625000
vt 0.250000 0.562500
vt 0.250000 0.062500
vt 0.250000 0.500000
vt 0.265625 1.000000
vt 0.250000 0.937500
vt 0.265625 0.000000
vt 0.250000 0.437500
vt 0.250000 0.875000
vt 0.250000 0.375000
vt 0.250000 0.812500
vt 0.250000 0.312500
vt 0.250000 0.750000
vt 0.250000 0.250000
vt 0.250000 0.687500
vt 0.218750 0.875000
vt 0.218750 0.812500
vt 0.218750 0.375000
vt 0.218750 0.312500
vt 0.218750 0.750000
vt 0.218750 0.250000
vt 0.218750 0.687500
vt 0.218750 0.187500
vt 0.218750 0.625000
vt 0.218750 0.125000
vt 0.218750 0.562500
vt 0.218750 0.062500
vt 0.218750 0.500000
vt 0.234375 1.000000
vt 0.218750 0.937500
vt 0.234375 0.000000
vt 0.218750 0.437500
vt 0.187500 0.625000
vt 0.187500 0.562500
vt 0.187500 0.125000
vt 0.187500 0.062500
vt 0.187500 0.500000
vt 0.203125 1.000000
vt 0.187500 0.937500
vt 0.203125 0.000000
vt 0.187500 0.437500
vt 0.187500 0.875000
vt 0.187500 0.375000
vt 0.187500 0.812500
vt 0.187500 0.312500
vt 0.187500 0.750000
vt 0.187500 0.250000
vt 0.187500 0.687500
vt 0.187500 0.187500
vt 0.156250 0.375000
vt 0.156250 0.312500
vt 0.156250 0.812500
vt 0.156250 0.750000
vt 0.156250 0.250000
vt 0.156250 0.687500
vt 0.156250 0.187500
vt 0.156250 0.625000
vt 0.156250 0.125000
vt 0.156250 0.562500
vt 0.156250 0.062500
vt 0.156250 0.500000
vt 0.171875 1.000000
vt 0.156250 0.937500
vt 0.171875 0.000000
vt 0.156250 0.437500
vt 0.156250 0.875000
vt 0.125000 0.125000
vt 0.125000 0.062500
vt 0.125000 0.562500
vt 0.125000 0.500000
vt 0.140625 1.000000
vt 0.125000 0.937500
vt 0.140625 0.000000
vt 0.125000 0.437500
vt 0.125000 0.875000
vt 0.125000 0.375000
vt 0.125000 0.812500
vt 0.125000 0.312500
vt 0.125000 0.750000
vt 0.125000 0.250000
vt 0.125000 0.687500
vt 0.125000 0.187500
vt 0.125000 0.625000
vt 0.093750 0.812500
vt 0.093750 0.750000
vt 0.093750 0.312500
vt 0.093750 0.250000
vt 0.093750 0.687500
vt 0.093750 0.187500
vt 0.093750 0.625000
vt 0.093750 0.125000
vt 0.093750 0.562500
vt 0.093750 0.062500
vt 0.093750 0.500000
vt 0.109375 1.000000
vt 0.093750 0.937500
vt 0.109375 0.000000
vt 0.093750 0.437500
vt 0.093750 0.875000
vt 0.093750 0.375000
vt 0.062500 0.562500
vt 0.062500 0.500000
vt 0.078125 1.000000
vt 0.062500 0.937500
vt 0.078125 0.000000
vt 0.062500 0.062500
vt 0.062500 0.437500
vt 0.062500 0.875000
vt 0.062500 0.375000
vt 0.062500 0.812500
vt 0.062500 0.312500
vt 0.062500 0.750000
vt 0.062500 0.250000
vt 0.062500 0.687500
vt 0.062500 0.187500
vt 0.062500 0.625000
vt 0.062500 0.125000
vt 0.031250 0.312500
vt 0.031250 0.250000
vt 0.031250 0.750000
vt 0.031250 0.687500
vt 0.031250 0.187500
vt 0.031250 0.625000
vt 0.031250 0.125000
vt 0.031250 0.562500
vt 0.031250 0.062500
vt 0.031250 0.500000
vt 0.046875 1.000000
vt 0.031250 0.937500
vt 0.046875 0.000000
vt 0.031250 0.437500
vt 0.031250 0.875000
vt 0.031250 0.375000
vt 0.031250 0.812500
vt 0.015625 0.000000
vt 0.000000 0.062500
vt 0.000000 0.500000
vt 0.000000 0.437500
vt 0.000000 0.937500
vt 0.000000 0.875000
vt 0.000000 0.375000
vt 0.000000 0.812500
vt 0.000000 0.312500
vt 0.000000 0.750000
vt 0.000000 0.250000
vt 0.000000 0.687500
vt 0.000000 0.187500
vt 0.000000 0.625000
vt 0.000000 0.125000
vt 0.000000 0.562500
vt 0.015625 1.000000
vt 1.000000 0.187500
vt 1.000000 0.250000
vt 0.968750 0.250000
vt 0.968750 0.187500
vt 1.000000 0.625000
vt 1.000000 0.687500
vt 0.968750 0.687500
vt 0.968750 0.625000
vt 1.000000 0.125000
vt 0.968750 0.125000
vt 1.000000 0.562500
vt 0.968750 0.562500
vt 1.000000 0.062500
vt 0.968750 0.062500
vt 1.000000 0.500000
vt 0.968750 0.500000
vt 1.000000 0.937500
vt 0.984375 1.000000
vt 0.968750 0.937500
vt 0.984375 0.000000
vt 1.000000 0.437500
vt 0.968750 0.437500
vt 1.000000 0.875000
vt 0.968750 0.875000
vt 1.000000 0.375000
vt 0.968750 0.375000
vt 1.000000 0.812500
vt 0.968750 0.812500
vt 1.000000 0.312500
vt 0.968750 0.312500
vt 1.000000 0.750000
vt 0.968750 0.750000
vt 0.937500 0.937500
vt 0.937500 0.875000
vt 0.937500 0.437500
vt 0.937500 0.375000
vt 0.937500 0.812500
vt 0.937500 0.312500
vt 0.937500 0.750000
vt 0.937500 0.250000
vt 0.937500 0.687500
vt 0.937500 0.187500
vt 0.937500 0.625000
vt 0.937500 0.125000
vt 0.937500 0.562500
vt 0.937500 0.062500
vt 0.937500 0.500000
vt 0.953125 1.000000
vt 0.953125 0.000000
vt 0.906250 0.687500
vt 0.906250 0.625000
vt 0.906250 0.187500
vt 0.906250 0.125000
vt 0.906250 0.562500
vt 0.906250 0.062500
vt 0.906250 0.500000
vt 0.921875 1.000000
vt 0.906250 0.937500
vt 0.921875 0.000000
vt 0.906250 0.437500
vt 0.906250 0.875000
vt 0.906250 0.375000
vt 0.906250 0.812500
vt 0.906250 0.312500
vt 0.906250 0.750000
vt 0.906250 0.250000
vt 0.875000 0.437500
vt 0.875000 0.375000
vt 0.875000 0.875000
vt 0.875000 0.812500
vt 0.875000 0.312500
vt 0.875000 0.750000
vt 0.875000 0.250000
vt 0.875000 0.687500
vt 0.875000 0.187500
vt 0.875000 0.625000
vt 0.875000 0.125000
vt 0.875000 0.562500
vt 0.875000 0.062500
vt 0.875000 0.500000
vt 0.890625 1.000000
vt 0.875000 0.937500
vt 0.890625 0.000000
vt 0.843750 0.187500
vt 0.843750 0.125000
vt 0.843750 0.625000
vt 0.843750 0.562500
vt 0.843750 0.062500
vt 0.843750 0.500000
vt 0.859375 1.000000
vt 0.843750 0.937500
vt 0.859375 0.000000
vt 0.843750 0.437500
vt 0.843750 0.875000
vt 0.843750 0.375000
vt 0.843750 0.812500
vt 0.843750 0.312500
vt 0.843750 0.750000
vt 0.843750 0.250000
vt 0.843750 0.687500
vt 0.812500 0.875000
vt 0.812500 0.812500
vt 0.812500 0.375000
vt 0.812500 0.312500
vt 0.812500 0.750000
vt 0.812500 0.250000
vt 0.812500 0.687500
vt 0.812500 0.187500
vt 0.812500 0.625000
vt 0.812500 0.125000
vt 0.812500 0.562500
vt 0.812500 0.062500
vt 0.812500 0.500000
vt 0.828125 1.000000
vt 0.812500 0.937500
vt 0.828125 0.000000
vt 0.812500 0.437500
vt 0.781250 0.625000
vt 0.781250 0.562500
vt 0.781250 0.125000
vt 0.781250 0.062500
vt 0.781250 0.500000
vt 0.796875 1.000000
vt 0.781250 0.937500
vt 0.796875 0.000000
vt 0.781250 0.437500
vt 0.781250 0.875000
vt 0.781250 0.375000
vt 0.781250 0.812500
vt 0.781250 0.312500
vt 0.781250 0.750000
vt 0.781250 0.250000
vt 0.781250 0.687500
vt 0.781250 0.187500
vt 0.765625 1.000000
vt 0.765625 0.000000
s 1
usemtl SphereImageMaterial
f 2416/2796/2416 2890/2797/2890 2428/2798/2428 2429/2799/2429
f 2411/2800/2411 2888/2801/2888 2421/2802/2421 2422/2803/2422
f 2417/2804/2417 2416/2796/2416 2429/2799/2429 2430/2805/2430
f 2412/2806/2412 2411/2800/2411 2422/2803/2422 2423/2807/2423
f 2418/2808/2418 2417/2804/2417 2430/2805/2430 2431/2809/2431
f 2413/2810/2413 2412/2806/2412 2423/2807/2423 2424/2811/2424
f 2891/2812/2891 2418/2808/2418 2431/2809/2431 2432/2813/2432
f 2414/2814/2414 2413/2810/2413 2424/2811/2424 2425/2815/2425
f 2892/2816/2892 2891/2812/2891 2432/2813/2432 2433/2817/2433
f 2889/2818/2889 2414/2814/2414 2425/2815/2425 2426/2819/2426
f 2886/2820/2886 2659/2821/2659 2419/2822/2419
f 2690/2823/2690 2892/2816/2892 2433/2817/2433
f 2415/2824/2415 2889/2818/2889 2426/2819/2426 2427/2825/2427
f 2887/2826/2887 2886/2820/2886 2419/2822/2419 2420/2827/2420
f 2890/2797/2890 2415/2824/2415 2427/2825/2427 2428/2798/2428
f 2888/2801/2888 2887/2826/2887 2420/2827/2420 2421/2802/2421
f 2420/2827/2420 2419/2822/2419 2434/2828/2434 2435/2829/2435
f 2428/2798/2428 2427/2825/2427 2442/2830/2442 2443/2831/2443
f 2421/2802/2421 2420/2827/2420 2435/2829/2435 2436/2832/2436
f 2429/2799/2429 2428/2798/2428 2443/2831/2443 2444/2833/2444
f 2422/2803/2422 2421/2802/2421 2436/2832/2436 2437/2834/2437
f 2430/2805/2430 2429/2799/2429 2444/2833/2444 2445/2835/2445
f 2423/2807/2423 2422/2803/2422 2437/2834/2437 2438/2836/2438
f 2431/2809/2431 2430/2805/2430 2445/2835/2445 2446/2837/2446
f 2424/2811/2424 2423/2807/2423 2438/2836/2438 2439/2838/2439
f 2432/2813/2432 2431/2809/2431 2446/2837/2446 2447/2839/2447
f 2425/2815/2425 2424/2811/2424 2439/2838/2439 2440/2840/2440
f 2433/2817/2433 2432/2813/2432 2447/2839/2447 2448/2841/2448
f 2426/2819/2426 2425/2815/2425 2440/2840/2440 2441/2842/2441
f 2419/2822/2419 2659/2843/2659 2434/2828/2434
f 2690/2844/2690 2433/2817/2433 2448/2841/2448
f 2427/2825/2427 2426/2819/2426 2441/2842/2441 2442/2830/2442
f 2439/2838/2439 2438/2836/2438 2453/2845/2453 2454/2846/2454
f 2447/2839/2447 2446/2837/2446 2461/2847/2461 2462/2848/2462
f 2440/2840/2440 2439/2838/2439 2454/2846/2454 2455/2849/2455
f 2448/2841/2448 2447/2839/2447 2462/2848/2462 2463/2850/2463
f 2441/2842/2441 2440/2840/2440 2455/2849/2455 2456/2851/2456
f 2434/2828/2434 2659/2852/2659 2449/2853/2449
f 2690/2854/2690 2448/2841/2448 2463/2850/2463
f 2442/2830/2442 2441/2842/2441 2456/2851/2456 2457/2855/2457
f 2435/2829/2435 2434/2828/2434 2449/2853/2449 2450/2856/2450
f 2443/2831/2443 2442/2830/2442 2457/2855/2457 2458/2857/2458
f 2436/2832/2436 2435/2829/2435 2450/2856/2450 2451/2858/2451
f 2444/2833/2444 2443/2831/2443 2458/2857/2458 2459/2859/2459
f 2437/2834/2437 2436/2832/2436 2451/2858/2451 2452/2860/2452
f 2445/2835/2445 2444/2833/2444 2459/2859/2459 2460/2861/2460
f 2438/2836/2438 2437/2834/2437 2452/2860/2452 2453/2845/2453
f 2446/2837/2446 2445/2835/2445 2460/2861/2460 2461/2847/2461
f 2458/2857/2458 2457/2855/2457 2472/2862/2472 2473/2863/2473
f 2451/2858/2451 2450/2856/2450 2465/2864/2465 2466/2865/2466
f 2459/2859/2459 2458/2857/2458 2473/2863/2473 2474/2866/2474
f 2452/2860/2452 2451/2858/2451 2466/2865/2466 2467/2867/2467
f 2460/2861/2460 2459/2859/2459 2474/2866/2474 2475/2868/2475
f 2453/2845/2453 2452/2860/2452 2467/2867/2467 2468/2869/2468
f 2461/2847/2461 2460/2861/2460 2475/2868/2475 2476/2870/2476
f 2454/2846/2454 2453/2845/2453 2468/2869/2468 2469/2871/2469
f 2462/2848/2462 2461/2847/2461 2476/2870/2476 2477/2872/2477
f 2455/2849/2455 2454/2846/2454 2469/2871/2469 2470/2873/2470
f 2463/2850/2463 2462/2848/2462 2477/2872/2477 2478/2874/2478
f 2456/2851/2456 2455/2849/2455 2470/2873/2470 2471/2875/2471
f 2449/2853/2449 2659/2876/2659 2464/2877/2464
f 2690/2878/2690 2463/2850/2463 2478/2874/2478
f 2457/2855/2457 2456/2851/2456 2471/2875/2471 2472/2862/2472
f 2450/2856/2450 2449/2853/2449 2464/2877/2464 2465/2864/2465
f 2477/2872/2477 2476/2870/2476 2491/2879/2491 2492/2880/2492
f 2470/2873/2470 2469/2871/2469 2484/2881/2484 2485/2882/2485
f 2478/2874/2478 2477/2872/2477 2492/2880/2492 2493/2883/2493
f 2471/2875/2471 2470/2873/2470 2485/2882/2485 2486/2884/2486
f 2464/2877/2464 2659/2885/2659 2479/2886/2479
f 2690/2887/2690 2478/2874/2478 2493/2883/2493
f 2472/2862/2472 2471/2875/2471 2486/2884/2486 2487/2888/2487
f 2465/2864/2465 2464/2877/2464 2479/2886/2479 2480/2889/2480
f 2473/2863/2473 2472/2862/2472 2487/2888/2487 2488/2890/2488
f 2466/2865/2466 2465/2864/2465 2480/2889/2480 2481/2891/2481
f 2474/2866/2474 2473/2863/2473 2488/2890/2488 2489/2892/2489
f 2467/2867/2467 2466/2865/2466 2481/2891/2481 2482/2893/2482
f 2475/2868/2475 2474/2866/2474 2489/2892/2489 2490/2894/2490
f 2468/2869/2468 2467/2867/2467 2482/2893/2482 2483/2895/2483
f 2476/2870/2476 2475/2868/2475 2490/2894/2490 2491/2879/2491
f 2469/2871/2469 2468/2869/2468 2483/2895/2483 2484/2881/2484
f 2489/2892/2489 2488/2890/2488 2503/2896/2503 2504/2897/2504
f 2482/2893/2482 2481/2891/2481 2496/2898/2496 2497/2899/2497
f 2490/2894/2490 2489/2892/2489 2504/2897/2504 2505/2900/2505
f 2483/2895/2483 2482/2893/2482 2497/2899/2497 2498/2901/2498
f 2491/2879/2491 2490/2894/2490 2505/2900/2505 2506/2902/2506
f 2484/2881/2484 2483/2895/2483 2498/2901/2498 2499/2903/2499
f 2492/2880/2492 2491/2879/2491 2506/2902/2506 2507/2904/2507
f 2485/2882/2485 2484/2881/2484 2499/2903/2499 2500/2905/2500
f 2493/2883/2493 2492/2880/2492 2507/2904/2507 2508/2906/2508
f 2486/2884/2486 2485/2882/2485 2500/2905/2500 2501/2907/2501
f 2479/2886/2479 2659/2908/2659 2494/2909/2494
f 2690/2910/2690 2493/2883/2493 2508/2906/2508
f 2487/2888/2487 2486/2884/2486 2501/2907/2501 2502/2911/2502
f 2480/2889/2480 2479/2886/2479 2494/2909/2494 2495/2912/2495
f 2488/2890/2488 2487/2888/2487 2502/2911/2502 2503/2896/2503
f 2481/2891/2481 2480/2889/2480 2495/2912/2495 2496/2898/2496
f 2508/2906/2508 2507/2904/2507 2522/2913/2522 2523/2914/2523
f 2501/2907/2501 2500/2905/2500 2515/2915/2515 2516/2916/2516
f 2494/2909/2494 2659/2917/2659 2509/2918/2509
f 2690/2919/2690 2508/2906/2508 2523/2914/2523
f 2502/2911/2502 2501/2907/2501 2516/2916/2516 2517/2920/2517
f 2495/2912/2495 2494/2909/2494 2509/2918/2509 2510/2921/2510
f 2503/2896/2503 2502/2911/2502 2517/2920/2517 2518/2922/2518
f 2496/2898/2496 2495/2912/2495 2510/2921/2510 2511/2923/2511
f 2504/2897/2504 2503/2896/2503 2518/2922/2518 2519/2924/2519
f 2497/2899/2497 2496/2898/2496 2511/2923/2511 2512/2925/2512
f 2505/2900/2505 2504/2897/2504 2519/2924/2519 2520/2926/2520
f 2498/2901/2498 2497/2899/2497 2512/2925/2512 2513/2927/2513
f 2506/2902/2506 2505/2900/2505 2520/2926/2520 2521/2928/2521
f 2499/2903/2499 2498/2901/2498 2513/2927/2513 2514/2929/2514
f 2507/2904/2507 2506/2902/2506 2521/2928/2521 2522/2913/2522
f 2500/2905/2500 2499/2903/2499 2514/2929/2514 2515/2915/2515
f 2512/2925/2512 2511/2923/2511 2526/2930/2526 2527/2931/2527
f 2520/2926/2520 2519/2924/2519 2534/2932/2534 2535/2933/2535
f 2513/2927/2513 2512/2925/2512 2527/2931/2527 2528/2934/2528
f 2521/2928/2521 2520/2926/2520 2535/2933/2535 2536/2935/2536
f 2514/2929/2514 2513/2927/2513 2528/2934/2528 2529/2936/2529
f 2522/2913/2522 2521/2928/2521 2536/2935/2536 2537/2937/2537
f 2515/2915/2515 2514/2929/2514 2529/2936/2529 2530/2938/2530
f 2523/2914/2523 2522/2913/2522 2537/2937/2537 2538/2939/2538
f 2516/2916/2516 2515/2915/2515 2530/2938/2530 2531/2940/2531
f 2509/2918/2509 2659/2941/2659 2524/2942/2524
f 2690/2943/2690 2523/2914/2523 2538/2939/2538
f 2517/2920/2517 2516/2916/2516 2531/2940/2531 2532/2944/2532
f 2510/2921/2510 2509/2918/2509 2524/2942/2524 2525/2945/2525
f 2518/2922/2518 2517/2920/2517 2532/2944/2532 2533/2946/2533
f 2511/2923/2511 2510/2921/2510 2525/2945/2525 2526/2930/2526
f 2519/2924/2519 2518/2922/2518 2533/2946/2533 2534/2932/2534
f 2531/2940/2531 2530/2938/2530 2545/2947/2545 2546/2948/2546
f 2524/2942/2524 2659/2949/2659 2539/2950/2539
f 2690/2951/2690 2538/2939/2538 2553/2952/2553
f 2532/2944/2532 2531/2940/2531 2546/2948/2546 2547/2953/2547
f 2525/2945/2525 2524/2942/2524 2539/2950/2539 2540/2954/2540
f 2533/2946/2533 2532/2944/2532 2547/2953/2547 2548/2955/2548
f 2526/2930/2526 2525/2945/2525 2540/2954/2540 2541/2956/2541
f 2534/2932/2534 2533/2946/2533 2548/2955/2548 2549/2957/2549
f 2527/2931/2527 2526/2930/2526 2541/2956/2541 2542/2958/2542
f 2535/2933/2535 2534/2932/2534 2549/2957/2549 2550/2959/2550
f 2528/2934/2528 2527/2931/2527 2542/2958/2542 2543/2960/2543
f 2536/2935/2536 2535/2933/2535 2550/2959/2550 2551/2961/2551
f 2529/2936/2529 2528/2934/2528 2543/2960/2543 2544/2962/2544
f 2537/2937/2537 2536/2935/2536 2551/2961/2551 2552/2963/2552
f 2530/2938/2530 2529/2936/2529 2544/2962/2544 2545/2947/2545
f 2538/2939/2538 2537/2937/2537 2552/2963/2552 2553/2952/2553
f 2550/2959/2550 2549/2957/2549 2564/2964/2564 2565/2965/2565
f 2543/2960/2543 2542/2958/2542 2557/2966/2557 2558/2967/2558
f 2551/2961/2551 2550/2959/2550 2565/2965/2565 2566/2968/2566
f 2544/2962/2544 2543/2960/2543 2558/2967/2558 2559/2969/2559
f 2552/2963/2552 2551/2961/2551 2566/2968/2566 2567/2970/2567
f 2545/2947/2545 2544/2962/2544 2559/2969/2559 2560/2971/2560
f 2553/2952/2553 2552/2963/2552 2567/2970/2567 2568/2972/2568
f 2546/2948/2546 2545/2947/2545 2560/2971/2560 2561/2973/2561
f 2539/2950/2539 2659/2974/2659 2554/2975/2554
f 2690/2976/2690 2553/2952/2553 2568/2972/2568
f 2547/2953/2547 2546/2948/2546 2561/2973/2561 2562/2977/2562
f 2540/2954/2540 2539/2950/2539 2554/2975/2554 2555/2978/2555
f 2548/2955/2548 2547/2953/2547 2562/2977/2562 2563/2979/2563
f 2541/2956/2541 2540/2954/2540 2555/2978/2555 2556/2980/2556
f 2549/2957/2549 2548/2955/2548 2563/2979/2563 2564/2964/2564
f 2542/2958/2542 2541/2956/2541 2556/2980/2556 2557/2966/2557
f 2554/2975/2554 2659/2981/2659 2569/2982/2569
f 2690/2983/2690 2568/2972/2568 2583/2984/2583
f 2562/2977/2562 2561/2973/2561 2576/2985/2576 2577/2986/2577
f 2555/2978/2555 2554/2975/2554 2569/2982/2569 2570/2987/2570
f 2563/2979/2563 2562/2977/2562 2577/2986/2577 2578/2988/2578
f 2556/2980/2556 2555/2978/2555 2570/2987/2570 2571/2989/2571
f 2564/2964/2564 2563/2979/2563 2578/2988/2578 2579/2990/2579
f 2557/2966/2557 2556/2980/2556 2571/2989/2571 2572/2991/2572
f 2565/2965/2565 2564/2964/2564 2579/2990/2579 2580/2992/2580
f 2558/2967/2558 2557/2966/2557 2572/2991/2572 2573/2993/2573
f 2566/2968/2566 2565/2965/2565 2580/2992/2580 2581/2994/2581
f 2559/2969/2559 2558/2967/2558 2573/2993/2573 2574/2995/2574
f 2567/2970/2567 2566/2968/2566 2581/2994/2581 2582/2996/2582
f 2560/2971/2560 2559/2969/2559 2574/2995/2574 2575/2997/2575
f 2568/2972/2568 2567/2970/2567 2582/2996/2582 2583/2984/2583
f 2561/2973/2561 2560/2971/2560 2575/2997/2575 2576/2985/2576
f 2573/2993/2573 2572/2991/2572 2587/2998/2587 2588/2999/2588
f 2581/2994/2581 2580/2992/2580 2595/3000/2595 2596/3001/2596
f 2574/2995/2574 2573/2993/2573 2588/2999/2588 2589/3002/2589
f 2582/2996/2582 2581/2994/2581 2596/3001/2596 2597/3003/2597
f 2575/2997/2575 2574/2995/2574 2589/3002/2589 2590/3004/2590
f 2583/2984/2583 2582/2996/2582 2597/3003/2597 2598/3005/2598
f 2576/2985/2576 2575/2997/2575 2590/3004/2590 2591/3006/2591
f 2569/2982/2569 2659/3007/2659 2584/3008/2584
f 2690/3009/2690 2583/2984/2583 2598/3005/2598
f 2577/2986/2577 2576/2985/2576 2591/3006/2591 2592/3010/2592
f 2570/2987/2570 2569/2982/2569 2584/3008/2584 2585/3011/2585
f 2578/2988/2578 2577/2986/2577 2592/3010/2592 2593/3012/2593
f 2571/2989/2571 2570/2987/2570 2585/3011/2585 2586/3013/2586
f 2579/2990/2579 2578/2988/2578 2593/3012/2593 2594/3014/2594
f 2572/2991/2572 2571/2989/2571 2586/3013/2586 2587/2998/2587
f 2580/2992/2580 2579/2990/2579 2594/3014/2594 2595/3000/2595
f 2592/3010/2592 2591/3006/2591 2606/3015/2606 2607/3016/2607
f 2585/3011/2585 2584/3008/2584 2599/3017/2599 2600/3018/2600
f 2593/3012/2593 2592/3010/2592 2607/3016/2607 2608/3019/2608
f 2586/3013/2586 2585/3011/2585 2600/3018/2600 2601/3020/2601
f 2594/3014/2594 2593/3012/2593 2608/3019/2608 2609/3021/2609
f 2587/2998/2587 2586/3013/2586 2601/3020/2601 2602/3022/2602
f 2595/3000/2595 2594/3014/2594 2609/3021/2609 2610/3023/2610
f 2588/2999/2588 2587/2998/2587 2602/3022/2602 2603/3024/2603
f 2596/3001/2596 2595/3000/2595 2610/3023/2610 2611/3025/2611
f 2589/3002/2589 2588/2999/2588 2603/3024/2603 2604/3026/2604
f 2597/3003/2597 2596/3001/2596 2611/3025/2611 2612/3027/2612
f 2590/3004/2590 2589/3002/2589 2604/3026/2604 2605/3028/2605
f 2598/3005/2598 2597/3003/2597 2612/3027/2612 2613/3029/2613
f 2591/3006/2591 2590/3004/2590 2605/3028/2605 2606/3015/2606
f 2584/3008/2584 2659/3030/2659 2599/3017/2599
f 2690/3031/2690 2598/3005/2598 2613/3029/2613
f 2611/3025/2611 2610/3023/2610 2625/3032/2625 2626/3033/2626
f 2604/3026/2604 2603/3024/2603 2618/3034/2618 2619/3035/2619
f 2612/3027/2612 2611/3025/2611 2626/3033/2626 2627/3036/2627
f 2605/3028/2605 2604/3026/2604 2619/3035/2619 2620/3037/2620
f 2613/3029/2613 2612/3027/2612 2627/3036/2627 2628/3038/2628
f 2606/3015/2606 2605/3028/2605 2620/3037/2620 2621/3039/2621
f 2599/3017/2599 2659/3040/2659 2614/3041/2614
f 2690/3042/2690 2613/3029/2613 2628/3038/2628
f 2607/3016/2607 2606/3015/2606 2621/3039/2621 2622/3043/2622
f 2600/3018/2600 2599/3017/2599 2614/3041/2614 2615/3044/2615
f 2608/3019/2608 2607/3016/2607 2622/3043/2622 2623/3045/2623
f 2601/3020/2601 2600/3018/2600 2615/3044/2615 2616/3046/2616
f 2609/3021/2609 2608/3019/2608 2623/3045/2623 2624/3047/2624
f 2602/3022/2602 2601/3020/2601 2616/3046/2616 2617/3048/2617
f 2610/3023/2610 2609/3021/2609 2624/3047/2624 2625/3032/2625
f 2603/3024/2603 2602/3022/2602 2617/3048/2617 2618/3034/2618
f 2623/3045/2623 2622/3043/2622 2637/3049/2637 2638/3050/2638
f 2616/3046/2616 2615/3044/2615 2630/3051/2630 2631/3052/2631
f 2624/3047/2624 2623/3045/2623 2638/3050/2638 2639/3053/2639
f 2617/3048/2617 2616/3046/2616 2631/3052/2631 2632/3054/2632
f 2625/3032/2625 2624/3047/2624 2639/3053/2639 2640/3055/2640
f 2618/3034/2618 2617/3048/2617 2632/3054/2632 2633/3056/2633
f 2626/3033/2626 2625/3032/2625 2640/3055/2640 2641/3057/2641
f 2619/3035/2619 2618/3034/2618 2633/3056/2633 2634/3058/2634
f 2627/3036/2627 2626/3033/2626 2641/3057/2641 2642/3059/2642
f 2620/3037/2620 2619/3035/2619 2634/3058/2634 2635/3060/2635
f 2628/3038/2628 2627/3036/2627 2642/3059/2642 2643/3061/2643
f 2621/3039/2621 2620/3037/2620 2635/3060/2635 2636/3062/2636
f 2614/3041/2614 2659/3063/2659 2629/3064/2629
f 2690/3065/2690 2628/3038/2628 2643/3061/2643
f 2622/3043/2622 2621/3039/2621 2636/3062/2636 2637/3049/2637
f 2615/3044/2615 2614/3041/2614 2629/3064/2629 2630/3051/2630
f 2642/3059/2642 2641/3057/2641 2656/3066/2656 2657/3067/2657
f 2635/3060/2635 2634/3058/2634 2649/3068/2649 2650/3069/2650
f 2643/3061/2643 2642/3059/2642 2657/3067/2657 2658/3070/2658
f 2636/3062/2636 2635/3060/2635 2650/3069/2650 2651/3071/2651
f 2629/3064/2629 2659/3072/2659 2644/3073/2644
f 2690/3074/2690 2643/3061/2643 2658/3070/2658
f 2637/3049/2637 2636/3062/2636 2651/3071/2651 2652/3075/2652
f 2630/3051/2630 2629/3064/2629 2644/3073/2644 2645/3076/2645
f 2638/3050/2638 2637/3049/2637 2652/3075/2652 2653/3077/2653
f 2631/3052/2631 2630/3051/2630 2645/3076/2645 2646/3078/2646
f 2639/3053/2639 2638/3050/2638 2653/3077/2653 2654/3079/2654
f 2632/3054/2632 2631/3052/2631 2646/3078/2646 2647/3080/2647
f 2640/3055/2640 2639/3053/2639 2654/3079/2654 2655/3081/2655
f 2633/3056/2633 2632/3054/2632 2647/3080/2647 2648/3082/2648
f 2641/3057/2641 2640/3055/2640 2655/3081/2655 2656/3066/2656
f 2634/3058/2634 2633/3056/2633 2648/3082/2648 2649/3068/2649
f 2646/3078/2646 2645/3076/2645 2661/3083/2661 2662/3084/2662
f 2654/3079/2654 2653/3077/2653 2669/3085/2669 2670/3086/2670
f 2647/3080/2647 2646/3078/2646 2662/3084/2662 2663/3087/2663
f 2655/3081/2655 2654/3079/2654 2670/3086/2670 2671/3088/2671
f 2648/3082/2648 2647/3080/2647 2663/3087/2663 2664/3089/2664
f 2656/3066/2656 2655/3081/2655 2671/3088/2671 2672/3090/2672
f 2649/3068/2649 2648/3082/2648 2664/3089/2664 2665/3091/2665
f 2657/3067/2657 2656/3066/2656 2672/3090/2672 2673/3092/2673
f 2650/3069/2650 2649/3068/2649 2665/3091/2665 2666/3093/2666
f 2658/3070/2658 2657/3067/2657 2673/3092/2673 2674/3094/2674
f 2651/3071/2651 2650/3069/2650 2666/3093/2666 2667/3095/2667
f 2644/3073/2644 2659/3096/2659 2660/3097/2660
f 2690/3098/2690 2658/3070/2658 2674/3094/2674
f 2652/3075/2652 2651/3071/2651 2667/3095/2667 2668/3099/2668
f 2645/3076/2645 2644/3073/2644 2660/3097/2660 2661/3083/2661
f 2653/3077/2653 2652/3075/2652 2668/3099/2668 2669/3085/2669
f 2666/3093/2666 2665/3091/2665 2680/3100/2680 2681/3101/2681
f 2674/3094/2674 2673/3092/2673 2688/3102/2688 2689/3103/2689
f 2667/3095/2667 2666/3093/2666 2681/3101/2681 2682/3104/2682
f 2660/3097/2660 2659/3105/2659 2675/3106/2675
f 2690/3107/2690 2674/3094/2674 2689/3103/2689
f 2668/3099/2668 2667/3095/2667 2682/3104/2682 2683/3108/2683
f 2661/3083/2661 2660/3097/2660 2675/3106/2675 2676/3109/2676
f 2669/3085/2669 2668/3099/2668 2683/3108/2683 2684/3110/2684
f 2662/3084/2662 2661/3083/2661 2676/3109/2676 2677/3111/2677
f 2670/3086/2670 2669/3085/2669 2684/3110/2684 2685/3112/2685
f 2663/3087/2663 2662/3084/2662 2677/3111/2677 2678/3113/2678
f 2671/3088/2671 2670/3086/2670 2685/3112/2685 2686/3114/2686
f 2664/3089/2664 2663/3087/2663 2678/3113/2678 2679/3115/2679
f 2672/3090/2672 2671/3088/2671 2686/3114/2686 2687/3116/2687
f 2665/3091/2665 2664/3089/2664 2679/3115/2679 2680/3100/2680
f 2673/3092/2673 2672/3090/2672 2687/3116/2687 2688/3102/2688
f 2685/3112/2685 2684/3110/2684 2700/3117/2700 2701/3118/2701
f 2678/3113/2678 2677/3111/2677 2693/3119/2693 2694/3120/2694
f 2686/3114/2686 2685/3112/2685 2701/3118/2701 2702/3121/2702
f 2679/3115/2679 2678/3113/2678 2694/3120/2694 2695/3122/2695
f 2687/3116/2687 2686/3114/2686 2702/3121/2702 2703/3123/2703
f 2680/3100/2680 2679/3115/2679 2695/3122/2695 2696/3124/2696
f 2688/3102/2688 2687/3116/2687 2703/3123/2703 2704/3125/2704
f 2681/3101/2681 2680/3100/2680 2696/3124/2696 2697/3126/2697
f 2689/3103/2689 2688/3102/2688 2704/3125/2704 2705/3127/2705
f 2682/3104/2682 2681/3101/2681 2697/3126/2697 2698/3128/2698
f 2675/3106/2675 2659/3129/2659 2691/3130/2691
f 2690/3131/2690 2689/3103/2689 2705/3127/2705
f 2683/3108/2683 2682/3104/2682 2698/3128/2698 2699/3132/2699
f 2676/3109/2676 2675/3106/2675 2691/3130/2691 2692/3133/2692
f 2684/3110/2684 2683/3108/2683 2699/3132/2699 2700/3117/2700
f 2677/3111/2677 2676/3109/2676 2692/3133/2692 2693/3119/2693
f 2705/3127/2705 2704/3125/2704 2719/3134/2719 2720/3135/2720
f 2698/3128/2698 2697/3126/2697 2712/3136/2712 2713/3137/2713
f 2691/3130/2691 2659/3138/2659 2706/3139/2706
f 2690/3140/2690 2705/3127/2705 2720/3135/2720
f 2699/3132/2699 2698/3128/2698 2713/3137/2713 2714/3141/2714
f 2692/3133/2692 2691/3130/2691 2706/3139/2706 2707/3142/2707
f 2700/3117/2700 2699/3132/2699 2714/3141/2714 2715/3143/2715
f 2693/3119/2693 2692/3133/2692 2707/3142/2707 2708/3144/2708
f 2701/3118/2701 2700/3117/2700 2715/3143/2715 2716/3145/2716
f 2694/3120/2694 2693/3119/2693 2708/3144/2708 2709/3146/2709
f 2702/3121/2702 2701/3118/2701 2716/3145/2716 2717/3147/2717
f 2695/3122/2695 2694/3120/2694 2709/3146/2709 2710/3148/2710
f 2703/3123/2703 2702/3121/2702 2717/3147/2717 2718/3149/2718
f 2696/3124/2696 2695/3122/2695 2710/3148/2710 2711/3150/2711
f 2704/3125/2704 2703/3123/2703 2718/3149/2718 2719/3134/2719
f 2697/3126/2697 2696/3124/2696 2711/3150/2711 2712/3136/2712
f 2709/3146/2709 2708/3144/2708 2723/3151/2723 2724/3152/2724
f 2717/3147/2717 2716/3145/2716 2731/3153/2731 2732/3154/2732
f 2710/3148/2710 2709/3146/2709 2724/3152/2724 2725/3155/2725
f 2718/3149/2718 2717/3147/2717 2732/3154/2732 2733/3156/2733
f 2711/3150/2711 2710/3148/2710 2725/3155/2725 2726/3157/2726
f 2719/3134/2719 2718/3149/2718 2733/3156/2733 2734/3158/2734
f 2712/3136/2712 2711/3150/2711 2726/3157/2726 2727/3159/2727
f 2720/3135/2720 2719/3134/2719 2734/3158/2734 2735/3160/2735
f 2713/3137/2713 2712/3136/2712 2727/3159/2727 2728/3161/2728
f 2706/3139/2706 2659/3162/2659 2721/3163/2721
f 2690/3164/2690 2720/3135/2720 2735/3160/2735
f 2714/3141/2714 2713/3137/2713 2728/3161/2728 2729/3165/2729
f 2707/3142/2707 2706/3139/2706 2721/3163/2721 2722/3166/2722
f 2715/3143/2715 2714/3141/2714 2729/3165/2729 2730/3167/2730
f 2708/3144/2708 2707/3142/2707 2722/3166/2722 2723/3151/2723
f 2716/3145/2716 2715/3143/2715 2730/3167/2730 2731/3153/2731
f 2728/3161/2728 2727/3159/2727 2742/3168/2742 2743/3169/2743
f 2721/3163/2721 2659/3170/2659 2736/3171/2736
f 2690/3172/2690 2735/3160/2735 2750/3173/2750
f 2729/3165/2729 2728/3161/2728 2743/3169/2743 2744/3174/2744
f 2722/3166/2722 2721/3163/2721 2736/3171/2736 2737/3175/2737
f 2730/3167/2730 2729/3165/2729 2744/3174/2744 2745/3176/2745
f 2723/3151/2723 2722/3166/2722 2737/3175/2737 2738/3177/2738
f 2731/3153/2731 2730/3167/2730 2745/3176/2745 2746/3178/2746
f 2724/3152/2724 2723/3151/2723 2738/3177/2738 2739/3179/2739
f 2732/3154/2732 2731/3153/2731 2746/3178/2746 2747/3180/2747
f 2725/3155/2725 2724/3152/2724 2739/3179/2739 2740/3181/2740
f 2733/3156/2733 2732/3154/2732 2747/3180/2747 2748/3182/2748
f 2726/3157/2726 2725/3155/2725 2740/3181/2740 2741/3183/2741
f 2734/3158/2734 2733/3156/2733 2748/3182/2748 2749/3184/2749
f 2727/3159/2727 2726/3157/2726 2741/3183/2741 2742/3168/2742
f 2735/3160/2735 2734/3158/2734 2749/3184/2749 2750/3173/2750
f 2747/3180/2747 2746/3178/2746 2761/3185/2761 2762/3186/2762
f 2740/3181/2740 2739/3179/2739 2754/3187/2754 2755/3188/2755
f 2748/3182/2748 2747/3180/2747 2762/3186/2762 2763/3189/2763
f 2741/3183/2741 2740/3181/2740 2755/3188/2755 2756/3190/2756
f 2749/3184/2749 2748/3182/2748 2763/3189/2763 2764/3191/2764
f 2742/3168/2742 2741/3183/2741 2756/3190/2756 2757/3192/2757
f 2750/3173/2750 2749/3184/2749 2764/3191/2764 2765/3193/2765
f 2743/3169/2743 2742/3168/2742 2757/3192/2757 2758/3194/2758
f 2736/3171/2736 2659/3195/2659 2751/3196/2751
f 2690/3197/2690 2750/3173/2750 2765/3193/2765
f 2744/3174/2744 2743/3169/2743 2758/3194/2758 2759/3198/2759
f 2737/3175/2737 2736/3171/2736 2751/3196/2751 2752/3199/2752
f 2745/3176/2745 2744/3174/2744 2759/3198/2759 2760/3200/2760
f 2738/3177/2738 2737/3175/2737 2752/3199/2752 2753/3201/2753
f 2746/3178/2746 2745/3176/2745 2760/3200/2760 2761/3185/2761
f 2739/3179/2739 2738/3177/2738 2753/3201/2753 2754/3187/2754
f 2690/3202/2690 2765/3193/2765 2780/3203/2780
f 2759/3198/2759 2758/3194/2758 2773/3204/2773 2774/3205/2774
f 2752/3199/2752 2751/3196/2751 2766/3206/2766 2767/3207/2767
f 2760/3200/2760 2759/3198/2759 2774/3205/2774 2775/3208/2775
f 2753/3201/2753 2752/3199/2752 2767/3207/2767 2768/3209/2768
f 2761/3185/2761 2760/3200/2760 2775/3208/2775 2776/3210/2776
f 2754/3187/2754 2753/3201/2753 2768/3209/2768 2769/3211/2769
f 2762/3186/2762 2761/3185/2761 2776/3210/2776 2777/3212/2777
f 2755/3188/2755 2754/3187/2754 2769/3211/2769 2770/3213/2770
f 2763/3189/2763 2762/3186/2762 2777/3212/2777 2778/3214/2778
f 2756/3190/2756 2755/3188/2755 2770/3213/2770 2771/3215/2771
f 2764/3191/2764 2763/3189/2763 2778/3214/2778 2779/3216/2779
f 2757/3192/2757 2756/3190/2756 2771/3215/2771 2772/3217/2772
f 2765/3193/2765 2764/3191/2764 2779/3216/2779 2780/3203/2780
f 2758/3194/2758 2757/3192/2757 2772/3217/2772 2773/3204/2773
f 2751/3196/2751 2659/3218/2659 2766/3206/2766
f 2778/3219/2778 2777/3220/2777 2792/3221/2792 2793/3222/2793
f 2771/3223/2771 2770/3224/2770 2785/3225/2785 2786/3226/2786
f 2779/3227/2779 2778/3219/2778 2793/3222/2793 2794/3228/2794
f 2772/3229/2772 2771/3223/2771 2786/3226/2786 2787/3230/2787
f 2780/3231/2780 2779/3227/2779 2794/3228/2794 2795/3232/2795
f 2773/3233/2773 2772/3229/2772 2787/3230/2787 2788/3234/2788
f 2766/3235/2766 2659/3236/2659 2781/3237/2781
f 2690/3238/2690 2780/3231/2780 2795/3232/2795
f 2774/3239/2774 2773/3233/2773 2788/3234/2788 2789/3240/2789
f 2767/3241/2767 2766/3235/2766 2781/3237/2781 2782/3242/2782
f 2775/3243/2775 2774/3239/2774 2789/3240/2789 2790/3244/2790
f 2768/3245/2768 2767/3241/2767 2782/3242/2782 2783/3246/2783
f 2776/3247/2776 2775/3243/2775 2790/3244/2790 2791/3248/2791
f 2769/3249/2769 2768/3245/2768 2783/3246/2783 2784/3250/2784
f 2777/3220/2777 2776/3247/2776 2791/3248/2791 2792/3221/2792
f 2770/3224/2770 2769/3249/2769 2784/3250/2784 2785/3225/2785
f 2782/3242/2782 2781/3237/2781 2796/3251/2796 2797/3252/2797
f 2790/3244/2790 2789/3240/2789 2804/3253/2804 2805/3254/2805
f 2783/3246/2783 2782/3242/2782 2797/3252/2797 2798/3255/2798
f 2791/3248/2791 2790/3244/2790 2805/3254/2805 2806/3256/2806
f 2784/3250/2784 2783/3246/2783 2798/3255/2798 2799/3257/2799
f 2792/3221/2792 2791/3248/2791 2806/3256/2806 2807/3258/2807
f 2785/3225/2785 2784/3250/2784 2799/3257/2799 2800/3259/2800
f 2793/3222/2793 2792/3221/2792 2807/3258/2807 2808/3260/2808
f 2786/3226/2786 2785/3225/2785 2800/3259/2800 2801/3261/2801
f 2794/3228/2794 2793/3222/2793 2808/3260/2808 2809/3262/2809
f 2787/3230/2787 2786/3226/2786 2801/3261/2801 2802/3263/2802
f 2795/3232/2795 2794/3228/2794 2809/3262/2809 2810/3264/2810
f 2788/3234/2788 2787/3230/2787 2802/3263/2802 2803/3265/2803
f 2781/3237/2781 2659/3266/2659 2796/3251/2796
f 2690/3267/2690 2795/3232/2795 2810/3264/2810
f 2789/3240/2789 2788/3234/2788 2803/3265/2803 2804/3253/2804
f 2801/3261/2801 2800/3259/2800 2815/3268/2815 2816/3269/2816
f 2809/3262/2809 2808/3260/2808 2823/3270/2823 2824/3271/2824
f 2802/3263/2802 2801/3261/2801 2816/3269/2816 2817/3272/2817
f 2810/3264/2810 2809/3262/2809 2824/3271/2824 2825/3273/2825
f 2803/3265/2803 2802/3263/2802 2817/3272/2817 2818/3274/2818
f 2796/3251/2796 2659/3275/2659 2811/3276/2811
f 2690/3277/2690 2810/3264/2810 2825/3273/2825
f 2804/3253/2804 2803/3265/2803 2818/3274/2818 2819/3278/2819
f 2797/3252/2797 2796/3251/2796 2811/3276/2811 2812/3279/2812
f 2805/3254/2805 2804/3253/2804 2819/3278/2819 2820/3280/2820
f 2798/3255/2798 2797/3252/2797 2812/3279/2812 2813/3281/2813
f 2806/3256/2806 2805/3254/2805 2820/3280/2820 2821/3282/2821
f 2799/3257/2799 2798/3255/2798 2813/3281/2813 2814/3283/2814
f 2807/3258/2807 2806/3256/2806 2821/3282/2821 2822/3284/2822
f 2800/3259/2800 2799/3257/2799 2814/3283/2814 2815/3268/2815
f 2808/3260/2808 2807/3258/2807 2822/3284/2822 2823/3270/2823
f 2820/3280/2820 2819/3278/2819 2834/3285/2834 2835/3286/2835
f 2813/3281/2813 2812/3279/2812 2827/3287/2827 2828/3288/2828
f 2821/3282/2821 2820/3280/2820 2835/3286/2835 2836/3289/2836
f 2814/3283/2814 2813/3281/2813 2828/3288/2828 2829/3290/2829
f 2822/3284/2822 2821/3282/2821 2836/3289/2836 2837/3291/2837
f 2815/3268/2815 2814/3283/2814 2829/3290/2829 2830/3292/2830
f 2823/3270/2823 2822/3284/2822 2837/3291/2837 2838/3293/2838
f 2816/3269/2816 2815/3268/2815 2830/3292/2830 2831/3294/2831
f 2824/3271/2824 2823/3270/2823 2838/3293/2838 2839/3295/2839
f 2817/3272/2817 2816/3269/2816 2831/3294/2831 2832/3296/2832
f 2825/3273/2825 2824/3271/2824 2839/3295/2839 2840/3297/2840
f 2818/3274/2818 2817/3272/2817 2832/3296/2832 2833/3298/2833
f 2811/3276/2811 2659/3299/2659 2826/3300/2826
f 2690/3301/2690 2825/3273/2825 2840/3297/2840
f 2819/3278/2819 2818/3274/2818 2833/3298/2833 2834/3285/2834
f 2812/3279/2812 2811/3276/2811 2826/3300/2826 2827/3287/2827
f 2839/3295/2839 2838/3293/2838 2853/3302/2853 2854/3303/2854
f 2832/3296/2832 2831/3294/2831 2846/3304/2846 2847/3305/2847
f 2840/3297/2840 2839/3295/2839 2854/3303/2854 2855/3306/2855
f 2833/3298/2833 2832/3296/2832 2847/3305/2847 2848/3307/2848
f 2826/3300/2826 2659/3308/2659 2841/3309/2841
f 2690/3310/2690 2840/3297/2840 2855/3306/2855
f 2834/3285/2834 2833/3298/2833 2848/3307/2848 2849/3311/2849
f 2827/3287/2827 2826/3300/2826 2841/3309/2841 2842/3312/2842
f 2835/3286/2835 2834/3285/2834 2849/3311/2849 2850/3313/2850
f 2828/3288/2828 2827/3287/2827 2842/3312/2842 2843/3314/2843
f 2836/3289/2836 2835/3286/2835 2850/3313/2850 2851/3315/2851
f 2829/3290/2829 2828/3288/2828 2843/3314/2843 2844/3316/2844
f 2837/3291/2837 2836/3289/2836 2851/3315/2851 2852/3317/2852
f 2830/3292/2830 2829/3290/2829 2844/3316/2844 2845/3318/2845
f 2838/3293/2838 2837/3291/2837 2852/3317/2852 2853/3302/2853
f 2831/3294/2831 2830/3292/2830 2845/3318/2845 2846/3304/2846
f 2843/3314/2843 2842/3312/2842 2857/3319/2857 2858/3320/2858
f 2851/3315/2851 2850/3313/2850 2865/3321/2865 2866/3322/2866
f 2844/3316/2844 2843/3314/2843 2858/3320/2858 2859/3323/2859
f 2852/3317/2852 2851/3315/2851 2866/3322/2866 2867/3324/2867
f 2845/3318/2845 2844/3316/2844 2859/3323/2859 2860/3325/2860
f 2853/3302/2853 2852/3317/2852 2867/3324/2867 2868/3326/2868
f 2846/3304/2846 2845/3318/2845 2860/3325/2860 2861/3327/2861
f 2854/3303/2854 2853/3302/2853 2868/3326/2868 2869/3328/2869
f 2847/3305/2847 2846/3304/2846 2861/3327/2861 2862/3329/2862
f 2855/3306/2855 2854/3303/2854 2869/3328/2869 2870/3330/2870
f 2848/3307/2848 2847/3305/2847 2862/3329/2862 2863/3331/2863
f 2841/3309/2841 2659/3332/2659 2856/3333/2856
f 2690/3334/2690 2855/3306/2855 2870/3330/2870
f 2849/3311/2849 2848/3307/2848 2863/3331/2863 2864/3335/2864
f 2842/3312/2842 2841/3309/2841 2856/3333/2856 2857/3319/2857
f 2850/3313/2850 2849/3311/2849 2864/3335/2864 2865/3321/2865
f 2862/3329/2862 2861/3327/2861 2876/3336/2876 2877/3337/2877
f 2870/3330/2870 2869/3328/2869 2884/3338/2884 2885/3339/2885
f 2863/3331/2863 2862/3329/2862 2877/3337/2877 2878/3340/2878
f 2856/3333/2856 2659/3341/2659 2871/3342/2871
f 2690/3343/2690 2870/3330/2870 2885/3339/2885
f 2864/3335/2864 2863/3331/2863 2878/3340/2878 2879/3344/2879
f 2857/3319/2857 2856/3333/2856 2871/3342/2871 2872/3345/2872
f 2865/3321/2865 2864/3335/2864 2879/3344/2879 2880/3346/2880
f 2858/3320/2858 2857/3319/2857 2872/3345/2872 2873/3347/2873
f 2866/3322/2866 2865/3321/2865 2880/3346/2880 2881/3348/2881
f 2859/3323/2859 2858/3320/2858 2873/3347/2873 2874/3349/2874
f 2867/3324/2867 2866/3322/2866 2881/3348/2881 2882/3350/2882
f 2860/3325/2860 2859/3323/2859 2874/3349/2874 2875/3351/2875
f 2868/3326/2868 2867/3324/2867 2882/3350/2882 2883/3352/2883
f 2861/3327/2861 2860/3325/2860 2875/3351/2875 2876/3336/2876
f 2869/3328/2869 2868/3326/2868 2883/3352/2883 2884/3338/2884
f 2881/3348/2881 2880/3346/2880 2890/2797/2890 2416/2796/2416
f 2874/3349/2874 2873/3347/2873 2888/2801/2888 2411/2800/2411
f 2882/3350/2882 2881/3348/2881 2416/2796/2416 2417/2804/2417
f 2875/3351/2875 2874/3349/2874 2411/2800/2411 2412/2806/2412
f 2883/3352/2883 2882/3350/2882 2417/2804/2417 2418/2808/2418
f 2876/3336/2876 2875/3351/2875 2412/2806/2412 2413/2810/2413
f 2884/3338/2884 2883/3352/2883 2418/2808/2418 2891/2812/2891
f 2877/3337/2877 2876/3336/2876 2413/2810/2413 2414/2814/2414
f 2885/3339/2885 2884/3338/2884 2891/2812/2891 2892/2816/2892
f 2878/3340/2878 2877/3337/2877 2414/2814/2414 2889/2818/2889
f 2871/3342/2871 2659/3353/2659 2886/2820/2886
f 2690/3354/2690 2885/3339/2885 2892/2816/2892
f 2879/3344/2879 2878/3340/2878 2889/2818/2889 2415/2824/2415
f 2872/3345/2872 2871/3342/2871 2886/2820/2886 2887/2826/2887
f 2880/3346/2880 2879/3344/2879 2415/2824/2415 2890/2797/2890
f 2873/3347/2873 2872/3345/2872 2887/2826/2887 2888/2801/2888
o thlow_Mesh.001
v 0.950180 0.372585 0.110072
v 0.902720 0.353241 0.114248
v 0.976405 0.288797 0.088036
v 0.997417 0.378310 0.090882
v 0.585479 0.322267 0.022357
v 0.643708 0.375159 0.054630
v 0.605564 -0.260173 -0.131945
v 0.587683 -0.295127 -0.171903
v 1.236500 -0.307736 -0.155014
v 1.191894 -0.361834 -0.142271
v 1.222588 -0.365263 -0.217906
v 0.289073 1.460474 -0.249820
v 0.406521 1.542568 -0.237656
v 0.301869 1.598756 -0.345025
v 0.225335 1.479563 -0.307023
v 0.349982 1.382747 -0.164280
v 0.780707 -0.426670 -0.322980
v 0.777565 -0.424485 -0.226526
v 0.657073 -0.388663 -0.282024
v 0.648173 -0.377336 -0.318586
v 0.877556 -0.449384 -0.294102
v 0.869218 -0.442503 -0.231848
v 0.457180 0.067117 -0.270865
v 0.430471 0.161702 -0.270578
v 0.557935 0.128562 -0.298331
v 0.202058 1.334030 -0.254118
v 0.223924 1.394744 -0.254268
v 0.173222 1.337851 -0.293354
v 0.316670 1.196674 -0.320305
v 0.273479 1.221477 -0.330404
v 0.500006 -0.058477 -0.298188
v 0.497270 -0.003736 -0.288521
v 0.598126 0.085312 -0.327210
v 0.598718 -0.042680 -0.369005
v 0.345756 1.191723 -0.322455
v 0.299708 1.071371 -0.318634
v 0.259243 1.133721 -0.322823
v 0.395391 1.055823 -0.341637
v 0.361685 1.070002 -0.328750
v 0.375852 1.191908 -0.332394
v 0.518416 -0.243498 -0.333816
v 0.566065 -0.186381 -0.387774
v 0.572413 -0.231071 -0.398396
v 0.497056 -0.254534 -0.296465
v 0.543046 -0.285576 -0.349053
v 0.522497 -0.298049 -0.302492
v 0.620101 1.894624 -0.416871
v 0.613046 1.843966 -0.378309
v 0.671679 1.901951 -0.438494
v 0.703428 -0.380137 -0.362412
v 0.687368 -0.335054 -0.412215
v 0.453790 1.226498 -0.417561
v 0.549798 1.307511 -0.542881
v 0.548872 1.295792 -0.529279
v 0.544981 1.328616 -0.519022
v 0.527529 1.318599 -0.581533
v 0.320149 1.849532 -0.764562
v 0.316013 1.887804 -0.815673
v 1.337191 0.752766 -0.744896
v 0.328169 1.450644 -0.772572
v 0.293712 1.507148 -0.813660
v 0.298400 1.458593 -0.893984
v 0.382286 1.360731 -0.726295
v 0.839457 -0.376500 -0.981223
v 0.875474 -0.385661 -1.038766
v 0.836270 -0.357711 -1.109492
v 1.039576 -0.453303 -1.047502
v 1.032220 -0.425693 -1.113466
v 1.075969 -0.452745 -1.048339
v 0.345284 -0.068877 -1.150048
v 0.391940 -0.125737 -1.134706
v 0.369884 -0.050719 -1.130417
v 1.217456 0.242254 -1.160343
v 0.403219 -0.115505 -1.287285
v 0.423416 -0.181185 -1.254801
v 0.794841 0.033400 -1.374527
v 0.773322 0.289003 -1.411772
v 0.879918 0.107700 -1.372504
v 0.709054 0.164142 -1.402754
v 0.795110 -0.091927 -1.347148
v 0.683716 0.033431 -1.379966
v 0.629160 0.136474 -1.395993
v 0.638073 0.237106 -1.410367
v 0.688470 0.325325 -1.419197
v 0.820574 0.359543 -1.411297
v 0.918210 0.297632 -1.382423
v 0.887908 0.534082 -1.413209
v 1.002905 0.388229 -1.356523
v 0.979690 0.273424 -1.359727
v 0.947999 0.572744 -1.394827
v 1.012595 0.540406 -1.358416
v 1.054753 0.562582 -1.329029
v 0.957393 0.741080 -1.411915
v 1.028682 0.724395 -1.366367
v 1.114246 0.627611 -1.269157
v 1.087200 0.708434 -1.305967
v 1.144710 0.814254 -1.230448
v 1.109064 0.829599 -1.291548
v 1.198414 0.776019 -1.122832
v 1.126818 0.967764 -1.251992
v 1.210137 0.960045 -1.039608
v 1.112889 1.063991 -1.254802
v 1.090073 1.158875 -1.257003
v 1.256359 0.980932 -0.893502
v 1.194299 1.090440 -0.988498
v 1.251506 1.078022 -0.807548
v 1.280858 1.019060 -0.743221
v 1.301282 0.916980 -0.788055
v 1.261838 1.084667 -0.716178
v 1.300295 0.945529 -0.636871
v 1.297455 0.968791 -0.694458
v 1.233029 1.155203 -0.684617
v 1.256481 1.072895 -0.618279
v 1.293799 0.922681 -0.583695
v 1.260743 0.995592 -0.547018
v 1.246956 0.869471 -0.413054
v 1.242168 1.094363 -0.486746
v 1.217464 0.853119 -0.261128
v 1.189153 1.094119 -0.312837
v 1.191119 0.881569 -0.194661
v 1.154113 0.927519 -0.128472
v 1.172118 0.741908 -0.102411
v 1.146448 0.803937 -0.070662
v 1.124450 0.931710 -0.078573
v 1.114863 0.676644 0.005623
v 1.135370 0.662742 -0.022574
v 1.092198 0.886258 -0.025946
v 1.072453 0.640225 0.053368
v 1.046624 0.825943 0.027703
v 1.070043 0.559247 0.058732
v 1.020054 0.707283 0.069974
v 1.004179 0.497733 0.097066
v 0.990060 0.612251 0.094729
v 0.919799 0.437566 0.117338
v 0.937525 0.545767 0.111836
v 0.858985 0.585404 0.112034
v 0.830521 0.382231 0.113991
v 0.743169 0.398602 0.095308
v 0.665424 0.250320 0.065097
v 0.705039 0.228783 0.077932
v 0.582824 0.466726 -0.000828
v 0.518020 0.396745 -0.048932
v 0.506737 0.270985 -0.025383
v 0.468489 0.391761 -0.104167
v 0.490970 0.467714 -0.123454
v 0.436826 0.391134 -0.146385
v 0.551401 0.535852 -0.062950
v 0.491971 0.557255 -0.180802
v 0.457540 0.600605 -0.257065
v 0.441189 0.493758 -0.225555
v 0.431697 0.525157 -0.266943
v 0.467176 0.650184 -0.248060
v 0.455282 0.641275 -0.279822
v 0.443751 0.578451 -0.293195
v 0.456347 0.661988 -0.301230
v 0.458245 0.704154 -0.263105
v 0.466289 0.672947 -0.323725
v 0.441918 0.759634 -0.287431
v 0.487962 0.693753 -0.345702
v 0.440128 0.774608 -0.304972
v 0.462139 0.771711 -0.328708
v 0.423013 0.874109 -0.323277
v 0.465969 0.891729 -0.341502
v 0.522217 0.833032 -0.363635
v 0.466824 0.971091 -0.364870
v 0.527673 0.877419 -0.374918
v 0.412479 0.961152 -0.335317
v 0.516127 0.947874 -0.392511
v 0.418803 1.076422 -0.362074
v 0.487276 1.064419 -0.450729
v 0.456218 1.059664 -0.400158
v 0.492984 1.112198 -0.498676
v 0.435674 1.113722 -0.393402
v 0.428401 1.155884 -0.388840
v 0.477596 1.185866 -0.477360
v 0.501886 1.179350 -0.526574
v 0.517080 1.231274 -0.526681
v 0.519693 1.198358 -0.561202
v 0.533982 1.247816 -0.562974
v 0.481197 1.264129 -0.443607
v 0.535958 1.288764 -0.503699
v 0.530416 1.312847 -0.484042
v 0.510204 1.334875 -0.459148
v 0.517763 1.360836 -0.484118
v 0.492088 1.361593 -0.455257
v 0.450730 1.272904 -0.403162
v 0.446972 1.318434 -0.406168
v 0.444659 1.357386 -0.423975
v 0.363988 1.321666 -0.369798
v 0.386484 1.272264 -0.351887
v 0.309541 1.353677 -0.387766
v 0.357542 1.413649 -0.431345
v 0.290523 1.273403 -0.345425
v 0.333728 1.271275 -0.339546
v 0.210686 1.346772 -0.402195
v 0.218993 1.382276 -0.415704
v 0.179113 1.242656 -0.375913
v 0.221161 1.197602 -0.347130
v 0.230988 1.142874 -0.325139
v 0.209263 1.161546 -0.332043
v 0.288119 1.060482 -0.312753
v 0.275170 1.061629 -0.302274
v 0.320236 0.997371 -0.313196
v 0.403668 0.868477 -0.310347
v 0.336394 0.961094 -0.290512
v 0.277858 1.053404 -0.288622
v 0.304973 1.026177 -0.261266
v 0.232962 1.113036 -0.293082
v 0.196924 1.180115 -0.313709
v 0.168086 1.232858 -0.359214
v 0.144573 1.323038 -0.381379
v 0.162775 1.311587 -0.396749
v 0.165913 1.391201 -0.414052
v 0.246006 1.476402 -0.448578
v 0.292842 1.450544 -0.441926
v 0.376826 1.490368 -0.481341
v 0.409483 1.485259 -0.497410
v 0.440527 1.459257 -0.502014
v 0.493842 1.410973 -0.527471
v 0.524394 1.354854 -0.555701
v 0.491118 1.283735 -0.643818
v 0.527269 1.244571 -0.602283
v 0.518910 1.162951 -0.582362
v 0.516322 1.110091 -0.560906
v 0.535600 1.040502 -0.560811
v 0.514135 1.057581 -0.506795
v 0.532292 0.997489 -0.460547
v 0.588631 0.881998 -0.432045
v 0.592924 0.818485 -0.419533
v 0.574987 0.752855 -0.402227
v 0.532651 0.695845 -0.374987
v 0.522603 0.606995 -0.375657
v 0.463935 0.569904 -0.333549
v 0.447289 0.567691 -0.314479
v 0.433974 0.502245 -0.316494
v 0.406654 0.465936 -0.291693
v 0.384689 0.416277 -0.260745
v 0.372097 0.339816 -0.201997
v 0.395823 0.287567 -0.133965
v 0.446980 0.284171 -0.080230
v 0.475972 0.177027 -0.042123
v 0.572872 0.196356 0.022932
v 0.576999 0.138230 0.022809
v 0.437830 0.112433 -0.078212
v 0.533364 0.082480 -0.013481
v 0.452993 0.071665 -0.078395
v 0.512922 0.029275 -0.044811
v 0.486800 -0.006113 -0.086177
v 0.539819 -0.021982 -0.052519
v 0.405518 0.089604 -0.120465
v 0.480876 -0.087678 -0.148729
v 0.434834 -0.017293 -0.168828
v 0.457586 -0.103534 -0.188439
v 0.433180 -0.023041 -0.212764
v 0.464269 -0.200621 -0.246509
v 0.477406 -0.196319 -0.284128
v 0.500006 -0.114181 -0.306228
v 0.544440 -0.145879 -0.353666
v 0.664840 -0.073345 -0.443018
v 0.703633 -0.008257 -0.470373
v 0.633502 0.068277 -0.364634
v 0.730074 0.051741 -0.505293
v 0.692918 0.069999 -0.442278
v 0.740772 0.127129 -0.556277
v 0.710322 0.120400 -0.474037
v 0.727933 0.215652 -0.565866
v 0.741613 0.213432 -0.648078
v 0.742535 0.201616 -0.718719
v 0.722413 0.392325 -0.713304
v 0.736104 0.173449 -0.794204
v 0.702848 0.429935 -0.778372
v 0.682384 0.400120 -0.847743
v 0.677769 0.620048 -0.807450
v 0.655485 0.569556 -0.861080
v 0.696356 0.602063 -0.758749
v 0.618763 0.640412 -0.878519
v 0.629174 0.469267 -0.917351
v 0.649457 0.646565 -0.838339
v 0.594101 0.595618 -0.918903
v 0.507195 0.812284 -0.905453
v 0.603350 0.756849 -0.825633
v 0.471288 0.797336 -0.946649
v 0.449436 0.713122 -0.988946
v 0.424227 0.837268 -0.986166
v 0.433649 0.958374 -0.937665
v 0.392667 0.834152 -1.026700
v 0.354943 1.045230 -1.019981
v 0.359564 0.857791 -1.072419
v 0.389949 0.999876 -0.978268
v 0.335402 1.068854 -1.059288
v 0.293621 1.223707 -1.055560
v 0.328154 1.049460 -1.111863
v 0.340821 1.137403 -0.988354
v 0.308310 1.168785 -1.126657
v 0.297923 1.240602 -0.995399
v 0.296917 1.251797 -1.138295
v 0.320136 1.168682 -1.172711
v 0.289676 1.286047 -1.023191
v 0.290698 1.311716 -1.063463
v 0.299343 1.311310 -1.132245
v 0.314886 1.320876 -1.180498
v 0.324354 1.254007 -1.215640
v 0.372294 1.432777 -1.189257
v 0.366418 1.335146 -1.267223
v 0.327633 1.408825 -1.090163
v 0.402785 1.442007 -1.231624
v 0.354832 1.473366 -1.138562
v 0.398355 1.514735 -1.206594
v 0.437961 1.460925 -1.261821
v 0.330932 1.615752 -1.090709
v 0.412083 1.645837 -1.194894
v 0.464824 1.640701 -1.242821
v 0.485761 1.460924 -1.298126
v 0.515934 1.633740 -1.279408
v 0.497670 1.773918 -1.214154
v 0.563428 1.727169 -1.268975
v 0.436085 1.813729 -1.152568
v 0.548159 1.854261 -1.198612
v 0.642866 1.860940 -1.221485
v 0.626649 1.688797 -1.306705
v 0.484609 1.890535 -1.143608
v 0.601282 1.938237 -1.158383
v 0.676113 1.958322 -1.147702
v 0.538200 1.975199 -1.107502
v 0.771295 1.981804 -1.095448
v 0.738707 1.929287 -1.159810
v 0.636638 2.017842 -1.086171
v 0.732790 2.025782 -1.050212
v 0.822141 2.012759 -0.994374
v 0.701922 2.060814 -0.994238
v 0.785094 2.046221 -0.945497
v 0.850133 2.010876 -0.890099
v 0.750481 2.068007 -0.886021
v 0.871255 1.977662 -0.775086
v 0.797241 2.037253 -0.792928
v 0.855255 1.960353 -0.682752
v 0.796717 1.986807 -0.645339
v 0.862897 1.873361 -0.535751
v 0.737759 1.985039 -0.574590
v 0.819495 1.850740 -0.464128
v 0.772297 1.860704 -0.444353
v 0.791164 1.753543 -0.365220
v 0.702407 1.841529 -0.397206
v 0.721344 1.759642 -0.343480
v 0.636627 1.757362 -0.325646
v 0.598905 1.660513 -0.272488
v 0.602202 1.571856 -0.218123
v 0.510876 1.626462 -0.262123
v 0.475581 1.446613 -0.147561
v 0.423310 1.406024 -0.141725
v 0.388643 1.334383 -0.121205
v 0.345082 1.277879 -0.125385
v 0.277121 1.314885 -0.180282
v 0.311031 1.229400 -0.136508
v 0.339361 1.164556 -0.123766
v 0.273453 1.211129 -0.165990
v 0.322103 1.119077 -0.150747
v 0.265840 1.178639 -0.186533
v 0.321258 1.078541 -0.178168
v 0.400789 0.989984 -0.151947
v 0.255127 1.125995 -0.245800
v 0.425893 0.896634 -0.212522
v 0.373661 0.915515 -0.277103
v 0.413991 0.838568 -0.279638
v 0.391904 0.877119 -0.297788
v 0.448756 0.761928 -0.264260
v 0.453851 0.924370 -0.127631
v 0.438656 1.005801 -0.099615
v 0.448715 1.080282 -0.072632
v 0.415398 1.192433 -0.079756
v 0.459109 1.258460 -0.068447
v 0.490352 1.349727 -0.087591
v 0.537451 1.403788 -0.107177
v 0.589757 1.457159 -0.137049
v 0.694777 1.604557 -0.246959
v 0.749339 1.556870 -0.225490
v 0.815380 1.540156 -0.235677
v 0.850096 1.715406 -0.370360
v 0.884647 1.792127 -0.463389
v 0.908611 1.845784 -0.559941
v 0.929978 1.875414 -0.658050
v 0.950787 1.877917 -0.745416
v 0.919910 1.941246 -0.868904
v 0.891627 1.960806 -0.970719
v 0.933758 1.897174 -0.987738
v 0.855902 1.943081 -1.073838
v 0.904268 1.883681 -1.084277
v 0.801288 1.910422 -1.153686
v 0.857338 1.846103 -1.172854
v 0.744870 1.818274 -1.243526
v 0.800416 1.782192 -1.252354
v 0.687983 1.757721 -1.281033
v 0.741160 1.717351 -1.302208
v 0.669608 1.657592 -1.324805
v 0.569176 1.625652 -1.305613
v 0.525012 1.486726 -1.314064
v 0.591543 1.465780 -1.347172
v 0.556447 1.380644 -1.366153
v 0.443118 1.355641 -1.324106
v 0.441492 1.287921 -1.334704
v 0.394553 1.278161 -1.303180
v 0.353858 1.266106 -1.260785
v 0.375371 1.167544 -1.257822
v 0.381005 1.114655 -1.255325
v 0.348111 1.065595 -1.205922
v 0.328244 1.075339 -1.154540
v 0.329244 0.918388 -1.146386
v 0.338670 0.924760 -1.101579
v 0.391891 0.729975 -1.038158
v 0.513073 0.661738 -0.957797
v 0.577805 0.434117 -0.970969
v 0.661857 0.400599 -0.890589
v 0.704287 0.274881 -0.860100
v 0.758648 0.084006 -0.637233
v 0.756648 0.067538 -0.710033
v 0.751636 0.044414 -0.578650
v 0.754981 -0.015508 -0.627204
v 0.744133 -0.017305 -0.560188
v 0.712386 -0.118113 -0.541074
v 0.688426 -0.167672 -0.518936
v 0.647464 -0.163705 -0.467806
v 0.647396 -0.214578 -0.471725
v 0.625322 -0.256687 -0.434696
v 0.659293 -0.293804 -0.432588
v 0.578070 -0.323958 -0.348507
v 0.562117 -0.336822 -0.300783
v 0.662103 -0.385332 -0.237792
v 0.566157 -0.340838 -0.262364
v 0.520084 -0.303571 -0.264486
v 0.606177 -0.348369 -0.221493
v 0.524974 -0.289898 -0.219968
v 0.483618 -0.233445 -0.216592
v 0.489161 -0.262142 -0.257884
v 0.512258 -0.204273 -0.168926
v 0.495042 -0.141744 -0.163404
v 0.586303 -0.084798 -0.067782
v 0.670290 -0.042060 0.000387
v 0.588105 0.030182 0.002442
v 0.639904 0.071999 0.036009
v 0.809738 0.283748 0.101334
v 0.706353 0.127099 0.062668
v 0.902484 0.221840 0.088841
v 0.760664 0.043612 0.052429
v 0.713216 -0.002026 0.031127
v 0.674952 -0.100230 -0.015555
v 0.778204 -0.087046 0.043165
v 0.647800 -0.171433 -0.054366
v 0.520138 -0.240965 -0.181962
v 0.711807 -0.344336 -0.133866
v 0.754449 -0.392759 -0.168766
v 0.807294 -0.369572 -0.111173
v 0.810610 -0.313416 -0.053890
v 0.796871 -0.248456 -0.011816
v 0.699862 -0.245689 -0.058900
v 0.759942 -0.164713 0.014424
v 0.875445 -0.141318 0.061177
v 0.835891 -0.066094 0.069032
v 0.878339 0.020350 0.083661
v 0.874949 0.117563 0.079627
v 0.945233 0.155778 0.088804
v 0.997266 0.040688 0.093982
v 1.033583 0.139463 0.086417
v 1.016591 0.323806 0.073830
v 1.089295 0.155627 0.070810
v 1.063513 0.392357 0.046741
v 1.110889 0.595932 0.016998
v 1.189963 0.623682 -0.133455
v 1.201163 0.749516 -0.176683
v 1.226924 0.697628 -0.243124
v 1.245947 0.774554 -0.336386
v 1.281468 0.785493 -0.435950
v 1.301967 0.825519 -0.517029
v 1.320771 0.825433 -0.595693
v 1.323532 0.855906 -0.677885
v 1.326504 0.826555 -0.751252
v 1.292395 0.868036 -0.869538
v 1.244027 0.862512 -0.999133
v 1.224863 0.648279 -1.079935
v 1.160646 0.641055 -1.201467
v 1.152887 0.390114 -1.225595
v 1.124208 0.426079 -1.259626
v 1.078774 0.412009 -1.304319
v 1.047846 0.386683 -1.328636
v 0.970131 0.106613 -1.349762
v 0.948155 -0.070246 -1.329478
v 1.028601 -0.104241 -1.303444
v 0.959499 -0.205083 -1.292911
v 1.085686 -0.146760 -1.276451
v 1.049391 -0.194087 -1.277371
v 1.014156 -0.248839 -1.266464
v 1.092761 -0.242907 -1.245918
v 1.041292 -0.325334 -1.220201
v 0.967244 -0.289876 -1.250615
v 1.120188 -0.309783 -1.196985
v 1.075953 -0.365541 -1.176813
v 1.030425 -0.381886 -1.172399
v 1.153231 -0.339205 -1.151192
v 1.132466 -0.399855 -1.111146
v 1.081467 -0.413698 -1.120538
v 1.123185 -0.439098 -1.054325
v 1.176160 -0.417671 -1.014628
v 1.147553 -0.446465 -0.984656
v 1.112889 -0.461407 -0.952351
v 1.066905 -0.460257 -0.955918
v 1.160079 -0.443490 -0.919762
v 1.022786 -0.442464 -0.910058
v 0.954042 -0.413434 -0.888581
v 0.939578 -0.416161 -0.983180
v 1.034343 -0.418664 -0.729967
v 0.864501 -0.376938 -0.813915
v 0.971058 -0.407656 -0.774776
v 0.979607 -0.406921 -0.673429
v 0.882573 -0.384060 -0.698423
v 0.833552 -0.360372 -0.676517
v 0.822994 -0.355985 -0.785394
v 0.870476 -0.393773 -0.581632
v 0.797729 -0.332579 -0.609818
v 0.795016 -0.327307 -0.726297
v 0.825901 -0.373043 -0.567834
v 0.765822 -0.284455 -0.607149
v 0.769528 -0.280883 -0.650072
v 0.745597 -0.280540 -0.549129
v 0.765359 -0.348922 -0.488845
v 0.716509 -0.300862 -0.481298
v 0.693484 -0.255606 -0.496218
v 0.695520 -0.210638 -0.522424
v 0.733747 -0.205303 -0.591436
v 0.730823 -0.149335 -0.594596
v 0.739611 -0.141836 -0.646519
v 0.747430 -0.208563 -0.672526
v 0.740263 -0.138208 -0.687233
v 0.751934 0.003076 -0.713367
v 0.735587 -0.078798 -0.727783
v 0.731533 0.019538 -0.788461
v 0.717243 -0.081344 -0.779726
v 0.732781 0.104055 -0.807889
v 0.710006 0.137208 -0.866879
v 0.684772 0.019158 -0.877641
v 0.729210 0.169016 -0.824286
v 0.676476 0.160168 -0.924874
v 0.688921 0.241802 -0.904867
v 0.654985 0.258154 -0.949056
v 0.615056 0.308058 -0.975582
v 0.605814 0.229317 -0.997592
v 0.566757 0.299221 -1.010772
v 0.492505 0.520643 -1.003519
v 0.428854 0.598151 -1.027455
v 0.442272 0.365253 -1.061881
v 0.371598 0.587949 -1.076180
v 0.396635 0.445044 -1.075970
v 0.334572 0.659826 -1.117984
v 0.336556 0.836193 -1.117389
v 0.310663 0.760178 -1.176534
v 0.307228 0.639196 -1.179647
v 0.307185 0.744858 -1.226315
v 0.329427 0.801064 -1.270314
v 0.330542 0.956904 -1.190631
v 0.381979 1.051080 -1.260664
v 0.359723 0.823299 -1.305845
v 0.415314 1.045396 -1.296713
v 0.458092 1.051446 -1.329674
v 0.515980 1.083899 -1.362026
v 0.530784 1.012212 -1.377883
v 0.442932 1.141565 -1.313061
v 0.508324 1.163553 -1.356308
v 0.605146 1.232277 -1.395936
v 0.495406 1.297841 -1.360231
v 0.568990 1.322324 -1.382033
v 0.708487 1.318292 -1.417199
v 0.692716 1.470994 -1.374393
v 0.788277 1.505435 -1.374718
v 0.770996 1.355704 -1.420543
v 0.750949 1.591642 -1.349120
v 0.807112 1.645055 -1.325397
v 0.863648 1.696874 -1.276263
v 0.861111 1.523628 -1.351974
v 0.910465 1.656170 -1.259464
v 0.912186 1.755756 -1.192741
v 0.953290 1.707119 -1.170019
v 0.947966 1.802370 -1.093258
v 0.991221 1.756187 -1.025381
v 0.988404 1.694517 -1.105013
v 0.970065 1.827506 -0.986115
v 1.002401 1.780617 -0.869243
v 0.974252 1.849210 -0.888364
v 1.039131 1.701382 -0.739209
v 0.973077 1.850075 -0.800698
v 1.061914 1.642742 -0.615640
v 1.004536 1.739410 -0.596794
v 0.955369 1.761312 -0.517307
v 0.997526 1.648062 -0.453657
v 0.943830 1.670132 -0.406590
v 0.915234 1.560022 -0.302687
v 0.961456 1.570098 -0.348576
v 0.874879 1.504081 -0.238408
v 0.764737 1.406508 -0.127491
v 0.680904 1.438981 -0.129448
v 0.649633 1.335120 -0.065324
v 0.728446 1.328539 -0.072193
v 0.574028 1.352456 -0.073580
v 0.639811 1.237181 -0.026839
v 0.725193 1.267259 -0.040633
v 0.564857 1.245502 -0.034927
v 0.555907 1.135933 -0.019554
v 0.582575 1.016789 -0.007827
v 0.542375 0.950233 -0.032492
v 0.519125 0.895111 -0.061058
v 0.517986 0.828244 -0.094731
v 0.467216 0.805267 -0.212226
v 0.521904 0.712776 -0.153105
v 0.554332 0.766202 -0.066174
v 0.580099 0.816186 -0.020482
v 0.602381 0.873526 -0.000709
v 0.675168 0.877777 0.033300
v 0.654826 1.076566 0.008828
v 0.715634 1.097914 0.013892
v 0.763487 1.134853 0.004777
v 0.831717 1.287189 -0.071634
v 0.894941 1.319545 -0.113444
v 0.856505 1.401182 -0.156228
v 0.935774 1.373716 -0.179110
v 1.020362 1.394716 -0.270314
v 1.046861 1.535870 -0.424305
v 1.048738 1.607226 -0.505806
v 1.102675 1.539453 -0.573330
v 1.103485 1.552629 -0.669532
v 1.058551 1.636037 -0.812849
v 1.040083 1.619097 -0.955756
v 1.021450 1.529447 -1.116640
v 0.982739 1.583500 -1.185477
v 0.948683 1.607407 -1.236161
v 0.906383 1.515001 -1.326839
v 0.934651 1.486755 -1.310936
v 0.924787 1.379400 -1.384221
v 0.871739 1.420438 -1.392295
v 0.832871 1.351236 -1.424628
v 0.800365 1.205994 -1.451458
v 0.746604 1.191738 -1.442055
v 0.766293 1.085076 -1.452024
v 0.625120 1.045798 -1.407534
v 0.438741 0.855100 -1.363203
v 0.486152 0.826825 -1.391391
v 0.400998 0.860915 -1.336526
v 0.392260 0.746566 -1.345710
v 0.351056 0.653778 -1.312550
v 0.323429 0.639431 -1.270022
v 0.330414 0.543728 -1.134021
v 0.366476 0.474959 -1.098863
v 0.528087 0.190700 -1.047605
v 0.608197 0.135044 -0.998089
v 0.649157 0.071338 -0.944651
v 0.672174 -0.070280 -0.867674
v 0.714578 -0.176777 -0.788211
v 0.733828 -0.175493 -0.731045
v 0.740375 -0.237742 -0.760063
v 0.770949 -0.287966 -0.711168
v 0.753722 -0.318982 -0.870325
v 0.721266 -0.274872 -0.859157
v 0.684999 -0.219789 -0.876561
v 0.663323 -0.161981 -0.886118
v 0.680026 -0.121175 -0.851417
v 0.595477 -0.096140 -0.972551
v 0.638791 -0.034835 -0.925142
v 0.578325 -0.040132 -0.994618
v 0.542966 0.110070 -1.043830
v 0.541727 -0.005971 -1.031679
v 0.473461 0.085136 -1.081628
v 0.407676 0.246403 -1.098039
v 0.352072 0.280778 -1.128486
v 0.324944 0.269562 -1.151632
v 0.334404 0.437771 -1.134292
v 0.302529 0.379366 -1.180612
v 0.312338 0.460393 -1.183653
v 0.307725 0.487565 -1.226189
v 0.289670 0.337275 -1.227019
v 0.322460 0.459085 -1.273265
v 0.352984 0.571313 -1.311682
v 0.392242 0.614785 -1.349532
v 0.432597 0.696410 -1.377990
v 0.474389 0.694214 -1.397952
v 0.532262 0.843520 -1.404638
v 0.534675 0.690205 -1.416314
v 0.608555 0.879259 -1.416095
v 0.663864 0.850154 -1.425387
v 0.729486 0.887815 -1.438495
v 0.810948 1.081291 -1.461246
v 0.839507 0.923795 -1.455785
v 0.859427 1.099157 -1.464558
v 0.854019 1.185582 -1.457129
v 0.903825 1.152202 -1.455321
v 0.892653 1.295712 -1.427787
v 0.950464 1.230772 -1.423852
v 0.984048 1.288192 -1.378932
v 0.974773 1.441564 -1.274524
v 1.013817 1.316759 -1.315755
v 1.024232 1.402579 -1.178311
v 0.987751 1.478282 -1.218132
v 1.041611 1.428262 -1.095278
v 1.092697 1.481000 -0.901698
v 1.113820 1.413344 -0.884898
v 1.113831 1.495298 -0.781971
v 1.122884 1.469615 -0.529688
v 1.141853 1.368734 -0.451355
v 1.088979 1.407849 -0.379839
v 1.053781 1.400336 -0.318594
v 0.981533 1.359878 -0.201533
v 0.997207 1.254612 -0.123525
v 0.860542 1.186454 -0.028047
v 0.946325 1.204776 -0.063423
v 0.829898 1.163023 -0.011896
v 0.730205 0.887199 0.046436
v 0.767891 0.940040 0.043808
v 0.661137 0.739559 0.040304
v 0.733468 0.718378 0.073715
v 0.623796 0.682610 0.013411
v 0.581528 0.715385 -0.033230
v 0.585657 0.643213 -0.032926
v 0.534053 0.627984 -0.129780
v 0.608811 0.583570 0.004439
v 0.684335 0.628504 0.057129
v 0.796854 0.745964 0.086851
v 0.839017 0.793444 0.083552
v 0.859441 0.947136 0.045399
v 0.881997 0.998264 0.030843
v 0.949155 1.007225 0.014007
v 0.977752 1.130078 -0.044114
v 1.013320 1.184864 -0.088464
v 1.073718 1.165703 -0.130483
v 1.046342 1.249999 -0.164167
v 1.095622 1.212584 -0.193261
v 1.143539 1.239161 -0.313649
v 1.182769 1.297218 -0.484346
v 1.172943 1.363550 -0.560179
v 1.156796 1.419223 -0.620191
v 1.187772 1.336941 -0.664685
v 1.138364 1.389934 -0.825481
v 1.108832 1.348394 -0.931239
v 1.066606 1.285448 -1.207414
v 1.030318 1.221614 -1.349559
v 0.993910 1.178976 -1.405864
v 1.045001 1.039145 -1.380349
v 0.953473 1.108355 -1.441814
v 1.004079 0.987698 -1.419391
v 0.916161 0.987345 -1.455077
v 0.957859 0.951624 -1.440344
v 0.835483 0.726060 -1.439545
v 0.783058 0.726326 -1.440165
v 0.688608 0.693246 -1.432345
v 0.519018 0.521990 -1.412135
v 0.470969 0.491681 -1.394626
v 0.426340 0.495567 -1.374698
v 0.381873 0.390165 -1.345048
v 0.413515 0.350231 -1.361535
v 0.341848 0.409341 -1.308205
v 0.321343 0.296357 -1.304037
v 0.287915 0.259418 -1.264530
v 0.295781 0.276901 -1.185184
v 0.280858 0.249967 -1.221208
v 0.299064 0.180165 -1.181282
v 0.372465 0.130323 -1.127526
v 0.335233 0.135017 -1.151862
v 0.394216 0.029732 -1.118120
v 0.469494 -0.025166 -1.078198
v 0.524847 -0.085617 -1.040913
v 0.585125 -0.141121 -0.988168
v 0.554924 -0.176615 -1.028995
v 0.624902 -0.197263 -0.955764
v 0.634144 -0.244821 -0.981640
v 0.662782 -0.287347 -0.996371
v 0.775013 -0.346806 -0.938508
v 0.635508 -0.295167 -1.071289
v 0.680463 -0.316791 -1.102517
v 0.738338 -0.287533 -1.205199
v 0.751111 -0.324937 -1.136179
v 0.845767 -0.332111 -1.178582
v 0.955828 -0.403894 -1.120982
v 1.005913 -0.445805 -1.036173
v 0.960026 -0.377175 -1.171600
v 0.951525 -0.327189 -1.221699
v 0.661456 -0.157063 -1.318305
v 0.736680 -0.144547 -1.329938
v 0.664290 -0.060083 -1.355887
v 0.490668 -0.077213 -1.325821
v 0.563426 0.051705 -1.370818
v 0.503616 0.164576 -1.377405
v 0.424024 0.034093 -1.334379
v 0.541601 0.271147 -1.397855
v 0.623503 0.479437 -1.423320
v 0.748841 0.514404 -1.428543
v 0.883533 0.721543 -1.432325
v 0.995445 0.875267 -1.412928
v 1.049493 0.910467 -1.375659
v 1.077134 0.982614 -1.343264
v 1.170211 1.194089 -0.955254
v 1.213233 1.168103 -0.818536
v 1.200176 1.202143 -0.779372
v 1.199046 1.223389 -0.741739
v 1.226873 1.228480 -0.619536
v 1.245557 1.136593 -0.550822
v 1.218100 1.247816 -0.552692
v 1.234471 1.134914 -0.478665
v 1.197604 1.212296 -0.427658
v 1.160534 1.146055 -0.269478
v 1.125167 1.155957 -0.200007
v 1.080987 1.013574 -0.063486
v 1.043983 0.939972 -0.004489
v 0.991857 0.895062 0.035739
v 0.954773 0.721772 0.091089
v 0.886277 0.713286 0.099945
v 0.797042 0.589409 0.103643
v 0.747831 0.625094 0.085129
v 0.698915 0.476588 0.077828
v 0.636856 0.477269 0.042036
v 0.925506 0.808748 0.077289
v 1.198924 1.279109 -0.698650
v 1.089092 1.340152 -1.019000
v 1.071119 1.076733 -1.334481
v 0.568493 0.553584 -1.422705
v 0.340531 0.173475 -1.319505
v 0.301198 0.140863 -1.289820
v 0.277818 0.079469 -1.246395
v 0.279673 0.097812 -1.212522
v 0.314871 0.016875 -1.169994
v 0.483382 -0.124284 -1.077495
v 0.494959 -0.192853 -1.092310
v 0.575447 -0.216789 -1.031791
v 0.560896 -0.251240 -1.084609
v 0.519304 -0.256309 -1.143891
v 0.519550 -0.262330 -1.183811
v 0.552056 -0.262828 -1.205532
v 0.537086 -0.229555 -1.246364
v 0.641649 -0.200600 -1.285234
v 0.655482 -0.257828 -1.230057
v 0.785378 -0.270225 -1.242434
v 0.516079 -0.173032 -1.286821
v 0.389783 -0.047508 -1.305952
v 0.372822 0.099753 -1.329232
v 0.411105 0.223739 -1.354639
v 0.331612 0.064589 -1.302384
v 0.297127 0.034190 -1.268297
v 0.292984 -0.034836 -1.222149
v 0.311715 -0.062389 -1.185221
v 0.320739 -0.108281 -1.204326
v 0.342971 -0.117296 -1.171764
v 0.312766 -0.072067 -1.242301
v 0.331595 -0.029677 -1.279217
v 0.354297 -0.115751 -1.256829
v 0.346355 -0.137252 -1.228462
v 0.386347 -0.181180 -1.219294
v 0.393695 -0.191421 -1.185367
v 0.391540 -0.172335 -1.161066
v 0.436628 -0.219264 -1.208285
v 0.469236 -0.222841 -1.233366
v 0.770531 -0.395450 -0.414940
v 0.830868 -0.427014 -0.418640
v 0.878771 -0.440985 -0.397659
v 0.921641 -0.447645 -0.359845
v 0.863916 -0.427665 -0.184838
v 0.847623 -0.404505 -0.144109
v 0.911719 -0.358810 -0.066421
v 0.852703 -0.261199 0.001781
v 0.928439 -0.217627 0.040905
v 0.949904 -0.118415 0.077377
v 0.940703 0.001179 0.093106
v 1.048415 -0.022794 0.086626
v 1.134882 0.094027 0.049141
v 1.168254 0.142062 0.024798
v 1.134332 0.273767 0.033576
v 1.102371 0.379039 0.027278
v 1.157679 0.450875 -0.031932
v 1.106551 0.457653 0.011571
v 1.146603 0.523652 -0.036848
v 1.194756 0.546206 -0.116792
v 1.236154 0.595899 -0.219693
v 1.262494 0.665156 -0.320751
v 1.285334 0.661842 -0.386642
v 1.323825 0.714374 -0.550119
v 1.339260 0.718347 -0.640227
v 1.318488 0.802235 -0.819872
v 1.304191 0.777280 -0.877770
v 1.261930 0.741106 -0.990322
v 1.203649 0.561381 -1.129609
v 1.179523 0.481402 -1.179987
v 1.146403 0.296117 -1.245001
v 1.088295 0.224556 -1.298477
v 1.064878 0.180947 -1.314693
v 1.121939 -0.004587 -1.274201
v 1.062657 0.030640 -1.307546
v 1.169142 -0.053061 -1.237349
v 1.137447 -0.173141 -1.244401
v 1.197370 -0.156919 -1.195811
v 1.165612 -0.224685 -1.207903
v 1.198311 -0.251177 -1.158827
v 1.226911 -0.268315 -1.103032
v 1.182986 -0.353251 -1.102319
v 1.243575 -0.318144 -0.993267
v 1.213392 -0.365023 -1.022202
v 1.231700 -0.365491 -0.919606
v 1.195878 -0.415334 -0.913856
v 1.124491 -0.422128 -0.677361
v 1.165213 -0.415157 -0.722594
v 1.075820 -0.418455 -0.649204
v 1.016317 -0.414011 -0.549659
v 0.934619 -0.409183 -0.582706
v 1.096246 -0.417089 -0.468053
v 1.085227 -0.443326 -0.268573
v 1.082112 -0.438505 -0.218696
v 1.057122 -0.424339 -0.165235
v 0.967274 -0.398360 -0.113332
v 0.982098 -0.363716 -0.067121
v 0.982920 -0.316918 -0.021286
v 0.933787 -0.275859 0.006766
v 1.014912 -0.255260 0.019845
v 1.003285 -0.196268 0.052471
v 1.010766 -0.119692 0.076731
v 1.078104 -0.172729 0.052403
v 1.093489 -0.083122 0.069446
v 1.142421 -0.151492 0.033837
v 1.146940 -0.070543 0.043349
v 1.189096 -0.098597 0.010482
v 1.195366 0.261821 -0.011712
v 1.237664 -0.017881 -0.054363
v 1.219091 0.264607 -0.040610
v 1.219288 0.368786 -0.070999
v 1.250981 0.371456 -0.136326
v 1.227611 0.460993 -0.128373
v 1.258248 0.454502 -0.198983
v 1.265122 0.585918 -0.295070
v 1.304770 0.685392 -0.462975
v 1.340194 0.623968 -0.741102
v 1.305824 0.669287 -0.891182
v 1.272205 0.577289 -0.979958
v 1.257888 0.466589 -1.023497
v 1.226692 0.419657 -1.098025
v 1.205755 0.356688 -1.152357
v 1.135408 0.141997 -1.268797
v 1.181474 0.220712 -1.216361
v 1.190001 0.111563 -1.219934
v 1.224080 -0.034269 -1.182647
v 1.252731 -0.120025 -1.132654
v 1.272723 -0.125678 -1.088376
v 1.249583 -0.266058 -1.049117
v 1.279766 -0.213262 -0.979978
v 1.275980 -0.262011 -0.905437
v 1.274341 -0.285849 -0.783557
v 1.259254 -0.317094 -0.740804
v 1.238977 -0.346147 -0.720920
v 1.199538 -0.387656 -0.679943
v 1.167107 -0.402494 -0.528511
v 1.122386 -0.414628 -0.571875
v 1.158209 -0.409823 -0.440632
v 1.105781 -0.437611 -0.317777
v 1.081681 -0.393510 -0.116427
v 1.072572 -0.351131 -0.065265
v 1.057850 -0.303868 -0.020186
v 1.098644 -0.228074 0.020437
v 1.141303 -0.317107 -0.057761
v 1.185210 -0.216137 -0.018415
v 1.233948 -0.176936 -0.063029
v 1.210709 -0.085313 -0.012669
v 1.250176 -0.119020 -0.081134
v 1.278452 0.133632 -0.132106
v 1.245737 0.221445 -0.078266
v 1.266513 0.308625 -0.147146
v 1.276895 0.468254 -0.286698
v 1.309709 0.450167 -0.451053
v 1.302897 0.533320 -0.428204
v 1.325716 0.553036 -0.538298
v 1.339407 0.568897 -0.628082
v 1.342904 0.641016 -0.688277
v 1.331640 0.654145 -0.799973
v 1.314111 0.426369 -0.872047
v 1.257747 0.200189 -1.100938
v 1.259378 0.114343 -1.122697
v 1.250302 0.051404 -1.148061
v 1.284589 0.022013 -1.083594
v 1.298320 -0.019427 -1.042601
v 1.286186 -0.133750 -1.039014
v 1.308647 -0.064314 -0.960177
v 1.305981 -0.155766 -0.831400
v 1.298951 -0.233894 -0.740255
v 1.282536 -0.289461 -0.629110
v 1.235735 -0.355064 -0.525566
v 1.197666 -0.389019 -0.510215
v 1.201501 -0.401884 -0.311679
v 1.166724 -0.422699 -0.299180
v 1.156279 -0.423875 -0.227568
v 1.144988 -0.413229 -0.177509
v 1.140359 -0.383707 -0.124255
v 1.200044 -0.309747 -0.097950
v 1.220970 -0.245921 -0.078899
v 1.253220 -0.227858 -0.124526
v 1.274632 -0.117699 -0.136345
v 1.315824 0.057892 -0.231822
v 1.309875 0.233480 -0.263105
v 1.308084 0.360657 -0.379715
v 1.325009 0.431507 -0.529066
v 1.332066 0.468582 -0.583784
v 1.339301 0.458347 -0.676123
v 1.329696 0.507656 -0.804788
v 1.329820 0.383278 -0.795925
v 1.334228 0.346909 -0.734063
v 1.331665 0.316610 -0.591652
v 1.321638 0.352358 -0.479223
v 1.331830 0.255069 -0.493568
v 1.334547 0.186605 -0.385902
v 1.327440 0.121200 -0.291030
v 1.332356 -0.029891 -0.310358
v 1.346240 0.049867 -0.400030
v 1.345837 -0.082218 -0.428405
v 1.317892 -0.115954 -0.278314
v 1.290670 -0.201853 -0.225959
v 1.333662 -0.145337 -0.367015
v 1.265493 -0.302092 -0.253776
v 1.274498 -0.315340 -0.361922
v 1.193888 -0.394880 -0.207798
v 1.218989 -0.382799 -0.283588
v 1.260808 -0.336457 -0.425392
v 1.304547 -0.252203 -0.362094
v 1.334205 -0.186243 -0.430022
v 1.337246 -0.184080 -0.499315
v 1.347906 -0.083424 -0.546179
v 1.348439 0.040318 -0.474913
v 1.333278 0.244339 -0.579887
v 1.330724 0.258351 -0.772871
v 1.296913 0.442748 -0.925459
v 1.269999 0.355307 -1.016778
v 1.245894 0.288124 -1.092903
v 1.290674 0.193816 -1.027122
v 1.309446 0.075616 -0.989972
v 1.318977 -0.013966 -0.847813
v 1.317295 -0.068015 -0.816566
v 1.334334 -0.144231 -0.637913
v 1.319518 -0.225929 -0.602796
v 1.293846 -0.287382 -0.511145
v 1.316026 -0.246505 -0.444311
v 1.334940 0.119988 -0.655914
v 1.324490 0.257140 -0.844967
v 1.316210 0.278480 -0.890241
v 1.292150 0.283979 -0.977098
v 1.322374 0.100219 -0.885280
v 1.328011 0.022588 -0.756912
v 0.169634 1.256612 -0.329816
v 0.147175 1.332714 -0.346180
v 0.146850 1.408688 -0.372239
v 0.149490 1.399515 -0.396619
v 0.166492 1.473234 -0.403583
v 0.182131 1.457819 -0.424768
v 0.264298 1.572741 -0.468691
v 0.358668 1.578849 -0.501623
v 0.344078 1.537284 -0.487155
v 0.386018 1.532202 -0.505382
v 0.423579 1.508593 -0.533868
v 0.447295 1.468961 -0.568007
v 0.404059 1.373721 -0.683933
v 0.498643 1.229546 -0.667569
v 0.508466 1.173624 -0.672090
v 0.518945 1.139687 -0.641109
v 0.530442 1.068684 -0.617684
v 0.544177 1.025166 -0.606731
v 0.570994 0.973601 -0.539786
v 0.615196 0.902951 -0.501508
v 0.626914 0.892462 -0.539816
v 0.615604 0.885358 -0.475393
v 0.647855 0.831062 -0.507321
v 0.638849 0.773938 -0.466189
v 0.612203 0.650121 -0.435925
v 0.445425 0.430141 -0.328407
v 0.471948 0.499772 -0.347149
v 0.380307 0.365231 -0.284860
v 0.357447 0.310070 -0.246943
v 0.358955 0.298658 -0.203938
v 0.372320 0.228718 -0.142489
v 0.400253 0.215421 -0.106697
v 0.388429 0.159895 -0.119678
v 0.357650 0.182306 -0.171592
v 0.380392 0.097526 -0.161436
v 0.381821 0.093817 -0.202225
v 0.448684 -0.008355 -0.250956
v 0.379554 0.174859 -0.244150
v 0.356987 0.193404 -0.214346
v 0.412151 0.216235 -0.277755
v 0.563122 0.198119 -0.309974
v 0.480448 0.307193 -0.324707
v 0.530447 0.326070 -0.348024
v 0.588071 0.283367 -0.361371
v 0.628743 0.359523 -0.422939
v 0.628043 0.278768 -0.392028
v 0.541318 0.413429 -0.375373
v 0.577954 0.378292 -0.390761
v 0.674105 0.306670 -0.462870
v 0.621944 0.516688 -0.439622
v 0.648650 0.550990 -0.464646
v 0.695631 0.435790 -0.504974
v 0.697038 0.522969 -0.535984
v 0.662179 0.579218 -0.487402
v 0.709429 0.528346 -0.590235
v 0.682795 0.643111 -0.541719
v 0.706593 0.592117 -0.628146
v 0.679713 0.752721 -0.603366
v 0.705682 0.624592 -0.652843
v 0.674182 0.719497 -0.524650
v 0.692674 0.685214 -0.675064
v 0.654189 0.795912 -0.671864
v 0.667052 0.791922 -0.621602
v 0.574570 0.928709 -0.697146
v 0.618274 0.798139 -0.764896
v 0.613173 0.895922 -0.626383
v 0.567657 0.868418 -0.793858
v 0.540492 0.909947 -0.808459
v 0.544759 0.981378 -0.717709
v 0.509873 1.047172 -0.756854
v 0.527579 1.040024 -0.695007
v 0.490409 1.126991 -0.747978
v 0.470114 1.054367 -0.837679
v 0.463483 1.174366 -0.766941
v 0.389831 1.096546 -0.933370
v 0.410516 1.262914 -0.769629
v 0.381329 1.271959 -0.812909
v 0.358440 1.196791 -0.905755
v 0.338142 1.341499 -0.856313
v 0.355648 1.535241 -0.674087
v 0.419294 1.479114 -0.605803
v 0.402795 1.546698 -0.591747
v 0.400114 1.592120 -0.581715
v 0.415193 1.535683 -0.563956
v 0.399335 1.603761 -0.542642
v 0.402351 1.638264 -0.563702
v 0.404970 1.544182 -0.528564
v 0.385249 1.604423 -0.521499
v 0.367096 1.644721 -0.511071
v 0.390891 1.704138 -0.530199
v 0.337426 1.714378 -0.492353
v 0.255874 1.603541 -0.454595
v 0.243284 1.595846 -0.423717
v 0.295562 1.685511 -0.460340
v 0.181194 1.491236 -0.362771
v 0.166253 1.414174 -0.325003
v 0.262506 1.590540 -0.380407
v 0.303611 1.708482 -0.435802
v 0.327588 1.753896 -0.463047
v 0.362294 1.783839 -0.502693
v 0.402115 1.720935 -0.548123
v 0.404972 1.696406 -0.584626
v 0.377463 1.594435 -0.624499
v 0.376202 1.701007 -0.659400
v 0.287128 1.600609 -0.803276
v 0.278968 1.524556 -0.856936
v 0.279482 1.671002 -0.834042
v 0.270362 1.557905 -0.898443
v 0.321365 1.672192 -0.749234
v 0.283350 1.765053 -0.848259
v 0.272757 1.674199 -0.925292
v 0.325388 1.802130 -0.743296
v 0.289821 1.806283 -0.889408
v 0.283851 1.726782 -0.954892
v 0.385060 1.864552 -0.656266
v 0.374217 1.924242 -0.705883
v 0.387333 1.758914 -0.643517
v 0.412445 1.923970 -0.618154
v 0.398311 1.972077 -0.716170
v 0.397415 1.844280 -0.618939
v 0.431496 1.972409 -0.603619
v 0.436956 2.012542 -0.687106
v 0.404653 1.854253 -0.589479
v 0.424675 1.955805 -0.550329
v 0.454719 1.994939 -0.517542
v 0.467264 2.035496 -0.649793
v 0.385954 1.893503 -0.466866
v 0.417048 1.938106 -0.475976
v 0.441942 1.940226 -0.452890
v 0.384396 1.872659 -0.440481
v 0.446530 1.864973 -0.399361
v 0.401324 1.866486 -0.418665
v 0.411592 1.695221 -0.335638
v 0.459810 1.693653 -0.316414
v 0.490996 1.833762 -0.375840
v 0.561087 1.723819 -0.308548
v 0.360675 1.683462 -0.357561
v 0.319064 1.693071 -0.397013
v 0.352383 1.819239 -0.462967
v 0.379089 1.841951 -0.512816
v 0.399942 1.860851 -0.548966
v 0.405542 1.784073 -0.568524
v 0.508424 1.903392 -0.413980
v 0.497554 1.989191 -0.481314
v 0.542371 2.030217 -0.538040
v 0.500245 2.038754 -0.560496
v 0.551260 2.063667 -0.633160
v 0.508841 2.060641 -0.666835
v 0.449559 2.020938 -0.856422
v 0.402603 1.990072 -0.843658
v 0.350274 1.942371 -0.863283
v 0.406502 1.987615 -0.928612
v 0.356984 1.929280 -0.951924
v 0.309033 1.853747 -0.930110
v 0.348668 1.880948 -1.002995
v 0.339274 1.808740 -1.038856
v 0.309249 1.768973 -1.005043
v 0.293307 1.641712 -1.007751
v 0.284142 1.562451 -0.976869
v 0.307317 1.442633 -0.969829
v 0.308320 1.392968 -0.936961
v 0.317286 1.382368 -0.890013
v 0.322282 1.230969 -0.944637
v 0.476932 0.993992 -0.859049
v 0.537987 0.844966 -0.853806
v 0.665763 0.701873 -0.766028
v 0.688431 0.655403 -0.748925
v 0.714937 0.506763 -0.673050
v 0.728430 0.411871 -0.619181
v 0.726265 0.394031 -0.579480
v 0.715501 0.395899 -0.543840
v 0.695984 0.241641 -0.491689
v 0.654311 0.289800 -0.430108
v 0.634091 0.169820 -0.357635
v 0.601867 0.174392 -0.326227
v 0.307821 1.386926 -1.005290
v 0.319122 1.446499 -1.029794
v 0.315147 1.555043 -1.059465
v 0.360608 1.684491 -1.118291
v 0.384031 1.825362 -1.091737
v 0.424986 1.922243 -1.072308
v 0.477489 1.963607 -1.079927
v 0.510414 2.021486 -1.031018
v 0.603485 2.048554 -1.026944
v 0.547828 2.057623 -0.954206
v 0.614399 2.075901 -0.931494
v 0.671456 2.082584 -0.903780
v 0.702215 2.073892 -0.764804
v 0.645128 2.075784 -0.701818
v 0.700501 2.043473 -0.644018
v 0.660191 2.011048 -0.549496
v 0.619016 1.979415 -0.493279
v 0.606218 2.048252 -0.590510
v 0.595722 2.076814 -0.710729
v 0.496913 2.038621 -0.949638
v 0.426307 1.976448 -1.005047
v 0.578708 0.955085 -0.612619
v 0.571108 0.499339 -0.404504
v 0.467493 0.374615 -0.333685
v 0.404262 0.322618 -0.302259
v 0.374307 0.303852 -0.278066
v 0.401780 1.202924 -0.352539
v -0.580874 0.444493 0.142218
v -0.961590 0.152629 0.078078
v -0.955281 -0.279362 -0.048275
v -1.017579 -0.073318 -0.038266
v -0.529461 0.013607 -0.146051
v -1.142767 0.775505 -0.360821
v -0.306997 1.916630 -0.755068
v -0.311782 2.052182 -0.884167
v -0.350217 2.043852 -1.023617
v -1.184815 1.107434 -1.149680
v -0.979802 1.283935 -1.423532
v -0.338653 1.499127 -0.420738
v -1.072961 1.397603 -1.288917
v -0.729439 1.369288 -1.426735
v -0.673286 0.507847 0.166885
v -0.685499 0.417770 0.170150
v -0.593242 0.550814 0.158481
v -0.698590 0.605155 0.170966
v -0.480406 0.551038 0.131955
v -0.432695 0.440556 0.086641
v -0.987336 0.126883 0.015847
v -0.996041 -0.263599 -0.087574
v -0.956918 -0.320125 -0.084401
v -0.123665 0.903802 -0.036560
v -0.067459 0.929020 -0.084218
v -0.505219 0.105943 -0.040417
v -0.538582 0.015626 -0.106001
v -0.479277 0.129241 -0.113283
v -1.055053 0.024003 -0.075362
v -1.049721 -0.209566 -0.139471
v -0.729551 -0.323793 -0.156173
v -0.759471 -0.339534 -0.096371
v -0.763463 -0.357076 -0.148710
v -0.509107 -0.003481 -0.236344
v -0.883921 1.365998 -0.245771
v -0.323327 1.024938 -0.270185
v -0.328891 0.942894 -0.269234
v -0.388187 0.956321 -0.276283
v -0.370039 1.025918 -0.274691
v -1.133909 0.751654 -0.324553
v -1.086032 0.808990 -0.216329
v -1.092858 0.851746 -0.288192
v -1.139372 0.868484 -0.409783
v -1.246805 0.887003 -0.680196
v -1.235793 0.780066 -0.571232
v -0.319536 1.911957 -0.693138
v -0.359359 1.799359 -0.689231
v -0.326018 1.839507 -0.767623
v -0.483441 2.069698 -0.790175
v -0.523482 2.090529 -0.863772
v -0.300002 1.719437 -0.817992
v -0.284464 1.662336 -0.825883
v -0.298571 2.009180 -0.797136
v -0.272992 1.974345 -0.916577
v -0.308202 2.023309 -0.977262
v -0.344482 2.093380 -0.880188
v -0.332996 2.068434 -0.797508
v -0.306907 -0.209164 -1.213614
v -0.406635 -0.145858 -1.305529
v -0.404546 2.053329 -1.064167
v -0.379951 2.087760 -1.002201
v -0.340525 2.071732 -0.969521
v -1.200528 1.205570 -1.004764
v -1.144519 1.241274 -1.189678
v -1.161878 1.048885 -1.253594
v -1.017545 1.225980 -1.407643
v -0.345933 1.557350 -0.435932
v -0.326453 1.599174 -0.413191
v -0.282454 1.533288 -0.358489
v -0.339080 1.434696 -0.400606
v -0.369489 1.427877 -0.462979
v -1.063253 1.399262 -1.307962
v -0.713155 1.435768 -1.414220
v -0.623301 1.395264 -1.386796
v -0.640775 1.348446 -1.394287
v -0.780537 1.316773 -1.456236
v -0.787310 1.438702 -1.422303
v -0.684542 1.286685 -1.437495
v -0.832320 1.352146 -1.453545
v -0.661619 1.171970 -1.470099
v -0.868412 1.298098 -1.457429
v -0.767655 1.069274 -1.496726
v -0.887097 1.148223 -1.472810
v -0.905056 1.052374 -1.477109
v -0.957516 1.164246 -1.453158
v -0.961737 0.956054 -1.460219
v -0.830366 0.974839 -1.488648
v -1.019174 0.925604 -1.431948
v -1.010649 1.056939 -1.437344
v -0.912110 0.810025 -1.461843
v -0.966280 0.820306 -1.449210
v -1.068176 0.924689 -1.398391
v -1.017718 0.812852 -1.425559
v -1.113272 0.851079 -1.350022
v -1.102399 1.002843 -1.362202
v -1.060748 0.752930 -1.387942
v -1.120719 0.743134 -1.328693
v -1.175467 0.728564 -1.246565
v -1.191181 0.810280 -1.217475
v -1.134629 0.559344 -1.278137
v -1.186002 0.574305 -1.192545
v -1.219370 0.547626 -1.104447
v -1.162381 0.534313 -1.230500
v -1.240646 0.579563 -1.036037
v -1.233780 0.353645 -1.017117
v -1.258833 0.424245 -0.918125
v -1.260648 0.298652 -0.906527
v -1.270804 0.441567 -0.821197
v -1.273845 0.346621 -0.753603
v -1.271571 0.380691 -0.651205
v -1.269411 0.122097 -0.602562
v -1.254393 0.187452 -0.497317
v -1.258724 0.412854 -0.541929
v -1.200108 0.149315 -0.329152
v -1.235401 0.084727 -0.428627
v -1.209730 0.037543 -0.364621
v -1.159241 0.031375 -0.256106
v -1.094688 0.133710 -0.127180
v -0.990991 -0.015187 0.008589
v -0.930730 0.033326 0.072883
v -0.999143 0.093898 -0.005409
v -0.962070 -0.089633 0.027427
v -0.922449 -0.017671 0.070250
v -0.927181 -0.132182 0.042224
v -0.885126 -0.190761 0.043128
v -0.862304 -0.062480 0.087662
v -0.852951 -0.251903 0.025184
v -0.832716 -0.175188 0.060712
v -0.811367 -0.252675 0.027377
v -0.884708 -0.291936 -0.006038
v -0.821717 -0.313974 -0.012472
v -0.768879 -0.245869 0.019979
v -0.904478 -0.324891 -0.042409
v -0.840114 -0.348280 -0.047592
v -0.796535 -0.349935 -0.068572
v -0.761422 -0.315030 -0.050987
v -0.862073 -0.373519 -0.093237
v -0.806854 -0.374837 -0.112466
v -0.848548 -0.391036 -0.143990
v -0.799322 -0.385716 -0.191163
v -0.709227 -0.285569 -0.100404
v -0.728070 -0.226474 0.009188
v -0.694611 -0.207045 -0.011893
v -0.768237 -0.193345 0.048068
v -0.729849 -0.102204 0.061270
v -0.772212 -0.105822 0.074591
v -0.809181 -0.081763 0.087793
v -0.888100 -0.034348 0.090610
v -0.823603 0.006810 0.132015
v -0.863107 0.073850 0.140861
v -0.902453 0.102819 0.125601
v -0.941701 0.156933 0.104661
v -0.911268 0.180104 0.131368
v -0.959300 0.257606 0.105405
v -1.024659 0.261604 0.012467
v -1.050161 0.232742 -0.057347
v -1.226910 0.325821 -0.402390
v -1.242079 0.420832 -0.465300
v -1.267343 0.494991 -0.626824
v -1.273565 0.463532 -0.749895
v -1.267606 0.635025 -0.864222
v -1.256062 0.640985 -0.968342
v -1.229402 0.758108 -1.106992
v -1.168475 0.939648 -1.259883
v -1.144577 0.907115 -1.306367
v -1.125923 1.083951 -1.315183
v -1.060276 1.123548 -1.393822
v -1.020152 1.161365 -1.420134
v -0.948570 1.214263 -1.446473
v -0.892345 1.346325 -1.445746
v -0.910157 1.399593 -1.428119
v -0.855538 1.466874 -1.410167
v -0.979073 1.418549 -1.384153
v -0.923474 1.481906 -1.382059
v -1.028953 1.420451 -1.341994
v -1.032043 1.276402 -1.385384
v -1.095254 1.222616 -1.319166
v -1.134256 1.300151 -1.170313
v -1.118133 1.227512 -1.271706
v -1.104888 1.399238 -1.139642
v -1.043457 1.481511 -1.252428
v -1.053885 1.450035 -1.252450
v -1.020045 1.491101 -1.295100
v -0.991957 1.511182 -1.321781
v -0.955702 1.503477 -1.353997
v -0.941151 1.588001 -1.348153
v -0.892767 1.548772 -1.386153
v -0.837165 1.521899 -1.411471
v -0.822274 1.584924 -1.402770
v -0.761275 1.531193 -1.416346
v -0.697391 1.506320 -1.412037
v -0.634799 1.470700 -1.397103
v -0.583505 1.451789 -1.377546
v -0.529424 1.426848 -1.348641
v -0.557299 1.332953 -1.349102
v -0.595804 1.294713 -1.384855
v -0.555220 1.234782 -1.388753
v -0.592639 1.170459 -1.445471
v -0.683062 1.079422 -1.491989
v -0.716203 0.974173 -1.495808
v -0.746165 0.840611 -1.482289
v -0.858608 0.775799 -1.466432
v -0.964833 0.729547 -1.436715
v -1.004497 0.534814 -1.389853
v -1.099939 0.528090 -1.312578
v -1.214912 0.308343 -1.070085
v -1.187493 0.296118 -1.132965
v -1.253310 0.170119 -0.963216
v -1.275948 0.127394 -0.818958
v -1.276316 0.102080 -0.688902
v -1.267511 -0.029124 -0.699123
v -1.260904 0.025663 -0.568236
v -1.230000 -0.034815 -0.457121
v -1.146170 -0.070547 -0.256166
v -1.106489 -0.199134 -0.235698
v -1.038207 -0.290856 -0.177051
v -1.001625 -0.343131 -0.182340
v -0.918673 -0.358259 -0.096146
v -0.905068 -0.383718 -0.145045
v -0.892402 -0.400155 -0.212825
v -0.971204 -0.394757 -0.284628
v -0.851830 -0.400716 -0.218207
v -0.826985 -0.393094 -0.263986
v -0.794791 -0.375627 -0.274475
v -0.739081 -0.337070 -0.213273
v -0.731395 -0.319237 -0.281236
v -0.670322 -0.260477 -0.184291
v -0.674948 -0.218264 -0.061151
v -0.639356 -0.153560 -0.058295
v -0.687074 -0.093648 0.037410
v -0.649719 -0.086624 0.001718
v -0.747398 -0.016518 0.115448
v -0.692917 0.000456 0.103029
v -0.782063 -0.001613 0.128668
v -0.724052 0.030524 0.122172
v -0.806937 0.150566 0.156779
v -0.864190 0.180096 0.150260
v -0.860450 0.319649 0.166434
v -0.916095 0.309756 0.142163
v -0.979721 0.368438 0.092663
v -1.012698 0.317269 0.049685
v -1.091374 0.319347 -0.121714
v -1.158761 0.293935 -0.237596
v -1.202427 0.494392 -0.361233
v -1.244143 0.776933 -1.035329
v -1.231068 0.943452 -1.047635
v -1.202649 0.947383 -1.165577
v -1.080254 1.186550 -1.355653
v -1.225575 1.072779 -1.005934
v -1.257695 0.792998 -0.924531
v -1.265266 0.772723 -0.836451
v -1.255300 0.930404 -0.880392
v -1.259855 0.883174 -0.784700
v -1.261064 0.725290 -0.683304
v -1.269947 0.621875 -0.734765
v -1.255803 0.575960 -0.583322
v -1.237383 0.581356 -0.503934
v -1.216020 0.665664 -0.463776
v -1.167690 0.554310 -0.301430
v -1.178564 0.423443 -0.292085
v -1.114611 0.452659 -0.173382
v -1.080580 0.369306 -0.085316
v -1.085607 0.522307 -0.082200
v -1.062469 0.397701 -0.025785
v -1.044873 0.458728 0.011176
v -1.001584 0.488126 0.061313
v -0.934034 0.476350 0.119376
v -0.860540 0.496478 0.154972
v -0.786601 0.323499 0.175108
v -0.770574 0.428221 0.177863
v -0.717235 0.303813 0.166200
v -0.663521 0.245523 0.145535
v -0.756376 0.140128 0.150593
v -0.604845 0.218066 0.114766
v -0.643253 0.002067 0.072123
v -0.547600 0.191672 0.073557
v -0.594456 0.007374 0.027418
v -0.602377 -0.065905 -0.048981
v -0.569411 -0.074646 -0.128713
v -0.625727 -0.179708 -0.122631
v -0.587339 -0.145749 -0.186060
v -0.612024 -0.185977 -0.246745
v -0.546540 -0.086252 -0.236440
v -0.615952 -0.178851 -0.298598
v -0.660691 -0.245063 -0.244867
v -0.657328 -0.224278 -0.316557
v -0.709144 -0.268803 -0.354372
v -0.759299 -0.274321 -0.474546
v -0.694790 -0.199511 -0.463547
v -0.771406 -0.341193 -0.329054
v -0.850584 -0.355683 -0.462284
v -0.893913 -0.378413 -0.525082
v -0.814043 -0.302377 -0.554361
v -0.768376 -0.253215 -0.573779
v -0.722444 -0.207208 -0.538876
v -0.659515 -0.158052 -0.434135
v -0.601208 -0.125111 -0.339668
v -0.549835 -0.080911 -0.278695
v -0.537922 -0.055964 -0.188611
v -0.498837 0.040513 -0.285790
v -0.483542 0.092575 -0.238334
v -0.535002 -0.007815 -0.321044
v -0.588432 -0.040809 -0.384908
v -0.647091 -0.103231 -0.462879
v -0.675223 -0.128830 -0.520940
v -0.691016 -0.145416 -0.571487
v -0.722485 -0.196428 -0.607890
v -0.757609 -0.237200 -0.645146
v -0.786830 -0.278026 -0.716846
v -0.847242 -0.330087 -0.629098
v -0.739937 -0.235595 -0.720476
v -0.783242 -0.307562 -0.787773
v -0.749171 -0.308171 -0.841513
v -0.762220 -0.356539 -0.883447
v -0.677659 -0.333407 -0.950753
v -0.646230 -0.243096 -0.880086
v -0.615121 -0.342315 -1.026678
v -0.592927 -0.280342 -0.965338
v -0.563205 -0.223232 -0.937896
v -0.625026 -0.189968 -0.855579
v -0.678333 -0.217674 -0.814911
v -0.705015 -0.214419 -0.761405
v -0.666601 -0.153248 -0.756469
v -0.695827 -0.155986 -0.665280
v -0.711551 -0.187470 -0.681552
v -0.673379 -0.101126 -0.649812
v -0.667192 -0.078739 -0.572310
v -0.639982 -0.020901 -0.507379
v -0.613146 -0.024157 -0.442062
v -0.564979 0.053374 -0.400707
v -0.497946 0.093880 -0.326712
v -0.478064 0.114799 -0.279880
v -0.463700 0.146151 -0.199434
v -0.453310 0.170156 -0.254775
v -0.411864 0.206955 -0.167379
v -0.467202 0.158464 -0.035083
v -0.477655 0.196934 0.018401
v -0.522876 0.134978 0.022860
v -0.459872 0.309925 0.052901
v -0.508420 0.381825 0.102026
v -0.774506 0.531519 0.172081
v -1.016755 0.633267 0.023706
v -1.062902 0.591911 -0.032462
v -1.101183 0.677002 -0.140005
v -1.129606 0.607225 -0.243582
v -1.164829 0.686383 -0.354930
v -1.205185 0.818269 -0.493053
v -1.243974 0.950381 -0.728122
v -1.238971 1.036375 -0.843312
v -1.242113 1.032644 -0.906042
v -1.213624 1.173765 -0.950377
v -1.171217 1.266716 -1.063413
v -1.124412 1.445322 -1.066983
v -1.100956 1.488772 -1.124344
v -1.061816 1.540699 -1.210565
v -1.026518 1.576273 -1.261147
v -0.986099 1.600156 -1.302970
v -0.965850 1.683825 -1.277498
v -0.926643 1.651888 -1.334860
v -0.878286 1.608636 -1.380200
v -0.830997 1.716095 -1.343997
v -0.712097 1.664383 -1.379411
v -0.757251 1.721512 -1.357901
v -0.649787 1.654645 -1.372662
v -0.597478 1.661999 -1.355292
v -0.524898 1.589131 -1.334108
v -0.462025 1.395474 -1.302623
v -0.490821 1.317913 -1.304370
v -0.505460 1.276596 -1.325789
v -0.394899 1.167270 -1.314693
v -0.494965 1.168453 -1.393120
v -0.511145 1.104860 -1.428637
v -0.563729 1.027575 -1.466596
v -0.596669 0.963248 -1.480967
v -0.623628 0.819116 -1.472321
v -0.730726 0.771316 -1.472285
v -0.873001 0.660776 -1.454278
v -0.969180 0.601182 -1.417297
v -0.918458 0.556994 -1.433121
v -1.046813 0.510897 -1.357151
v -1.059113 0.344501 -1.315859
v -1.098909 0.363743 -1.277895
v -1.132253 0.331910 -1.228899
v -1.262378 0.066892 -0.913553
v -1.271737 0.026715 -0.821797
v -1.261418 -0.079654 -0.738437
v -1.222896 -0.140036 -0.505413
v -1.203506 -0.097988 -0.404523
v -1.129736 -0.211070 -0.295479
v -1.102251 -0.278494 -0.291632
v -1.081614 -0.315344 -0.293892
v -0.996592 -0.372471 -0.242659
v -0.949350 -0.405442 -0.347279
v -0.905048 -0.402048 -0.345485
v -0.881659 -0.386884 -0.405941
v -0.913285 -0.394172 -0.574051
v -0.834702 -0.341020 -0.738152
v -0.946337 -0.444986 -0.678508
v -0.877338 -0.429238 -0.815061
v -0.820323 -0.421805 -0.897231
v -0.881804 -0.507164 -0.959561
v -0.817267 -0.463827 -0.972973
v -0.728723 -0.421498 -1.016178
v -0.649661 -0.420522 -1.111666
v -0.556280 -0.372695 -1.117556
v -0.535329 -0.336915 -1.074170
v -0.547065 -0.285323 -1.003096
v -0.455739 -0.249981 -1.011308
v -0.487171 -0.205986 -0.971191
v -0.558542 -0.143650 -0.902445
v -0.594910 -0.165108 -0.875462
v -0.619737 -0.113781 -0.817417
v -0.634348 -0.091686 -0.782982
v -0.664448 -0.104001 -0.708686
v -0.656152 -0.010751 -0.589107
v -0.652488 0.039569 -0.670203
v -0.605628 0.100286 -0.482525
v -0.574248 0.189871 -0.454382
v -0.497430 0.158148 -0.354488
v -0.452301 0.207799 -0.294073
v -0.440252 0.283237 -0.306259
v -0.412435 0.230919 -0.217554
v -0.398540 0.301944 -0.256787
v -0.375266 0.221532 -0.107328
v -0.380796 0.241548 -0.054875
v -0.324815 0.359813 -0.018362
v -0.291103 0.468761 0.015148
v -0.295149 0.534420 0.042184
v -0.335048 0.579705 0.075106
v -0.410774 0.601888 0.110261
v -0.365983 0.723352 0.096855
v -0.596128 0.628635 0.161038
v -0.649462 0.703959 0.156467
v -0.713796 0.670947 0.165256
v -0.794515 0.679332 0.154128
v -0.874635 0.681562 0.126703
v -0.950230 0.685969 0.076744
v -1.069602 0.703967 -0.072505
v -1.094012 0.753491 -0.172522
v -1.186535 0.829625 -0.459775
v -1.222982 0.895223 -0.588730
v -1.206107 0.995715 -0.647781
v -1.223925 1.035185 -0.744062
v -1.225179 1.118475 -0.855482
v -1.227004 1.194719 -0.773037
v -1.222703 1.252466 -0.880840
v -1.200560 1.315106 -0.955584
v -1.215242 1.299698 -0.855496
v -1.189699 1.367670 -0.922516
v -1.133110 1.454588 -1.015384
v -1.131257 1.479374 -0.922755
v -1.096583 1.544137 -1.070752
v -1.039892 1.636266 -1.171903
v -1.057865 1.586131 -1.186858
v -1.007899 1.654315 -1.234870
v -1.020877 1.671513 -1.147927
v -0.966391 1.728336 -1.196262
v -0.891074 1.721210 -1.310686
v -0.902412 1.774563 -1.238527
v -0.833691 1.813210 -1.267460
v -0.771185 1.830754 -1.291313
v -0.685801 1.750325 -1.346365
v -0.424905 1.524424 -1.272592
v -0.395016 1.586893 -1.237230
v -0.312284 1.452141 -1.146719
v -0.369333 1.374497 -1.215781
v -0.386408 1.295099 -1.207910
v -0.366440 1.256492 -1.192667
v -0.413088 1.268560 -1.240818
v -0.349113 1.179521 -1.240315
v -0.373729 1.101052 -1.326837
v -0.439777 1.129366 -1.373442
v -0.447339 1.043799 -1.403589
v -0.477556 0.939649 -1.431444
v -0.533205 0.939783 -1.457397
v -0.556726 0.811799 -1.459190
v -0.633801 0.709421 -1.458607
v -0.774314 0.619795 -1.459968
v -0.876102 0.592687 -1.446794
v -0.786507 0.460201 -1.455731
v -0.923893 0.367970 -1.414224
v -0.966224 0.409322 -1.397558
v -1.025397 0.184346 -1.314481
v -1.115118 0.166054 -1.228872
v -1.146472 0.184682 -1.191775
v -1.197000 0.107288 -1.110389
v -1.235652 0.053247 -1.019273
v -1.241389 -0.069714 -0.936873
v -1.249983 -0.112121 -0.833302
v -1.242791 -0.148388 -0.626283
v -1.196995 -0.240596 -0.507418
v -1.053698 -0.351287 -0.300323
v -1.050923 -0.392722 -0.422580
v -0.932156 -0.404837 -0.451007
v -0.977604 -0.425152 -0.514286
v -0.944765 -0.413909 -0.530337
v -0.987735 -0.472929 -0.675554
v -0.951490 -0.503895 -0.819496
v -0.879687 -0.532286 -1.045784
v -0.822151 -0.491239 -1.024278
v -0.746645 -0.491468 -1.131248
v -0.574271 -0.420628 -1.197815
v -0.511528 -0.388206 -1.182859
v -0.425787 -0.325140 -1.089184
v -0.373629 -0.297448 -1.074045
v -0.365308 -0.224095 -1.024146
v -0.489472 -0.133801 -0.943519
v -0.475018 -0.064310 -0.936100
v -0.536626 -0.082382 -0.903426
v -0.576514 -0.057766 -0.860136
v -0.642093 -0.010193 -0.736806
v -0.638184 0.054439 -0.732982
v -0.640196 0.113175 -0.649985
v -0.635842 0.111911 -0.573519
v -0.632418 0.195393 -0.594236
v -0.612587 0.200398 -0.516473
v -0.525354 0.268449 -0.417997
v -0.398050 0.357664 -0.277630
v -0.328889 0.346792 -0.205636
v -0.356314 0.272921 -0.168357
v -0.279769 0.341675 -0.114854
v -0.246700 0.400155 -0.071883
v -0.201001 0.467986 -0.144599
v -0.234842 0.462939 -0.038348
v -0.190338 0.490045 -0.100870
v -0.224541 0.545937 -0.009025
v -0.175725 0.552131 -0.074944
v -0.133612 0.716598 -0.067656
v -0.220648 0.606809 0.005268
v -0.273557 0.684964 0.056053
v -0.255825 0.800901 0.045359
v -0.327776 0.815107 0.071278
v -0.459149 0.760513 0.114133
v -0.483356 0.852496 0.084778
v -0.635240 0.772565 0.131735
v -0.727721 0.739810 0.146177
v -0.805589 0.745986 0.131295
v -0.879237 0.750344 0.101621
v -0.950390 0.753207 0.050350
v -1.016230 0.743267 -0.009627
v -1.051266 0.790020 -0.100353
v -0.987693 0.830537 -0.045475
v -1.011166 0.867784 -0.126706
v -1.107909 0.898445 -0.330646
v -1.072277 0.963762 -0.219583
v -1.123899 0.984793 -0.341103
v -1.166224 1.022123 -0.459995
v -1.182062 0.985659 -0.552756
v -1.157611 0.938917 -0.474989
v -1.178367 0.933340 -0.517710
v -1.209966 1.050253 -0.677944
v -1.204437 1.096542 -0.609524
v -1.213119 1.253643 -0.734434
v -1.196215 1.327200 -0.760343
v -1.184215 1.374606 -0.819995
v -1.078199 1.579653 -1.013661
v -1.034110 1.646836 -1.021748
v -0.957858 1.747019 -1.111349
v -0.841066 1.874004 -1.118467
v -0.790531 1.916206 -1.162662
v -0.749661 1.937531 -1.193696
v -0.708333 1.940225 -1.226156
v -0.707144 1.849942 -1.294160
v -0.614854 1.774589 -1.322521
v -0.532446 1.830664 -1.271779
v -0.486257 1.805511 -1.260187
v -0.470826 1.700649 -1.275886
v -0.421298 1.677937 -1.243804
v -0.380903 1.676307 -1.202088
v -0.322294 1.566854 -1.149743
v -0.355233 1.541318 -1.201798
v -0.272756 1.488321 -1.064707
v -0.267675 1.405614 -1.049485
v -0.312563 1.359393 -1.134842
v -0.302505 1.300505 -1.081459
v -0.330446 1.285287 -1.132730
v -0.300181 1.249984 -1.073263
v -0.319632 1.233774 -1.130042
v -0.293341 1.095642 -1.176916
v -0.313068 1.094163 -1.239633
v -0.338620 1.098651 -1.280662
v -0.329983 0.942176 -1.313579
v -0.374304 0.939986 -1.360937
v -0.441633 0.803541 -1.413038
v -0.489947 0.816429 -1.438350
v -0.551781 0.620054 -1.434831
v -0.706069 0.570242 -1.455151
v -0.637488 0.519806 -1.444121
v -0.869983 0.395908 -1.436656
v -0.874334 0.246858 -1.417899
v -0.972591 0.188791 -1.354822
v -1.069348 0.167276 -1.274338
v -1.136118 0.043107 -1.192769
v -1.193985 0.006537 -1.102260
v -1.168386 -0.050888 -1.130517
v -1.201619 -0.086791 -1.052259
v -1.214791 -0.160087 -0.961239
v -1.223546 -0.219388 -0.845712
v -1.219885 -0.278459 -0.724501
v -1.214738 -0.270526 -0.624658
v -1.177937 -0.362258 -0.610103
v -1.126347 -0.341844 -0.463541
v -1.098292 -0.378414 -0.476556
v -1.065713 -0.419019 -0.520178
v -1.023494 -0.437393 -0.540776
v -1.012874 -0.412407 -0.444609
v -1.076851 -0.475742 -0.649946
v -1.029866 -0.476279 -0.645552
v -1.054577 -0.518188 -0.765941
v -1.013356 -0.509001 -0.748642
v -1.004169 -0.548999 -0.905947
v -0.971501 -0.532111 -0.863650
v -1.034294 -0.546631 -0.942240
v -0.994148 -0.553978 -1.024123
v -0.934904 -0.552817 -1.031714
v -0.928017 -0.551102 -1.115569
v -0.881435 -0.543817 -1.102326
v -0.854865 -0.535416 -1.179607
v -0.732063 -0.496779 -1.180545
v -0.668768 -0.472835 -1.241655
v -0.527499 -0.399451 -1.231962
v -0.413952 -0.355653 -1.184140
v -0.364507 -0.331027 -1.125901
v -0.350616 -0.327911 -1.148024
v -0.310914 -0.270998 -1.086202
v -0.275309 -0.214083 -1.076267
v -0.346904 -0.168814 -1.007630
v -0.330149 -0.119298 -1.001626
v -0.334116 -0.046293 -0.993707
v -0.400346 0.037222 -0.966746
v -0.499614 0.047240 -0.912345
v -0.575140 0.071808 -0.841818
v -0.605213 0.077536 -0.794774
v -0.621932 0.121643 -0.736445
v -0.632555 0.178990 -0.672186
v -0.615381 0.249453 -0.570520
v -0.571679 0.318265 -0.511560
v -0.544673 0.337245 -0.468210
v -0.480475 0.366122 -0.370678
v -0.356461 0.454598 -0.269858
v -0.296056 0.427147 -0.223633
v -0.230257 0.453736 -0.183275
v -0.136458 0.630006 -0.196260
v -0.098461 0.701782 -0.178002
v -0.126677 0.653092 -0.119736
v -0.065826 0.773934 -0.164463
v -0.065763 0.790587 -0.136082
v -0.095954 0.837759 -0.071069
v -0.207645 0.892480 0.011310
v -0.220908 0.964028 -0.001817
v -0.335220 0.909874 0.042923
v -0.409756 0.929273 0.063177
v -0.550578 0.882767 0.092761
v -0.630030 0.819670 0.109130
v -0.686132 0.856269 0.101435
v -0.769488 0.817003 0.100746
v -0.791164 0.854130 0.085046
v -0.857990 0.856152 0.057242
v -0.866663 0.820912 0.063845
v -0.918918 0.856305 0.009463
v -0.967635 0.866003 -0.050318
v -1.024083 0.944033 -0.125033
v -0.964316 0.956788 -0.034780
v -1.025587 1.018616 -0.140330
v -1.109499 1.093266 -0.315379
v -1.150038 1.177888 -0.448660
v -1.149858 1.078656 -0.402967
v -1.179397 1.133702 -0.516666
v -1.177738 1.283951 -0.638385
v -1.151923 1.377550 -0.684270
v -1.136902 1.447409 -0.784064
v -1.085406 1.523841 -0.799991
v -1.002217 1.652345 -0.882991
v -0.969351 1.718442 -1.001896
v -0.872155 1.829327 -1.009907
v -0.765511 1.944510 -1.063004
v -0.728872 1.979371 -1.098830
v -0.688054 2.005112 -1.134419
v -0.656616 2.007342 -1.170466
v -0.660885 1.940056 -1.239781
v -0.617644 1.911983 -1.257992
v -0.571445 1.885563 -1.261916
v -0.436324 1.836968 -1.214838
v -0.382097 1.776710 -1.181157
v -0.333845 1.686280 -1.130534
v -0.294521 1.535053 -1.106332
v -0.268919 1.566218 -1.030168
v -0.254535 1.534246 -0.994771
v -0.246226 1.474197 -0.962017
v -0.254338 1.383317 -0.977053
v -0.271943 1.354584 -1.026324
v -0.280755 1.292324 -0.980703
v -0.289600 1.277570 -1.029153
v -0.273517 1.208528 -0.998233
v -0.267743 1.144114 -0.988457
v -0.281993 1.113869 -1.096102
v -0.281727 1.046852 -1.061694
v -0.285655 0.984227 -1.145724
v -0.286402 0.892390 -1.226104
v -0.304525 0.933510 -1.272676
v -0.371513 0.813031 -1.356383
v -0.411392 0.712687 -1.388078
v -0.463498 0.670465 -1.413761
v -0.715076 0.331622 -1.450668
v -0.631862 0.315988 -1.439467
v -0.800311 0.301168 -1.444226
v -0.830475 0.176607 -1.420399
v -0.919143 0.166269 -1.382823
v -1.069641 -0.010969 -1.252230
v -1.131192 -0.052424 -1.179173
v -1.076235 -0.182610 -1.203329
v -1.079436 -0.283602 -1.165127
v -1.140775 -0.244495 -1.083417
v -1.175499 -0.261592 -0.984020
v -1.170559 -0.365917 -0.903990
v -1.189053 -0.379668 -0.770442
v -1.197045 -0.349885 -0.670512
v -1.172209 -0.418513 -0.724279
v -1.150779 -0.420071 -0.640953
v -1.117362 -0.452347 -0.642049
v -1.140402 -0.468447 -0.749285
v -1.108092 -0.491429 -0.730351
v -1.101602 -0.507435 -0.875019
v -1.069358 -0.530700 -0.855889
v -1.049317 -0.531097 -1.004498
v -1.124392 -0.472164 -0.898753
v -1.073205 -0.493631 -1.026865
v -1.024026 -0.499193 -1.112960
v -0.978508 -0.536394 -1.122144
v -0.982565 -0.489433 -1.173930
v -0.931409 -0.482683 -1.218757
v -0.904257 -0.526377 -1.192221
v -0.842011 -0.474122 -1.264109
v -0.823001 -0.506275 -1.237990
v -0.736690 -0.445894 -1.295323
v -0.709560 -0.472884 -1.269928
v -0.664258 -0.412346 -1.308401
v -0.637995 -0.442623 -1.278220
v -0.595201 -0.371690 -1.312378
v -0.550522 -0.392784 -1.272834
v -0.492182 -0.337677 -1.278466
v -0.404843 -0.299200 -1.244550
v -0.364656 -0.326262 -1.185295
v -0.295184 -0.249949 -1.180461
v -0.305199 -0.285670 -1.157792
v -0.299223 -0.285559 -1.126160
v -0.263331 -0.231626 -1.149864
v -0.258750 -0.225770 -1.118313
v -0.233588 -0.157048 -1.122336
v -0.254301 -0.148170 -1.071246
v -0.234490 -0.048817 -1.099628
v -0.261389 -0.077412 -1.053511
v -0.289340 -0.040048 -1.024980
v -0.259070 -0.014508 -1.065964
v -0.339471 0.097235 -1.008549
v -0.452462 0.087853 -0.941554
v -0.523403 0.100368 -0.889100
v -0.528879 0.192610 -0.868096
v -0.604662 0.185460 -0.756197
v -0.600002 0.309756 -0.655862
v -0.577395 0.382642 -0.609034
v -0.579506 0.360849 -0.578160
v -0.566384 0.389154 -0.540250
v -0.526931 0.483569 -0.447158
v -0.484282 0.483226 -0.387093
v -0.433396 0.487965 -0.331600
v -0.386546 0.521645 -0.301704
v -0.314384 0.541088 -0.268831
v -0.232194 0.547421 -0.234662
v -0.207237 0.643004 -0.252549
v -0.168989 0.619152 -0.227502
v -0.111743 0.716608 -0.218566
v -0.067242 0.793011 -0.201485
v -0.035165 0.867381 -0.181649
v -0.023352 0.893375 -0.156885
v -0.037520 0.884149 -0.123857
v -0.018696 0.954511 -0.139855
v -0.070309 1.017024 -0.093418
v -0.151360 1.004642 -0.039099
v -0.228801 1.054141 -0.002359
v -0.379307 1.009150 0.054462
v -0.501221 0.997293 0.076856
v -0.486685 0.953351 0.082312
v -0.611396 0.977478 0.087850
v -0.619313 0.909637 0.099027
v -0.723616 0.925643 0.093407
v -0.791586 0.944604 0.077759
v -0.860437 0.935370 0.052571
v -0.923986 0.937388 0.008849
v -0.849810 1.002956 0.036852
v -0.900050 1.028980 -0.005485
v -0.952119 1.048584 -0.057555
v -0.881601 1.124239 -0.053060
v -0.930236 1.149307 -0.107999
v -0.988572 1.159679 -0.173809
v -1.028205 1.090629 -0.175895
v -1.031715 1.183585 -0.247874
v -1.092546 1.148024 -0.310722
v -1.114906 1.205941 -0.396021
v -1.123236 1.257811 -0.461852
v -1.106417 1.409231 -0.605619
v -1.057399 1.499825 -0.651035
v -0.969100 1.661260 -0.792910
v -0.965635 1.591809 -0.618434
v -0.862797 1.805875 -0.899793
v -0.766135 1.912065 -0.945272
v -0.664322 2.027944 -1.014247
v -0.627398 2.059301 -1.062219
v -0.592084 2.072963 -1.084453
v -0.599089 2.023884 -1.167670
v -0.561004 2.002908 -1.185877
v -0.502313 2.008026 -1.161150
v -0.517128 1.942279 -1.214431
v -0.458713 1.989993 -1.151926
v -0.453270 1.908015 -1.196262
v -0.350870 1.943478 -1.088948
v -0.334744 1.823682 -1.103420
v -0.309477 1.746782 -1.075430
v -0.287896 1.704040 -1.032088
v -0.270642 1.696923 -0.977046
v -0.251339 1.593314 -0.930050
v -0.254809 1.580967 -0.880603
v -0.248999 1.454187 -0.917971
v -0.259293 1.420584 -0.882981
v -0.256241 1.373582 -0.932730
v -0.287935 1.302572 -0.878245
v -0.280155 1.287045 -0.930803
v -0.290758 1.265298 -0.865637
v -0.271070 1.194424 -0.901672
v -0.276648 1.121713 -0.864387
v -0.266196 1.128599 -0.934002
v -0.280350 1.062573 -0.916154
v -0.282454 1.039315 -0.995996
v -0.295365 0.958507 -1.044749
v -0.322694 0.911520 -0.994550
v -0.288390 0.910119 -1.111103
v -0.283359 0.876180 -1.180100
v -0.305125 0.852070 -1.271508
v -0.298109 0.800456 -1.230177
v -0.342328 0.760812 -1.315626
v -0.321495 0.713821 -1.272392
v -0.339655 0.598965 -1.304956
v -0.354356 0.539590 -1.316791
v -0.410802 0.484095 -1.354513
v -0.486941 0.465109 -1.392672
v -0.560836 0.440837 -1.419367
v -0.632610 0.152109 -1.427601
v -0.720782 0.168615 -1.435467
v -0.776901 0.127264 -1.425205
v -0.899345 -0.003392 -1.367549
v -0.828623 -0.109685 -1.378079
v -0.977012 -0.100729 -1.305245
v -1.029156 -0.239428 -1.232560
v -1.129229 -0.362888 -1.028002
v -1.156463 -0.439873 -0.831449
v -1.109540 -0.446622 -0.998057
v -1.081967 -0.405676 -1.102645
v -1.044754 -0.432474 -1.140225
v -1.013202 -0.364592 -1.208144
v -0.887873 -0.436537 -1.264106
v -0.836011 -0.416448 -1.291055
v -0.774627 -0.343965 -1.330368
v -0.634703 -0.285159 -1.352116
v -0.551800 -0.319390 -1.319367
v -0.460325 -0.244042 -1.306036
v -0.518201 -0.165166 -1.357092
v -0.460451 -0.049043 -1.350698
v -0.311358 -0.023580 -1.261827
v -0.256983 -0.133860 -1.199436
v -0.265880 -0.025033 -1.225330
v -0.232554 -0.140628 -1.162686
v -0.224116 -0.056521 -1.140070
v -0.237359 -0.026124 -1.191361
v -0.259562 0.162227 -1.172695
v -0.256637 0.120934 -1.125188
v -0.303292 0.161414 -1.054007
v -0.283256 0.216420 -1.094248
v -0.396917 0.224901 -0.979260
v -0.453077 0.284045 -0.933722
v -0.496763 0.290181 -0.888558
v -0.562134 0.336089 -0.771335
v -0.569502 0.354583 -0.739276
v -0.574393 0.405455 -0.654987
v -0.544143 0.525570 -0.485139
v -0.553534 0.535752 -0.518813
v -0.480612 0.614128 -0.393929
v -0.402319 0.704993 -0.329305
v -0.336439 0.676037 -0.293636
v -0.209498 0.762715 -0.266525
v -0.138147 0.767905 -0.247743
v -0.156015 0.909580 -0.260651
v -0.119579 0.841344 -0.246158
v -0.080570 0.850487 -0.229840
v -0.047297 0.910616 -0.213271
v -0.072499 0.992277 -0.241823
v -0.014727 1.040686 -0.207003
v -0.027313 1.013987 -0.131751
v -0.005426 1.111233 -0.153538
v -0.027101 1.115295 -0.121307
v -0.072859 1.118163 -0.084675
v -0.226806 1.153145 -0.024959
v -0.310930 1.161568 -0.005613
v -0.440132 1.126921 0.029571
v -0.515813 1.085838 0.049910
v -0.701931 1.037887 0.062413
v -0.762466 1.069351 0.036636
v -0.817696 1.094747 0.002911
v -0.751136 1.247569 -0.072408
v -0.927583 1.244785 -0.188035
v -1.053935 1.281334 -0.363268
v -1.080591 1.337309 -0.465200
v -1.009828 1.398270 -0.411469
v -1.035321 1.456767 -0.528853
v -0.975025 1.491491 -0.470392
v -0.888801 1.694850 -0.671123
v -0.905953 1.704618 -0.736222
v -0.680419 1.970910 -0.879099
v -0.588698 2.054280 -0.884693
v -0.589126 2.074093 -0.933402
v -0.551365 2.104915 -0.954362
v -0.527183 2.116660 -0.991955
v -0.535163 2.086976 -1.077248
v -0.491439 2.078387 -1.084997
v -0.437869 2.073578 -1.066138
v -0.398611 1.996447 -1.103673
v -0.302876 1.910192 -1.044320
v -0.273149 1.884598 -0.997542
v -0.261955 1.865891 -0.965888
v -0.273540 1.746184 -0.910490
v -0.271474 1.750188 -0.961083
v -0.272359 1.698909 -0.894555
v -0.284348 1.554152 -0.800597
v -0.285076 1.424682 -0.820958
v -0.292592 1.169022 -0.810340
v -0.299611 1.116418 -0.794668
v -0.298900 1.073506 -0.817052
v -0.321274 0.978415 -0.909848
v -0.375681 0.952729 -0.818499
v -0.341314 0.787550 -1.025617
v -0.303416 0.784858 -1.122955
v -0.302278 0.717450 -1.175276
v -0.306368 0.694686 -1.228544
v -0.320962 0.627727 -1.276481
v -0.367184 0.407668 -1.318287
v -0.505858 0.373750 -1.398024
v -0.539405 0.291775 -1.412681
v -0.554467 0.110033 -1.403986
v -0.656659 -0.101076 -1.400888
v -0.718976 -0.107979 -1.399780
v -0.771880 -0.095830 -1.394516
v -0.879689 -0.121457 -1.355942
v -0.923112 -0.254313 -1.304681
v -0.972236 -0.340237 -1.249362
v -0.837012 -0.223609 -1.351412
v -0.693293 -0.268340 -1.362782
v -0.584573 -0.216968 -1.363197
v -0.594416 -0.062388 -1.396719
v -0.535138 -0.031616 -1.385679
v -0.392980 0.015338 -1.320439
v -0.281923 0.178571 -1.222964
v -0.385496 0.292595 -0.993339
v -0.449012 0.377561 -0.939132
v -0.536071 0.308014 -0.832420
v -0.549417 0.462332 -0.740654
v -0.551335 0.522901 -0.676063
v -0.555917 0.541396 -0.612823
v -0.557718 0.542790 -0.562972
v -0.531591 0.618830 -0.498336
v -0.516962 0.613072 -0.453289
v -0.494951 0.681497 -0.437140
v -0.476449 0.660084 -0.399428
v -0.446265 0.659561 -0.361919
v -0.430545 0.766196 -0.348595
v -0.306189 0.732957 -0.287607
v -0.283886 0.826229 -0.277551
v -0.206400 0.842163 -0.266069
v -0.111009 0.957888 -0.254416
v -0.166260 1.021781 -0.282538
v -0.015353 1.112765 -0.212588
v -0.000104 1.089980 -0.184287
v -0.018598 1.181193 -0.193145
v -0.016500 1.167644 -0.155574
v -0.040141 1.168302 -0.121462
v -0.040020 1.224553 -0.168811
v -0.061294 1.220163 -0.133628
v -0.110282 1.209867 -0.094759
v -0.094237 1.161016 -0.081409
v -0.272256 1.384833 -0.111362
v -0.305360 1.375719 -0.096559
v -0.344683 1.291960 -0.051221
v -0.425872 1.236998 -0.014242
v -0.511967 1.211626 0.001138
v -0.587084 1.190964 0.009339
v -0.696391 1.161629 0.004998
v -0.696114 1.409257 -0.168849
v -0.790262 1.375105 -0.187636
v -0.959628 1.378874 -0.333120
v -0.869922 1.469754 -0.331534
v -0.928009 1.503872 -0.429868
v -0.825771 1.633632 -0.479848
v -0.861015 1.659987 -0.559638
v -0.735885 1.860107 -0.750647
v -0.666351 1.930487 -0.770663
v -0.584183 2.013298 -0.801647
v -0.496428 2.114019 -0.884318
v -0.469820 2.129137 -0.911920
v -0.439358 2.131706 -0.930647
v -0.485943 2.118948 -1.002943
v -0.435594 2.114422 -1.000347
v -0.392661 2.124106 -0.915009
v -0.365389 2.103379 -0.942044
v -0.310699 1.981078 -1.023717
v -0.265879 1.926048 -0.964667
v -0.259696 1.916536 -0.915275
v -0.289472 1.907515 -0.822893
v -0.265953 1.879286 -0.891683
v -0.264493 1.813755 -0.930572
v -0.344309 1.593117 -0.702485
v -0.343566 1.484231 -0.701805
v -0.343726 1.397629 -0.714377
v -0.354882 1.315778 -0.719462
v -0.345601 1.236572 -0.712121
v -0.391553 1.066655 -0.609637
v -0.347670 1.027197 -0.754936
v -0.405937 0.922491 -0.778167
v -0.391946 0.839528 -0.899562
v -0.383272 0.778605 -0.949077
v -0.331326 0.707071 -1.068269
v -0.328274 0.594931 -1.092910
v -0.312641 0.617324 -1.131491
v -0.299505 0.600496 -1.179000
v -0.283269 0.407040 -1.213411
v -0.290297 0.294215 -1.243700
v -0.324568 0.307270 -1.282493
v -0.433444 0.332177 -1.360697
v -0.383284 0.274603 -1.328131
v -0.477796 0.094412 -1.372864
v -0.424316 0.136649 -1.346545
v -0.754329 -0.209979 -1.373925
v -0.363039 0.194647 -1.305246
v -0.318797 0.187165 -1.266389
v -0.281801 0.388793 -1.167142
v -0.296621 0.368401 -1.118242
v -0.338185 0.368390 -1.053343
v -0.439530 0.427992 -0.952901
v -0.475676 0.465685 -0.900736
v -0.494370 0.511706 -0.854464
v -0.532546 0.530196 -0.745326
v -0.522949 0.642983 -0.622304
v -0.510058 0.708994 -0.568439
v -0.508518 0.717786 -0.518723
v -0.505008 0.699711 -0.475305
v -0.483457 0.786264 -0.423353
v -0.461161 0.767144 -0.381955
v -0.395294 0.812819 -0.317775
v -0.434968 0.851197 -0.333776
v -0.347925 0.811007 -0.297530
v -0.228309 0.962230 -0.272957
v -0.243823 1.088990 -0.296997
v -0.153763 1.175704 -0.317149
v -0.191938 1.116230 -0.308980
v -0.109805 1.170186 -0.294943
v -0.092513 1.203041 -0.281458
v -0.079052 1.246438 -0.258322
v -0.110723 1.338522 -0.248917
v -0.083781 1.299422 -0.197570
v -0.105729 1.291939 -0.154149
v -0.217910 1.387196 -0.139492
v -0.383483 1.367815 -0.081690
v -0.478163 1.332496 -0.060538
v -0.631670 1.283603 -0.051595
v -0.757572 1.448361 -0.232267
v -0.830402 1.430965 -0.263235
v -0.781508 1.622333 -0.429420
v -0.797064 1.689962 -0.526588
v -0.747377 1.731246 -0.529588
v -0.772645 1.764871 -0.615173
v -0.719980 1.796809 -0.602016
v -0.666096 1.879398 -0.681179
v -0.619718 1.904465 -0.673986
v -0.554126 1.955447 -0.693812
v -0.444204 2.050230 -0.737047
v -0.409544 2.091820 -0.781903
v -0.449795 2.113133 -0.835938
v -0.399920 2.118721 -0.842443
v -0.369508 2.108388 -0.832059
v -0.364495 2.051339 -0.725260
v -0.407342 2.050494 -0.722115
v -0.395833 1.929861 -0.572048
v -0.576673 1.902740 -0.638161
v -0.623133 1.791474 -0.515954
v -0.463647 1.841956 -0.495578
v -0.681785 1.780118 -0.539891
v -0.671201 1.697399 -0.431715
v -0.731232 1.592494 -0.361028
v -0.668641 1.561315 -0.292649
v -0.574106 1.659864 -0.341777
v -0.509034 1.685055 -0.344853
v -0.580118 1.760594 -0.462452
v -0.431101 1.760466 -0.392806
v -0.435593 1.899523 -0.547130
v -0.344656 2.022826 -0.699601
v -0.324264 1.999286 -0.697222
v -0.306503 1.966127 -0.722058
v -0.289926 1.971169 -0.813148
v -0.298640 1.796001 -0.835853
v -0.349807 1.710447 -0.723538
v -0.298888 1.621419 -0.786101
v -0.369402 1.748624 -0.685309
v -0.380604 1.667824 -0.600661
v -0.372108 1.770814 -0.648862
v -0.374503 1.712104 -0.561264
v -0.369477 1.642130 -0.511707
v -0.365136 1.773171 -0.595805
v -0.351118 1.668411 -0.474182
v -0.332968 1.771533 -0.504192
v -0.306310 1.703903 -0.426163
v -0.278956 1.650814 -0.374503
v -0.296509 1.712179 -0.397815
v -0.256807 1.601944 -0.297877
v -0.243670 1.586153 -0.317042
v -0.306088 1.713529 -0.370534
v -0.276010 1.589195 -0.257991
v -0.324628 1.667853 -0.307699
v -0.306622 1.554593 -0.217683
v -0.359271 1.626468 -0.258855
v -0.335817 1.479154 -0.156167
v -0.238267 1.553611 -0.253780
v -0.244401 1.470516 -0.180502
v -0.195427 1.502204 -0.256423
v -0.200603 1.444611 -0.189310
v -0.194711 1.490836 -0.284056
v -0.151724 1.425226 -0.253910
v -0.166952 1.416786 -0.279776
v -0.223841 1.491735 -0.310237
v -0.150347 1.405878 -0.208543
v -0.177524 1.392023 -0.290496
v -0.125600 1.384815 -0.229147
v -0.130298 1.257574 -0.301910
v -0.152111 1.240116 -0.319285
v -0.269154 1.268601 -0.367278
v -0.344713 1.109224 -0.306129
v -0.254256 1.195855 -0.347753
v -0.317157 1.076256 -0.285639
v -0.411147 0.931106 -0.291996
v -0.439038 0.934408 -0.310862
v -0.458281 0.937920 -0.333717
v -0.469259 0.953280 -0.357869
v -0.486932 0.828734 -0.443929
v -0.497202 0.795467 -0.500989
v -0.497562 0.751394 -0.591177
v -0.483256 0.859372 -0.548110
v -0.489991 0.792503 -0.603810
v -0.489226 0.724758 -0.658249
v -0.496848 0.655940 -0.711377
v -0.469797 0.667168 -0.783191
v -0.397134 0.530846 -0.994101
v -0.387412 0.631994 -0.987589
v -0.361986 0.460490 -1.036866
v -0.307814 0.488762 -1.121738
v -0.351985 0.583715 -1.052464
v -0.459121 0.615370 -0.859765
v -0.415925 0.695498 -0.912178
v -0.436989 0.768182 -0.811135
v -0.434137 0.823479 -0.789080
v -0.456666 0.902058 -0.629712
v -0.472458 0.961238 -0.399170
v -0.447806 1.041761 -0.356384
v -0.441771 1.005219 -0.318444
v -0.417805 1.068052 -0.321038
v -0.396285 1.053210 -0.295079
v -0.420136 0.985940 -0.290497
v -0.352887 1.156160 -0.343663
v -0.379031 1.172190 -0.378690
v -0.297569 1.226351 -0.368965
v -0.307669 1.347112 -0.378201
v -0.337382 1.297884 -0.404218
v -0.277604 1.399566 -0.346381
v -0.274331 1.452507 -0.337926
v -0.315843 1.420303 -0.372514
v -0.249660 1.571316 -0.332481
v -0.373990 1.553427 -0.524554
v -0.375024 1.521042 -0.600812
v -0.361435 1.575018 -0.662211
v -0.363291 1.468683 -0.656076
v -0.383762 1.392053 -0.604599
v -0.376989 1.285979 -0.636348
v -0.374515 1.168559 -0.619731
v -0.386762 1.117970 -0.597226
v -0.399835 1.012846 -0.640210
v -0.454621 0.957070 -0.550373
v -0.449738 1.013597 -0.481831
v -0.442497 1.075010 -0.429999
v -0.414523 1.158776 -0.437029
v -0.397139 1.188699 -0.422242
v -0.360151 1.244232 -0.412009
v -0.387478 1.297046 -0.465564
v -0.392524 1.245109 -0.459160
v -0.404189 1.228568 -0.508625
v -0.405013 1.197617 -0.530790
v -0.428112 1.095981 -0.485009
v -0.392634 1.339541 -0.508442
v -0.376695 1.474114 -0.521249
v -0.399718 1.420100 -0.111654
v -0.462528 1.424761 -0.117652
v -0.551721 1.412246 -0.124737
v -0.620296 1.449626 -0.173778
v -0.529927 1.568426 -0.236578
v -0.447676 1.571779 -0.219023
v -0.397884 1.603227 -0.237101
v -0.450816 1.643729 -0.279253
v -0.406941 1.834200 -0.463432
v -0.370468 1.873369 -0.509857
v -0.348744 1.872814 -0.526166
v -0.335066 1.872123 -0.554798
v -0.319786 1.956077 -0.676786
v -0.336845 1.851672 -0.620290
v -0.332693 1.851457 -0.574744
v -0.336584 1.773928 -0.413482
v -0.322186 1.783881 -0.451371
v -0.364208 1.763349 -0.386969
v -0.399233 1.742630 -0.365594
v -0.322941 1.788675 -0.487055
vn 0.4658 -0.0832 0.8810
vn 0.2526 -0.0944 0.9630
vn 0.1816 -0.0477 0.9822
vn -0.4743 0.4812 0.7372
vn -0.5958 0.5128 0.6180
vn -0.5777 0.4877 0.6545
vn -0.4526 0.4161 0.7887
vn -0.3669 0.5118 0.7768
vn -0.7718 0.1174 0.6249
vn -0.5978 0.3742 0.7090
vn -0.8474 0.0145 0.5307
vn 0.2332 -0.2329 -0.9441
vn 0.0424 -0.1296 -0.9907
vn 0.0240 -0.1518 -0.9881
vn -0.6413 0.2355 -0.7303
vn -0.6185 0.1053 -0.7787
vn -0.6034 0.1138 -0.7893
vn -0.5017 0.0620 -0.8628
vn -0.4630 -0.1213 -0.8780
vn -0.2612 -0.0139 -0.9652
vn -0.1683 -0.1018 -0.9805
vn -0.4293 -0.0774 -0.8998
vn -0.1603 -0.0929 -0.9827
vn -0.8580 -0.3274 -0.3957
vn -0.8682 -0.0978 -0.4864
vn -0.7949 -0.1514 -0.5875
vn -0.7019 -0.1199 -0.7021
vn -0.6887 -0.4313 -0.5828
vn -0.4261 -0.8049 -0.4131
vn -0.3845 -0.8662 -0.3191
vn -0.5281 -0.6829 -0.5047
vn -0.1378 -0.9697 -0.2018
vn -0.0220 -0.8777 -0.4786
vn 0.1268 -0.9526 -0.2764
vn -0.6497 -0.1751 0.7398
vn -0.5577 -0.3173 0.7670
vn -0.5271 -0.0796 0.8461
vn 0.0348 -0.1428 -0.9891
vn 0.1184 -0.0979 -0.9881
vn 0.1092 -0.1794 -0.9777
vn -0.0267 -0.2124 -0.9768
vn -0.0894 -0.1024 -0.9907
vn -0.0062 -0.0691 -0.9976
vn 0.2645 -0.0894 -0.9602
vn 0.2804 -0.0919 -0.9555
vn 0.1653 -0.0921 -0.9819
vn 0.3975 -0.1002 -0.9121
vn 0.5231 -0.0592 -0.8502
vn 0.4506 -0.0553 -0.8910
vn 0.8321 -0.0255 -0.5540
vn 0.8799 0.0130 -0.4750
vn 0.7809 -0.0184 -0.6244
vn 0.9076 0.1679 -0.3848
vn 0.9189 0.2690 -0.2884
vn 0.9208 0.2003 -0.3347
vn 0.9271 0.3194 -0.1961
vn 0.9253 0.2515 -0.2839
vn 0.9366 0.3498 -0.0211
vn 0.9549 0.2840 -0.0871
vn 0.9692 0.2332 0.0789
vn 0.9551 0.2621 0.1381
vn 0.9584 0.1911 0.2121
vn 0.9740 0.1219 0.1910
vn 0.9445 0.1860 0.2707
vn 0.9258 0.2031 0.3188
vn 0.9530 0.1298 0.2737
vn 0.9230 0.1593 0.3503
vn 0.8779 0.2028 0.4337
vn 0.9002 0.0862 0.4270
vn 0.8386 0.1521 0.5231
vn 0.7545 0.1179 0.6456
vn 0.8569 0.0570 0.5124
vn 0.3164 0.0890 0.9444
vn 0.3980 -0.0124 0.9173
vn 0.5820 0.0978 0.8073
vn -0.3715 -0.0225 0.9282
vn -0.2511 -0.0974 0.9630
vn -0.2858 -0.0028 0.9583
vn -0.4563 0.0350 0.8892
vn -0.5650 0.0923 0.8199
vn -0.5502 0.0794 0.8313
vn -0.9010 0.0276 0.4329
vn -0.9263 -0.0917 0.3654
vn -0.9863 0.0978 0.1325
vn -0.9632 -0.2545 0.0868
vn -0.9765 0.0208 -0.2143
vn -0.8774 -0.2695 -0.3970
vn -0.8094 -0.0328 -0.5863
vn -0.4076 -0.1785 -0.8956
vn -0.3618 -0.1657 -0.9174
vn -0.4236 -0.1649 -0.8907
vn -0.5355 -0.2732 -0.7991
vn -0.6851 -0.1515 -0.7125
vn -0.8400 -0.1416 -0.5237
vn -0.7626 -0.3314 -0.5555
vn -0.8947 -0.1731 -0.4118
vn -0.7852 -0.4188 -0.4562
vn -0.8515 -0.0177 -0.5241
vn -0.8687 0.3241 -0.3746
vn -0.9568 0.2001 -0.2110
vn -0.9180 0.1084 -0.3814
vn -0.7880 0.2247 -0.5732
vn -0.8492 0.2821 -0.4464
vn -0.9712 0.1836 -0.1517
vn -0.5217 -0.2796 -0.8060
vn -0.4001 -0.4776 -0.7822
vn -0.5774 -0.4261 -0.6964
vn -0.4133 -0.2777 -0.8672
vn -0.1907 -0.4975 -0.8463
vn -0.0598 -0.3587 -0.9315
vn 0.0389 -0.5021 -0.8640
vn 0.1734 -0.3824 -0.9076
vn -0.2191 -0.4217 -0.8799
vn 0.1198 -0.3453 -0.9308
vn 0.3266 -0.2457 -0.9127
vn 0.0428 -0.2940 -0.9548
vn -0.7221 -0.5308 -0.4437
vn -0.5832 -0.5829 -0.5658
vn -0.4131 -0.2609 -0.8725
vn -0.6324 -0.3905 -0.6690
vn -0.8281 -0.5601 0.0244
vn -0.8240 -0.5598 0.0876
vn -0.7652 -0.5141 0.3876
vn -0.8499 -0.5020 0.1603
vn -0.8891 -0.3386 0.3080
vn -0.8712 -0.4182 -0.2571
vn -0.3930 -0.2810 -0.8755
vn -0.4557 -0.1318 -0.8803
vn -0.1803 -0.2428 -0.9532
vn 0.0320 -0.3633 -0.9311
vn -0.0974 -0.4126 -0.9057
vn -0.2097 -0.5231 -0.8261
vn -0.8092 -0.5828 -0.0740
vn -0.8260 -0.4687 0.3130
vn -0.9425 -0.2980 -0.1516
vn -0.8093 -0.2887 0.5115
vn -0.9687 -0.1424 0.2035
vn -0.7152 -0.3872 0.5819
vn -0.8506 -0.2644 0.4546
vn -0.9638 0.0279 0.2652
vn -0.9889 0.0567 -0.1374
vn -0.9643 -0.1564 -0.2136
vn -0.8717 -0.3825 -0.3063
vn -0.7815 -0.4853 -0.3920
vn -0.7381 -0.3134 -0.5974
vn -0.6552 -0.3716 -0.6578
vn -0.7046 -0.1077 -0.7014
vn -0.5856 -0.2041 -0.7845
vn -0.6256 0.0077 -0.7801
vn -0.5453 -0.0676 -0.8355
vn -0.5627 0.0462 -0.8254
vn -0.6282 -0.0150 -0.7779
vn -0.6055 -0.0782 -0.7920
vn -0.5771 0.0379 -0.8158
vn -0.6722 0.1170 -0.7311
vn -0.8556 0.1617 -0.4917
vn -0.7579 0.3848 0.5268
vn -0.7586 0.2742 0.5910
vn -0.7452 0.3182 0.5861
vn -0.6729 0.2157 0.7076
vn -0.6053 0.1092 0.7885
vn -0.7289 0.2393 0.6414
vn -0.6007 -0.0228 0.7991
vn -0.6570 -0.1548 0.7378
vn -0.4416 -0.1147 0.8898
vn -0.5316 -0.1856 0.8264
vn -0.6500 -0.2911 0.7019
vn -0.5661 -0.3244 0.7578
vn -0.6378 -0.4095 0.6524
vn -0.7815 -0.2994 0.5474
vn -0.8833 -0.3859 0.2661
vn -0.6700 -0.3869 0.6336
vn -0.7423 0.1085 -0.6613
vn -0.7029 0.1629 -0.6924
vn -0.7442 0.2606 -0.6150
vn -0.9616 -0.1015 -0.2550
vn -0.9934 -0.0948 -0.0647
vn -0.9591 -0.1248 -0.2542
vn -0.8819 -0.2146 0.4197
vn -0.8014 -0.1656 0.5748
vn -0.9083 -0.1520 0.3897
vn -0.7745 -0.3182 0.5467
vn -0.6947 -0.2846 0.6606
vn -0.6989 -0.2642 0.6647
vn -0.7367 -0.1660 0.6555
vn -0.7072 -0.1594 0.6889
vn -0.7651 -0.2461 0.5951
vn -0.8134 -0.2127 0.5414
vn -0.8036 -0.3161 0.5043
vn -0.8827 -0.2016 0.4246
vn -0.9612 0.1867 -0.2031
vn -0.9355 0.2628 -0.2361
vn -0.9018 0.2388 -0.3602
vn -0.9022 0.0651 -0.4264
vn -0.8544 0.2840 -0.4352
vn -0.6610 0.2595 -0.7041
vn -0.7528 0.2996 -0.5861
vn -0.7923 0.1300 -0.5962
vn -0.7091 0.2014 -0.6757
vn -0.4845 0.3639 -0.7955
vn -0.3490 0.3776 -0.8577
vn -0.4671 0.2427 -0.8502
vn -0.1311 0.5323 0.8363
vn 0.0030 0.5593 0.8290
vn -0.0156 0.4875 0.8730
vn -0.2555 0.4733 0.8430
vn -0.2359 0.5232 0.8189
vn -0.3441 0.4655 0.8154
vn -0.7859 -0.4289 0.4455
vn -0.7178 -0.4501 0.5312
vn -0.8617 -0.4869 -0.1430
vn -0.8585 -0.3995 0.3216
vn -0.7745 -0.5000 0.3874
vn -0.6657 -0.3131 -0.6773
vn 0.1034 0.5249 0.8449
vn 0.7393 0.6174 0.2687
vn 0.6119 0.7309 0.3022
vn 0.6708 0.6236 0.4015
vn -0.3433 0.2328 -0.9099
vn -0.5206 0.2838 -0.8053
vn -0.7450 0.2667 -0.6115
vn -0.7838 -0.0409 -0.6197
vn -0.7450 -0.1475 -0.6506
vn -0.8832 -0.0521 -0.4660
vn -0.8008 -0.1067 0.5894
vn -0.7421 -0.0897 0.6643
vn -0.5750 -0.2394 0.7823
vn -0.6366 -0.1841 0.7489
vn -0.8523 -0.1638 0.4968
vn -0.9968 -0.0577 -0.0557
vn -0.8565 0.2188 -0.4675
vn -0.7433 0.1591 -0.6498
vn -0.6989 -0.1359 -0.7022
vn -0.5988 -0.4003 -0.6937
vn -0.8112 -0.4170 0.4100
vn -0.9713 -0.2339 -0.0443
vn -0.8688 -0.4951 0.0057
vn -0.6609 -0.2936 0.6907
vn -0.4868 -0.4453 0.7515
vn -0.4907 -0.4601 0.7399
vn -0.4127 -0.3250 0.8509
vn -0.4070 -0.3383 0.8484
vn -0.4821 -0.0159 0.8760
vn -0.0790 -0.1586 0.9842
vn -0.1146 -0.0390 0.9927
vn -0.1748 -0.1718 0.9695
vn -0.0043 -0.1195 0.9928
vn -0.3174 -0.2363 0.9184
vn -0.3057 -0.2346 0.9228
vn -0.6375 -0.3058 0.7071
vn -0.5970 -0.4518 0.6629
vn -0.5388 -0.3086 0.7839
vn -0.4862 -0.6038 0.6317
vn -0.4742 -0.7670 0.4323
vn -0.4005 -0.6694 0.6258
vn -0.4449 -0.4854 0.7526
vn -0.3759 -0.2028 0.9042
vn -0.5004 -0.2551 0.8274
vn -0.3920 -0.3251 0.8606
vn -0.2145 -0.1230 0.9689
vn -0.2586 -0.1501 0.9542
vn -0.1981 -0.0118 0.9801
vn -0.0373 0.0050 0.9993
vn 0.0576 -0.0116 0.9983
vn 0.1587 0.0432 0.9864
vn 0.3988 0.0093 0.9170
vn 0.5275 0.0395 0.8486
vn 0.6136 -0.0071 0.7896
vn 0.9358 0.0814 0.3429
vn 0.9241 0.1993 0.3260
vn 0.9341 0.2061 0.2914
vn 0.9654 0.2606 -0.0112
vn 0.9563 0.2354 -0.1734
vn 0.9362 0.1945 -0.2927
vn 0.9183 0.1357 -0.3720
vn 0.9011 0.0308 -0.4326
vn 0.9064 0.0597 -0.4182
vn 0.8553 0.0145 -0.5179
vn 0.6542 -0.0407 -0.7552
vn 0.6638 0.0014 -0.7479
vn 0.5635 -0.0274 -0.8257
vn 0.1992 -0.1263 -0.9718
vn 0.3903 -0.0665 -0.9183
vn 0.3054 -0.0908 -0.9479
vn 0.1977 -0.1962 -0.9604
vn 0.2914 -0.1722 -0.9410
vn 0.1216 -0.3453 -0.9306
vn 0.0683 -0.2773 -0.9583
vn 0.1831 -0.5559 -0.8108
vn 0.0284 -0.5291 -0.8481
vn 0.1806 -0.4053 -0.8962
vn 0.2991 -0.6407 -0.7071
vn 0.0713 -0.7354 -0.6739
vn 0.2114 -0.7970 -0.5657
vn 0.4812 -0.6895 -0.5413
vn 0.3874 -0.8494 -0.3583
vn 0.6754 -0.6902 -0.2596
vn 0.4636 -0.8734 -0.1489
vn -0.1397 -0.9893 0.0429
vn -0.2241 -0.9698 0.0960
vn -0.3070 -0.9448 0.1143
vn -0.2448 -0.9682 0.0518
vn -0.3445 -0.9347 0.0877
vn -0.3602 -0.9319 0.0425
vn -0.3398 -0.9395 -0.0433
vn -0.3438 -0.9208 -0.1841
vn -0.5692 -0.7867 -0.2389
vn -0.5665 -0.8224 -0.0516
vn -0.8057 -0.4475 -0.3881
vn -0.6318 -0.5695 -0.5258
vn -0.6766 -0.4181 -0.6061
vn -0.7855 -0.2090 -0.5825
vn -0.9792 0.0992 0.1771
vn -0.9510 0.0953 0.2943
vn -0.9954 0.0112 0.0954
vn -0.9393 0.0669 0.3364
vn -0.9771 -0.0813 0.1967
vn -0.9477 -0.0447 0.3159
vn -0.8844 0.0693 0.4615
vn -0.8608 -0.0937 0.5003
vn -0.8015 0.0446 0.5964
vn -0.6472 -0.1968 0.7365
vn -0.7480 -0.1117 0.6542
vn -0.5832 -0.1955 0.7884
vn -0.5028 -0.1617 0.8491
vn -0.7195 -0.0874 0.6890
vn -0.5862 -0.1455 0.7970
vn -0.9763 0.0507 0.2105
vn -0.9170 0.0066 0.3989
vn -0.9917 0.0210 0.1272
vn -0.9817 0.0572 -0.1818
vn -0.9876 0.0801 -0.1347
vn -0.8745 0.1191 -0.4702
vn -0.8902 0.0406 -0.4537
vn -0.3790 0.0678 -0.9229
vn -0.2909 0.1356 -0.9471
vn -0.3239 0.0106 -0.9460
vn -0.3233 0.2660 -0.9081
vn -0.2097 0.1775 -0.9615
vn -0.3027 0.2682 -0.9146
vn -0.1800 0.2565 -0.9496
vn 0.6758 0.4500 -0.5837
vn 0.8137 0.3431 -0.4693
vn 0.6602 0.3507 -0.6642
vn 0.8252 0.5083 0.2464
vn 0.7166 0.5540 0.4238
vn 0.7320 0.4904 0.4729
vn 0.8251 0.4554 0.3345
vn 0.5041 0.5079 0.6986
vn 0.6211 0.4808 0.6189
vn 0.6070 0.5154 0.6049
vn 0.2266 0.5255 0.8200
vn 0.3357 0.5438 0.7692
vn 0.3144 0.5310 0.7869
vn 0.0369 0.4412 0.8967
vn 0.1634 0.4805 0.8616
vn 0.1078 0.5400 0.8347
vn -0.8208 -0.3029 0.4843
vn -0.8402 -0.2863 0.4606
vn -0.8852 -0.2197 0.4100
vn -0.8749 -0.1073 0.4722
vn -0.1862 0.1308 0.9738
vn -0.2934 0.0809 0.9526
vn -0.3744 0.0087 0.9272
vn 0.0986 0.3946 0.9135
vn 0.2233 0.4936 0.8405
vn 0.3967 0.5313 0.7486
vn 0.8897 0.4355 0.1373
vn 0.9378 0.3279 -0.1143
vn 0.9341 0.3480 -0.0804
vn 0.9217 0.3877 -0.0142
vn 0.9459 0.2762 -0.1705
vn 0.9172 0.3282 -0.2258
vn 0.9034 0.2820 -0.3230
vn 0.9300 0.1686 -0.3267
vn 0.8850 0.2098 -0.4158
vn 0.8049 0.2640 -0.5315
vn -0.2357 0.0780 -0.9687
vn -0.3132 0.0447 -0.9486
vn -0.3880 0.1344 -0.9118
vn -0.4552 0.0582 -0.8885
vn -0.4990 0.1501 -0.8535
vn -0.6710 0.1354 -0.7290
vn -0.5719 0.1155 -0.8121
vn -0.8561 -0.0502 0.5144
vn -0.8620 -0.0243 0.5063
vn -0.6111 -0.0744 0.7880
vn -0.6559 0.0404 0.7538
vn -0.7690 0.1367 0.6245
vn -0.8442 0.1583 0.5121
vn -0.9683 -0.0950 0.2311
vn -0.9779 -0.2088 0.0120
vn -0.9964 0.0227 -0.0822
vn -0.8423 -0.1563 0.5159
vn -0.9124 -0.1257 0.3895
vn -0.8680 -0.0139 0.4964
vn -0.8046 -0.0096 0.5937
vn -0.9203 0.0618 0.3862
vn -0.6943 -0.0309 0.7190
vn -0.8883 0.0707 -0.4538
vn -0.9933 0.0323 -0.1106
vn -0.8902 0.0062 -0.4556
vn -0.7549 0.0101 -0.6558
vn -0.7586 0.0146 -0.6514
vn -0.6327 0.0059 -0.7744
vn -0.6308 0.0747 -0.7723
vn -0.3777 0.1105 -0.9193
vn -0.2532 0.1087 -0.9613
vn -0.3664 0.0398 -0.9296
vn -0.1753 -0.0079 -0.9845
vn -0.1954 0.0779 -0.9776
vn -0.2385 0.0068 -0.9711
vn 0.0390 0.1435 -0.9889
vn 0.2375 0.1140 -0.9647
vn 0.0424 0.0236 -0.9988
vn 0.2716 0.2568 -0.9275
vn 0.4557 0.2235 -0.8616
vn 0.5230 0.3538 -0.7755
vn 0.6845 0.3148 -0.6575
vn 0.8350 0.3607 -0.4156
vn 0.7549 0.3309 -0.5663
vn 0.8894 0.2220 -0.3996
vn 0.9002 0.3331 -0.2805
vn 0.9375 0.2647 -0.2260
vn 0.9329 0.3281 -0.1483
vn 0.9262 0.3768 -0.0141
vn 0.6587 0.4951 0.5666
vn 0.5438 0.5405 0.6420
vn 0.4506 0.5458 0.7064
vn 0.3362 0.5292 0.7790
vn 0.5011 0.5120 0.6977
vn -0.0618 0.2060 0.9766
vn 0.0255 0.2388 0.9707
vn 0.0452 0.2816 0.9585
vn -0.2133 0.1485 0.9656
vn -0.0916 0.1799 0.9794
vn -0.4906 0.0401 0.8704
vn -0.3196 0.0903 0.9433
vn -0.3346 0.0860 0.9384
vn -0.8296 0.0364 0.5572
vn -0.8071 -0.0689 0.5864
vn -0.8786 0.0835 0.4703
vn -0.8390 0.2423 0.4872
vn -0.8174 0.2008 0.5399
vn -0.6688 0.0032 0.7434
vn -0.7064 0.0881 0.7023
vn 0.5210 0.4148 0.7459
vn 0.3474 0.4350 0.8307
vn 0.6306 0.4982 0.5952
vn 0.9007 0.3516 0.2553
vn 0.8851 0.3927 0.2498
vn 0.8595 0.3916 0.3285
vn 0.9161 0.3728 0.1479
vn 0.9282 0.3710 0.0286
vn 0.9349 0.1827 -0.3042
vn 0.9369 0.2392 -0.2551
vn 0.8204 0.2432 -0.5175
vn 0.8385 0.3504 -0.4173
vn 0.6479 0.1645 -0.7438
vn 0.4275 0.0700 -0.9013
vn 0.2016 -0.0427 -0.9785
vn -0.0198 -0.0642 -0.9977
vn -0.1358 -0.0048 -0.9907
vn -0.2056 0.0322 -0.9781
vn -0.1676 0.0095 -0.9858
vn -0.0855 -0.0088 -0.9963
vn -0.1289 -0.0255 -0.9913
vn -0.2525 -0.0409 -0.9667
vn -0.3581 -0.0431 -0.9327
vn -0.4906 -0.0103 -0.8713
vn -0.5695 0.0096 -0.8219
vn -0.5134 0.0431 -0.8571
vn -0.7383 0.0776 -0.6699
vn -0.9209 0.0724 -0.3830
vn -0.9934 0.1118 -0.0263
vn -0.8716 0.0345 0.4890
vn -0.5047 -0.0521 0.8617
vn -0.4838 -0.0992 0.8696
vn -0.6025 -0.0729 0.7948
vn -0.6040 0.0797 0.7930
vn -0.5037 0.0037 0.8639
vn -0.6398 -0.0424 0.7674
vn -0.7591 -0.0004 0.6510
vn -0.7486 -0.1194 0.6522
vn -0.6894 -0.2537 0.6785
vn -0.7706 -0.3151 0.5540
vn -0.3454 -0.9383 -0.0164
vn -0.6294 -0.7006 0.3362
vn -0.4547 -0.8699 0.1909
vn -0.4664 -0.8769 0.1160
vn -0.1556 -0.8173 -0.5547
vn -0.2822 -0.8464 -0.4517
vn -0.2305 -0.9223 -0.3102
vn -0.3167 -0.9137 -0.2545
vn -0.2981 -0.8807 -0.3680
vn -0.3230 -0.9408 -0.1026
vn -0.1717 -0.7859 -0.5941
vn -0.0298 -0.4287 -0.9030
vn -0.0756 -0.2881 -0.9546
vn -0.1990 -0.3148 -0.9281
vn -0.1670 -0.2027 -0.9649
vn -0.2376 -0.1257 -0.9632
vn -0.1037 -0.1586 -0.9819
vn -0.2140 -0.0869 -0.9730
vn -0.0724 -0.0516 -0.9960
vn 0.0168 -0.0566 -0.9983
vn 0.0727 -0.0827 -0.9939
vn 0.2026 -0.0995 -0.9742
vn 0.4020 -0.1193 -0.9078
vn 0.7079 -0.0609 -0.7037
vn 0.7322 -0.0644 -0.6780
vn 0.8956 0.3385 -0.2885
vn 0.9053 0.3533 -0.2358
vn 0.8983 0.4115 -0.1539
vn 0.9637 0.2610 -0.0555
vn 0.9822 0.1692 0.0819
vn 0.9510 0.2030 0.2331
vn 0.8893 0.2726 0.3672
vn 0.8316 0.3104 0.4606
vn 0.7898 0.2308 0.5683
vn -0.2112 0.0681 0.9751
vn -0.0399 0.0716 0.9966
vn -0.3351 0.0775 0.9390
vn -0.4005 0.0509 0.9149
vn -0.4865 0.0544 0.8720
vn 0.2915 0.3085 0.9055
vn 0.1443 0.2780 0.9497
vn 0.1496 0.2360 0.9602
vn 0.7562 0.4239 0.4985
vn 0.6912 0.3704 0.6205
vn 0.8471 0.3754 0.3761
vn 0.9060 0.3031 0.2955
vn 0.9424 0.3086 0.1288
vn 0.9430 0.2461 -0.2239
vn 0.9420 0.3233 -0.0897
vn 0.9317 0.2342 -0.2776
vn -0.9543 -0.0299 0.2975
vn -0.7903 -0.0056 0.6127
vn -0.9886 0.0452 0.1434
vn -0.4627 0.0101 0.8864
vn -0.5657 -0.1766 0.8055
vn -0.5668 -0.6714 0.4775
vn -0.4804 -0.8323 0.2767
vn -0.3622 -0.9230 -0.1303
vn -0.1782 -0.8752 -0.4498
vn -0.3064 -0.9491 -0.0734
vn -0.1551 -0.7073 -0.6897
vn -0.0902 -0.6344 -0.7678
vn -0.1111 -0.7906 -0.6022
vn -0.0963 -0.4769 -0.8737
vn -0.1486 -0.7128 -0.6854
vn -0.1792 -0.5202 -0.8350
vn -0.2741 -0.1856 -0.9436
vn -0.3888 -0.1259 -0.9127
vn -0.4416 -0.0371 -0.8964
vn -0.3645 -0.0639 -0.9290
vn -0.5945 -0.0277 0.8036
vn -0.8453 -0.2156 0.4889
vn -0.7248 -0.0489 0.6872
vn -0.8672 -0.4881 0.0989
vn -0.7135 -0.4308 0.5525
vn -0.9766 -0.2127 -0.0317
vn -0.7959 -0.3743 -0.4758
vn -0.7769 -0.1722 -0.6056
vn -0.5718 -0.2619 -0.7775
vn -0.5669 -0.4601 -0.6833
vn -0.7087 -0.6216 -0.3336
vn -0.5831 -0.4068 0.7032
vn -0.3088 -0.7622 -0.5689
vn -0.3830 -0.6198 -0.6850
vn -0.3638 -0.3985 -0.8419
vn -0.3750 -0.2673 -0.8877
vn -0.5178 -0.0374 -0.8547
vn -0.5363 -0.1581 -0.8291
vn -0.6654 -0.4824 0.5696
vn -0.0393 -0.0475 -0.9981
vn 0.3586 -0.0743 -0.9305
vn 0.5145 -0.1132 -0.8500
vn 0.5594 -0.0060 -0.8289
vn 0.7362 0.0861 -0.6712
vn 0.8299 0.0411 -0.5564
vn 0.9035 0.4041 -0.1429
vn 0.9096 0.3514 -0.2216
vn 0.9488 0.2987 -0.1026
vn 0.9321 0.2708 -0.2405
vn 0.3417 0.2665 0.9012
vn 0.5129 0.2146 0.8312
vn 0.5155 0.2876 0.8072
vn -0.0541 0.2036 0.9776
vn 0.0057 0.1396 0.9902
vn -0.1790 0.1390 0.9740
vn -0.4309 -0.9015 0.0400
vn -0.3980 -0.9138 -0.0809
vn 0.7680 0.4386 0.4666
vn 0.8988 0.4048 0.1683
vn 0.0844 0.2680 -0.9597
vn 0.3108 0.3591 -0.8800
vn -0.6908 -0.0812 0.7185
vn -0.4744 -0.0841 0.8763
vn -0.9183 -0.2858 0.2739
vn -0.7817 -0.3903 0.4864
vn -0.6545 -0.2843 0.7006
vn -0.0726 0.4341 0.8979
vn -0.2526 0.3871 0.8868
vn -0.1710 0.2532 0.9522
vn -0.0209 0.5526 0.8332
vn 0.4599 0.5373 0.7070
vn 0.3558 0.5562 0.7510
vn 0.5737 0.5839 0.5744
vn 0.8955 0.4403 -0.0652
vn 0.7832 0.6217 0.0109
vn 0.8781 0.4757 0.0511
vn 0.8940 0.4060 -0.1895
vn 0.8249 0.5211 -0.2189
vn 0.8201 0.4261 -0.3819
vn 0.7161 0.5436 -0.4378
vn 0.5248 0.5508 -0.6490
vn 0.4685 0.4360 -0.7684
vn 0.3064 0.5207 -0.7969
vn 0.2322 0.3782 -0.8961
vn 0.0765 0.4351 -0.8971
vn -0.0009 0.2980 -0.9546
vn -0.1198 0.3086 -0.9436
vn -0.5118 0.0265 -0.8587
vn -0.5996 -0.0451 -0.7990
vn -0.7584 -0.0258 -0.6512
vn -0.7747 0.1220 -0.6204
vn -0.7205 -0.1671 0.6730
vn -0.9261 -0.1528 0.3448
vn -0.9911 0.0033 0.1331
vn -0.9942 0.0888 -0.0601
vn -0.9506 0.0584 -0.3050
vn -0.9481 0.1295 -0.2905
vn -0.6700 -0.6285 -0.3951
vn -0.4933 -0.8041 -0.3318
vn -0.5090 -0.6754 -0.5336
vn -0.3075 -0.9438 -0.1212
vn 0.0073 -0.9957 -0.0922
vn -0.0915 -0.9958 0.0052
vn -0.1276 -0.9802 -0.1514
vn -0.2753 -0.9392 0.2052
vn -0.1036 -0.9780 0.1808
vn -0.1139 -0.9234 0.3666
vn -0.3170 -0.8168 0.4821
vn -0.4008 -0.8815 0.2495
vn -0.1671 -0.8444 0.5090
vn -0.2638 -0.7328 0.6272
vn -0.1264 -0.7262 0.6757
vn -0.2943 -0.6253 0.7227
vn -0.2331 -0.5159 0.8243
vn -0.3390 -0.4786 0.8100
vn -0.0703 -0.0621 0.9956
vn 0.1925 -0.0590 0.9795
vn 0.3170 -0.1295 0.9396
vn 0.3752 0.0677 0.9245
vn 0.5066 0.0215 0.8619
vn 0.6397 0.0512 0.7669
vn 0.5190 0.1496 0.8416
vn 0.5361 0.1869 0.8232
vn 0.6999 0.1932 0.6876
vn 0.6849 0.0323 0.7279
vn 0.8177 0.0730 0.5709
vn 0.7749 0.0090 0.6320
vn 0.8354 0.2051 0.5099
vn 0.9002 0.0911 0.4259
vn 0.9062 0.1806 0.3824
vn 0.9334 0.1229 0.3370
vn 0.9298 0.1633 0.3300
vn 0.9746 0.0736 0.2115
vn 0.9717 0.1667 0.1676
vn 0.9827 0.1831 0.0287
vn 0.9799 0.1735 -0.0988
vn 0.9645 0.1291 -0.2306
vn 0.9427 0.0942 -0.3200
vn 0.9160 0.0691 -0.3952
vn 0.5831 0.0241 -0.8120
vn 0.4785 -0.0186 -0.8779
vn 0.4010 -0.0835 -0.9123
vn 0.5254 -0.0642 -0.8484
vn 0.5360 -0.1940 -0.8216
vn 0.6328 -0.2944 -0.7161
vn 0.3787 -0.3604 -0.8525
vn 0.7319 -0.5068 -0.4556
vn 0.5924 -0.5077 -0.6255
vn 0.9053 -0.3836 -0.1823
vn 0.8592 -0.5067 -0.0707
vn 0.8098 -0.5189 -0.2740
vn 0.4712 -0.8815 0.0297
vn 0.1175 -0.9882 0.0980
vn 0.1545 -0.9880 0.0019
vn -0.0688 -0.9956 0.0640
vn -0.1619 -0.9867 -0.0154
vn -0.1270 -0.9825 -0.1361
vn -0.3172 -0.9229 -0.2183
vn -0.0013 -0.9973 -0.0736
vn 0.1134 -0.9894 -0.0910
vn 0.0794 -0.9172 0.3905
vn -0.0171 -0.8469 0.5315
vn 0.0134 -0.6401 0.7681
vn -0.0858 -0.5655 0.8203
vn 0.0632 -0.2169 0.9742
vn 0.4746 -0.2460 0.8451
vn 0.5239 -0.0471 0.8505
vn 0.6710 -0.1025 0.7343
vn 0.6997 0.1284 0.7028
vn 0.8106 0.1951 0.5521
vn 0.8657 0.2251 0.4471
vn 0.9448 0.1436 0.2946
vn 0.9488 0.1262 0.2896
vn 0.9963 -0.0060 -0.0857
vn 0.9786 0.0208 -0.2045
vn 0.9920 0.0870 -0.0918
vn 0.9458 0.0347 -0.3228
vn 0.9197 0.0284 -0.3916
vn 0.8896 0.0412 -0.4549
vn 0.8577 0.0399 -0.5126
vn 0.8984 0.0672 -0.4340
vn 0.8645 0.1030 -0.4920
vn 0.8054 0.0613 -0.5896
vn 0.7027 0.0562 -0.7092
vn 0.6203 0.0238 -0.7840
vn 0.7603 0.0934 -0.6428
vn 0.7330 0.0420 -0.6789
vn 0.7836 -0.0405 -0.6200
vn 0.6323 -0.0717 -0.7714
vn 0.8458 -0.1375 -0.5155
vn 0.7271 -0.1638 -0.6667
vn 0.9035 -0.3189 -0.2862
vn 0.9591 -0.2375 -0.1539
vn 0.9461 -0.3107 -0.0915
vn 0.7127 -0.7012 -0.0201
vn 0.7845 -0.6199 0.0159
vn 0.6568 -0.7534 0.0317
vn 0.1660 -0.6091 0.7755
vn 0.0796 -0.5196 0.8507
vn 0.2907 -0.4619 0.8379
vn 0.3844 -0.5929 0.7076
vn 0.6027 -0.3468 0.7187
vn 0.7865 -0.0498 0.6156
vn 0.8507 0.0059 0.5256
vn 0.9182 0.0424 0.3938
vn 0.8742 0.0727 0.4800
vn 0.9279 0.1380 0.3463
vn 0.8106 0.1175 0.5738
vn 0.9753 0.0505 0.2151
vn 0.9830 0.0180 0.1828
vn 0.9525 0.1077 0.2847
vn 0.9632 0.0823 0.2557
vn 0.9962 -0.0054 0.0872
vn 1.0000 -0.0075 -0.0027
vn 0.9938 0.0686 0.0874
vn 0.9680 0.0195 -0.2503
vn 0.9445 0.0405 -0.3260
vn 0.8466 0.1233 -0.5178
vn 0.8383 0.0286 -0.5445
vn 0.9201 0.0116 -0.3915
vn 0.9646 -0.0460 -0.2599
vn 0.9564 -0.1767 -0.2327
vn 0.9116 -0.1536 -0.3813
vn 0.9802 -0.1680 -0.1049
vn 0.9450 -0.3129 -0.0956
vn 0.9112 -0.4084 -0.0540
vn 0.7176 -0.6952 -0.0418
vn 0.5387 -0.8418 -0.0340
vn 0.3228 -0.9465 0.0028
vn 0.2433 -0.9644 -0.1039
vn 0.6152 -0.7884 0.0001
vn 0.3900 -0.9208 -0.0054
vn 0.1610 -0.7096 0.6860
vn 0.8893 -0.2527 0.3812
vn 0.8321 -0.1771 0.5257
vn 0.7683 -0.3481 0.5372
vn 0.9319 -0.0856 0.3525
vn 0.8889 -0.0684 0.4529
vn 0.9586 0.0066 0.2848
vn 0.9676 0.1216 0.2214
vn 0.9819 0.1273 0.1404
vn 0.9697 0.1184 0.2135
vn 0.9821 0.0551 0.1801
vn 0.9906 0.0148 0.1360
vn 0.9938 -0.0320 0.1061
vn 0.9831 -0.0084 -0.1828
vn 0.9913 -0.0019 -0.1320
vn 0.9995 -0.0251 0.0168
vn 0.9990 -0.0234 -0.0379
vn 0.9918 0.0643 0.1102
vn 0.9987 0.0225 0.0461
vn 0.9948 0.0908 0.0457
vn 0.9901 0.1073 0.0903
vn 0.9795 -0.0407 0.1973
vn 0.9960 0.0295 0.0840
vn 0.9782 0.0661 0.1970
vn 0.9754 -0.1526 0.1589
vn 0.9959 -0.0585 0.0687
vn 0.9625 -0.1096 0.2483
vn 0.8352 -0.4205 0.3545
vn 0.8955 -0.4016 0.1921
vn 0.9427 -0.2173 0.2533
vn 0.7309 -0.6775 0.0821
vn 0.7721 -0.6352 -0.0200
vn 0.8519 -0.5191 0.0701
vn 0.9288 -0.3414 0.1443
vn 0.9994 0.0328 -0.0054
vn 0.9990 0.0443 0.0028
vn 0.9195 0.0901 -0.3826
vn 0.9174 0.0548 -0.3941
vn 0.8963 0.1460 -0.4187
vn 0.9410 0.1177 -0.3171
vn 0.8833 0.1337 -0.4493
vn 0.8732 0.0939 -0.4783
vn 0.9794 0.0229 -0.2004
vn 0.9950 -0.0103 -0.0989
vn 0.9957 -0.0610 -0.0690
vn 0.9881 -0.1008 -0.1158
vn 0.9924 -0.0818 -0.0916
vn 0.9837 -0.1431 -0.1089
vn 0.9339 -0.3469 -0.0861
vn 0.8445 -0.5340 -0.0413
vn 0.8456 -0.5306 -0.0588
vn 0.9182 -0.3943 0.0383
vn 0.9763 -0.2163 -0.0101
vn 0.9729 -0.2153 0.0848
vn 0.9985 0.0176 -0.0528
vn 0.9985 -0.0082 -0.0550
vn 0.9925 0.0155 -0.1212
vn 0.9778 0.0503 -0.2034
vn 0.9448 0.1106 -0.3083
vn 0.9963 -0.0272 -0.0813
vn 0.9977 -0.0509 -0.0444
vn -0.4993 -0.4784 0.7224
vn 0.0689 -0.1200 0.9904
vn -0.8040 -0.3693 0.4661
vn -0.9527 -0.0689 0.2961
vn -0.9725 0.2064 0.1076
vn -0.9330 -0.1715 -0.3163
vn -0.8970 0.3415 -0.2808
vn -0.8931 0.0617 -0.4457
vn -0.6052 0.0679 -0.7932
vn -0.4779 0.0308 -0.8779
vn -0.4311 -0.1454 -0.8905
vn -0.8106 -0.4781 -0.3381
vn -0.8141 -0.5002 0.2951
vn -0.7905 -0.3428 0.5075
vn -0.7614 -0.3607 0.5387
vn -0.9385 -0.1555 0.3084
vn -0.9887 -0.0968 0.1141
vn -0.9738 -0.2271 0.0133
vn -0.9235 -0.3801 0.0514
vn -0.9165 -0.3794 -0.1269
vn -0.8415 -0.5320 -0.0941
vn -0.8376 -0.5006 -0.2189
vn -0.8299 -0.3760 -0.4121
vn -0.6588 -0.0027 -0.7523
vn -0.5731 0.0241 -0.8191
vn -0.5440 -0.0225 -0.8388
vn -0.7518 0.1308 -0.6463
vn -0.8034 0.0935 -0.5880
vn -0.8855 0.2465 -0.3938
vn -0.9782 0.0797 -0.1917
vn -0.9423 0.3338 0.0242
vn -0.8747 0.3303 0.3546
vn -0.9549 0.1772 0.2382
vn -0.8537 0.1182 0.5072
vn -0.7087 0.0808 0.7008
vn -0.7896 -0.1009 0.6052
vn -0.9164 -0.3189 0.2420
vn -0.9156 -0.3279 -0.2327
vn -0.7476 -0.1450 -0.6481
vn -0.9466 -0.2789 -0.1618
vn -0.4183 -0.0891 -0.9039
vn -0.7199 -0.2301 -0.6548
vn -0.4336 -0.2412 -0.8682
vn -0.3018 -0.2453 -0.9213
vn -0.3733 -0.1855 -0.9090
vn -0.3788 -0.2344 -0.8953
vn -0.3973 -0.2779 -0.8746
vn -0.5350 -0.1975 -0.8215
vn -0.5459 -0.3097 -0.7785
vn -0.6176 -0.0685 -0.7835
vn -0.6557 -0.1713 -0.7354
vn -0.8573 -0.0892 -0.5071
vn -0.8079 -0.0851 -0.5831
vn -0.7371 -0.0806 -0.6709
vn -0.8322 -0.0978 -0.5458
vn -0.9271 -0.1347 -0.3497
vn -0.9494 -0.0669 -0.3067
vn -0.9808 -0.1308 -0.1448
vn -0.9706 -0.2366 -0.0432
vn -0.9270 -0.3632 0.0939
vn -0.9629 -0.2454 0.1125
vn -0.8813 -0.4038 0.2453
vn -0.8700 -0.2714 0.4116
vn -0.8302 -0.2851 0.4790
vn -0.9002 -0.2786 0.3346
vn -0.7884 -0.3612 0.4979
vn -0.8676 -0.1761 0.4651
vn -0.9547 -0.0937 -0.2823
vn -0.9994 0.0110 0.0326
vn -0.9476 -0.1331 0.2903
vn -0.5590 -0.0125 -0.8291
vn -0.5972 0.1003 -0.7958
vn -0.7751 0.3137 -0.5484
vn -0.8464 0.5252 0.0886
vn -0.7798 0.5097 0.3635
vn -0.8244 0.2900 0.4861
vn -0.7983 -0.2714 0.5376
vn -0.6786 0.5502 0.4866
vn -0.8750 0.4454 0.1896
vn -0.8266 0.3840 -0.4114
vn -0.7343 0.1133 -0.6693
vn -0.9350 0.0076 -0.3544
vn -0.7674 0.0041 -0.6411
vn -0.8972 -0.0180 0.4412
vn -0.8794 0.0602 0.4723
vn -0.9383 -0.0113 0.3455
vn -0.8878 0.0555 0.4570
vn -0.9109 0.2130 0.3535
vn -0.9790 0.1213 0.1640
vn -0.8477 0.4094 0.3373
vn -0.8907 0.1334 0.4346
vn -0.7894 0.5866 0.1810
vn -0.9408 0.2501 0.2287
vn -0.8835 0.4434 0.1508
vn -0.6993 0.6366 0.3251
vn -0.8461 0.5082 0.1610
vn -0.7230 0.4792 0.4976
vn -0.0926 0.4788 0.8730
vn -0.3774 0.4436 0.8129
vn -0.5093 0.4451 0.7365
vn -0.9178 0.3965 0.0213
vn -0.8753 0.3497 -0.3341
vn -0.8863 0.1561 -0.4360
vn -0.9505 0.1287 -0.2829
vn -0.9916 0.1159 0.0569
vn -0.9957 0.0050 -0.0925
vn -0.9570 0.0890 0.2761
vn -0.9221 0.0306 0.3857
vn -0.8997 0.4364 0.0036
vn -0.1245 0.4620 0.8781
vn -0.0420 0.5741 0.8177
vn -0.2400 0.4756 0.8463
vn -0.1109 0.7446 0.6582
vn -0.3662 0.6371 0.6782
vn 0.0533 0.8640 0.5007
vn -0.2873 0.9042 0.3160
vn -0.6046 0.7283 0.3225
vn -0.0684 0.9757 0.2082
vn -0.3399 0.9389 0.0544
vn -0.6251 0.7733 0.1058
vn -0.5020 0.8636 -0.0473
vn -0.6268 0.7792 0.0009
vn -0.7078 0.6958 0.1221
vn -0.7845 0.6197 -0.0228
vn -0.6120 0.7731 -0.1664
vn -0.7759 0.5733 -0.2633
vn -0.9061 0.3705 -0.2044
vn -0.9731 0.2270 -0.0398
vn -0.8978 0.4199 0.1328
vn -0.9356 0.0545 -0.3488
vn -0.9630 -0.0902 -0.2540
vn -0.9938 0.0607 -0.0930
vn -0.9690 -0.2041 0.1393
vn -0.9599 -0.2704 0.0736
vn -0.9236 -0.2446 0.2953
vn -0.9872 -0.1005 -0.1237
vn -0.9956 -0.0486 0.0798
vn -0.8995 -0.2524 0.3567
vn -0.8229 -0.3598 0.4397
vn -0.8839 -0.2860 0.3701
vn -0.8671 -0.2780 0.4133
vn -0.8214 -0.3485 0.4515
vn -0.8091 -0.3589 0.4654
vn -0.8466 -0.3324 0.4156
vn -0.8059 -0.3000 0.5104
vn -0.8100 -0.3991 0.4296
vn -0.8994 -0.3685 0.2353
vn -0.8273 -0.3529 0.4370
vn -0.8231 -0.4178 0.3847
vn -0.7655 -0.3768 0.5216
vn -0.8564 -0.3693 0.3608
vn -0.9395 -0.2530 0.2311
vn -0.9905 -0.1370 -0.0079
vn -0.9764 -0.0744 -0.2026
vn -0.9355 -0.0640 -0.3475
vn -0.8952 -0.1043 -0.4332
vn -0.8098 -0.1818 -0.5579
vn -0.7613 -0.1115 -0.6387
vn -0.6966 -0.2617 -0.6681
vn -0.3859 0.0010 -0.9225
vn -0.7274 0.1268 -0.6744
vn -0.8293 0.0329 -0.5579
vn -0.8887 -0.1037 -0.4466
vn -0.9926 -0.0996 0.0691
vn -0.9602 -0.1104 0.2567
vn -0.9778 -0.1211 0.1708
vn -0.9678 -0.1193 0.2218
vn -0.7554 -0.3288 0.5668
vn -0.9859 0.1505 -0.0729
vn -0.9688 -0.0035 -0.2480
vn -0.9208 -0.0501 -0.3868
vn -0.8669 0.0834 -0.4914
vn -0.7996 0.1884 -0.5702
vn -0.7225 0.3347 -0.6049
vn -0.6122 0.3536 -0.7072
vn -0.6289 0.5320 -0.5669
vn -0.4672 0.4922 -0.7345
vn -0.4870 0.6382 -0.5963
vn -0.2994 0.6793 -0.6700
vn 0.3013 0.8000 0.5189
vn 0.2236 0.7250 0.6515
vn 0.2755 0.6461 0.7118
vn 0.1677 0.6111 0.7736
vn -0.4340 0.8857 -0.1650
vn -0.7947 0.4349 -0.4234
vn -0.5541 -0.3079 -0.7735
vn -0.2705 -0.3192 -0.9083
vn -0.9452 -0.3251 0.0314
vn -0.8048 -0.2909 -0.5174
vn -0.7539 -0.4204 0.5048
vn -0.8620 -0.4926 0.1195
vn -0.8838 -0.4673 -0.0255
vn -0.8564 -0.4856 0.1755
vn -0.9206 -0.2757 -0.2766
vn -0.9447 -0.1146 -0.3073
vn -0.8209 -0.1029 -0.5618
vn -0.5226 -0.0701 -0.8497
vn -0.3899 -0.1446 -0.9094
vn -0.4716 -0.1298 -0.8722
vn -0.7311 -0.1116 -0.6731
vn -0.9684 -0.1095 0.2240
vn -0.5892 0.2513 0.7680
vn 0.3639 0.6541 0.6631
vn 0.2474 0.6034 0.7581
vn -0.6783 -0.0489 -0.7332
vn -0.7100 0.0082 -0.7042
vn -0.8487 0.1440 -0.5089
vn 0.0926 -0.0000 0.9957
vn 0.9418 0.1657 0.2925
vn 0.2857 -0.1251 0.9501
vn 0.3107 -0.1153 0.9435
vn 0.1825 -0.0605 0.9813
vn 0.3965 -0.2196 0.8914
vn 0.4103 -0.2582 0.8746
vn 0.8186 -0.4943 0.2926
vn 0.8789 -0.4169 0.2316
vn 0.9469 -0.3192 0.0379
vn 0.7947 -0.5993 0.0966
vn -0.8757 0.2426 0.4174
vn -0.9274 0.1893 0.3227
vn -0.8660 0.4015 0.2979
vn -0.8807 0.2139 0.4227
vn -0.8996 0.2190 0.3779
vn 0.9586 -0.1833 0.2178
vn 0.9738 -0.1888 0.1271
vn 0.9497 -0.2508 0.1875
vn 0.8396 0.5433 0.0010
vn 0.7080 0.7062 -0.0020
vn 0.7185 0.6506 0.2460
vn 0.6521 0.5311 -0.5410
vn 0.4932 0.5970 -0.6328
vn 0.4858 0.7501 -0.4486
vn -0.9472 0.1715 -0.2707
vn -0.9615 0.1565 -0.2259
vn -0.9277 0.2307 -0.2934
vn 0.4297 0.1614 -0.8884
vn 0.3520 0.3154 -0.8813
vn 0.2619 0.2158 -0.9407
vn 0.1584 0.2242 -0.9616
vn -0.0388 0.0640 -0.9972
vn -0.1866 0.1368 -0.9729
vn -0.0140 0.2418 -0.9702
vn -0.1904 0.1076 -0.9758
vn -0.2393 0.0278 -0.9705
vn -0.3622 0.1261 -0.9235
vn -0.3250 -0.0297 -0.9452
vn -0.2036 -0.0947 -0.9745
vn -0.3263 -0.0957 -0.9404
vn -0.4954 -0.0915 -0.8639
vn -0.4964 -0.0331 -0.8674
vn -0.6456 -0.0168 -0.7635
vn -0.6213 -0.1114 -0.7756
vn -0.7584 -0.0482 -0.6500
vn -0.7641 -0.0875 -0.6391
vn -0.9599 -0.0317 -0.2786
vn -0.9712 -0.0374 -0.2351
vn -0.9442 -0.0589 -0.3242
vn -0.9875 0.0123 -0.1573
vn -0.9904 -0.0042 -0.1385
vn -0.9969 -0.0041 -0.0783
vn -0.8335 -0.0661 0.5486
vn -0.7515 -0.0630 0.6567
vn -0.8482 -0.0361 0.5284
vn -0.8072 -0.1651 0.5667
vn -0.3650 -0.3464 0.8642
vn -0.3241 -0.5256 0.7866
vn -0.1516 -0.4565 0.8767
vn -0.0792 -0.8947 0.4396
vn 0.0533 -0.9731 0.2242
vn 0.3114 -0.9029 0.2965
vn 0.6244 -0.7213 0.2997
vn 0.5415 -0.6633 0.5165
vn 0.3547 -0.7990 0.4856
vn 0.3494 -0.5391 0.7663
vn 0.5537 -0.4853 0.6767
vn 0.2799 -0.3610 0.8896
vn 0.0839 -0.4896 0.8679
vn 0.4142 -0.3894 0.8227
vn 0.1955 -0.3526 0.9151
vn -0.0054 -0.3723 0.9281
vn -0.0607 -0.3251 0.9437
vn -0.2210 -0.3518 0.9096
vn -0.4298 -0.2913 0.8546
vn -0.5250 -0.2738 0.8059
vn -0.5555 -0.1873 0.8101
vn -0.7064 -0.1617 0.6891
vn -0.7549 -0.1443 0.6398
vn -0.8218 -0.0890 0.5627
vn -0.8777 -0.1725 0.4471
vn -0.8252 -0.2101 0.5243
vn -0.8350 -0.1657 0.5246
vn -0.8685 -0.1026 0.4849
vn -0.7893 -0.0357 0.6130
vn -0.9974 0.0131 0.0708
vn -0.9939 0.0420 0.1019
vn -0.9999 0.0129 0.0007
vn -0.9998 0.0057 -0.0192
vn -0.8829 -0.0617 -0.4656
vn -0.9620 -0.0016 -0.2729
vn -0.9230 0.0015 -0.3847
vn -0.7682 0.0534 -0.6380
vn -0.8509 0.0137 -0.5252
vn -0.6959 0.1114 -0.7095
vn -0.5537 0.1467 -0.8197
vn -0.4950 0.0434 -0.8678
vn -0.2537 0.1911 -0.9482
vn -0.6964 0.3321 -0.6362
vn -0.5278 0.3290 -0.7831
vn -0.6851 0.1887 -0.7036
vn -0.8279 0.3146 -0.4644
vn -0.8419 0.1847 -0.5070
vn -0.9062 0.1973 -0.3740
vn -0.8942 0.3437 -0.2867
vn -0.9241 0.2858 -0.2536
vn -0.8163 0.3020 -0.4924
vn -0.6913 0.2861 -0.6635
vn -0.4150 0.2901 -0.8623
vn -0.5597 0.2860 -0.7778
vn -0.4234 0.1779 -0.8883
vn -0.2103 0.1158 -0.9707
vn -0.2219 0.2239 -0.9490
vn 0.4124 -0.0031 -0.9110
vn 0.3649 -0.0481 -0.9298
vn 0.3093 0.0297 -0.9505
vn 0.5175 0.0415 -0.8547
vn 0.5028 0.3240 -0.8014
vn 0.3817 0.3053 -0.8724
vn -0.1292 -0.0509 -0.9903
vn -0.3427 -0.1296 -0.9305
vn -0.9343 -0.0288 -0.3554
vn -0.9989 -0.0305 0.0361
vn -0.9973 -0.0049 -0.0730
vn -0.8607 -0.2612 0.4371
vn -0.8252 -0.2572 0.5029
vn -0.8821 -0.1626 0.4421
vn -0.7787 -0.4476 0.4397
vn -0.7555 -0.3563 0.5499
vn -0.6176 -0.5903 0.5197
vn -0.4029 -0.7918 0.4590
vn -0.3765 -0.6486 0.6615
vn -0.2780 -0.9166 0.2874
vn -0.0983 -0.9874 0.1243
vn 0.1361 -0.9897 0.0445
vn 0.3271 -0.9394 -0.1025
vn 0.4348 -0.8997 0.0390
vn 0.5404 -0.8270 -0.1552
vn 0.6885 -0.7241 -0.0416
vn 0.6174 -0.7748 0.1362
vn 0.7770 -0.6255 0.0716
vn 0.7401 -0.6118 0.2793
vn 0.7253 -0.6788 0.1152
vn 0.2357 -0.3890 0.8906
vn 0.0893 -0.3263 0.9410
vn -0.3134 -0.2003 0.9283
vn -0.0267 -0.1257 0.9917
vn -0.2747 -0.0988 0.9564
vn -0.2686 -0.0197 0.9630
vn -0.6927 0.0126 0.7212
vn -0.6916 -0.1015 0.7151
vn -0.9330 -0.0765 0.3517
vn -0.8895 -0.0296 0.4560
vn -0.9486 0.0246 0.3157
vn -0.9270 0.1002 0.3615
vn -0.9635 0.0575 0.2615
vn -0.9841 0.0351 0.1741
vn -0.9986 0.0341 0.0414
vn -0.9976 0.0117 -0.0687
vn -0.9933 0.0426 -0.1076
vn -0.9879 -0.0056 -0.1547
vn -0.9843 0.0335 -0.1732
vn -0.9551 0.0844 -0.2841
vn -0.9157 0.1246 -0.3821
vn -0.9062 0.0547 -0.4192
vn -0.8498 0.1287 -0.5111
vn -0.7760 0.1710 -0.6071
vn -0.5859 0.1545 -0.7955
vn -0.4745 0.1764 -0.8624
vn -0.3545 0.1393 -0.9246
vn -0.9786 0.0840 -0.1876
vn -0.9941 0.0907 -0.0595
vn -0.9749 0.1450 -0.1690
vn -0.9988 0.0385 -0.0318
vn -0.9936 0.0996 0.0537
vn -0.9905 0.0635 0.1220
vn -0.9813 0.0770 0.1766
vn -0.9635 0.1077 0.2450
vn -0.9457 0.1151 0.3041
vn -0.9059 0.0659 0.4183
vn -0.8933 0.1428 0.4262
vn -0.8438 0.0221 0.5362
vn -0.5011 -0.0194 0.8652
vn -0.5535 0.0899 0.8280
vn 0.1583 -0.1575 0.9747
vn 0.3113 -0.1524 0.9380
vn 0.1741 -0.0990 0.9797
vn 0.4158 -0.3469 0.8407
vn 0.5667 -0.3976 0.7216
vn 0.4385 -0.2074 0.8745
vn 0.8512 -0.4015 0.3380
vn 0.7967 -0.4395 0.4148
vn 0.8029 -0.4080 0.4346
vn 0.8179 -0.5076 0.2709
vn 0.8392 -0.5224 0.1508
vn 0.6298 -0.7366 -0.2464
vn 0.6977 -0.6760 -0.2374
vn 0.7176 -0.6455 -0.2615
vn 0.7302 -0.6732 -0.1169
vn 0.6810 -0.7221 -0.1213
vn 0.8326 -0.4496 -0.3236
vn 0.7574 -0.6094 -0.2346
vn 0.7975 -0.5423 -0.2644
vn 0.8941 -0.3837 0.2310
vn 0.9201 -0.2969 0.2554
vn 0.9211 -0.3141 -0.2302
vn 0.9428 -0.3295 0.0509
vn 0.8586 -0.4479 -0.2495
vn 0.8252 -0.3515 -0.4422
vn 0.8236 -0.4297 -0.3701
vn 0.8323 -0.3164 -0.4552
vn 0.8882 -0.3225 -0.3271
vn 0.8957 -0.3856 -0.2215
vn 0.7914 -0.5850 -0.1774
vn 0.9012 -0.4239 -0.0898
vn 0.7104 -0.6749 0.1996
vn 0.7059 -0.6690 0.2328
vn 0.7398 -0.6710 0.0494
vn 0.6399 -0.6101 0.4672
vn 0.6041 -0.6361 0.4801
vn 0.5435 -0.6597 0.5190
vn 0.4597 -0.7205 0.5192
vn 0.4899 -0.6375 0.5946
vn 0.5829 -0.5772 0.5719
vn 0.8048 -0.5684 0.1708
vn 0.8836 -0.4511 0.1255
vn 0.8101 -0.5859 -0.0199
vn 0.9594 -0.2750 0.0619
vn 0.9581 -0.2599 -0.1207
vn 0.9349 -0.2006 -0.2928
vn 0.8048 -0.2447 -0.5408
vn 0.8565 -0.2698 -0.4401
vn 0.9440 -0.2921 -0.1535
vn 0.6409 -0.4341 0.6331
vn 0.5538 -0.2869 0.7817
vn 0.6957 -0.4218 0.5814
vn 0.1811 -0.0395 0.9827
vn -0.0383 0.0239 0.9990
vn -0.1049 0.0603 0.9926
vn -0.3510 0.0878 0.9322
vn -0.8688 0.0731 0.4897
vn -0.9398 0.0100 0.3415
vn -0.9108 -0.0664 0.4075
vn -0.9417 0.1268 0.3118
vn -0.9372 0.1022 0.3335
vn -0.8859 0.1949 0.4208
vn -0.9096 0.1986 0.3651
vn -0.9624 0.1125 0.2471
vn -0.9728 0.1453 0.1802
vn -0.9889 0.1424 -0.0428
vn -0.9849 0.1150 -0.1291
vn -0.9317 0.2223 -0.2872
vn -0.9329 0.2365 -0.2716
vn -0.9401 0.1778 -0.2909
vn -0.9186 0.2297 -0.3216
vn -0.1525 0.2569 -0.9543
vn 0.0676 0.2913 -0.9542
vn 0.0392 0.1463 -0.9885
vn 0.2189 0.2410 -0.9455
vn 0.1958 0.0864 -0.9768
vn 0.3535 0.2256 -0.9078
vn 0.4923 0.1283 -0.8609
vn 0.4985 -0.0459 -0.8657
vn 0.5899 0.3462 -0.7295
vn 0.4975 0.4356 -0.7502
vn 0.4991 0.4123 -0.7622
vn 0.2332 -0.0113 -0.9724
vn 0.0338 -0.0502 -0.9982
vn 0.1545 0.1149 -0.9813
vn -0.0127 -0.1181 -0.9929
vn 0.0161 -0.1162 -0.9931
vn -0.1047 -0.0925 -0.9902
vn -0.1849 -0.1014 -0.9775
vn -0.8146 -0.1003 -0.5713
vn -0.8574 -0.0836 -0.5077
vn -0.8045 -0.1134 -0.5830
vn -0.8885 -0.0535 -0.4557
vn -0.9710 0.0084 -0.2388
vn -0.9819 -0.0573 -0.1807
vn -0.9929 -0.0899 -0.0775
vn 0.1629 -0.9852 -0.0527
vn 0.7008 -0.6941 -0.1645
vn 0.7650 -0.5302 0.3656
vn 0.7037 -0.4359 0.5611
vn 0.5961 -0.7797 -0.1916
vn 0.6069 -0.7927 -0.0583
vn 0.7192 -0.6927 0.0530
vn 0.6180 -0.6679 0.4147
vn 0.6800 -0.6374 0.3622
vn 0.6802 -0.6459 0.3466
vn 0.5458 -0.7814 0.3024
vn 0.5519 -0.7352 0.3936
vn 0.5531 -0.6961 0.4577
vn 0.4817 -0.7638 0.4297
vn 0.3935 -0.7966 0.4589
vn 0.2961 -0.7819 0.5486
vn 0.3891 -0.6650 0.6375
vn 0.5245 -0.4947 0.6929
vn 0.5994 -0.2696 0.7537
vn 0.7039 -0.2993 0.6442
vn 0.6901 -0.4390 0.5754
vn 0.8217 -0.2174 0.5268
vn 0.8356 -0.4117 0.3638
vn 0.6631 -0.5824 0.4702
vn 0.8807 -0.1783 0.4388
vn 0.9351 -0.2467 0.2544
vn 0.9794 -0.1621 -0.1203
vn 0.8889 -0.1484 -0.4335
vn 0.8672 -0.2459 -0.4331
vn 0.7979 -0.1769 -0.5762
vn 0.8051 -0.1985 -0.5590
vn 0.7427 -0.6373 -0.2056
vn 0.8074 -0.4905 -0.3281
vn 0.7401 -0.5644 -0.3657
vn 0.6900 -0.5973 0.4088
vn 0.5979 -0.4387 0.6708
vn 0.7112 -0.6054 0.3574
vn 0.5088 -0.3009 0.8066
vn 0.5653 -0.3382 0.7524
vn 0.5229 -0.2316 0.8203
vn 0.3419 -0.0541 0.9382
vn 0.4461 -0.1499 0.8823
vn 0.1618 0.0614 0.9849
vn 0.0172 0.0425 0.9989
vn -0.0474 0.1584 0.9862
vn -0.2237 0.1797 0.9580
vn -0.4147 0.1942 0.8890
vn -0.6048 0.1979 0.7714
vn -0.7438 0.1395 0.6537
vn -0.8656 0.2099 0.4546
vn -0.9100 0.2890 0.2974
vn -0.8476 0.2690 0.4573
vn -0.9191 0.2497 0.3050
vn -0.9803 0.1776 0.0863
vn -0.9959 0.0887 0.0163
vn -0.9955 0.0499 0.0811
vn -0.9903 0.1129 -0.0808
vn -0.9495 0.2154 -0.2281
vn -0.9246 0.3487 -0.1531
vn -0.9012 0.3232 -0.2889
vn -0.8990 0.1775 -0.4003
vn -0.8215 0.2520 -0.5115
vn -0.6813 0.5109 -0.5242
vn -0.4702 0.5535 -0.6874
vn -0.5319 0.3941 -0.7495
vn 0.0792 0.3947 -0.9154
vn 0.6375 0.0528 -0.7686
vn 0.7317 -0.1250 -0.6701
vn 0.6026 -0.0949 -0.7924
vn 0.7405 -0.0365 -0.6711
vn 0.7788 0.3146 -0.5427
vn 0.6883 0.3360 -0.6429
vn 0.6596 0.4299 -0.6165
vn 0.7138 0.2507 -0.6539
vn 0.5783 0.3177 -0.7514
vn 0.5571 0.1436 -0.8179
vn 0.4536 0.2356 -0.8595
vn 0.3557 0.1145 -0.9276
vn 0.3801 0.0119 -0.9249
vn 0.2576 -0.0897 -0.9621
vn 0.1237 -0.1153 -0.9856
vn 0.1167 -0.1059 -0.9875
vn -0.0275 -0.0579 -0.9979
vn -0.3154 -0.0813 -0.9455
vn -0.1859 -0.0765 -0.9796
vn -0.4079 -0.1168 -0.9055
vn -0.4998 -0.1210 -0.8576
vn -0.5222 -0.1182 -0.8446
vn -0.3860 -0.1064 -0.9164
vn -0.7368 -0.1265 -0.6641
vn -0.6698 -0.1338 -0.7304
vn -0.7425 -0.0845 -0.6644
vn -0.8160 -0.0521 -0.5758
vn -0.9611 -0.1682 -0.2192
vn -0.9759 -0.1890 -0.1090
vn -0.9863 -0.1648 -0.0061
vn -0.9756 -0.1886 0.1124
vn -0.9840 -0.0939 0.1517
vn -0.9926 -0.1111 0.0485
vn -0.9242 -0.1996 0.3256
vn -0.9572 -0.1350 0.2560
vn -0.9531 -0.2054 0.2223
vn -0.9101 -0.3135 0.2710
vn -0.8825 -0.2873 0.3724
vn -0.8516 -0.4491 0.2704
vn -0.8387 -0.4075 0.3613
vn -0.7047 -0.6307 0.3249
vn -0.7666 -0.5473 0.3357
vn -0.6473 -0.7023 0.2964
vn -0.4525 -0.8566 0.2480
vn -0.4864 -0.8268 0.2826
vn -0.6268 -0.6767 0.3862
vn -0.2863 -0.9412 0.1794
vn -0.0194 -0.9969 0.0766
vn 0.3828 -0.9237 -0.0132
vn 0.4250 -0.8936 -0.1442
vn 0.2520 -0.9508 0.1803
vn 0.5190 -0.8493 0.0968
vn 0.6708 -0.7385 0.0680
vn 0.6248 -0.7481 0.2237
vn 0.7285 -0.6391 0.2467
vn 0.3970 -0.8707 0.2902
vn 0.5476 -0.7770 0.3105
vn 0.3480 -0.8990 0.2657
vn 0.4200 -0.8813 0.2164
vn 0.5031 -0.7984 0.3308
vn 0.4469 -0.8482 0.2842
vn 0.4391 -0.8707 0.2216
vn 0.3198 -0.9091 0.2669
vn 0.1847 -0.7948 0.5781
vn 0.3068 -0.6772 0.6688
vn 0.2549 -0.5984 0.7595
vn 0.7322 -0.1382 0.6669
vn 0.8678 -0.1500 0.4738
vn 0.9378 -0.1200 0.3259
vn 0.9836 -0.1569 0.0885
vn 0.9759 -0.1134 -0.1866
vn 0.9811 -0.1697 -0.0928
vn 0.9038 -0.1717 -0.3921
vn 0.8009 -0.1591 -0.5773
vn 0.6630 -0.4352 -0.6092
vn 0.8023 -0.5942 -0.0564
vn 0.7306 -0.6828 0.0019
vn 0.7996 -0.4968 0.3374
vn 0.7230 -0.3713 0.5826
vn 0.6953 -0.2578 0.6709
vn 0.6590 -0.1675 0.7332
vn 0.3161 0.0619 0.9467
vn 0.5040 -0.0620 0.8615
vn 0.1777 0.2225 0.9586
vn 0.0384 0.3886 0.9206
vn -0.0728 0.3622 0.9293
vn 0.0802 0.2268 0.9706
vn -0.6018 0.3705 0.7075
vn -0.7385 0.3241 0.5913
vn -0.9338 -0.0754 0.3498
vn -0.9621 -0.0641 0.2650
vn -0.9349 -0.1040 0.3394
vn -0.9717 -0.0024 0.2364
vn -0.9394 0.0205 0.3422
vn -0.8843 0.2484 0.3953
vn -0.9443 0.1922 0.2673
vn -0.9870 -0.0004 0.1610
vn -0.9618 0.2085 0.1774
vn -0.9618 0.2048 0.1814
vn -0.9169 0.3575 0.1773
vn -0.9654 0.2605 0.0139
vn -0.8952 0.4348 0.0978
vn -0.9239 0.3701 -0.0971
vn -0.8704 0.4918 0.0226
vn -0.8282 0.5335 0.1716
vn -0.7870 0.5894 0.1823
vn -0.8534 0.5194 0.0431
vn -0.9172 0.3830 -0.1099
vn -0.7963 0.5987 0.0859
vn -0.8084 0.5828 -0.0820
vn -0.0998 0.5218 -0.8472
vn 0.0932 0.5207 -0.8486
vn -0.1052 0.4144 -0.9040
vn 0.2396 0.3652 -0.8996
vn 0.5524 0.1825 -0.8133
vn 0.4821 0.2779 -0.8308
vn 0.7060 0.1210 -0.6978
vn 0.6446 0.1615 -0.7472
vn 0.7690 0.0656 -0.6359
vn 0.8493 -0.0129 -0.5277
vn 0.9446 -0.0920 -0.3151
vn 0.8534 -0.1507 -0.4991
vn 0.9203 -0.1319 -0.3683
vn 0.8576 -0.0296 -0.5135
vn 0.9444 0.1132 -0.3086
vn 0.8684 0.2704 -0.4156
vn 0.9603 0.1503 -0.2350
vn 0.8894 0.2221 -0.3994
vn 0.7764 0.4115 -0.4773
vn 0.4770 0.0413 -0.8779
vn 0.5356 -0.0223 -0.8441
vn 0.3870 -0.0473 -0.9209
vn 0.0742 -0.0446 -0.9962
vn -0.0739 -0.0393 -0.9965
vn -0.2726 -0.0721 -0.9594
vn -0.6745 -0.1089 -0.7302
vn -0.7681 -0.0900 -0.6340
vn -0.8765 -0.0366 -0.4801
vn -0.9309 -0.2447 -0.2713
vn -0.9586 -0.2452 -0.1447
vn -0.9695 -0.2450 -0.0079
vn -0.9509 -0.2705 0.1507
vn -0.6163 -0.7162 0.3274
vn -0.3669 -0.8604 0.3538
vn -0.2384 -0.9042 0.3544
vn 0.0888 -0.9421 0.3234
vn -0.0242 -0.9467 0.3212
vn 0.2191 -0.9273 0.3036
vn 0.0549 -0.9872 0.1497
vn -0.3501 -0.9365 -0.0185
vn -0.2085 -0.9731 -0.0977
vn 0.1971 -0.9764 0.0881
vn 0.2667 -0.9618 0.0616
vn 0.1093 -0.9646 -0.2398
vn 0.3735 -0.9239 0.0832
vn 0.3711 -0.9100 -0.1847
vn 0.4546 -0.8720 -0.1814
vn 0.4101 -0.9029 -0.1287
vn 0.3700 -0.8509 0.3730
vn 0.3724 -0.4587 0.8068
vn 0.4383 -0.1137 0.8916
vn 0.4882 0.0023 0.8727
vn 0.4670 0.0338 0.8836
vn 0.5384 -0.0613 0.8405
vn 0.6550 -0.0947 0.7497
vn 0.5885 -0.1741 0.7896
vn 0.9902 -0.1282 0.0545
vn 0.9477 -0.2716 -0.1674
vn 0.8905 -0.2691 -0.3668
vn 0.8662 -0.1523 -0.4759
vn 0.7918 -0.0809 -0.6054
vn 0.6841 -0.2077 -0.6991
vn 0.7866 -0.1747 -0.5922
vn 0.6700 -0.0927 -0.7366
vn 0.5174 -0.1971 -0.8327
vn 0.5800 -0.3578 -0.7318
vn 0.9054 -0.3949 -0.1559
vn 0.9021 -0.3402 0.2654
vn 0.8576 -0.2979 0.4193
vn 0.8136 -0.2621 0.5190
vn 0.7055 -0.1539 0.6918
vn 0.5716 0.0455 0.8193
vn 0.4406 0.0696 0.8950
vn 0.2686 0.1575 0.9503
vn 0.2486 0.0128 0.9685
vn 0.1547 0.2196 0.9633
vn 0.1284 0.0598 0.9899
vn 0.0147 0.3334 0.9427
vn -0.0594 0.1119 0.9919
vn -0.1848 0.3817 0.9056
vn -0.2374 0.3763 0.8956
vn -0.4799 0.1382 0.8664
vn -0.6547 0.2231 0.7223
vn -0.4313 0.3988 0.8093
vn -0.4178 0.3850 0.8229
vn -0.7038 0.4765 0.5269
vn -0.7914 0.2008 0.5774
vn -0.8783 0.1706 0.4467
vn -0.8862 0.1510 0.4381
vn -0.9372 0.0641 0.3430
vn -0.9035 -0.0511 0.4255
vn -0.9824 -0.0025 0.1865
vn -0.9578 0.1185 0.2620
vn -0.9014 0.3212 0.2902
vn -0.8487 0.4570 0.2663
vn -0.7427 0.6451 0.1799
vn -0.7432 0.6555 0.1343
vn -0.7494 0.6621 0.0102
vn -0.7132 0.6861 0.1437
vn -0.7076 0.7045 -0.0552
vn -0.1004 0.6280 -0.7717
vn 0.2497 0.4286 -0.8683
vn 0.3372 0.4739 -0.8135
vn 0.3629 0.3403 -0.8675
vn 0.6072 0.2739 -0.7458
vn 0.7444 0.1748 -0.6445
vn 0.7646 0.1485 -0.6272
vn 0.8517 0.1322 -0.5071
vn 0.8966 0.0925 -0.4331
vn 0.8403 0.1213 -0.5284
vn 0.9416 0.1145 -0.3167
vn 0.9735 0.0708 -0.2175
vn 0.9340 0.0325 -0.3558
vn 0.9971 -0.0069 -0.0760
vn 0.9809 -0.1644 -0.1038
vn 0.9452 -0.2204 -0.2407
vn 0.9911 -0.0983 -0.0894
vn 0.9705 -0.0302 -0.2390
vn 0.9869 0.1054 -0.1218
vn 0.9979 -0.0050 -0.0646
vn 0.9866 0.0608 -0.1515
vn 0.9036 0.0681 -0.4230
vn 0.7962 0.0687 -0.6012
vn 0.6617 0.0619 -0.7472
vn 0.7105 -0.0289 -0.7031
vn 0.5979 -0.0720 -0.7983
vn 0.4010 -0.1148 -0.9089
vn 0.2516 -0.1060 -0.9620
vn 0.0416 -0.0590 -0.9974
vn -0.4477 -0.1453 -0.8823
vn -0.5486 -0.1384 -0.8245
vn -0.9027 -0.2737 -0.3321
vn -0.9184 -0.3198 -0.2329
vn -0.9274 -0.3540 0.1213
vn -0.8669 -0.4908 0.0868
vn -0.4881 -0.8443 0.2213
vn -0.1172 -0.9625 0.2445
vn -0.3943 -0.9154 0.0809
vn -0.6023 -0.7723 -0.2020
vn -0.4346 -0.8158 -0.3816
vn -0.0474 -0.9829 -0.1780
vn -0.0163 -0.8161 -0.5776
vn -0.2475 -0.8112 -0.5298
vn 0.3408 -0.7277 -0.5952
vn 0.1585 -0.8005 -0.5780
vn 0.5682 -0.6968 -0.4378
vn 0.4444 -0.6894 -0.5720
vn 0.5040 -0.1661 0.8476
vn 0.6675 0.0415 0.7434
vn 0.5997 0.1040 0.7934
vn 0.5279 0.0181 0.8491
vn 0.7342 -0.1198 0.6682
vn 0.7775 -0.1381 0.6135
vn 0.9527 -0.2646 -0.1495
vn 0.9615 -0.1186 -0.2481
vn 0.8685 -0.0422 -0.4939
vn 0.7794 -0.0591 -0.6237
vn 0.5229 -0.1179 -0.8442
vn 0.4746 -0.3264 -0.8174
vn 0.5906 -0.3353 -0.7340
vn 0.6925 -0.4698 -0.5475
vn 0.8388 -0.4053 -0.3634
vn 0.6889 -0.2946 -0.6623
vn 0.8201 -0.2907 -0.4929
vn 0.9327 -0.3594 0.0297
vn 0.9243 -0.2530 -0.2858
vn 0.9750 -0.2124 0.0647
vn 0.8379 -0.2011 0.5074
vn 0.8844 -0.3361 0.3238
vn 0.6803 0.0083 0.7329
vn 0.2416 0.1487 0.9589
vn 0.0982 0.2287 0.9685
vn 0.1662 0.0639 0.9840
vn 0.0377 0.0701 0.9968
vn -0.1191 0.1607 0.9798
vn -0.2649 0.2083 0.9415
vn -0.2828 0.1588 0.9459
vn -0.5351 0.3679 0.7605
vn -0.6614 0.3474 0.6647
vn -0.7544 0.1053 0.6479
vn -0.8317 0.1709 0.5282
vn -0.7762 0.3132 0.5472
vn -0.8179 0.3244 0.4752
vn -0.8338 0.3997 0.3808
vn -0.9051 0.2496 0.3443
vn -0.8039 0.4974 0.3260
vn -0.7196 0.6535 0.2347
vn -0.6691 0.7061 0.2317
vn -0.6385 0.7615 0.1111
vn -0.6843 0.7242 0.0850
vn 0.1460 0.6480 -0.7476
vn 0.3122 0.6188 -0.7209
vn 0.5255 0.3815 -0.7604
vn 0.6902 0.3020 -0.6576
vn 0.8147 0.1254 -0.5661
vn 0.8886 0.0491 -0.4561
vn 0.9337 0.0687 -0.3515
vn 0.9937 0.1119 -0.0061
vn 0.9718 0.0695 0.2254
vn 0.9468 -0.1289 0.2948
vn 0.9901 -0.0488 0.1319
vn 0.9744 -0.2007 0.1016
vn 0.9519 0.1183 0.2827
vn 0.9870 0.0885 0.1342
vn 0.9938 -0.0613 0.0926
vn 0.9968 -0.0638 0.0490
vn 0.9485 -0.2807 0.1470
vn 0.9872 -0.1594 -0.0000
vn 0.9624 -0.1983 0.1854
vn 0.9962 -0.0849 -0.0199
vn 0.9876 -0.0841 0.1323
vn 0.9976 -0.0688 0.0116
vn 0.9990 0.0112 -0.0424
vn 0.9774 -0.0118 -0.2112
vn 0.8929 -0.0670 -0.4452
vn 0.8248 -0.0502 -0.5631
vn 0.4131 -0.0772 -0.9074
vn 0.3139 -0.0382 -0.9487
vn 0.1796 -0.0553 -0.9822
vn 0.1925 -0.0442 -0.9803
vn -0.0057 -0.1085 -0.9941
vn -0.1506 -0.0966 -0.9839
vn -0.1581 -0.1349 -0.9782
vn -0.2812 -0.1446 -0.9487
vn -0.8713 -0.4755 -0.1218
vn -0.9371 -0.3427 -0.0667
vn -0.8622 -0.4059 -0.3031
vn -0.7683 -0.5495 -0.3282
vn -0.8338 -0.5206 -0.1834
vn -0.8890 -0.2944 -0.3506
vn -0.8212 -0.3358 -0.4614
vn -0.7435 -0.3700 -0.5570
vn -0.5826 -0.5104 -0.6325
vn -0.6990 -0.5587 -0.4464
vn -0.2582 -0.3405 -0.9041
vn -0.2084 -0.5495 -0.8091
vn -0.4017 -0.3500 -0.8462
vn -0.1456 -0.3218 -0.9355
vn -0.0195 -0.5166 -0.8560
vn 0.4532 -0.3132 -0.8346
vn 0.4777 -0.5003 -0.7221
vn 0.3445 -0.3675 -0.8638
vn 0.5373 -0.4642 -0.7042
vn 0.5122 -0.2062 -0.8337
vn 0.6110 -0.3175 -0.7251
vn 0.5979 -0.0810 -0.7975
vn 0.7048 -0.2056 -0.6790
vn 0.7419 0.1361 0.6566
vn 0.6838 0.0740 0.7259
vn 0.5993 0.0330 0.7999
vn 0.6772 0.0046 0.7358
vn 0.7616 -0.0862 0.6423
vn 0.9040 -0.1893 0.3833
vn 0.9422 -0.2086 0.2623
vn 0.9046 -0.1860 0.3835
vn 0.9774 -0.1911 0.0902
vn 0.9762 -0.2067 -0.0658
vn 0.9595 -0.2695 0.0816
vn 0.9184 -0.0820 -0.3869
vn 0.7863 -0.1018 -0.6094
vn 0.3591 -0.0714 -0.9305
vn 0.3534 -0.1846 -0.9171
vn 0.4106 -0.1954 -0.8906
vn 0.2257 -0.0444 -0.9732
vn 0.3803 -0.1274 -0.9161
vn 0.1929 -0.0870 -0.9773
vn 0.3716 -0.0977 -0.9232
vn 0.5584 -0.1539 -0.8152
vn 0.7055 -0.1505 -0.6926
vn 0.9873 0.0046 -0.1588
vn 0.9039 -0.0485 0.4250
vn 0.4824 0.0725 0.8729
vn 0.6265 0.0109 0.7794
vn 0.5540 0.0814 0.8285
vn 0.3094 0.2929 0.9047
vn 0.2126 0.3232 0.9222
vn 0.3680 0.1188 0.9222
vn 0.1187 0.3256 0.9380
vn 0.0363 0.3306 0.9431
vn 0.0007 0.2439 0.9698
vn -0.1211 0.3505 0.9287
vn -0.2441 0.4189 0.8746
vn -0.3655 0.4821 0.7962
vn -0.4096 0.3466 0.8439
vn -0.5757 0.4945 0.6512
vn -0.5775 0.5301 0.6209
vn -0.6695 0.4668 0.5778
vn -0.7115 0.4465 0.5426
vn -0.7785 0.4692 0.4168
vn -0.7384 0.5562 0.3812
vn -0.7529 0.5913 0.2889
vn -0.6797 0.6953 0.2337
vn 0.1842 0.7932 -0.5804
vn 0.3526 0.7191 -0.5988
vn 0.9869 -0.0065 -0.1614
vn 0.9960 -0.0446 -0.0776
vn 0.9748 0.1370 0.1763
vn 0.9815 0.1050 -0.1603
vn 0.9028 0.0121 0.4299
vn 0.8972 -0.1366 0.4199
vn 0.9247 0.1284 0.3584
vn 0.9394 0.0746 0.3347
vn 0.9259 -0.0938 0.3659
vn 0.9717 -0.0936 0.2171
vn 0.8401 -0.4475 0.3066
vn 0.9018 -0.3102 0.3009
vn 0.8946 -0.3013 0.3299
vn 0.9979 -0.0551 0.0336
vn 0.9788 -0.0093 -0.2045
vn 0.9729 -0.1093 -0.2039
vn 0.9128 -0.0401 -0.4064
vn 0.8784 0.0291 -0.4770
vn 0.8256 -0.0740 -0.5594
vn 0.5426 -0.0796 -0.8362
vn 0.4097 -0.0139 -0.9121
vn 0.3533 -0.0364 -0.9348
vn -0.1805 -0.1638 -0.9698
vn -0.2927 -0.1719 -0.9406
vn -0.5496 -0.1644 -0.8191
vn -0.4174 -0.1745 -0.8918
vn -0.4684 -0.2296 -0.8532
vn -0.5499 -0.2657 -0.7918
vn -0.6440 -0.2071 -0.7364
vn -0.7700 -0.2398 -0.5913
vn -0.6583 -0.2877 -0.6956
vn -0.2990 -0.2427 -0.9229
vn 0.2071 -0.1453 -0.9675
vn 0.3168 -0.1151 -0.9415
vn 0.3439 -0.2160 -0.9138
vn 0.4242 -0.0663 -0.9031
vn 0.4446 -0.1217 -0.8874
vn 0.7088 -0.0394 -0.7043
vn 0.8455 0.0321 -0.5330
vn 0.9024 0.0385 -0.4291
vn 0.8699 0.1426 0.4721
vn 0.7841 0.1060 0.6115
vn 0.7473 0.0131 0.6644
vn 0.8435 -0.1427 0.5178
vn 0.9423 -0.1795 0.2826
vn 0.9552 -0.2357 0.1791
vn 0.9716 -0.2223 0.0818
vn 0.9680 -0.1322 -0.2134
vn 0.9818 -0.1827 -0.0515
vn 0.9505 -0.2182 -0.2211
vn 0.5451 -0.0146 -0.8383
vn 0.3319 0.1238 -0.9351
vn 0.2204 0.0074 -0.9754
vn 0.5135 -0.1252 -0.8489
vn 0.3464 -0.1358 -0.9282
vn 0.5341 -0.0664 -0.8428
vn 0.8021 -0.1193 -0.5852
vn 0.8016 0.0526 -0.5955
vn 0.0947 0.3972 0.9128
vn 0.1792 0.3939 0.9015
vn 0.0131 0.4089 0.9125
vn -0.0795 0.4295 0.8996
vn -0.2236 0.4789 0.8489
vn -0.3464 0.5434 0.7647
vn -0.3132 0.5947 0.7404
vn -0.4220 0.5667 0.7076
vn -0.4740 0.5016 0.7237
vn -0.5396 0.5414 0.6447
vn -0.6290 0.5307 0.5680
vn -0.6946 0.5241 0.4928
vn -0.7364 0.4566 0.4992
vn -0.5787 0.6209 0.5288
vn -0.5347 0.6658 0.5204
vn -0.6592 0.5997 0.4536
vn -0.6051 0.6775 0.4181
vn -0.6484 0.6904 0.3208
vn -0.6853 0.6422 0.3433
vn -0.6120 0.7153 0.3374
vn -0.5816 0.7123 0.3929
vn -0.5207 0.7261 0.4490
vn -0.5798 0.7407 0.3394
vn -0.4771 0.7916 0.3819
vn -0.5914 0.7763 0.2182
vn 0.2386 0.8962 -0.3741
vn 0.7926 0.3509 -0.4987
vn 0.8199 0.4851 -0.3039
vn 0.8137 0.1747 -0.5543
vn 0.9407 0.2074 -0.2686
vn 0.9123 0.0904 -0.3994
vn 0.9470 0.3169 -0.0520
vn 0.9937 0.0905 0.0666
vn 0.9886 -0.0939 0.1177
vn 0.9650 -0.0651 0.2541
vn 0.9251 -0.0289 0.3787
vn 0.9833 0.0094 0.1815
vn 0.9079 0.1292 0.3988
vn 0.9130 0.1603 0.3752
vn 0.8730 0.1175 0.4733
vn 0.8849 0.0679 0.4608
vn 0.8984 -0.0335 0.4379
vn 0.9126 -0.1080 0.3944
vn 0.9385 -0.0002 0.3452
vn 0.9512 -0.0996 0.2921
vn 0.9272 -0.1122 0.3574
vn 0.8181 -0.4776 0.3204
vn 0.8267 -0.4619 0.3213
vn 0.8716 -0.3933 0.2926
vn 0.9299 -0.2271 0.2892
vn 0.8912 -0.2667 0.3668
vn 0.8814 -0.1873 0.4338
vn 0.9035 -0.0915 0.4188
vn 0.8956 -0.1727 0.4100
vn 0.9631 -0.1201 0.2408
vn 0.9522 0.0004 0.3054
vn 0.9899 0.0589 0.1291
vn 0.9779 0.0663 -0.1983
vn 0.4939 -0.0280 -0.8690
vn -0.0572 -0.1757 -0.9828
vn -0.1395 -0.2405 -0.9606
vn 0.0916 -0.1757 -0.9802
vn -0.0014 -0.2864 -0.9581
vn 0.3004 -0.0818 -0.9503
vn 0.5196 -0.0446 -0.8532
vn 0.5271 -0.0734 -0.8466
vn 0.6988 -0.0164 -0.7151
vn 0.9808 0.1030 0.1654
vn 0.9578 0.1474 0.2469
vn 0.8926 0.1238 0.4335
vn 0.7697 0.0014 0.6384
vn 0.8270 -0.0996 0.5533
vn 0.9192 -0.2658 0.2904
vn 0.9373 -0.3016 0.1746
vn 0.9593 -0.2706 0.0802
vn 0.9783 -0.2021 -0.0463
vn 0.9080 -0.1153 -0.4027
vn 0.9587 -0.1626 -0.2336
vn 0.9363 -0.0158 -0.3509
vn 0.8234 -0.0974 -0.5590
vn 0.8126 0.0528 -0.5804
vn 0.6597 0.0819 -0.7470
vn 0.4657 0.1602 -0.8703
vn 0.3439 -0.1490 -0.9271
vn 0.7575 0.2515 -0.6024
vn 0.9246 0.3034 -0.2305
vn 0.6290 0.4715 0.6181
vn 0.6051 0.5313 0.5930
vn 0.4303 0.4107 0.8039
vn 0.4337 0.4783 0.7636
vn 0.2052 0.4604 0.8637
vn 0.0691 0.4792 0.8750
vn -0.0451 0.4968 0.8667
vn -0.2100 0.5382 0.8163
vn -0.4564 0.6125 0.6454
vn -0.5215 0.6175 0.5888
vn -0.4710 0.6592 0.5861
vn -0.5382 0.6864 0.4891
vn -0.5646 0.7221 0.3997
vn -0.5208 0.7232 0.4536
vn -0.5171 0.7408 0.4289
vn 0.1105 0.9628 0.2467
vn 0.4402 0.8634 0.2465
vn 0.3405 0.9376 -0.0709
vn -0.3116 0.7608 0.5693
vn -0.0108 0.7730 0.6343
vn -0.0840 0.8027 0.5904
vn -0.4274 0.7365 0.5243
vn -0.3772 0.7418 0.5545
vn -0.3784 0.6912 0.6157
vn -0.3403 0.7348 0.5868
vn -0.4320 0.7308 0.5285
vn -0.4938 0.7061 0.5076
vn -0.4156 0.6544 0.6317
vn -0.3843 0.6280 0.6767
vn -0.3468 0.6468 0.6793
vn -0.2934 0.6913 0.6603
vn -0.2792 0.7184 0.6371
vn -0.2391 0.7069 0.6657
vn -0.3029 0.7164 0.6285
vn -0.2710 0.7364 0.6199
vn 0.3045 0.7986 0.5191
vn 0.9670 0.0898 0.2386
vn 0.9734 0.0896 0.2109
vn 0.9066 0.3793 0.1850
vn 0.9434 -0.1063 0.3142
vn 0.9241 -0.1724 0.3411
vn 0.8848 -0.1118 -0.4524
vn 0.7923 -0.1506 -0.5913
vn 0.8682 -0.1885 -0.4591
vn 0.7435 0.6000 0.2955
vn 0.9139 0.3770 -0.1508
vn 0.9139 0.0526 -0.4024
vn 0.2511 0.5857 0.7707
vn 0.3803 0.5457 0.7467
vn 0.4546 0.6332 0.6265
vn 0.5518 0.5283 0.6453
vn 0.6506 0.5925 0.4750
vn 0.8053 0.5611 0.1915
vn 0.8704 0.4499 -0.1999
vn 0.8153 0.3526 -0.4593
vn 0.4671 0.0812 -0.8805
vn 0.1844 -0.3299 -0.9258
vn 0.4041 -0.0441 -0.9137
vn -0.0462 -0.3363 -0.9406
vn 0.0305 -0.4101 -0.9115
vn 0.2346 -0.5075 -0.8291
vn -0.0056 -0.1176 -0.9930
vn 0.0777 0.0443 -0.9960
vn -0.0097 -0.1577 -0.9874
vn 0.2997 0.0815 -0.9506
vn 0.4739 0.1969 -0.8583
vn 0.9775 -0.1693 0.1259
vn 0.9901 -0.1392 -0.0202
vn 0.9448 -0.2345 0.2289
vn 0.9117 -0.2780 0.3026
vn 0.9113 -0.3179 0.2616
vn 0.7992 -0.0770 0.5961
vn 0.7836 0.0414 0.6199
vn 0.8449 -0.0451 0.5331
vn 0.9019 0.0725 0.4258
vn 0.6870 -0.0308 -0.7260
vn 0.8528 0.0005 -0.5222
vn 0.5793 -0.0404 -0.8141
vn 0.5791 -0.0406 -0.8142
vn 0.8941 -0.0092 0.4479
vn 0.8956 -0.1823 0.4057
vn 0.8830 -0.2703 0.3836
vn 0.8544 -0.1432 0.4995
vn 0.9690 -0.2186 0.1153
vn 0.9683 -0.1860 0.1668
vn 0.9832 -0.1791 -0.0341
vn 0.9857 -0.0591 -0.1578
vn 0.8994 -0.3308 -0.2857
vn 0.6567 -0.4522 -0.6035
vn 0.7992 -0.1937 -0.5690
vn 0.2259 -0.2153 -0.9501
vn 0.5749 -0.0744 -0.8148
vn 0.3867 -0.5712 -0.7240
vn 0.3517 -0.3168 -0.8809
vn 0.5950 0.1228 -0.7943
vn 0.5382 0.1545 -0.8286
vn 0.5392 0.1558 -0.8276
vn 0.5975 -0.0169 -0.8017
vn 0.7015 -0.0710 -0.7091
vn 0.6082 0.0351 -0.7930
vn 0.7920 0.0056 -0.6104
vn 0.9595 -0.0782 -0.2707
vn 0.9456 -0.0551 0.3207
vn 0.9387 0.0545 0.3404
vn 0.9830 -0.0662 0.1710
vn 0.9595 0.0307 0.2800
vn 0.9337 0.0042 0.3580
vn 0.9196 -0.3187 0.2297
vn 0.9140 -0.3430 0.2169
vn 0.9452 -0.2654 0.1903
vn 0.9572 -0.2128 0.1960
vn 0.9067 -0.2481 0.3412
vn 0.8730 -0.3878 0.2959
vn 0.9808 -0.0956 0.1698
vn 0.9831 -0.1174 -0.1402
vn 0.9008 -0.1147 -0.4189
vn 0.9902 -0.1351 -0.0366
vn 0.8105 -0.0851 -0.5796
vn 0.6876 0.0029 -0.7261
vn 0.9810 -0.1006 -0.1658
vn 0.9305 -0.1563 -0.3311
vn 0.9952 -0.0107 0.0970
vn 0.9870 -0.0121 -0.1601
vn 0.8726 -0.0631 -0.4843
vn 0.9623 -0.0363 0.2694
vn 0.8716 0.4902 0.0014
vn 0.6995 0.5656 0.4369
vn 0.8342 0.5231 0.1744
vn 0.3109 0.4728 0.8245
vn -0.0898 0.5547 0.8272
vn -0.1881 0.5756 0.7958
vn -0.2702 0.6034 0.7502
vn -0.2433 0.6248 0.7419
vn 0.0294 0.5354 0.8441
vn -0.0081 0.6186 0.7857
vn -0.1276 0.5969 0.7921
vn -0.1706 0.6727 0.7200
vn -0.1171 0.7343 0.6686
vn 0.2494 0.7392 0.6256
vn 0.5128 0.6606 0.5483
vn 0.6446 0.5975 0.4769
vn -0.0676 0.7033 0.7076
vn -0.2611 0.7119 0.6519
vn 0.9031 -0.2463 -0.3517
vn 0.9895 -0.1328 -0.0575
vn 0.9876 0.0161 -0.1559
vn 0.9357 -0.2961 -0.1919
vn 0.9260 -0.3670 -0.0881
vn 0.9762 -0.2162 0.0176
vn 0.9616 -0.1771 -0.2099
vn 0.9521 0.3039 -0.0342
vn 0.3187 0.6679 0.6726
vn 0.6117 0.6268 0.4826
vn 0.8969 0.0955 0.4317
vn 0.5775 0.4456 -0.6840
vn -0.0092 -0.0632 0.9980
vn -0.6394 -0.4083 0.6515
vn -0.6759 -0.1870 0.7129
vn -0.3769 -0.9256 -0.0344
vn 0.6181 -0.6245 0.4774
vn 0.7919 -0.5724 0.2126
vn -0.7335 0.0989 -0.6725
vn -0.7563 -0.5747 -0.3126
vn 0.0857 0.5576 0.8257
vn 0.6149 -0.0984 -0.7824
vn 0.9005 0.0834 -0.4267
vn 0.6848 0.2149 0.6963
vn 0.4182 0.1714 0.8920
vn 0.1421 0.0555 0.9883
vn -0.7919 0.3290 0.5144
vn -0.6880 0.1571 0.7085
vn -0.9089 0.1736 0.3792
vn -0.9772 0.2124 0.0044
vn -0.7978 0.3603 0.4834
vn -0.8438 0.0347 -0.5356
vn -0.8805 0.1069 -0.4618
vn -0.7473 -0.1371 -0.6502
vn -0.7893 -0.4565 -0.4106
vn -0.6434 -0.5678 -0.5135
vn -0.5203 -0.4767 -0.7085
vn -0.9556 0.2936 -0.0257
vn -0.9004 0.3203 0.2945
vn -0.8592 -0.2845 0.4253
vn -0.8318 0.1705 -0.5282
vn -0.9154 0.0193 -0.4020
vn -0.6397 -0.2221 0.7358
vn -0.9920 -0.1022 0.0745
vn -0.9946 -0.0969 -0.0383
vn -0.9856 0.1527 -0.0727
vn -0.9759 -0.0523 -0.2120
vn -0.9870 -0.1575 0.0322
vn -0.9970 0.0160 0.0755
vn -0.8599 -0.0853 0.5033
vn -0.9377 -0.2081 0.2781
vn -0.9920 -0.1024 0.0734
vn -0.9487 -0.1857 0.2559
vn -0.9728 -0.1635 -0.1643
vn -0.9088 -0.1437 -0.3917
vn -0.5296 0.2787 -0.8012
vn -0.5798 0.2357 -0.7799
vn -0.2187 0.3476 -0.9118
vn -0.3301 0.4804 -0.8126
vn -0.0869 0.5369 -0.8392
vn 0.3283 0.7462 -0.5791
vn 0.0613 0.6833 -0.7276
vn -0.0279 0.8038 -0.5942
vn 0.2516 0.8366 -0.4866
vn -0.1720 0.6192 -0.7661
vn 0.1911 0.6418 -0.7427
vn 0.5122 0.8016 -0.3083
vn 0.1604 0.9331 -0.3217
vn 0.4217 0.8899 -0.1739
vn 0.6148 0.7885 -0.0163
vn 0.3365 0.9412 -0.0298
vn 0.4989 0.8526 0.1555
vn 0.5709 0.6794 0.4609
vn 0.5175 0.7731 0.3668
vn 0.4485 0.7497 0.4867
vn 0.4751 0.6457 0.5978
vn 0.6635 0.7266 0.1784
vn 0.2320 0.5408 0.8085
vn 0.0822 0.5138 0.8539
vn -0.4348 0.0337 0.8999
vn -0.4780 0.1925 0.8570
vn -0.5634 0.0301 0.8257
vn -0.5505 -0.1136 0.8271
vn -0.4123 0.3210 0.8526
vn -0.7121 -0.0788 0.6976
vn -0.6718 -0.3025 0.6762
vn -0.3411 0.2025 0.9180
vn -0.7257 -0.4331 0.5346
vn -0.5479 -0.1652 0.8201
vn 0.2202 0.5384 0.8134
vn -0.1319 0.5113 0.8492
vn 0.8108 0.5673 0.1440
vn 0.1452 0.5506 -0.8221
vn 0.7173 0.6652 -0.2073
vn 0.5740 0.6689 -0.4723
vn 0.3758 0.6277 -0.6817
vn -0.0471 0.4647 -0.8842
vn -0.4541 0.2211 -0.8631
vn -0.6339 -0.0106 -0.7734
vn -0.9771 -0.0815 -0.1965
vn -0.9524 -0.0803 0.2942
vn -0.9801 -0.0018 -0.1983
vn -0.5354 -0.5638 -0.6288
vn -0.5690 -0.7999 -0.1907
vn -0.5462 -0.8226 0.1582
vn -0.7228 -0.6865 0.0793
vn -0.6191 -0.6342 0.4632
vn -0.2077 -0.2864 0.9353
vn -0.1823 -0.0019 0.9832
vn 0.9279 0.2635 0.2637
vn 0.7384 0.0209 -0.6740
vn 0.3923 -0.1743 -0.9032
vn 0.2738 -0.2720 -0.9225
vn 0.4694 -0.4772 -0.7429
vn -0.5121 -0.8564 0.0656
vn -0.9228 -0.2129 -0.3210
vn -0.8137 0.0367 -0.5801
vn -0.7726 -0.6163 -0.1524
vn -0.7385 -0.6694 0.0808
vn -0.8746 -0.4436 -0.1957
vn -0.9097 -0.4121 -0.0514
vn -0.9183 0.0746 0.3887
vn -0.9215 0.1221 0.3687
vn -0.9774 -0.0062 0.2113
vn -0.5105 -0.1801 0.8408
vn -0.4711 -0.1472 0.8697
vn -0.5694 -0.1260 0.8123
vn -0.7390 0.1397 -0.6591
vn -0.4448 -0.0269 -0.8952
vn 0.0464 0.3068 -0.9506
vn -0.1136 0.2357 -0.9652
vn 0.3621 0.3507 -0.8636
vn -0.0412 0.2968 0.9541
vn -0.5276 -0.0842 0.8453
vn -0.6856 -0.2116 0.6966
vn -0.8374 -0.1881 0.5131
vn -0.7046 -0.1080 0.7013
vn -0.5064 -0.0212 0.8621
vn 0.1663 0.3477 0.9227
vn 0.5998 0.3487 -0.7202
vn -0.1175 0.1311 -0.9844
vn -0.6180 0.1716 -0.7672
vn -0.9577 0.0485 0.2837
vn -0.8439 0.1132 0.5245
vn -0.8877 -0.4449 0.1184
vn -0.6637 -0.7184 0.2081
vn -0.7923 -0.5127 0.3307
vn -0.8374 -0.3177 0.4448
vn -0.7888 0.1415 0.5981
vn -0.6996 0.0900 0.7089
vn -0.5428 0.0245 0.8395
vn -0.4525 -0.0085 0.8917
vn 0.7995 0.4263 0.4232
vn 0.9326 0.1995 -0.3007
vn 0.2412 0.4016 0.8835
vn 0.7196 0.4700 0.5112
vn 0.3914 0.3510 0.8506
vn 0.9020 0.2439 -0.3563
vn -0.7015 0.0642 -0.7097
vn -0.7168 -0.5058 0.4800
vn -0.0684 -0.6583 -0.7496
vn 0.2253 0.1675 0.9598
vn 0.6633 0.3069 0.6825
vn 0.8495 0.1539 -0.5047
vn -0.9635 -0.0713 -0.2580
vn -0.7327 -0.0402 -0.6793
vn -0.6261 -0.7163 -0.3080
vn -0.6382 -0.7463 0.1891
vn -0.6259 -0.5569 0.5460
vn -0.4858 -0.8536 -0.1879
vn -0.0605 -0.2197 0.9737
vn -0.1007 -0.4226 0.9007
vn 0.7517 -0.3227 -0.5752
vn 0.8384 -0.3365 -0.4287
vn 0.4404 -0.8924 0.0979
vn 0.1280 -0.9915 0.0239
vn 0.1194 -0.9746 0.1894
vn 0.1769 -0.9804 -0.0862
vn 0.0536 -0.3871 0.9205
vn 0.0245 -0.7444 0.6673
vn 0.2328 -0.3284 0.9154
vn 0.8514 -0.5239 -0.0235
vn 0.1160 -0.9924 0.0418
vn 0.1544 -0.8077 0.5690
vn 0.9131 0.1716 0.3698
vn 0.3897 -0.9068 0.1609
vn 0.3404 -0.8573 0.3862
vn 0.3595 -0.7449 0.5620
vn 0.6516 -0.4937 0.5759
vn 0.6254 -0.7374 0.2552
vn -0.9117 -0.2211 0.3463
vn -0.3723 -0.3926 -0.8410
vn -0.9638 -0.1338 -0.2308
vn -0.9874 -0.1130 -0.1111
vn -0.8606 -0.4412 0.2543
vn -0.9512 -0.2571 0.1709
vn -0.9067 -0.2198 0.3599
vn -0.7002 -0.0950 -0.7076
vn -0.9854 0.0539 0.1615
vn -0.8906 0.0856 0.4467
vn -0.9650 0.0397 0.2593
vn -0.9945 -0.1021 -0.0214
vn -0.9602 0.1497 -0.2359
vn -0.4872 0.4678 0.7375
vn -0.6799 0.4374 0.5885
vn -0.8958 0.2112 -0.3912
vn -0.8207 0.2838 -0.4959
vn -0.9520 -0.1850 0.2437
vn -0.6032 -0.1248 -0.7877
vn -0.3825 0.8229 -0.4201
vn -0.1240 0.9067 -0.4032
vn -0.2769 0.9447 -0.1758
vn -0.1205 0.9819 -0.1462
vn 0.0668 0.9938 -0.0886
vn 0.2583 0.9576 0.1278
vn 0.1242 0.9746 0.1864
vn 0.3675 0.8665 0.3378
vn 0.1430 0.9148 0.3777
vn -0.0916 0.9935 0.0679
vn -0.6070 0.7011 -0.3741
vn -0.4672 -0.1519 -0.8710
vn 0.1360 -0.0221 0.9905
vn -0.8864 -0.0846 0.4552
vn 0.7126 0.6445 -0.2772
vn 0.8742 -0.1016 -0.4748
vn 0.1962 0.0450 -0.9795
vn 0.0542 0.1880 -0.9807
vn 0.2471 0.2366 -0.9397
vn -0.9935 -0.0249 0.1111
vn -0.9007 -0.0786 -0.4272
vn -0.9769 -0.0056 0.2138
vn -0.9602 -0.0529 0.2744
vn -0.9209 -0.0178 0.3893
vn 0.1298 -0.6600 0.7400
vn -0.9286 -0.0964 0.3584
vn -0.6151 -0.1734 0.7692
vn 0.0207 -0.7933 0.6084
vn 0.7071 -0.4522 0.5436
vn -0.1348 -0.3135 0.9400
vn -0.4919 -0.0988 0.8650
vn -0.8935 0.0150 0.4487
vn -0.2893 0.3146 -0.9041
vn -0.8862 0.3825 -0.2615
vn -0.8874 0.1839 -0.4228
vn -0.5918 0.2351 -0.7710
vn -0.7184 -0.1346 -0.6825
vn -0.6215 -0.1343 -0.7718
vn 0.5831 -0.4178 0.6968
vn 0.2898 -0.2166 0.9322
vn -0.9208 0.0352 0.3885
vn -0.7109 0.0831 0.6983
vn 0.7686 -0.6352 -0.0765
vn 0.8048 -0.5905 -0.0599
vn 0.7133 -0.4490 0.5382
vn 0.8794 -0.4760 -0.0071
vn 0.7975 -0.5563 -0.2336
vn 0.7274 -0.5994 0.3339
vn 0.8684 -0.4957 -0.0115
vn 0.8924 -0.4091 -0.1904
vn -0.7138 0.2825 -0.6408
vn -0.3597 0.3147 -0.8784
vn 0.6179 -0.0081 -0.7862
vn -0.2927 0.4749 -0.8300
vn -0.9430 -0.0715 -0.3251
vn 0.8725 -0.2759 -0.4032
vn 0.3705 -0.4408 0.8176
vn 0.7589 -0.3150 -0.5699
vn -0.9613 0.2147 0.1728
vn -0.7996 0.4638 -0.3815
vn -0.8624 0.4645 -0.2010
vn -0.7359 0.6427 -0.2131
vn -0.6394 0.6619 -0.3912
vn -0.5088 0.6334 -0.5830
vn -0.3259 0.5768 -0.7490
vn -0.6134 -0.1291 -0.7791
vn 0.4381 -0.2407 0.8661
vn 0.4432 -0.3096 0.8413
vn 0.9416 -0.1403 0.3061
vn 0.8408 -0.4948 -0.2195
vn 0.8877 -0.4275 0.1711
vn 0.2699 0.2129 0.9391
vn -0.8134 0.4197 0.4028
vn -0.6556 0.7213 -0.2237
vn -0.3419 0.6873 -0.6408
vn -0.5493 0.7272 -0.4116
vn 0.8064 0.2567 -0.5328
vn -0.3413 -0.1427 -0.9290
vn -0.1967 -0.9582 0.2080
vn -0.8742 -0.1046 -0.4742
vn -0.8297 -0.1717 -0.5311
vn -0.9013 -0.2034 -0.3826
vn 0.6964 -0.3882 0.6037
vn 0.5620 -0.5967 0.5728
vn 0.5376 -0.8424 0.0373
vn 0.9415 -0.1565 0.2986
vn 0.9740 -0.1671 0.1532
vn 0.4086 0.1798 0.8948
vn 0.3786 0.1342 0.9158
vn -0.8700 -0.0409 0.4914
vn -0.5388 0.8080 -0.2386
vn -0.6458 0.7615 -0.0549
vn -0.3255 0.7940 -0.5135
vn -0.6550 -0.1338 -0.7437
vn -0.7429 -0.6059 0.2845
vn -0.5521 -0.7623 0.3378
vn -0.7537 -0.1652 -0.6361
vn -0.7148 -0.1991 -0.6703
vn -0.8632 -0.2542 -0.4362
vn -0.7412 -0.6661 0.0833
vn -0.6922 -0.7182 -0.0705
vn -0.4558 -0.5102 -0.7293
vn 0.1318 -0.4802 -0.8672
vn 0.2724 -0.4533 -0.8487
vn 0.6786 -0.4366 -0.5907
vn 0.7025 -0.6180 -0.3529
vn 0.7111 -0.6829 0.1670
vn 0.8458 -0.4391 -0.3030
vn 0.8749 -0.4435 0.1945
vn 0.9603 -0.2215 0.1695
vn 0.7968 -0.1827 0.5759
vn 0.7689 -0.0321 0.6386
vn 0.9302 0.0646 0.3613
vn 0.8214 0.1374 0.5536
vn -0.4760 0.1482 0.8669
vn -0.6562 0.1131 0.7461
vn -0.8243 0.3572 0.4393
vn -0.5298 0.8433 -0.0906
vn -0.3153 0.8947 -0.3164
vn -0.0697 0.7762 -0.6266
vn 0.4581 0.5149 -0.7245
vn 0.6977 -0.0500 -0.7146
vn 0.1642 -0.0898 -0.9823
vn -0.4300 -0.1424 -0.8915
vn 0.1504 -0.3051 -0.9404
vn 0.9218 -0.2065 -0.3281
vn 0.9993 0.0293 0.0220
vn 0.9817 0.1034 -0.1599
vn 0.6959 0.0079 0.7181
vn 0.9422 0.1019 0.3193
vn 0.7319 0.0720 0.6776
vn 0.4645 0.2695 0.8436
vn -0.6780 0.6840 0.2691
vn -0.6517 0.7023 0.2865
vn -0.4671 0.8765 0.1165
vn -0.2728 0.9547 -0.1185
vn -0.0415 0.8874 -0.4591
vn 0.2256 -0.2603 -0.9388
vn 0.8927 -0.1518 -0.4244
vn 0.7157 -0.0646 -0.6954
vn 0.1519 -0.0102 -0.9883
vn 0.1890 0.0928 -0.9776
vn 0.1222 -0.2137 -0.9692
vn 0.8980 0.2987 0.3232
vn 0.6748 0.3049 0.6720
vn 0.8394 0.4949 0.2248
vn -0.3753 0.8824 0.2839
vn -0.1733 0.9791 0.1060
vn 0.0613 0.9962 -0.0619
vn -0.0073 0.9573 -0.2889
vn 0.5656 0.8006 -0.1976
vn 0.6187 -0.0473 -0.7842
vn 0.8758 -0.2003 0.4391
vn 0.8115 0.3594 -0.4608
vn 0.6341 0.2059 -0.7454
vn 0.0846 -0.2994 -0.9504
vn 0.6542 0.0830 -0.7518
vn -0.4023 0.7638 0.5047
vn -0.2125 0.9015 0.3769
vn -0.4454 0.7469 0.4938
vn -0.0438 0.8639 0.5017
vn 0.5107 0.6922 0.5099
vn 0.7928 0.4666 0.3921
vn 0.9997 -0.0127 0.0216
vn 0.6510 0.1779 -0.7379
vn 0.1407 0.6425 0.7533
vn 0.1516 0.5525 0.8196
vn 0.5866 0.2065 -0.7831
vn 0.6874 0.1266 -0.7151
vn 0.8529 0.0301 -0.5212
vn 0.9538 -0.1048 -0.2815
vn 0.9328 -0.1895 0.3064
vn 0.4457 -0.3884 -0.8066
vn 0.6357 -0.5202 -0.5703
vn 0.6409 -0.0307 -0.7670
vn 0.9469 -0.3057 -0.0998
vn 0.8103 -0.4057 -0.4229
vn 0.9580 -0.2865 0.0090
vn 0.6612 -0.3132 -0.6818
vn 0.9159 -0.2198 -0.3359
vn 0.9488 0.2322 0.2142
vn 0.9505 0.1394 0.2776
vn 0.8401 0.4726 0.2662
vn 0.1859 0.7120 0.6771
vt 0.490924 0.593947
vt 0.483611 0.595913
vt 0.488830 0.609650
vt 0.361469 0.406751
vt 0.359377 0.376931
vt 0.348112 0.397605
vt 0.371545 0.424079
vt 0.381406 0.396744
vt 0.342866 0.424654
vt 0.348108 0.415335
vt 0.333713 0.421074
vt 0.135937 0.442562
vt 0.141039 0.434692
vt 0.127575 0.431915
vt 0.125014 0.219895
vt 0.106248 0.221205
vt 0.124158 0.242496
vt 0.104737 0.231037
vt 0.144955 0.408430
vt 0.138613 0.413199
vt 0.145214 0.431902
vt 0.149953 0.429974
vt 0.130759 0.419390
vt 0.332750 0.964850
vt 0.331102 0.974775
vt 0.340370 0.963960
vt 0.121082 0.190231
vt 0.109409 0.184119
vt 0.106770 0.191470
vt 0.122697 0.157069
vt 0.112321 0.162076
vt 0.111651 0.176276
vt 0.300159 0.748687
vt 0.296913 0.738040
vt 0.294514 0.750158
vt 0.296421 0.206463
vt 0.288369 0.197881
vt 0.289858 0.208605
vt 0.247324 0.631337
vt 0.224041 0.629824
vt 0.260074 0.652785
vt 0.271017 0.639460
vt 0.243917 0.614686
vt 0.224909 0.613067
vt 0.177096 0.629473
vt 0.212886 0.648743
vt 0.209171 0.630372
vt 0.165239 0.638232
vt 0.166369 0.647589
vt 0.190324 0.655578
vt 0.114387 0.653435
vt 0.111424 0.665976
vt 0.142804 0.666493
vt 0.075726 0.644783
vt 0.053289 0.688225
vt 0.078411 0.690134
vt 0.043658 0.721449
vt 0.063670 0.713266
vt 0.038444 0.735795
vt 0.049350 0.737196
vt 0.031898 0.753483
vt 0.054555 0.760752
vt 0.040415 0.772673
vt 0.031850 0.770950
vt 0.566713 0.477585
vt 0.572546 0.449177
vt 0.566414 0.433856
vt 0.535380 0.449860
vt 0.549580 0.491903
vt 0.534517 0.492855
vt 0.519359 0.491585
vt 0.526450 0.522578
vt 0.517125 0.514731
vt 0.509875 0.539492
vt 0.516769 0.540760
vt 0.486712 0.554371
vt 0.489973 0.572626
vt 0.499304 0.547511
vt 0.435913 0.620853
vt 0.443225 0.622193
vt 0.447650 0.595258
vt 0.427904 0.600617
vt 0.424192 0.583033
vt 0.418891 0.610054
vt 0.362832 0.555619
vt 0.359613 0.547226
vt 0.357376 0.557294
vt 0.353879 0.536702
vt 0.353481 0.553725
vt 0.124933 0.360277
vt 0.128046 0.362451
vt 0.128022 0.344022
vt 0.133400 0.378850
vt 0.139881 0.393332
vt 0.142412 0.379040
vt 0.150602 0.390428
vt 0.151159 0.409518
vt 0.158560 0.413492
vt 0.158810 0.403561
vt 0.177550 0.408589
vt 0.168455 0.401409
vt 0.160938 0.420866
vt 0.188442 0.426560
vt 0.192921 0.421408
vt 0.187056 0.418088
vt 0.176101 0.434349
vt 0.187405 0.436046
vt 0.190945 0.436452
vt 0.170347 0.445031
vt 0.172602 0.453703
vt 0.181502 0.450027
vt 0.157135 0.441259
vt 0.157976 0.451060
vt 0.148786 0.445139
vt 0.155014 0.460733
vt 0.141860 0.449820
vt 0.125728 0.456666
vt 0.135149 0.464652
vt 0.127595 0.444383
vt 0.124433 0.434265
vt 0.123864 0.418130
vt 0.122259 0.439107
vt 0.126377 0.417103
vt 0.127345 0.404730
vt 0.121736 0.416341
vt 0.124152 0.401098
vt 0.118927 0.416059
vt 0.119301 0.428582
vt 0.118056 0.442103
vt 0.122369 0.454555
vt 0.130132 0.468271
vt 0.136106 0.479584
vt 0.157062 0.485086
vt 0.142518 0.472063
vt 0.160678 0.478493
vt 0.166231 0.466669
vt 0.193028 0.456342
vt 0.196556 0.446075
vt 0.190730 0.441753
vt 0.199518 0.439683
vt 0.193732 0.438030
vt 0.211498 0.435219
vt 0.212777 0.424545
vt 0.202332 0.426753
vt 0.195432 0.413685
vt 0.190868 0.406425
vt 0.179159 0.398849
vt 0.170436 0.389054
vt 0.164632 0.368753
vt 0.156538 0.383955
vt 0.160338 0.359203
vt 0.152708 0.372714
vt 0.152423 0.350117
vt 0.148083 0.366388
vt 0.142301 0.343710
vt 0.133754 0.345691
vt 0.132991 0.360906
vt 0.136302 0.330285
vt 0.124624 0.326918
vt 0.119718 0.327964
vt 0.123563 0.343564
vt 0.377012 0.600553
vt 0.380020 0.618308
vt 0.387301 0.599187
vt 0.392967 0.618656
vt 0.405633 0.619360
vt 0.400772 0.598614
vt 0.400726 0.635467
vt 0.392908 0.646738
vt 0.420534 0.640811
vt 0.411572 0.649640
vt 0.395235 0.655031
vt 0.406471 0.660324
vt 0.396934 0.667306
vt 0.383795 0.651342
vt 0.381176 0.670530
vt 0.391476 0.679359
vt 0.334556 0.997208
vt 0.336904 0.986719
vt 0.107615 0.212041
vt 0.116793 0.206164
vt 0.142469 0.211471
vt 0.171427 0.255442
vt 0.185422 0.253652
vt 0.169225 0.240099
vt 0.218989 0.317127
vt 0.227019 0.308703
vt 0.221073 0.281038
vt 0.225712 0.321607
vt 0.233946 0.320744
vt 0.244815 0.350727
vt 0.266726 0.357982
vt 0.256587 0.346424
vt 0.258677 0.375622
vt 0.267369 0.384700
vt 0.260755 0.401570
vt 0.276169 0.393318
vt 0.297245 0.437717
vt 0.293717 0.455981
vt 0.307440 0.439231
vt 0.424510 0.138500
vt 0.427787 0.148417
vt 0.435110 0.140170
vt 0.455145 0.146130
vt 0.445330 0.142420
vt 0.440445 0.154134
vt 0.441019 0.175988
vt 0.453648 0.197161
vt 0.469508 0.192294
vt 0.466170 0.176067
vt 0.400909 0.384794
vt 0.414599 0.397692
vt 0.413736 0.380281
vt 0.390979 0.369818
vt 0.393532 0.418045
vt 0.386031 0.423601
vt 0.343410 0.493189
vt 0.361797 0.510804
vt 0.367360 0.493748
vt 0.127231 0.381749
vt 0.124865 0.374559
vt 0.123637 0.388812
vt 0.130003 0.379681
vt 0.347826 0.506586
vt 0.352211 0.521871
vt 0.428653 0.391360
vt 0.481061 0.320709
vt 0.466246 0.310386
vt 0.474013 0.334658
vt 0.478112 0.177795
vt 0.074434 0.511396
vt 0.081977 0.495838
vt 0.063021 0.490753
vt 0.058160 0.499490
vt 0.094492 0.495878
vt 0.110737 0.502467
vt 0.098963 0.486648
vt 0.275751 0.357057
vt 0.274779 0.336541
vt 0.253555 0.320782
vt 0.264097 0.334226
vt 0.228496 0.280890
vt 0.181377 0.231186
vt 0.158396 0.199987
vt 0.139295 0.197159
vt 0.139507 0.186969
vt 0.130426 0.181999
vt 0.318781 0.970318
vt 0.323670 0.976149
vt 0.326060 0.965090
vt 0.301207 0.992638
vt 0.305997 0.983502
vt 0.278001 0.984158
vt 0.409806 0.669262
vt 0.430173 0.666233
vt 0.420804 0.659433
vt 0.419981 0.629753
vt 0.461109 0.613237
vt 0.462587 0.596123
vt 0.441586 0.640671
vt 0.477039 0.620476
vt 0.442690 0.658340
vt 0.431297 0.651154
vt 0.309148 0.972758
vt 0.312068 0.966239
vt 0.278108 0.965351
vt 0.309264 0.953134
vt 0.316279 0.942640
vt 0.295806 0.936007
vt 0.280953 0.951014
vt 0.247497 0.962435
vt 0.262584 0.973244
vt 0.259413 0.954191
vt 0.224606 0.974674
vt 0.233631 0.955244
vt 0.214322 0.957515
vt 0.238283 0.977088
vt 0.186476 0.952597
vt 0.200725 0.936925
vt 0.182537 0.935200
vt 0.149653 0.936595
vt 0.159710 0.947710
vt 0.497970 0.597690
vt 0.505970 0.587460
vt 0.502872 0.561359
vt 0.540449 0.515690
vt 0.072424 0.808786
vt 0.066896 0.789823
vt 0.052520 0.803060
vt 0.054585 0.750895
vt 0.067176 0.735516
vt 0.079968 0.725340
vt 0.089951 0.700933
vt 0.126146 0.700949
vt 0.108895 0.685504
vt 0.137091 0.678604
vt 0.159303 0.656560
vt 0.177827 0.670677
vt 0.185365 0.664699
vt 0.240879 0.656268
vt 0.206686 0.660620
vt 0.233902 0.669076
vt 0.260680 0.681077
vt 0.257278 0.691824
vt 0.277088 0.694020
vt 0.278185 0.663710
vt 0.283744 0.719890
vt 0.288122 0.707933
vt 0.277541 0.707438
vt 0.284640 0.729700
vt 0.291932 0.728245
vt 0.289690 0.739360
vt 0.282275 0.742571
vt 0.287894 0.750980
vt 0.280380 0.757531
vt 0.286900 0.761520
vt 0.300954 0.763563
vt 0.306479 0.798341
vt 0.308539 0.769273
vt 0.318213 0.791340
vt 0.321044 0.771181
vt 0.335102 0.786262
vt 0.333078 0.808073
vt 0.164419 0.141503
vt 0.161452 0.149198
vt 0.179404 0.149671
vt 0.157803 0.170742
vt 0.144108 0.169292
vt 0.145993 0.177695
vt 0.151652 0.184606
vt 0.192574 0.216014
vt 0.193534 0.201923
vt 0.185137 0.192329
vt 0.209372 0.230467
vt 0.204459 0.243906
vt 0.212150 0.242849
vt 0.219590 0.237431
vt 0.226993 0.253481
vt 0.230662 0.240524
vt 0.243603 0.265618
vt 0.235808 0.257165
vt 0.246850 0.288637
vt 0.253610 0.265776
vt 0.284916 0.316615
vt 0.272260 0.316287
vt 0.303221 0.344359
vt 0.292825 0.357398
vt 0.298406 0.371360
vt 0.311293 0.341714
vt 0.305430 0.377545
vt 0.318569 0.351286
vt 0.309304 0.395685
vt 0.080850 0.523460
vt 0.074580 0.533658
vt 0.091102 0.541620
vt 0.063797 0.527798
vt 0.064421 0.557321
vt 0.048245 0.529066
vt 0.041494 0.546769
vt 0.517838 0.240582
vt 0.527797 0.246783
vt 0.530645 0.226994
vt 0.495925 0.340367
vt 0.481219 0.347159
vt 0.489520 0.366558
vt 0.504179 0.363967
vt 0.470968 0.392406
vt 0.482184 0.386067
vt 0.477512 0.368538
vt 0.443594 0.425329
vt 0.458641 0.425627
vt 0.450377 0.400948
vt 0.423149 0.441382
vt 0.437424 0.438079
vt 0.428050 0.422455
vt 0.385949 0.524610
vt 0.368406 0.528101
vt 0.360138 0.535266
vt 0.381925 0.545897
vt 0.421739 0.484551
vt 0.406410 0.473850
vt 0.409021 0.493451
vt 0.433951 0.453591
vt 0.453746 0.447199
vt 0.461244 0.405202
vt 0.510143 0.345520
vt 0.530186 0.317594
vt 0.514068 0.297177
vt 0.514999 0.323729
vt 0.539378 0.295407
vt 0.523350 0.273919
vt 0.532243 0.260418
vt 0.558136 0.266248
vt 0.547996 0.245490
vt 0.541800 0.233736
vt 0.084271 0.567697
vt 0.115462 0.556113
vt 0.128754 0.540251
vt 0.116665 0.534829
vt 0.160520 0.538003
vt 0.130112 0.517171
vt 0.126206 0.525732
vt 0.296669 0.307879
vt 0.294050 0.329379
vt 0.246255 0.251498
vt 0.245573 0.236719
vt 0.235173 0.226800
vt 0.220942 0.218622
vt 0.192880 0.185430
vt 0.181552 0.180718
vt 0.177306 0.192579
vt 0.223924 0.186190
vt 0.203856 0.184799
vt 0.217222 0.193156
vt 0.297472 0.290105
vt 0.305820 0.280221
vt 0.298670 0.261801
vt 0.321319 0.294153
vt 0.313011 0.298582
vt 0.320543 0.324341
vt 0.329579 0.313326
vt 0.328962 0.327119
vt 0.206024 0.546075
vt 0.203125 0.535474
vt 0.183160 0.536713
vt 0.161986 0.547574
vt 0.155539 0.554774
vt 0.184788 0.555474
vt 0.134445 0.578011
vt 0.145183 0.561042
vt 0.101291 0.575463
vt 0.080499 0.585556
vt 0.082660 0.595223
vt 0.093661 0.590436
vt 0.060582 0.587643
vt 0.067624 0.599271
vt 0.044079 0.591306
vt 0.055127 0.604642
vt 0.023802 0.605323
vt 0.021826 0.595066
vt 0.014008 0.611056
vt 0.020967 0.626023
vt 0.554636 0.310810
vt 0.548244 0.337900
vt 0.530096 0.347708
vt 0.491946 0.415316
vt 0.483023 0.426268
vt 0.473368 0.426723
vt 0.464968 0.439150
vt 0.483450 0.445690
vt 0.434179 0.480589
vt 0.452320 0.505343
vt 0.441638 0.474946
vt 0.436863 0.514987
vt 0.443852 0.506114
vt 0.422992 0.539578
vt 0.438917 0.542248
vt 0.425511 0.516880
vt 0.406328 0.555022
vt 0.404961 0.543435
vt 0.387148 0.559981
vt 0.377126 0.571681
vt 0.400349 0.574851
vt 0.415234 0.548985
vt 0.415298 0.565409
vt 0.485617 0.459267
vt 0.472570 0.458473
vt 0.492924 0.444032
vt 0.540713 0.402737
vt 0.525303 0.379236
vt 0.525883 0.398345
vt 0.542613 0.385214
vt 0.541047 0.370253
vt 0.567612 0.322892
vt 0.567166 0.338897
vt 0.061295 0.616778
vt 0.044598 0.613259
vt 0.072350 0.609678
vt 0.086250 0.605223
vt 0.107451 0.604021
vt 0.121005 0.595698
vt 0.099318 0.583697
vt 0.179974 0.564609
vt 0.146758 0.572288
vt 0.168042 0.586506
vt 0.198661 0.579899
vt 0.209544 0.574701
vt 0.218796 0.569790
vt 0.222428 0.562350
vt 0.245462 0.562728
vt 0.188179 0.547829
vt 0.246784 0.554187
vt 0.217613 0.541837
vt 0.329555 0.286327
vt 0.320621 0.260299
vt 0.313611 0.273222
vt 0.306458 0.263057
vt 0.288032 0.238752
vt 0.280521 0.258413
vt 0.290746 0.263364
vt 0.257409 0.214166
vt 0.270180 0.212256
vt 0.259321 0.200427
vt 0.242987 0.199006
vt 0.246382 0.191657
vt 0.255321 0.186084
vt 0.237999 0.180781
vt 0.336428 0.742994
vt 0.240662 0.163288
vt 0.254243 0.159537
vt 0.223375 0.148714
vt 0.319284 0.690654
vt 0.311619 0.708175
vt 0.327564 0.702202
vt 0.321989 0.723759
vt 0.306241 0.730831
vt 0.306853 0.749142
vt 0.300426 0.722741
vt 0.289979 0.664285
vt 0.285583 0.645229
vt 0.306523 0.628887
vt 0.280143 0.622270
vt 0.269274 0.603455
vt 0.260923 0.622875
vt 0.247379 0.597628
vt 0.207773 0.593124
vt 0.191586 0.608592
vt 0.152164 0.608030
vt 0.149178 0.615910
vt 0.143121 0.626554
vt 0.108945 0.632545
vt 0.134210 0.654397
vt 0.039830 0.634704
vt 0.035089 0.685403
vt 0.030023 0.711555
vt 0.566315 0.394840
vt 0.567021 0.417909
vt 0.574583 0.417130
vt 0.556917 0.428334
vt 0.525348 0.447625
vt 0.512439 0.453304
vt 0.509900 0.495142
vt 0.452538 0.563071
vt 0.464243 0.563783
vt 0.443090 0.557234
vt 0.438576 0.582178
vt 0.429991 0.557802
vt 0.473552 0.492344
vt 0.461109 0.496276
vt 0.469303 0.524213
vt 0.503980 0.445262
vt 0.496673 0.459608
vt 0.520694 0.430619
vt 0.540996 0.422109
vt 0.554758 0.401783
vt 0.569441 0.375244
vt 0.556487 0.373519
vt 0.009594 0.674144
vt 0.001199 0.674595
vt 0.002861 0.689245
vt 0.310845 0.233637
vt 0.305872 0.247063
vt 0.313588 0.258569
vt 0.284244 0.221482
vt 0.271093 0.195074
vt 0.262667 0.171807
vt 0.275512 0.169618
vt 0.339771 0.658473
vt 0.333164 0.661565
vt 0.338198 0.696809
vt 0.326897 0.653240
vt 0.311671 0.661826
vt 0.320786 0.673404
vt 0.299767 0.657186
vt 0.305470 0.688567
vt 0.318634 0.641716
vt 0.293548 0.605631
vt 0.291888 0.592661
vt 0.247944 0.572893
vt 0.268169 0.585142
vt 0.297584 0.239556
vt 0.303557 0.207963
vt 0.301330 0.220565
vt 0.305583 0.199847
vt 0.298890 0.198590
vt 0.311106 0.211881
vt 0.313857 0.204256
vt 0.313300 0.588663
vt 0.318136 0.601153
vt 0.328960 0.603321
vt 0.329580 0.614128
vt 0.336540 0.615420
vt 0.307480 0.192580
vt 0.270829 0.183563
vt 0.334565 0.643500
vt 0.331304 0.630173
vt 0.322852 0.619861
vt 0.312529 0.610019
vt 0.284670 0.579576
vt 0.303209 0.590129
vt 0.254378 0.177180
vt 0.155944 0.600108
vt 0.109598 0.613519
vt 0.117935 0.624814
vt 0.100975 0.619406
vt 0.089968 0.624487
vt 0.094783 0.635978
vt 0.023196 0.714477
vt 0.015982 0.660405
vt 0.023207 0.734803
vt 0.016601 0.719284
vt 0.008821 0.719212
vt 0.574570 0.389140
vt 0.482119 0.509527
vt 0.492507 0.519550
vt 0.491883 0.499221
vt 0.455703 0.529455
vt 0.466297 0.541650
vt 0.449076 0.538234
vt 0.317647 0.750054
vt 0.321904 0.737477
vt 0.500098 0.382209
vt 0.521833 0.362114
vt 0.559680 0.253190
vt 0.054922 0.575696
vt 0.040740 0.580265
vt 0.289233 0.296144
vt 0.261877 0.247568
vt 0.196942 0.174269
vt 0.376290 0.506594
vt 0.379578 0.491740
vt 0.410466 0.437784
vt 0.396051 0.436116
vt 0.409294 0.455944
vt 0.412129 0.418280
vt 0.458580 0.367942
vt 0.447134 0.363905
vt 0.466673 0.350397
vt 0.502010 0.291695
vt 0.486823 0.289289
vt 0.497037 0.304231
vt 0.509692 0.277762
vt 0.498740 0.274544
vt 0.514032 0.259644
vt 0.500493 0.258568
vt 0.501859 0.241777
vt 0.519727 0.221027
vt 0.502963 0.223184
vt 0.517747 0.204182
vt 0.501295 0.206185
vt 0.513613 0.188687
vt 0.497039 0.191496
vt 0.085485 0.514309
vt 0.111423 0.518300
vt 0.119782 0.505309
vt 0.316460 0.403180
vt 0.319096 0.392782
vt 0.235563 0.292213
vt 0.219788 0.260699
vt 0.192131 0.228000
vt 0.178400 0.214509
vt 0.167729 0.192090
vt 0.166393 0.215557
vt 0.146984 0.158771
vt 0.134534 0.149739
vt 0.129927 0.165472
vt 0.120613 0.141301
vt 0.304895 0.872467
vt 0.305825 0.886892
vt 0.315419 0.870506
vt 0.305966 0.910002
vt 0.298999 0.898112
vt 0.293800 0.905001
vt 0.299974 0.922339
vt 0.316396 0.930041
vt 0.289343 0.912931
vt 0.287370 0.922757
vt 0.272889 0.915503
vt 0.276319 0.931760
vt 0.262000 0.934348
vt 0.267231 0.941065
vt 0.212617 0.945027
vt 0.207569 0.928343
vt 0.214523 0.917733
vt 0.177475 0.926105
vt 0.185323 0.916556
vt 0.176087 0.910063
vt 0.155845 0.915957
vt 0.137078 0.918596
vt 0.135749 0.926608
vt 0.125812 0.901857
vt 0.122964 0.914829
vt 0.514160 0.576800
vt 0.523994 0.562387
vt 0.510234 0.554876
vt 0.106024 0.880902
vt 0.109979 0.900246
vt 0.539261 0.536981
vt 0.096715 0.861010
vt 0.090676 0.873681
vt 0.554625 0.515965
vt 0.085756 0.837350
vt 0.078602 0.849056
vt 0.086807 0.788530
vt 0.072243 0.776362
vt 0.070807 0.759095
vt 0.078338 0.748059
vt 0.086771 0.738402
vt 0.096099 0.728886
vt 0.106424 0.712245
vt 0.205656 0.681558
vt 0.214636 0.678541
vt 0.237612 0.686792
vt 0.236906 0.698774
vt 0.256535 0.714573
vt 0.259971 0.724382
vt 0.268945 0.716258
vt 0.272716 0.744517
vt 0.273987 0.736252
vt 0.262906 0.759368
vt 0.269082 0.770949
vt 0.271336 0.755798
vt 0.286251 0.770943
vt 0.290304 0.807950
vt 0.293634 0.765456
vt 0.297904 0.813253
vt 0.315865 0.813353
vt 0.320192 0.831391
vt 0.330975 0.833596
vt 0.324312 0.871655
vt 0.303888 0.833472
vt 0.287173 0.841702
vt 0.272105 0.887305
vt 0.275457 0.902061
vt 0.258307 0.913746
vt 0.255893 0.924163
vt 0.225834 0.927997
vt 0.221912 0.907594
vt 0.209589 0.909724
vt 0.211935 0.901578
vt 0.155783 0.903809
vt 0.135058 0.890122
vt 0.118900 0.879855
vt 0.118702 0.863704
vt 0.099881 0.844041
vt 0.109804 0.761779
vt 0.109015 0.748824
vt 0.090440 0.753818
vt 0.111338 0.731521
vt 0.129787 0.720440
vt 0.140513 0.696495
vt 0.157341 0.693352
vt 0.159993 0.707761
vt 0.172576 0.702256
vt 0.174335 0.687451
vt 0.190136 0.688362
vt 0.213866 0.693276
vt 0.198853 0.700915
vt 0.213974 0.705193
vt 0.230426 0.720178
vt 0.238463 0.710705
vt 0.238825 0.732099
vt 0.248878 0.723406
vt 0.256401 0.750280
vt 0.246271 0.757299
vt 0.252321 0.768553
vt 0.278954 0.771974
vt 0.268257 0.798975
vt 0.275232 0.805769
vt 0.249772 0.906853
vt 0.245655 0.916842
vt 0.236218 0.908208
vt 0.245901 0.894459
vt 0.229232 0.896123
vt 0.208417 0.895466
vt 0.197985 0.889595
vt 0.173765 0.878059
vt 0.160629 0.887851
vt 0.147997 0.873910
vt 0.154355 0.895707
vt 0.111200 0.821467
vt 0.111906 0.799083
vt 0.089829 0.820660
vt 0.088977 0.804244
vt 0.113870 0.784027
vt 0.104490 0.769462
vt 0.090254 0.773592
vt 0.146160 0.747842
vt 0.146792 0.737870
vt 0.188861 0.708384
vt 0.216489 0.722262
vt 0.216067 0.733263
vt 0.219672 0.742117
vt 0.236152 0.748463
vt 0.237247 0.740275
vt 0.233162 0.778750
vt 0.243848 0.791902
vt 0.254065 0.788148
vt 0.263851 0.826645
vt 0.271263 0.830668
vt 0.279082 0.829550
vt 0.277356 0.842929
vt 0.263497 0.858174
vt 0.269432 0.862037
vt 0.256453 0.899216
vt 0.228684 0.878562
vt 0.222282 0.887756
vt 0.232180 0.886230
vt 0.213492 0.874064
vt 0.211579 0.885832
vt 0.186066 0.861334
vt 0.155359 0.855303
vt 0.140038 0.833479
vt 0.118759 0.844088
vt 0.128468 0.819169
vt 0.132181 0.804788
vt 0.126346 0.792667
vt 0.130214 0.753955
vt 0.149775 0.763182
vt 0.132870 0.779758
vt 0.150918 0.775706
vt 0.143236 0.816676
vt 0.151539 0.796124
vt 0.157209 0.818088
vt 0.165305 0.834105
vt 0.199629 0.849074
vt 0.189171 0.834598
vt 0.176936 0.850538
vt 0.219235 0.843407
vt 0.210724 0.832598
vt 0.213410 0.854511
vt 0.241764 0.875754
vt 0.242381 0.861211
vt 0.225682 0.863180
vt 0.257563 0.860674
vt 0.255368 0.839293
vt 0.248112 0.846933
vt 0.237031 0.847707
vt 0.192901 0.820605
vt 0.161903 0.796794
vt 0.162913 0.725587
vt 0.148906 0.719745
vt 0.176962 0.716583
vt 0.188378 0.732957
vt 0.192487 0.720685
vt 0.206233 0.721968
vt 0.203823 0.745374
vt 0.196826 0.761332
vt 0.212091 0.769488
vt 0.223336 0.756319
vt 0.223392 0.778803
vt 0.226029 0.804279
vt 0.239238 0.812106
vt 0.247927 0.825791
vt 0.252103 0.810438
vt 0.239656 0.833591
vt 0.229614 0.823845
vt 0.227702 0.834632
vt 0.184993 0.793079
vt 0.170215 0.771081
vt 0.170205 0.759951
vt 0.168606 0.750712
vt 0.171690 0.736451
vt 0.200942 0.782568
vt 0.214327 0.814908
vt 0.299139 0.958192
vt 0.256177 0.979911
vt 0.277641 0.991099
vt 0.475861 0.599845
vt 0.341516 0.462852
vt 0.327139 0.448268
vt 0.334382 0.463470
vt 0.324734 0.418152
vt 0.325875 0.403557
vt 0.320860 0.417650
vt 0.130500 0.483530
vt 0.141386 0.492004
vt 0.133120 0.481440
vt 0.144306 0.487558
vt 0.169560 0.499331
vt 0.183881 0.492093
vt 0.193082 0.476595
vt 0.199294 0.468184
vt 0.206652 0.470913
vt 0.220169 0.452464
vt 0.211632 0.414848
vt 0.205389 0.409299
vt 0.199719 0.397923
vt 0.196045 0.390815
vt 0.185664 0.393910
vt 0.182977 0.381766
vt 0.177575 0.369323
vt 0.172166 0.366830
vt 0.155276 0.332874
vt 0.123305 0.316048
vt 0.113733 0.307215
vt 0.115335 0.317576
vt 0.347604 0.593672
vt 0.352428 0.606854
vt 0.353330 0.588745
vt 0.359189 0.616686
vt 0.357540 0.598164
vt 0.368237 0.610228
vt 0.365745 0.618442
vt 0.376041 0.629246
vt 0.384185 0.630224
vt 0.382092 0.640042
vt 0.375996 0.650569
vt 0.369207 0.652447
vt 0.365668 0.673787
vt 0.373486 0.673318
vt 0.355643 0.664090
vt 0.356520 0.677420
vt 0.358451 0.640401
vt 0.098681 0.271212
vt 0.115276 0.281482
vt 0.100027 0.259646
vt 0.120979 0.262381
vt 0.125561 0.283376
vt 0.137515 0.289218
vt 0.131821 0.274103
vt 0.152616 0.309657
vt 0.145962 0.284636
vt 0.164563 0.293053
vt 0.154834 0.273318
vt 0.159227 0.313820
vt 0.165714 0.317388
vt 0.171942 0.306310
vt 0.176304 0.325013
vt 0.181689 0.306030
vt 0.189425 0.342100
vt 0.194116 0.348444
vt 0.197666 0.329119
vt 0.203220 0.349753
vt 0.223196 0.406074
vt 0.238514 0.395044
vt 0.221898 0.391628
vt 0.229168 0.414747
vt 0.222221 0.480941
vt 0.196751 0.494249
vt 0.201614 0.499842
vt 0.203048 0.491364
vt 0.188272 0.506117
vt 0.185322 0.515102
vt 0.166040 0.504361
vt 0.159526 0.504971
vt 0.331390 0.389760
vt 0.337762 0.390893
vt 0.334216 0.406194
vt 0.349301 0.456029
vt 0.352339 0.373818
vt 0.346302 0.369166
vt 0.362315 0.352666
vt 0.354461 0.349407
vt 0.175682 0.514976
vt 0.190957 0.526779
vt 0.200397 0.514833
vt 0.195126 0.512618
vt 0.214605 0.495825
vt 0.236113 0.502854
vt 0.244732 0.491240
vt 0.235009 0.522607
vt 0.239018 0.531875
vt 0.255156 0.516929
vt 0.382982 0.274505
vt 0.374655 0.261392
vt 0.371773 0.284745
vt 0.392400 0.274953
vt 0.381761 0.293220
vt 0.392554 0.296785
vt 0.390020 0.319740
vt 0.382099 0.323463
vt 0.382524 0.331028
vt 0.404685 0.367170
vt 0.381645 0.366144
vt 0.372622 0.363981
vt 0.372199 0.331547
vt 0.363581 0.339590
vt 0.372421 0.319854
vt 0.364210 0.327740
vt 0.197610 0.530970
vt 0.203690 0.533410
vt 0.209355 0.533533
vt 0.204770 0.524780
vt 0.214678 0.533700
vt 0.220514 0.534745
vt 0.217712 0.516490
vt 0.389856 0.306132
vt 0.373502 0.301202
vt 0.374343 0.309991
vt 0.398463 0.347658
vt 0.403515 0.335405
vt 0.391811 0.339121
vt 0.404645 0.318400
vt 0.393757 0.324165
vt 0.413140 0.310529
vt 0.408313 0.304344
vt 0.398394 0.311383
vt 0.417502 0.296648
vt 0.412342 0.289115
vt 0.405177 0.290333
vt 0.414264 0.258376
vt 0.405578 0.255636
vt 0.399892 0.282676
vt 0.398478 0.246374
vt 0.413310 0.244198
vt 0.407512 0.232445
vt 0.395361 0.224354
vt 0.385490 0.222120
vt 0.384946 0.248157
vt 0.282072 0.495795
vt 0.275862 0.482981
vt 0.267045 0.501234
vt 0.254941 0.477746
vt 0.260465 0.465385
vt 0.246343 0.474719
vt 0.273107 0.462631
vt 0.266813 0.454459
vt 0.252174 0.446564
vt 0.228401 0.452107
vt 0.238764 0.465507
vt 0.265896 0.426236
vt 0.243592 0.435292
vt 0.257589 0.420155
vt 0.271727 0.409369
vt 0.241232 0.382300
vt 0.224841 0.358608
vt 0.214176 0.381288
vt 0.232196 0.369792
vt 0.217401 0.348857
vt 0.227492 0.340242
vt 0.214375 0.333692
vt 0.209494 0.323694
vt 0.193825 0.319282
vt 0.177737 0.283922
vt 0.170839 0.285282
vt 0.160183 0.261259
vt 0.148106 0.271883
vt 0.135101 0.252796
vt 0.139276 0.271696
vt 0.118541 0.250299
vt 0.132357 0.237168
vt 0.147076 0.234790
vt 0.155654 0.241822
vt 0.196060 0.298456
vt 0.210580 0.287266
vt 0.198951 0.281158
vt 0.209784 0.313871
vt 0.236083 0.357074
vt 0.278220 0.452880
vt 0.296530 0.465000
vt 0.285074 0.463397
vt 0.289504 0.480426
vt 0.417825 0.173485
vt 0.410884 0.163396
vt 0.424360 0.183656
vt 0.424143 0.206638
vt 0.437923 0.202877
vt 0.428022 0.222036
vt 0.442861 0.215241
vt 0.435990 0.228290
vt 0.446191 0.230243
vt 0.430429 0.316061
vt 0.421859 0.323967
vt 0.429496 0.338755
vt 0.420275 0.339940
vt 0.426955 0.249485
vt 0.410500 0.220927
vt 0.186310 0.483400
vt 0.178299 0.486069
vt 0.198434 0.481144
vt 0.192410 0.483720
vt 0.234381 0.431966
vt 0.196890 0.376512
vt 0.184423 0.366961
vt 0.197108 0.366681
vt 0.176681 0.355678
vt 0.176598 0.337512
vt 0.167862 0.348799
vt 0.141925 0.308853
vt 0.115881 0.295540
vt 0.102918 0.289234
vt 0.346689 0.614236
vt 0.353344 0.617717
vt 0.371678 0.636956
vt 0.349252 0.634781
vt 0.358263 0.433633
vt 0.443216 0.344985
vt 0.433098 0.350061
vt 0.156070 0.429449
vt 0.169045 0.436875
vt 0.169921 0.429510
vt 0.476239 0.584526
vt 0.067076 0.823236
vt 0.849714 0.925153
vt 0.864030 0.909558
vt 0.847090 0.907290
vt 0.861501 0.936047
vt 0.875138 0.926833
vt 0.706369 0.195783
vt 0.720735 0.186739
vt 0.708827 0.163881
vt 0.700357 0.180529
vt 0.537244 0.624045
vt 0.548860 0.621073
vt 0.545330 0.609440
vt 0.520644 0.625206
vt 0.525110 0.616010
vt 0.790533 0.368928
vt 0.790014 0.380303
vt 0.806876 0.372798
vt 0.768940 0.353870
vt 0.762080 0.357150
vt 0.768104 0.366942
vt 0.758113 0.337494
vt 0.749337 0.334482
vt 0.753334 0.343768
vt 0.424639 0.738561
vt 0.418970 0.710914
vt 0.405621 0.742779
vt 0.357320 0.858950
vt 0.368770 0.850579
vt 0.357620 0.838270
vt 0.368613 0.833525
vt 0.409057 0.842023
vt 0.379214 0.819228
vt 0.365470 0.819520
vt 0.400368 0.820088
vt 0.415473 0.820095
vt 0.401082 0.806514
vt 0.432190 0.813342
vt 0.453414 0.827092
vt 0.453810 0.817119
vt 0.457100 0.808192
vt 0.440063 0.803826
vt 0.442355 0.794830
vt 0.468332 0.801141
vt 0.456989 0.785620
vt 0.474832 0.788498
vt 0.550617 0.756373
vt 0.516241 0.744644
vt 0.515607 0.757583
vt 0.567015 0.741643
vt 0.547599 0.735715
vt 0.553442 0.721003
vt 0.690771 0.649190
vt 0.707804 0.642976
vt 0.668345 0.646130
vt 0.708509 0.654982
vt 0.742132 0.655045
vt 0.749725 0.672580
vt 0.751461 0.662813
vt 0.757504 0.691933
vt 0.759953 0.701957
vt 0.765230 0.693300
vt 0.789412 0.188981
vt 0.786140 0.196759
vt 0.794670 0.194820
vt 0.764023 0.658192
vt 0.770558 0.653930
vt 0.760708 0.647877
vt 0.757680 0.660746
vt 0.761675 0.631799
vt 0.754154 0.634192
vt 0.745767 0.632338
vt 0.748732 0.648598
vt 0.737574 0.633100
vt 0.729282 0.630734
vt 0.731562 0.649773
vt 0.788897 0.976225
vt 0.782202 0.966579
vt 0.780090 0.982760
vt 0.768788 0.938499
vt 0.761725 0.947368
vt 0.775581 0.966622
vt 0.765630 0.970942
vt 0.663568 0.624565
vt 0.692498 0.630202
vt 0.691176 0.623238
vt 0.576224 0.700578
vt 0.559611 0.687833
vt 0.555962 0.708603
vt 0.573904 0.719865
vt 0.482910 0.773681
vt 0.484573 0.747279
vt 0.471568 0.763693
vt 0.432858 0.782818
vt 0.450579 0.774562
vt 0.412263 0.787181
vt 0.404480 0.794137
vt 0.419412 0.800766
vt 0.370774 0.810700
vt 0.365134 0.775725
vt 0.363093 0.788139
vt 0.387221 0.784030
vt 0.370593 0.768208
vt 0.399766 0.770331
vt 0.402753 0.760145
vt 0.372519 0.760737
vt 0.387467 0.741156
vt 0.353340 0.767464
vt 0.348472 0.774560
vt 0.349592 0.794398
vt 0.347820 0.783653
vt 0.653092 0.274792
vt 0.663190 0.263160
vt 0.659310 0.257150
vt 0.713298 0.239938
vt 0.704980 0.230988
vt 0.701569 0.243839
vt 0.721479 0.220643
vt 0.701318 0.223066
vt 0.363843 0.869985
vt 0.387211 0.869224
vt 0.426517 0.835698
vt 0.467654 0.819777
vt 0.553644 0.765801
vt 0.612838 0.724686
vt 0.598398 0.739653
vt 0.701722 0.694289
vt 0.715433 0.682147
vt 0.681302 0.684448
vt 0.722616 0.697875
vt 0.729633 0.682272
vt 0.740142 0.687185
vt 0.747769 0.691770
vt 0.748841 0.680934
vt 0.750301 0.701007
vt 0.751727 0.713207
vt 0.758264 0.714754
vt 0.809060 0.170622
vt 0.805115 0.162898
vt 0.799810 0.174370
vt 0.804890 0.181380
vt 0.798839 0.160711
vt 0.787472 0.168940
vt 0.792126 0.180276
vt 0.770288 0.172809
vt 0.776901 0.187598
vt 0.784477 0.178401
vt 0.752036 0.617282
vt 0.743700 0.616770
vt 0.795483 0.981497
vt 0.806327 0.969570
vt 0.797913 0.964063
vt 0.801429 0.941476
vt 0.778228 0.931168
vt 0.780520 0.949570
vt 0.635547 0.615061
vt 0.643335 0.625881
vt 0.608463 0.667626
vt 0.585490 0.647933
vt 0.585656 0.669206
vt 0.581282 0.680941
vt 0.533477 0.694750
vt 0.519504 0.714149
vt 0.491675 0.714477
vt 0.515670 0.731121
vt 0.486882 0.731809
vt 0.451506 0.747676
vt 0.429264 0.758896
vt 0.448100 0.766046
vt 0.422624 0.771165
vt 0.404067 0.778090
vt 0.394736 0.791070
vt 0.383314 0.794855
vt 0.393449 0.805513
vt 0.458714 0.728313
vt 0.472348 0.703110
vt 0.441501 0.718282
vt 0.500979 0.702659
vt 0.486615 0.688234
vt 0.519527 0.681122
vt 0.551517 0.673514
vt 0.557980 0.661597
vt 0.546172 0.650109
vt 0.604858 0.642257
vt 0.580561 0.633357
vt 0.763234 0.914177
vt 0.790111 0.941943
vt 0.789189 0.914620
vt 0.815433 0.972458
vt 0.833133 0.956540
vt 0.824604 0.946142
vt 0.826814 0.994808
vt 0.836188 0.996976
vt 0.843505 0.962543
vt 0.737090 0.181829
vt 0.738466 0.198040
vt 0.753505 0.192908
vt 0.756232 0.182078
vt 0.748565 0.170811
vt 0.793324 0.150602
vt 0.786155 0.126154
vt 0.777889 0.144436
vt 0.785325 0.108193
vt 0.797407 0.113175
vt 0.757759 0.128901
vt 0.767448 0.149927
vt 0.768558 0.124738
vt 0.732280 0.170172
vt 0.720322 0.177754
vt 0.716047 0.153721
vt 0.723875 0.162246
vt 0.737382 0.154503
vt 0.726218 0.146678
vt 0.747050 0.144520
vt 0.735713 0.136000
vt 0.750216 0.119284
vt 0.757914 0.112491
vt 0.774173 0.111626
vt 0.763123 0.104373
vt 0.795777 0.085330
vt 0.785316 0.082183
vt 0.786150 0.094536
vt 0.800555 0.064136
vt 0.808802 0.058772
vt 0.802335 0.043524
vt 0.806393 0.026303
vt 0.791907 0.031872
vt 0.785658 0.048295
vt 0.774567 0.086553
vt 0.767801 0.088176
vt 0.774739 0.099515
vt 0.757364 0.088638
vt 0.751361 0.103085
vt 0.739511 0.111779
vt 0.718468 0.129699
vt 0.708376 0.146572
vt 0.703301 0.154657
vt 0.691542 0.208174
vt 0.698633 0.221172
vt 0.703840 0.208771
vt 0.831311 0.927913
vt 0.817359 0.925123
vt 0.817674 0.908350
vt 0.803307 0.912824
vt 0.758833 0.891186
vt 0.747606 0.899941
vt 0.744655 0.926894
vt 0.754303 0.923638
vt 0.743412 0.872640
vt 0.732995 0.879429
vt 0.579510 0.618807
vt 0.553581 0.629380
vt 0.520832 0.644801
vt 0.519746 0.659745
vt 0.495901 0.669910
vt 0.453739 0.702483
vt 0.426571 0.703385
vt 0.404492 0.720674
vt 0.369700 0.723187
vt 0.359823 0.732453
vt 0.374097 0.736958
vt 0.669327 0.271541
vt 0.689848 0.277873
vt 0.678103 0.258684
vt 0.700599 0.273450
vt 0.690247 0.251143
vt 0.712323 0.272309
vt 0.724286 0.261889
vt 0.725045 0.236251
vt 0.362946 0.891850
vt 0.372612 0.881065
vt 0.383803 0.890582
vt 0.420554 0.875721
vt 0.423424 0.856319
vt 0.404993 0.856870
vt 0.443557 0.853549
vt 0.453626 0.857643
vt 0.454631 0.840716
vt 0.472247 0.835506
vt 0.539232 0.791985
vt 0.510155 0.780157
vt 0.503484 0.787652
vt 0.551097 0.778170
vt 0.582343 0.757852
vt 0.599426 0.758317
vt 0.612734 0.747791
vt 0.816378 0.149910
vt 0.784974 0.157918
vt 0.764877 0.193623
vt 0.744832 0.205746
vt 0.805699 0.130216
vt 0.813309 0.121006
vt 0.806374 0.102274
vt 0.826179 0.060796
vt 0.802008 0.074331
vt 0.828445 0.076098
vt 0.836910 0.056370
vt 0.835506 0.049467
vt 0.820658 0.038526
vt 0.816979 0.021420
vt 0.810410 0.015790
vt 0.799595 0.011987
vt 0.789696 0.023059
vt 0.777945 0.033018
vt 0.765805 0.039744
vt 0.769600 0.046603
vt 0.774284 0.052012
vt 0.761122 0.058070
vt 0.767975 0.070040
vt 0.781408 0.062535
vt 0.757424 0.064436
vt 0.758776 0.078828
vt 0.739960 0.098439
vt 0.716643 0.114781
vt 0.736318 0.123658
vt 0.699164 0.120218
vt 0.699381 0.139230
vt 0.683827 0.174064
vt 0.680012 0.163272
vt 0.669708 0.176047
vt 0.676379 0.194254
vt 0.655967 0.204297
vt 0.695934 0.196009
vt 0.871448 0.949484
vt 0.638799 0.213333
vt 0.675253 0.220432
vt 0.902342 0.923955
vt 0.899624 0.911811
vt 0.878407 0.900169
vt 0.892140 0.904541
vt 0.848165 0.895233
vt 0.830576 0.897286
vt 0.828550 0.886290
vt 0.814761 0.884288
vt 0.800652 0.882842
vt 0.786151 0.880251
vt 0.771953 0.886627
vt 0.757106 0.871582
vt 0.742900 0.858970
vt 0.728760 0.858570
vt 0.567160 0.610420
vt 0.521362 0.637157
vt 0.499705 0.654067
vt 0.457968 0.688474
vt 0.441001 0.689114
vt 0.434446 0.671833
vt 0.416259 0.688625
vt 0.400349 0.701640
vt 0.604160 0.373012
vt 0.601023 0.362552
vt 0.582420 0.395528
vt 0.626030 0.330678
vt 0.619873 0.325171
vt 0.608116 0.348994
vt 0.630750 0.311115
vt 0.650555 0.311667
vt 0.664238 0.304442
vt 0.654373 0.296929
vt 0.697616 0.289399
vt 0.747221 0.254006
vt 0.767196 0.234510
vt 0.741614 0.233092
vt 0.354992 0.921955
vt 0.361023 0.928776
vt 0.360635 0.916152
vt 0.380131 0.913337
vt 0.392170 0.916962
vt 0.389787 0.902012
vt 0.404887 0.901818
vt 0.395939 0.886670
vt 0.409039 0.879901
vt 0.422781 0.887685
vt 0.444316 0.886664
vt 0.443551 0.874756
vt 0.461199 0.876640
vt 0.477365 0.855591
vt 0.492103 0.832932
vt 0.484947 0.841551
vt 0.520741 0.836525
vt 0.516367 0.826754
vt 0.499356 0.815174
vt 0.487236 0.822788
vt 0.531194 0.800507
vt 0.531330 0.809828
vt 0.562495 0.803360
vt 0.562674 0.794165
vt 0.617321 0.771612
vt 0.631796 0.761846
vt 0.635079 0.747015
vt 0.655672 0.739209
vt 0.635493 0.715760
vt 0.631519 0.734695
vt 0.669974 0.706512
vt 0.654616 0.707970
vt 0.663376 0.724271
vt 0.682144 0.734284
vt 0.697638 0.704940
vt 0.688526 0.759598
vt 0.708199 0.710876
vt 0.702586 0.740473
vt 0.714882 0.715492
vt 0.721359 0.720136
vt 0.719229 0.742184
vt 0.733913 0.714765
vt 0.732798 0.703166
vt 0.737342 0.723336
vt 0.739074 0.735245
vt 0.737783 0.754298
vt 0.746354 0.736663
vt 0.821161 0.133796
vt 0.812204 0.139797
vt 0.727258 0.763361
vt 0.732996 0.768503
vt 0.824744 0.122012
vt 0.818545 0.114720
vt 0.832066 0.099460
vt 0.813513 0.084636
vt 0.717825 0.793471
vt 0.708868 0.823909
vt 0.724694 0.797952
vt 0.837023 0.078322
vt 0.698023 0.851449
vt 0.700178 0.824538
vt 0.685613 0.857922
vt 0.690343 0.867139
vt 0.673111 0.908939
vt 0.700461 0.865746
vt 0.673265 0.884037
vt 0.654548 0.911305
vt 0.660797 0.924819
vt 0.646903 0.923258
vt 0.661699 0.934617
vt 0.646464 0.947386
vt 0.638616 0.956544
vt 0.648160 0.964950
vt 0.750806 0.047844
vt 0.728023 0.060786
vt 0.742827 0.072266
vt 0.733974 0.082014
vt 0.718675 0.097981
vt 0.705312 0.092187
vt 0.701322 0.105948
vt 0.684304 0.124190
vt 0.656656 0.167643
vt 0.653652 0.185552
vt 0.678315 0.184952
vt 0.643351 0.193589
vt 0.634077 0.201976
vt 0.621992 0.209621
vt 0.914906 0.911121
vt 0.911960 0.899109
vt 0.885846 0.880967
vt 0.903604 0.886714
vt 0.870932 0.872602
vt 0.841602 0.868725
vt 0.826871 0.874505
vt 0.840527 0.880273
vt 0.786290 0.868450
vt 0.772012 0.867763
vt 0.739963 0.849175
vt 0.601444 0.530204
vt 0.589406 0.508543
vt 0.595941 0.542810
vt 0.488689 0.625587
vt 0.486223 0.638782
vt 0.501308 0.631473
vt 0.500121 0.641849
vt 0.477077 0.660213
vt 0.466140 0.660734
vt 0.463921 0.673107
vt 0.587500 0.440850
vt 0.597998 0.429367
vt 0.586476 0.415109
vt 0.600736 0.414417
vt 0.593535 0.397323
vt 0.611296 0.389432
vt 0.616157 0.416037
vt 0.633294 0.406984
vt 0.626324 0.366895
vt 0.618023 0.356795
vt 0.638300 0.362789
vt 0.641904 0.338721
vt 0.698173 0.306348
vt 0.713278 0.311224
vt 0.684458 0.289876
vt 0.709930 0.290480
vt 0.736486 0.278960
vt 0.732453 0.294043
vt 0.754096 0.265208
vt 0.746152 0.277612
vt 0.764391 0.261028
vt 0.781414 0.252764
vt 0.801770 0.251745
vt 0.787217 0.238066
vt 0.800109 0.232209
vt 0.789659 0.225719
vt 0.358330 0.951952
vt 0.362583 0.940875
vt 0.355220 0.940500
vt 0.388064 0.946881
vt 0.390357 0.935890
vt 0.376084 0.927636
vt 0.420154 0.898718
vt 0.442177 0.909046
vt 0.441352 0.900356
vt 0.484085 0.869809
vt 0.502688 0.858238
vt 0.514688 0.845008
vt 0.559106 0.812278
vt 0.582853 0.802968
vt 0.577506 0.783971
vt 0.628585 0.782843
vt 0.645576 0.773684
vt 0.664620 0.762896
vt 0.672823 0.749388
vt 0.708807 0.746909
vt 0.713133 0.758265
vt 0.705760 0.780982
vt 0.712652 0.784335
vt 0.718835 0.765409
vt 0.707000 0.803097
vt 0.692030 0.825270
vt 0.684650 0.824620
vt 0.678667 0.837114
vt 0.682320 0.846590
vt 0.675958 0.859360
vt 0.664919 0.865409
vt 0.664377 0.885201
vt 0.652447 0.893702
vt 0.642321 0.916156
vt 0.635694 0.934905
vt 0.635176 0.947803
vt 0.636255 0.971476
vt 0.749477 0.025118
vt 0.741894 0.001140
vt 0.731068 0.014123
vt 0.731795 0.032310
vt 0.723749 0.038702
vt 0.753421 0.036566
vt 0.719864 0.084892
vt 0.694746 0.094347
vt 0.679558 0.104653
vt 0.674881 0.112199
vt 0.668694 0.130277
vt 0.660328 0.150339
vt 0.674640 0.145658
vt 0.640505 0.134091
vt 0.641805 0.152224
vt 0.640261 0.165482
vt 0.588266 0.183144
vt 0.597730 0.192600
vt 0.616051 0.198743
vt 0.933022 0.883759
vt 0.938570 0.863834
vt 0.933231 0.849484
vt 0.905981 0.866364
vt 0.891845 0.847565
vt 0.881974 0.843737
vt 0.865311 0.855897
vt 0.857291 0.850265
vt 0.843012 0.860343
vt 0.833708 0.853333
vt 0.818950 0.860299
vt 0.813854 0.872798
vt 0.801440 0.851550
vt 0.788263 0.849289
vt 0.800880 0.857420
vt 0.800307 0.870862
vt 0.774054 0.851374
vt 0.775170 0.845140
vt 0.760352 0.842315
vt 0.618349 0.520119
vt 0.603858 0.509511
vt 0.611906 0.547949
vt 0.464835 0.646745
vt 0.596852 0.486068
vt 0.603789 0.452558
vt 0.613552 0.436729
vt 0.643895 0.386785
vt 0.652294 0.365409
vt 0.656574 0.345056
vt 0.674621 0.360877
vt 0.680303 0.342799
vt 0.708311 0.317799
vt 0.719644 0.305938
vt 0.729499 0.313406
vt 0.724476 0.297668
vt 0.743897 0.299449
vt 0.755340 0.295802
vt 0.756391 0.279841
vt 0.772335 0.287166
vt 0.785458 0.267672
vt 0.773951 0.268357
vt 0.794778 0.278418
vt 0.803822 0.277056
vt 0.795441 0.264032
vt 0.812765 0.270036
vt 0.814865 0.253654
vt 0.807352 0.245050
vt 0.818984 0.237918
vt 0.811018 0.232187
vt 0.801900 0.226690
vt 0.362213 0.969272
vt 0.371578 0.973061
vt 0.382141 0.959345
vt 0.417453 0.937440
vt 0.417344 0.929083
vt 0.418712 0.917268
vt 0.439427 0.924875
vt 0.456386 0.919370
vt 0.464751 0.909626
vt 0.474609 0.893260
vt 0.520427 0.872950
vt 0.551992 0.842196
vt 0.550259 0.830175
vt 0.641014 0.794670
vt 0.660644 0.793864
vt 0.678706 0.763942
vt 0.684021 0.778610
vt 0.695755 0.789971
vt 0.700010 0.801270
vt 0.689795 0.810869
vt 0.675168 0.827264
vt 0.666485 0.844929
vt 0.671030 0.852150
vt 0.655117 0.870566
vt 0.660240 0.858090
vt 0.643900 0.897120
vt 0.648850 0.886770
vt 0.628226 0.940353
vt 0.637632 0.910437
vt 0.601899 0.995721
vt 0.617359 0.987250
vt 0.596929 0.988798
vt 0.571460 0.999537
vt 0.725459 0.023644
vt 0.706765 0.043534
vt 0.728290 0.050333
vt 0.675567 0.092486
vt 0.668395 0.097898
vt 0.650861 0.111490
vt 0.648222 0.121836
vt 0.632329 0.141972
vt 0.619410 0.167005
vt 0.604589 0.172439
vt 0.633423 0.176619
vt 0.601292 0.178812
vt 0.586432 0.176577
vt 0.571922 0.180786
vt 0.574919 0.186964
vt 0.558072 0.184105
vt 0.959268 0.853674
vt 0.952893 0.855044
vt 0.950950 0.871251
vt 0.947034 0.847557
vt 0.896470 0.838810
vt 0.756425 0.594471
vt 0.732850 0.594477
vt 0.733975 0.602479
vt 0.747585 0.607835
vt 0.708375 0.604862
vt 0.719651 0.612410
vt 0.691530 0.599196
vt 0.693712 0.611322
vt 0.680030 0.592197
vt 0.673902 0.605913
vt 0.664835 0.569464
vt 0.655917 0.558843
vt 0.644963 0.571574
vt 0.635689 0.552429
vt 0.639305 0.539490
vt 0.626158 0.514743
vt 0.621061 0.480661
vt 0.610320 0.491992
vt 0.627345 0.447652
vt 0.656434 0.400171
vt 0.695018 0.367453
vt 0.713253 0.353229
vt 0.694488 0.347821
vt 0.724209 0.323973
vt 0.733198 0.324202
vt 0.740204 0.309504
vt 0.758818 0.320781
vt 0.766357 0.305932
vt 0.777080 0.299843
vt 0.785217 0.298537
vt 0.810150 0.292727
vt 0.818805 0.295546
vt 0.829245 0.266770
vt 0.820718 0.269935
vt 0.823068 0.255139
vt 0.836130 0.239500
vt 0.834662 0.231583
vt 0.827447 0.240125
vt 0.371934 0.982442
vt 0.382776 0.989828
vt 0.389972 0.977661
vt 0.406400 0.974107
vt 0.391454 0.966940
vt 0.416960 0.964081
vt 0.424538 0.955651
vt 0.404984 0.953844
vt 0.423024 0.946855
vt 0.431051 0.940151
vt 0.447274 0.934354
vt 0.496477 0.912024
vt 0.501457 0.898785
vt 0.489877 0.883373
vt 0.521895 0.887015
vt 0.545232 0.874981
vt 0.526430 0.859820
vt 0.552596 0.866715
vt 0.546476 0.857315
vt 0.676625 0.792228
vt 0.674118 0.779811
vt 0.663614 0.814592
vt 0.667987 0.824252
vt 0.675843 0.805676
vt 0.649391 0.808798
vt 0.650550 0.822673
vt 0.650979 0.832804
vt 0.656125 0.845172
vt 0.661810 0.836890
vt 0.638087 0.869320
vt 0.648613 0.867811
vt 0.642889 0.860537
vt 0.626546 0.874624
vt 0.642366 0.883518
vt 0.610094 0.920183
vt 0.627169 0.917769
vt 0.620930 0.909658
vt 0.620364 0.931773
vt 0.593188 0.928982
vt 0.606940 0.945163
vt 0.577153 0.944490
vt 0.596560 0.954556
vt 0.556512 0.991456
vt 0.541097 0.998145
vt 0.689457 0.012921
vt 0.705622 0.013641
vt 0.720116 0.001866
vt 0.694829 0.025981
vt 0.692754 0.035331
vt 0.684392 0.057054
vt 0.680255 0.066176
vt 0.708823 0.066455
vt 0.671431 0.076743
vt 0.672641 0.085559
vt 0.687255 0.078857
vt 0.644993 0.103638
vt 0.626957 0.116126
vt 0.606147 0.140297
vt 0.604556 0.164216
vt 0.623382 0.153663
vt 0.585535 0.155739
vt 0.580612 0.167621
vt 0.558959 0.157610
vt 0.567294 0.167569
vt 0.563638 0.173583
vt 0.551933 0.177540
vt 0.964826 0.830853
vt 0.957280 0.843744
vt 0.931513 0.833144
vt 0.947967 0.832357
vt 0.940910 0.824980
vt 0.785770 0.569436
vt 0.770949 0.569021
vt 0.784808 0.587072
vt 0.748834 0.573661
vt 0.732563 0.579025
vt 0.712494 0.594772
vt 0.700190 0.580749
vt 0.690050 0.572504
vt 0.682525 0.564587
vt 0.673025 0.578645
vt 0.662532 0.542543
vt 0.666523 0.522946
vt 0.647755 0.530439
vt 0.643011 0.514850
vt 0.633059 0.474069
vt 0.645216 0.454918
vt 0.639821 0.432374
vt 0.676967 0.377593
vt 0.736386 0.337627
vt 0.744076 0.337130
vt 0.784151 0.327603
vt 0.793862 0.314232
vt 0.808711 0.315092
vt 0.795146 0.302993
vt 0.473061 0.010949
vt 0.476155 0.021275
vt 0.498527 0.010420
vt 0.497183 0.020722
vt 0.525583 0.042576
vt 0.537264 0.026474
vt 0.523805 0.016235
vt 0.547526 0.029574
vt 0.547950 0.017586
vt 0.536190 0.014218
vt 0.574515 0.016259
vt 0.559370 0.010612
vt 0.555389 0.024818
vt 0.588147 0.002448
vt 0.452592 0.960490
vt 0.457210 0.952769
vt 0.438915 0.949773
vt 0.454539 0.943810
vt 0.469051 0.946328
vt 0.474372 0.938935
vt 0.493657 0.925226
vt 0.512230 0.911982
vt 0.522774 0.903601
vt 0.586899 0.870701
vt 0.590113 0.862850
vt 0.594106 0.838466
vt 0.593490 0.854568
vt 0.615494 0.850687
vt 0.630695 0.845619
vt 0.618363 0.832325
vt 0.629289 0.822888
vt 0.637062 0.837892
vt 0.610095 0.864171
vt 0.579314 0.897378
vt 0.574301 0.906903
vt 0.595409 0.910456
vt 0.556342 0.916679
vt 0.577929 0.918870
vt 0.579021 0.954156
vt 0.546587 0.958816
vt 0.581143 0.961429
vt 0.544536 0.982862
vt 0.517413 0.989986
vt 0.678123 0.024884
vt 0.689033 0.045212
vt 0.661646 0.061965
vt 0.651345 0.071541
vt 0.646214 0.080930
vt 0.644372 0.096137
vt 0.644621 0.088590
vt 0.629637 0.097254
vt 0.605850 0.127752
vt 0.586009 0.132885
vt 0.595759 0.142579
vt 0.541032 0.167017
vt 0.548795 0.162205
vt 0.515963 0.148390
vt 0.531802 0.173556
vt 0.518876 0.171051
vt 0.520555 0.178004
vt 0.754085 0.552465
vt 0.770589 0.544310
vt 0.738651 0.557175
vt 0.723878 0.558637
vt 0.705373 0.560655
vt 0.697635 0.539223
vt 0.715083 0.510164
vt 0.696815 0.511402
vt 0.672403 0.552441
vt 0.677652 0.503593
vt 0.662226 0.490175
vt 0.651860 0.477025
vt 0.639211 0.495060
vt 0.670628 0.466193
vt 0.691915 0.451613
vt 0.660363 0.461304
vt 0.684330 0.436968
vt 0.676432 0.420364
vt 0.660836 0.432812
vt 0.702617 0.397899
vt 0.716942 0.390853
vt 0.730828 0.382150
vt 0.727971 0.369187
vt 0.739094 0.369665
vt 0.726711 0.362591
vt 0.745894 0.347117
vt 0.765625 0.331028
vt 0.766310 0.340727
vt 0.769673 0.321912
vt 0.778043 0.333972
vt 0.778547 0.325326
vt 0.776580 0.344382
vt 0.782853 0.339605
vt 0.793575 0.328848
vt 0.789161 0.339979
vt 0.805741 0.339453
vt 0.801566 0.321121
vt 0.813659 0.330511
vt 0.818040 0.312700
vt 0.458534 0.015589
vt 0.464789 0.024012
vt 0.466611 0.037917
vt 0.485244 0.041487
vt 0.499481 0.037163
vt 0.513333 0.042055
vt 0.516786 0.013668
vt 0.545595 0.064692
vt 0.577206 0.032072
vt 0.563621 0.039055
vt 0.583147 0.043094
vt 0.601475 0.042832
vt 0.597730 0.022410
vt 0.609423 0.016070
vt 0.623385 0.003240
vt 0.608631 0.000305
vt 0.437379 0.985028
vt 0.453738 0.980504
vt 0.439379 0.968655
vt 0.469969 0.971475
vt 0.473388 0.963607
vt 0.507750 0.961156
vt 0.518507 0.923126
vt 0.588232 0.879483
vt 0.604727 0.875697
vt 0.586109 0.888934
vt 0.613620 0.885166
vt 0.552536 0.903732
vt 0.547619 0.927597
vt 0.569931 0.931860
vt 0.543454 0.949505
vt 0.511571 0.969703
vt 0.560580 0.976006
vt 0.515791 0.978532
vt 0.667415 0.022290
vt 0.660141 0.031518
vt 0.648898 0.057516
vt 0.628760 0.074591
vt 0.616320 0.082770
vt 0.613472 0.090267
vt 0.616452 0.105295
vt 0.614996 0.097681
vt 0.598983 0.104560
vt 0.618105 0.113024
vt 0.599986 0.111640
vt 0.598023 0.118846
vt 0.588351 0.124943
vt 0.518751 0.138992
vt 0.501329 0.152072
vt 0.506832 0.169790
vt 0.819634 0.553838
vt 0.814329 0.538962
vt 0.807713 0.558106
vt 0.795869 0.524873
vt 0.778127 0.529205
vt 0.765300 0.530567
vt 0.748059 0.535808
vt 0.720464 0.538419
vt 0.689959 0.494532
vt 0.683218 0.482187
vt 0.702016 0.458322
vt 0.694698 0.439813
vt 0.700866 0.422189
vt 0.712642 0.421658
vt 0.719803 0.405652
vt 0.755632 0.365062
vt 0.760658 0.364250
vt 0.754231 0.355714
vt 0.754274 0.383406
vt 0.771371 0.406464
vt 0.762364 0.382300
vt 0.739616 0.396576
vt 0.738810 0.409824
vt 0.722461 0.450802
vt 0.732462 0.433709
vt 0.721317 0.430625
vt 0.707682 0.435760
vt 0.709814 0.470152
vt 0.701979 0.497344
vt 0.721961 0.479027
vt 0.739588 0.466491
vt 0.739572 0.440666
vt 0.765157 0.447786
vt 0.760136 0.426546
vt 0.765173 0.414429
vt 0.767839 0.378483
vt 0.783066 0.374356
vt 0.783182 0.359467
vt 0.776268 0.363848
vt 0.790862 0.354987
vt 0.802758 0.359313
vt 0.799104 0.445089
vt 0.811587 0.454747
vt 0.809821 0.436610
vt 0.796940 0.476854
vt 0.802080 0.476375
vt 0.800634 0.459668
vt 0.784517 0.492272
vt 0.793557 0.508506
vt 0.791236 0.483322
vt 0.802336 0.511788
vt 0.798286 0.489017
vt 0.806284 0.496751
vt 0.815559 0.509044
vt 0.811387 0.494359
vt 0.507941 0.136613
vt 0.521872 0.125211
vt 0.509550 0.114626
vt 0.536119 0.133529
vt 0.542746 0.124523
vt 0.539273 0.117168
vt 0.552573 0.143526
vt 0.562226 0.131772
vt 0.552292 0.127374
vt 0.565241 0.123163
vt 0.570449 0.119187
vt 0.608924 0.077884
vt 0.600128 0.090664
vt 0.616271 0.067843
vt 0.626627 0.044940
vt 0.628376 0.059851
vt 0.650645 0.011957
vt 0.664266 0.004405
vt 0.642573 0.001088
vt 0.683481 0.002068
vt 0.490971 0.977646
vt 0.523436 0.946966
vt 0.526653 0.955921
vt 0.527638 0.934130
vt 0.506225 0.935990
vt 0.473745 0.980426
vt 0.475786 0.989223
vt 0.622838 0.023175
vt 0.636888 0.035128
vt 0.633870 0.011471
vt 0.590210 0.081374
vt 0.602085 0.073378
vt 0.570451 0.098850
vt 0.592783 0.097868
vt 0.556793 0.103220
vt 0.550672 0.109654
vt 0.561060 0.110210
vt 0.553847 0.120549
vt 0.562630 0.115636
vt 0.532757 0.112728
vt 0.518269 0.112286
vt 0.498246 0.104673
vt 0.487200 0.109963
vt 0.484967 0.126592
vt 0.475770 0.110691
vt 0.465495 0.106003
vt 0.470116 0.116668
vt 0.807099 0.474880
vt 0.813681 0.474342
vt 0.455113 0.071139
vt 0.449388 0.077524
vt 0.456828 0.091215
vt 0.487011 0.050458
vt 0.469786 0.046477
vt 0.499446 0.059785
vt 0.516314 0.057242
vt 0.536918 0.059102
vt 0.584760 0.066198
vt 0.572977 0.076161
vt 0.561986 0.085157
vt 0.548238 0.081857
vt 0.553730 0.063361
vt 0.565435 0.058509
vt 0.531018 0.076520
vt 0.503596 0.079611
vt 0.511915 0.084447
vt 0.523246 0.081596
vt 0.485000 0.096000
vt 0.486468 0.102451
vt 0.483397 0.073193
vt 0.489070 0.084030
vt 0.477400 0.058733
vt 0.470357 0.070620
vt 0.466875 0.086359
vt 0.442670 0.039971
vt 0.818136 0.518400
vt 0.811284 0.516824
vt 0.822400 0.535630
vt 0.786998 0.526596
vt 0.752157 0.517340
vt 0.738998 0.516654
vt 0.727184 0.506595
vt 0.745083 0.486836
vt 0.764306 0.519815
vt 0.770149 0.483202
vt 0.760470 0.488696
vt 0.762366 0.473288
vt 0.772313 0.428975
vt 0.778409 0.417662
vt 0.784948 0.440272
vt 0.782972 0.413992
vt 0.773239 0.451394
vt 0.751664 0.458997
vt 0.798814 0.423406
vt 0.791645 0.407049
vt 0.792737 0.426275
vt 0.805222 0.407429
vt 0.795631 0.396079
vt 0.804962 0.387642
vt 0.811220 0.364080
vt 0.808550 0.420540
vt 0.794627 0.448735
vt 0.784784 0.466885
vt 0.790419 0.452845
vt 0.451312 0.016555
vt 0.449667 0.032584
vt 0.749913 0.325399
vt 0.813383 0.941919
vt 0.738216 0.677945
vt 0.721832 0.647816
vt 0.323050 0.927701
vt 0.331044 0.927559
vt 0.320895 0.898556
vt 0.251573 0.880293
vt 0.252321 0.868463
vt 0.100042 0.243778
vt 0.120781 0.197478
vt 0.106060 0.200130
vt 0.333130 0.955730
vt 0.339810 0.954570
vt 0.418185 0.348856
vt 0.138285 0.639757
vt 0.090801 0.652392
vt 0.503150 0.505726
vt 0.489706 0.539239
vt 0.478196 0.565807
vt 0.386846 0.585591
vt 0.412196 0.583791
vt 0.362779 0.565236
vt 0.355892 0.568411
vt 0.366567 0.582250
vt 0.185393 0.440738
vt 0.176189 0.420644
vt 0.182009 0.444870
vt 0.187443 0.447901
vt 0.126283 0.470250
vt 0.187501 0.467758
vt 0.184968 0.474144
vt 0.195433 0.428394
vt 0.350939 0.569642
vt 0.325870 0.999220
vt 0.317860 0.998830
vt 0.349104 0.581029
vt 0.360010 0.577773
vt 0.382050 0.679470
vt 0.311995 0.991923
vt 0.151077 0.220769
vt 0.159223 0.229537
vt 0.241364 0.313703
vt 0.196594 0.250445
vt 0.184804 0.285949
vt 0.286645 0.439060
vt 0.298883 0.428167
vt 0.284498 0.424308
vt 0.279657 0.434833
vt 0.283513 0.360969
vt 0.283398 0.397292
vt 0.292558 0.393723
vt 0.274302 0.427391
vt 0.295966 0.414042
vt 0.304818 0.413698
vt 0.311123 0.426985
vt 0.066507 0.481385
vt 0.087115 0.479771
vt 0.069370 0.471460
vt 0.465479 0.149574
vt 0.453768 0.175464
vt 0.483934 0.190378
vt 0.457589 0.210951
vt 0.473421 0.216539
vt 0.476256 0.249068
vt 0.467625 0.234153
vt 0.456493 0.242250
vt 0.466740 0.253050
vt 0.460131 0.226672
vt 0.478860 0.236330
vt 0.475762 0.265537
vt 0.458069 0.258686
vt 0.466570 0.269730
vt 0.473889 0.280880
vt 0.457846 0.275251
vt 0.460563 0.289826
vt 0.463141 0.334713
vt 0.454533 0.311584
vt 0.444629 0.317466
vt 0.454336 0.343901
vt 0.472393 0.298278
vt 0.436381 0.364327
vt 0.420652 0.364672
vt 0.382915 0.460505
vt 0.371791 0.443219
vt 0.364150 0.449940
vt 0.368151 0.461408
vt 0.379441 0.435439
vt 0.355385 0.450933
vt 0.361798 0.467882
vt 0.390573 0.450725
vt 0.356155 0.474818
vt 0.343701 0.482329
vt 0.384305 0.479976
vt 0.439617 0.399467
vt 0.404264 0.427790
vt 0.488413 0.309753
vt 0.490894 0.220245
vt 0.486954 0.273345
vt 0.488641 0.256776
vt 0.488195 0.241476
vt 0.487692 0.205328
vt 0.476143 0.153772
vt 0.486580 0.159980
vt 0.090040 0.505124
vt 0.055162 0.509289
vt 0.047330 0.517110
vt 0.314610 0.411420
vt 0.299997 0.397755
vt 0.289585 0.372415
vt 0.171283 0.225814
vt 0.132041 0.174087
vt 0.331580 0.946000
vt 0.338330 0.945470
vt 0.325200 0.946400
vt 0.326770 0.956260
vt 0.319259 0.957812
vt 0.450980 0.651250
vt 0.241669 0.944266
vt 0.174870 0.960136
vt 0.198675 0.961731
vt 0.055558 0.772041
vt 0.564901 0.496788
vt 0.172738 0.677375
vt 0.257999 0.704645
vt 0.267300 0.705380
vt 0.273988 0.727178
vt 0.196651 0.140930
vt 0.182870 0.142100
vt 0.197283 0.148946
vt 0.166172 0.182793
vt 0.152100 0.192185
vt 0.168458 0.157541
vt 0.188567 0.157449
vt 0.168659 0.167834
vt 0.176362 0.167674
vt 0.203214 0.200686
vt 0.205276 0.218154
vt 0.304289 0.323993
vt 0.264656 0.301530
vt 0.274537 0.276782
vt 0.281660 0.290773
vt 0.326541 0.355569
vt 0.103980 0.529760
vt 0.030499 0.562975
vt 0.028700 0.544750
vt 0.022720 0.554220
vt 0.056813 0.566316
vt 0.017320 0.563790
vt 0.532940 0.205260
vt 0.422189 0.457442
vt 0.400668 0.503492
vt 0.394365 0.512195
vt 0.397834 0.534400
vt 0.405976 0.526511
vt 0.412401 0.516959
vt 0.449965 0.471646
vt 0.540510 0.216340
vt 0.020410 0.584700
vt 0.006490 0.594340
vt 0.022876 0.575335
vt 0.080198 0.576206
vt 0.131962 0.508027
vt 0.162754 0.529636
vt 0.172695 0.523995
vt 0.305173 0.293904
vt 0.220150 0.202792
vt 0.186837 0.165616
vt 0.214338 0.157725
vt 0.214651 0.167099
vt 0.220365 0.176747
vt 0.234108 0.208446
vt 0.246160 0.208525
vt 0.258744 0.233389
vt 0.271139 0.229770
vt 0.509849 0.402160
vt 0.010185 0.637801
vt 0.001154 0.632996
vt 0.458276 0.463932
vt 0.501053 0.409586
vt 0.478854 0.470486
vt 0.059367 0.639715
vt 0.328794 0.267123
vt 0.240897 0.172709
vt 0.225840 0.137693
vt 0.254555 0.150770
vt 0.294856 0.712578
vt 0.477672 0.538477
vt 0.017600 0.742780
vt 0.499195 0.484787
vt 0.080703 0.630515
vt 0.316583 0.230436
vt 0.267683 0.562636
vt 0.325559 0.240437
vt 0.280961 0.165588
vt 0.295481 0.576598
vt 0.320909 0.222181
vt 0.339490 0.626820
vt 0.294919 0.184505
vt 0.301250 0.183740
vt 0.291410 0.189026
vt 0.293840 0.175500
vt 0.340370 0.639280
vt 0.004450 0.605500
vt 0.496990 0.167150
vt 0.137674 0.137797
vt 0.230076 0.937873
vt 0.247568 0.930536
vt 0.259816 0.733531
vt 0.259039 0.742218
vt 0.283855 0.800207
vt 0.278090 0.871242
vt 0.274432 0.878269
vt 0.280745 0.860506
vt 0.237467 0.923694
vt 0.266464 0.907427
vt 0.228580 0.915740
vt 0.260805 0.795233
vt 0.287934 0.824603
vt 0.263090 0.891809
vt 0.135000 0.876029
vt 0.265486 0.871656
vt 0.262750 0.878791
vt 0.257084 0.885993
vt 0.242954 0.884857
vt 0.257917 0.871572
vt 0.321070 0.431950
vt 0.325768 0.433274
vt 0.180149 0.475866
vt 0.352350 0.649430
vt 0.360000 0.684990
vt 0.364421 0.635958
vt 0.189033 0.314901
vt 0.209438 0.370889
vt 0.212344 0.392554
vt 0.204622 0.483739
vt 0.191203 0.495484
vt 0.206533 0.509555
vt 0.218763 0.506657
vt 0.254014 0.502994
vt 0.263444 0.483462
vt 0.248639 0.535319
vt 0.262790 0.523940
vt 0.273801 0.510469
vt 0.371410 0.293180
vt 0.385477 0.335686
vt 0.365207 0.358090
vt 0.403086 0.203333
vt 0.412461 0.207338
vt 0.393112 0.200315
vt 0.401267 0.181098
vt 0.258388 0.452772
vt 0.128240 0.256114
vt 0.436069 0.240323
vt 0.447730 0.247990
vt 0.435107 0.253477
vt 0.441576 0.260709
vt 0.447591 0.267917
vt 0.445452 0.287962
vt 0.433678 0.292449
vt 0.439298 0.304003
vt 0.423870 0.306140
vt 0.427632 0.288621
vt 0.422550 0.234630
vt 0.132012 0.296715
vt 0.833960 0.913660
vt 0.666944 0.671981
vt 0.720940 0.842140
vt 0.730306 0.838283
vt 0.759860 0.346237
vt 0.475720 0.090260
vt 0.682020 0.229520
vt 0.686230 0.240170
vt 0.350910 0.822040
vt 0.389052 0.857302
vt 0.616035 0.709942
vt 0.506775 0.770956
vt 0.617700 0.692113
vt 0.638904 0.693398
vt 0.642136 0.672599
vt 0.760429 0.673254
vt 0.653386 0.688931
vt 0.712970 0.626612
vt 0.720974 0.632396
vt 0.759672 0.682608
vt 0.767430 0.683740
vt 0.768910 0.674480
vt 0.799048 0.187664
vt 0.770917 0.206883
vt 0.765066 0.201394
vt 0.735853 0.618185
vt 0.720220 0.618210
vt 0.727160 0.614800
vt 0.789471 0.963191
vt 0.630007 0.646110
vt 0.752180 0.947565
vt 0.362348 0.803192
vt 0.348449 0.807246
vt 0.362076 0.758722
vt 0.356741 0.758181
vt 0.342790 0.794500
vt 0.340520 0.782680
vt 0.671040 0.244569
vt 0.356130 0.878260
vt 0.505536 0.797619
vt 0.506170 0.808025
vt 0.769343 0.629114
vt 0.748807 0.213215
vt 0.760544 0.612555
vt 0.751420 0.609450
vt 0.802130 0.987590
vt 0.810040 0.989470
vt 0.611746 0.620654
vt 0.609204 0.610764
vt 0.775086 0.911059
vt 0.818591 0.991136
vt 0.854199 0.968560
vt 0.768551 0.161180
vt 0.756545 0.161823
vt 0.727155 0.208807
vt 0.737598 0.162362
vt 0.758287 0.152216
vt 0.780597 0.072463
vt 0.696712 0.167445
vt 0.692730 0.157880
vt 0.731914 0.217830
vt 0.348028 0.750432
vt 0.341210 0.762890
vt 0.339440 0.771930
vt 0.646556 0.289725
vt 0.639600 0.302882
vt 0.659745 0.282256
vt 0.739377 0.219425
vt 0.673140 0.295274
vt 0.355670 0.894828
vt 0.594231 0.774142
vt 0.769498 0.614655
vt 0.687351 0.150507
vt 0.780020 0.010299
vt 0.773141 0.021969
vt 0.668628 0.156134
vt 0.478694 0.677054
vt 0.577543 0.414476
vt 0.641070 0.321030
vt 0.634320 0.333727
vt 0.653608 0.327646
vt 0.665848 0.320009
vt 0.678045 0.314270
vt 0.687793 0.308919
vt 0.769184 0.221416
vt 0.553651 0.821154
vt 0.760628 0.025516
vt 0.770947 0.003435
vt 0.762591 0.001736
vt 0.708840 0.846720
vt 0.788130 0.006000
vt 0.754119 0.000334
vt 0.731701 0.071999
vt 0.629510 0.184114
vt 0.625934 0.191922
vt 0.893574 0.864409
vt 0.758999 0.856143
vt 0.516720 0.610780
vt 0.726813 0.826313
vt 0.622192 0.573535
vt 0.576957 0.438194
vt 0.689385 0.334576
vt 0.701560 0.322342
vt 0.696143 0.328470
vt 0.390845 0.926287
vt 0.537246 0.847432
vt 0.724660 0.748740
vt 0.594415 0.789644
vt 0.599996 0.799655
vt 0.611367 0.789117
vt 0.618147 0.967019
vt 0.627960 0.980686
vt 0.627278 0.960090
vt 0.630940 0.945930
vt 0.720630 0.070091
vt 0.709146 0.079598
vt 0.572298 0.192158
vt 0.597605 0.200770
vt 0.916734 0.852756
vt 0.914824 0.839833
vt 0.814580 0.853200
vt 0.629286 0.563405
vt 0.635961 0.584056
vt 0.583484 0.479339
vt 0.707813 0.337007
vt 0.702005 0.342281
vt 0.711631 0.330932
vt 0.822110 0.229650
vt 0.355950 0.961610
vt 0.585981 0.819538
vt 0.693550 0.769840
vt 0.699768 0.774892
vt 0.596623 0.808089
vt 0.612937 0.821437
vt 0.630128 0.807069
vt 0.689047 0.787889
vt 0.683112 0.807940
vt 0.652103 0.854099
vt 0.636731 0.893381
vt 0.630363 0.902864
vt 0.615238 0.949176
vt 0.622320 0.950020
vt 0.624320 0.954280
vt 0.613820 0.956250
vt 0.615300 0.960750
vt 0.604740 0.965330
vt 0.608100 0.972824
vt 0.599540 0.980360
vt 0.590574 0.974823
vt 0.588137 0.982987
vt 0.553029 0.187742
vt 0.914100 0.832247
vt 0.666900 0.588440
vt 0.660839 0.600170
vt 0.648322 0.592633
vt 0.654590 0.581820
vt 0.621522 0.496197
vt 0.718801 0.345943
vt 0.723508 0.341758
vt 0.719889 0.329302
vt 0.739756 0.321879
vt 0.833670 0.246390
vt 0.360530 0.985266
vt 0.370620 0.991030
vt 0.414432 0.983665
vt 0.484859 0.935582
vt 0.544987 0.890125
vt 0.574790 0.849495
vt 0.616335 0.894232
vt 0.599510 0.960527
vt 0.588750 0.967907
vt 0.551338 0.967652
vt 0.955542 0.833305
vt 0.961000 0.827160
vt 0.825650 0.571650
vt 0.814907 0.574403
vt 0.821410 0.581510
vt 0.828600 0.580620
vt 0.801250 0.587450
vt 0.811520 0.566757
vt 0.672039 0.408469
vt 0.711837 0.374900
vt 0.732588 0.357639
vt 0.734685 0.352118
vt 0.731151 0.340834
vt 0.604881 0.900496
vt 0.628729 0.104983
vt 0.615845 0.120786
vt 0.572374 0.153044
vt 0.580033 0.139907
vt 0.541723 0.149651
vt 0.834432 0.556126
vt 0.829350 0.561280
vt 0.832152 0.570827
vt 0.837976 0.572493
vt 0.822560 0.563000
vt 0.826390 0.550834
vt 0.741984 0.364514
vt 0.744265 0.359996
vt 0.747636 0.356090
vt 0.739600 0.348960
vt 0.756867 0.351201
vt 0.540886 0.940138
vt 0.653981 0.041747
vt 0.824765 0.520607
vt 0.584388 0.116462
vt 0.528384 0.138988
vt 0.508838 0.150862
vt 0.746990 0.377228
vt 0.749575 0.368444
vt 0.727902 0.404933
vt 0.757686 0.373360
vt 0.773519 0.380872
vt 0.777944 0.380208
vt 0.814280 0.347690
vt 0.437907 0.026420
vt 0.453481 0.055491
vt 0.435557 0.046287
vt 0.445261 0.061830
vt 0.437732 0.057031
vt 0.820340 0.505143
vt 0.815648 0.487443
vt 0.777638 0.477930
vt 0.776644 0.508550
vt 0.502208 0.141094
vt 0.478020 0.130663
vt 0.487625 0.142836
vt 0.571212 0.114402
vt 0.571775 0.109858
vt 0.570315 0.105322
vt 0.502063 0.992880
vt 0.611304 0.040306
vt 0.551580 0.114910
vt 0.531566 0.104223
vt 0.508781 0.099946
vt 0.536754 0.090787
vt 0.530468 0.093850
vt 0.551601 0.091884
vt 0.518808 0.098199
vt 0.520670 0.087960
vt 0.786834 0.408461
vt 0.783458 0.383392
vt 0.789067 0.433123
vt 0.779589 0.445706
vt 0.434723 0.040501
s 1
usemtl thlow
f 2896/3355/2893 2893/3356/2894 2895/3357/2895
f 2904/3358/2896 2906/3359/2897 2907/3360/2898
f 2904/3358/2896 2908/3361/2899 2905/3362/2900
f 2918/3363/2901 2919/3364/2902 2920/3365/2903
f 2922/3366/2904 2921/3367/2905 2929/3368/2906
f 2926/3369/2907 2923/3370/2908 2925/3371/2909
f 2923/3370/2908 2924/3372/2910 2925/3371/2909
f 2930/3373/2911 2931/3374/2912 2927/3375/2913
f 2927/3375/2913 2932/3376/2914 2930/3373/2911
f 2931/3374/2912 2928/3377/2915 2927/3375/2913
f 2936/3378/2916 3148/3379/2917 2933/3380/2918
f 2935/3381/2919 2937/3382/2920 2933/3383/2918
f 2942/3384/2921 2912/3385/2922 3317/3386/2923
f 2959/3387/2924 2960/3388/2925 2961/3389/2926
f 2962/3390/2927 2963/3391/2928 2964/3392/2929
f 2971/3393/2930 2969/3394/2931 2968/3395/2932
f 2968/3395/2932 2973/3396/2933 2971/3393/2930
f 2975/3397/2934 2976/3398/2935 2971/3393/2930
f 2979/3399/2936 2978/3400/2937 2977/3401/2938
f 2982/3402/2939 2983/3403/2940 2980/3404/2941
f 2990/3405/2942 2989/3406/2943 2987/3407/2944
f 2994/3408/2945 2997/3409/2946 2993/3410/2947
f 2998/3411/2948 2996/3412/2949 2997/3409/2946
f 2998/3411/2948 3001/3413/2950 2999/3414/2951
f 3001/3413/2950 3005/3415/2952 3002/3416/2953
f 3007/3417/2954 3002/3416/2953 3005/3415/2952
f 3005/3415/2952 3009/3418/2955 3007/3417/2954
f 3008/3419/2956 3007/3420/2954 3009/3421/2955
f 3009/3421/2955 3011/3422/2957 3010/3423/2958
f 3012/3424/2959 3010/3423/2958 3011/3422/2957
f 3011/3422/2957 3013/3425/2960 3012/3424/2959
f 3014/3426/2961 3012/3424/2959 3013/3425/2960
f 3013/3425/2960 3015/3427/2962 3014/3426/2961
f 3017/3428/2963 3018/3429/2964 3015/3427/2962
f 3025/3430/2965 3024/3431/2966 3020/3432/2967
f 3031/3433/2968 3032/3434/2969 3030/3435/2970
f 2898/3436/2971 3705/3437/2972 2897/3438/2973
f 3044/3439/2974 3048/3440/2975 3045/3441/2976
f 3048/3440/2975 3050/3442/2977 3047/3443/2978
f 3050/3444/2977 3052/3445/2979 3049/3446/2980
f 3054/3447/2981 3059/3448/2982 3055/3449/2983
f 3059/3448/2982 2930/3373/2911 3057/3450/2984
f 2930/3373/2911 3061/3451/2985 3057/3450/2984
f 3061/3451/2985 3065/3452/2986 3063/3453/2987
f 3064/3454/2988 3062/3455/2989 3063/3453/2987
f 3065/3452/2986 3066/3456/2990 3064/3454/2988
f 3069/3457/2991 3070/3458/2992 3068/3459/2993
f 3069/3457/2991 3072/3460/2994 3073/3461/2995
f 2946/3462/2996 3069/3457/2991 3073/3461/2995
f 3079/3463/2997 3080/3464/2998 3077/3465/2999
f 3079/3463/2997 3082/3466/3000 3080/3464/2998
f 3081/3467/3001 3086/3468/3002 3083/3469/3003
f 3085/3470/3004 3083/3469/3003 3086/3468/3002
f 3089/3471/3005 3087/3472/3006 2922/3366/2904
f 2922/3366/2904 3090/3473/3007 3089/3471/3005
f 3091/3474/3008 3089/3471/3005 3090/3473/3007
f 3091/3474/3008 3094/3475/3009 3092/3476/3010
f 3094/3475/3009 3091/3474/3008 3093/3477/3011
f 2928/3377/2915 3095/3478/3012 3093/3477/3011
f 3059/3448/2982 3095/3478/3012 2928/3377/2915
f 3059/3448/2982 3054/3447/2981 3095/3478/3012
f 3098/3479/3013 3097/3480/3014 3099/3481/3015
f 3099/3481/3015 3100/3482/3016 3098/3479/3013
f 3100/3482/3016 3092/3476/3010 3094/3475/3009
f 3100/3482/3016 3101/3483/3017 3102/3484/3018
f 3102/3484/3018 3092/3476/3010 3100/3482/3016
f 3102/3484/3018 3089/3471/3005 3092/3476/3010
f 3087/3472/3006 3089/3471/3005 3104/3485/3019
f 3105/3486/3020 3106/3487/3021 3088/3488/3022
f 3107/3489/3023 3084/3490/3024 3083/3469/3003
f 3083/3469/3003 3088/3488/3022 3107/3489/3023
f 3111/3491/3025 3112/3492/3026 2947/3493/3027
f 3112/3492/3026 2948/3494/3028 2945/3495/3029
f 3113/3496/3030 3948/3497/3031 2948/3494/3028
f 3114/3498/3032 3115/3499/3033 3070/3458/2992
f 3115/3499/3033 3068/3459/2993 3070/3458/2992
f 3116/3500/3034 3118/3501/3035 3064/3454/2988
f 3118/3501/3035 3119/3502/3036 3062/3455/2989
f 3062/3455/2989 3064/3454/2988 3118/3501/3035
f 3119/3502/3036 3120/3503/3037 3060/3504/3038
f 3120/3503/3037 3121/3505/3039 3058/3506/3040
f 3121/3505/3039 3122/3507/3041 3056/3508/3042
f 3123/3509/3043 3051/3510/3044 3053/3511/3045
f 3053/3511/3045 3056/3508/3042 3123/3509/3043
f 3051/3510/3044 3124/3512/3046 3049/3446/2980
f 3125/3513/3047 3126/3514/3048 3047/3515/2978
f 3047/3515/2978 3049/3446/2980 3125/3513/3047
f 3038/3516/3049 3131/3517/3050 3036/3518/3051
f 3132/3519/3052 3035/3520/3053 3034/3521/3054
f 3034/3521/3054 3036/3518/3051 3132/3519/3052
f 3133/3522/3055 3136/3523/3056 3135/3524/3057
f 3137/3525/3058 3135/3524/3057 3136/3523/3056
f 3136/3523/3056 3138/3526/3059 3137/3525/3058
f 3139/3527/3060 3137/3525/3058 3138/3526/3059
f 3138/3526/3059 3140/3528/3061 3139/3527/3060
f 3138/3526/3059 3142/3529/3062 3140/3528/3061
f 3142/3529/3062 3144/3530/3063 3143/3531/3064
f 3148/3379/2917 2923/3532/2908 3149/3533/3065
f 3149/3534/3065 2926/3369/2907 3150/3535/3066
f 3151/3536/3067 3150/3535/3066 2926/3369/2907
f 3158/3537/3068 3159/3538/3069 3156/3539/3070
f 3165/3540/3071 3166/3541/3072 3164/3542/3073
f 3166/3541/3072 3165/3540/3071 3170/3543/3074
f 3170/3543/3074 3168/3544/3075 3166/3541/3072
f 3172/3545/3076 3176/3546/3077 3174/3547/3078
f 3177/3548/3079 3181/3549/3080 3176/3546/3077
f 4009/3550/3081 3179/3551/3082 3181/3549/3080
f 3192/3552/3083 3197/3553/3084 3193/3554/3085
f 3197/3555/3084 3199/3556/3086 3195/3557/3087
f 3201/3558/3088 3198/3559/3089 3200/3560/3090
f 3200/3560/3090 3203/3561/3091 3201/3558/3088
f 3207/3562/3092 3208/3563/3093 3206/3564/3094
f 3240/3565/3095 3239/3566/3096 3238/3567/3097
f 3240/3565/3095 4068/3568/3098 3241/3569/3099
f 3242/3570/3100 2905/3362/2900 2908/3361/2899
f 3097/3571/3014 3254/3572/3101 3252/3573/3102
f 3257/3574/3103 3256/3575/3104 3255/3576/3105
f 3096/3577/3106 3052/3445/2979 3257/3574/3103
f 3052/3445/2979 3050/3444/2977 3256/3575/3104
f 3254/3572/3101 3255/3578/3105 3256/3579/3104
f 3267/3580/3107 3238/3567/3097 3239/3566/3096
f 3273/3581/3108 3228/3582/3109 3272/3583/3110
f 3287/3584/3111 3206/3564/3094 3208/3563/3093
f 3291/3585/3112 3196/3586/3113 3198/3587/3089
f 3198/3587/3089 3201/3588/3088 3291/3585/3112
f 3294/3589/3114 3295/3590/3115 3194/3591/3116
f 3176/3546/3077 3178/3592/3117 3301/3593/3118
f 3302/3594/3119 3172/3545/3076 3175/3595/3120
f 3304/3596/3121 3164/3542/3073 3166/3541/3072
f 3306/3597/3122 3156/3539/3070 3159/3538/3069
f 3311/3598/3123 3313/3599/3124 3151/3536/3067
f 3314/3600/3125 3315/3601/3126 2935/3381/2919
f 3324/3602/3127 3147/3603/3128 3325/3604/3129
f 3143/3605/3064 3327/3606/3130 3328/3607/3131
f 3141/3608/3132 3140/3528/3061 3143/3531/3064
f 3141/3608/3132 3329/3609/3133 3330/3610/3134
f 3141/3608/3132 3330/3610/3134 3139/3527/3060
f 3137/3525/3058 3139/3527/3060 3330/3610/3134
f 3031/3433/2968 2898/3436/2971 3134/3611/3135
f 3332/3612/3136 3029/3613/3137 3032/3434/2969
f 3032/3434/2969 3333/3614/3138 3332/3612/3136
f 3333/3614/3138 3334/3615/3139 3332/3612/3136
f 3336/3616/3140 3331/3617/3141 3329/3609/3133
f 3326/3618/3142 3340/3619/3143 3339/3620/3144
f 2900/3621/3145 3322/3622/3146 3341/3623/3147
f 3341/3623/3147 3346/3624/3148 2900/3621/3145
f 3338/3625/3149 3337/3626/3150 3347/3627/3151
f 3335/3628/3152 3349/3629/3153 3350/3630/3154
f 3335/3628/3152 3336/3631/3140 3338/3625/3149
f 3352/3632/3155 3353/3633/3156 3354/3634/3157
f 3355/3635/3158 2895/3636/2895 3354/3634/3157
f 2895/3357/2895 3355/3637/3158 2896/3355/2893
f 3355/3637/3158 3357/3638/3159 2896/3355/2893
f 2896/3355/2893 3024/3431/2966 2893/3356/2894
f 3022/3639/3160 3020/3432/2967 3024/3431/2966
f 3014/3426/2961 3015/3427/2962 3018/3429/2964
f 3360/3640/3161 3010/3423/2958 3012/3424/2959
f 3012/3424/2959 3014/3426/2961 3360/3640/3161
f 3363/3641/3162 3364/3642/3163 3008/3643/2956
f 3003/3644/3164 3000/3645/3165 2999/3414/2951
f 3000/3645/3165 3368/3646/3166 2996/3412/2949
f 3368/3646/3166 3369/3647/3167 2993/3410/2947
f 2993/3410/2947 2996/3412/2949 3368/3646/3166
f 3370/3648/3168 2989/3406/2943 2991/3649/3169
f 2989/3406/2943 3370/3648/3168 3371/3650/3170
f 3371/3650/3170 2987/3407/2944 2989/3406/2943
f 2984/3651/3171 3374/3652/3172 3375/3653/3173
f 2978/3400/2937 2970/3654/3174 2969/3394/2931
f 2981/3655/3175 3376/3656/3176 2970/3654/3174
f 3376/3656/3176 3377/3657/3177 2970/3654/3174
f 3376/3656/3176 3378/3658/3178 3377/3657/3177
f 3377/3657/3177 2968/3395/2932 2970/3654/3174
f 3379/3659/3179 2972/3660/3180 3377/3657/3177
f 3384/3661/3181 3385/3662/3182 3382/3663/3183
f 3387/3664/3184 3388/3665/3185 3384/3661/3181
f 3391/3666/3186 2960/3388/2925 3388/3665/3185
f 3391/3666/3186 3390/3667/3187 3392/3668/3188
f 3393/3669/3189 3394/3670/3190 3392/3668/3188
f 3396/3671/3191 3401/3672/3192 3398/3673/3193
f 3401/3672/3192 3403/3674/3194 3399/3675/3195
f 3402/3676/3196 3399/3675/3195 3403/3674/3194
f 3403/3674/3194 3405/3677/3197 3402/3676/3196
f 3408/3678/3198 3411/3679/3199 3406/3680/3200
f 3414/3681/3201 3416/3682/3202 3417/3683/3203
f 3417/3683/3203 3418/3684/3204 3414/3681/3201
f 3424/3685/3205 3425/3686/3206 3423/3687/3207
f 3428/3688/3208 3162/3689/3209 3431/3690/3210
f 3431/3690/3210 3429/3691/3211 3428/3688/3208
f 3429/3691/3211 3431/3690/3210 3433/3692/3212
f 3433/3692/3212 3432/3693/3213 3429/3691/3211
f 3435/3694/3214 3434/3695/3215 3303/3696/3216
f 3303/3696/3216 3437/3697/3217 3435/3694/3214
f 3441/3698/3218 3439/3699/3219 3301/3593/3118
f 3445/3700/3220 3444/3701/3221 3299/3702/3222
f 3299/3702/3222 3447/3703/3223 3445/3700/3220
f 3447/3703/3223 3299/3702/3222 3449/3704/3224
f 3449/3704/3224 3448/3705/3225 3447/3703/3223
f 3448/3705/3225 3449/3704/3224 3297/3706/3226
f 3459/3707/3227 3460/3708/3228 3458/3709/3229
f 3460/3708/3228 3290/3710/3230 3461/3711/3231
f 3290/3710/3230 3289/3712/3232 3462/3713/3233
f 3470/3714/3234 3471/3715/3235 3469/3716/3236
f 3481/3717/3237 3273/3581/3108 3482/3718/3238
f 3483/3719/3239 3516/3720/3240 3481/3717/3237
f 3485/3721/3241 3486/3722/3242 3484/3723/3243
f 3488/3724/3244 3512/3725/3245 3269/3726/3246
f 3490/3727/3247 3491/3728/3248 3489/3729/3249
f 3500/3730/3250 3254/3572/3101 3501/3731/3251
f 3050/3442/2977 3048/3440/2975 3258/3732/3252
f 3048/3440/2975 3044/3439/2974 3502/3733/3253
f 3507/3734/3254 3496/3735/3255 3497/3736/3256
f 3494/3737/3257 3510/3738/3258 3491/3728/3248
f 3488/3724/3244 3489/3729/3249 3491/3728/3248
f 3487/3739/3259 3269/3726/3246 3512/3725/3245
f 3483/3719/3239 3484/3723/3243 3486/3722/3242
f 3480/3740/3260 3481/3717/3237 3516/3720/3240
f 3519/3741/3261 3476/3742/3262 3478/3743/3263
f 3520/3744/3264 3473/3745/3265 3519/3741/3261
f 3474/3746/3266 3521/3747/3267 3522/3748/3268
f 3523/3749/3269 3469/3716/3236 3471/3715/3235
f 3530/3750/3270 3458/3709/3229 3460/3708/3228
f 3460/3708/3228 3461/3711/3231 3530/3750/3270
f 3532/3751/3271 3455/3752/3272 3454/3753/3273
f 3533/3754/3274 3452/3755/3275 3453/3756/3276
f 3539/3757/3277 3441/3698/3218 3443/3758/3278
f 3436/3759/3279 3435/3694/3214 3437/3697/3217
f 3432/3693/3213 3542/3760/3280 3543/3761/3281
f 3430/3762/3282 3429/3691/3211 3432/3693/3213
f 3546/3763/3283 3423/3687/3207 3425/3686/3206
f 3422/3764/3284 3421/3765/3285 3423/3687/3207
f 3552/3766/3286 3545/3767/3287 3553/3768/3288
f 3563/3769/3289 3564/3770/3290 3562/3771/3291
f 3568/3772/3292 3566/3773/3293 3538/3774/3294
f 3538/3774/3294 3569/3775/3295 3568/3772/3292
f 3569/3775/3295 3538/3774/3294 3537/3776/3296
f 3570/3777/3297 3537/3778/3296 3536/3779/3298
f 3534/3780/3299 3573/3781/3300 3572/3782/3301
f 3577/3783/3302 3575/3784/3303 3532/3751/3271
f 3577/3783/3302 3532/3751/3271 3531/3785/3304
f 3581/3786/3305 3582/3787/3306 3580/3788/3307
f 3583/3789/3308 3584/3790/3309 3582/3787/3306
f 3526/3791/3310 3585/3792/3311 3584/3790/3309
f 3586/3793/3312 3525/3794/3313 3589/3795/3314
f 3589/3795/3314 3588/3796/3315 3586/3793/3312
f 3591/3797/3316 3519/3741/3261 3593/3798/3317
f 3519/3741/3261 3518/3799/3318 3593/3798/3317
f 3514/3800/3319 3486/3722/3242 3598/3801/3320
f 3513/3802/3321 3512/3725/3245 3511/3803/3322
f 3511/3803/3322 3599/3804/3323 3513/3802/3321
f 3508/3805/3324 3615/3806/3325 3509/3807/3326
f 3603/3808/3327 3604/3809/3328 3508/3805/3324
f 3605/3810/3329 3606/3811/3330 3506/3812/3331
f 3609/3813/3332 3608/3814/3333 3610/3815/3334
f 3040/3816/3335 3039/3817/3336 3610/3815/3334
f 3607/3818/3337 3611/3819/3338 3605/3810/3329
f 3603/3808/3327 3506/3812/3331 3606/3811/3330
f 3615/3806/3325 3508/3805/3324 3604/3809/3328
f 3619/3820/3339 3599/3804/3323 3601/3821/3340
f 3621/3822/3341 3598/3801/3320 3599/3804/3323
f 3624/3823/3342 3594/3824/3343 3595/3825/3344
f 3624/3823/3342 3625/3826/3345 3594/3824/3343
f 3625/3826/3345 3626/3827/3346 3594/3824/3343
f 3592/3828/3347 3591/3797/3316 3628/3829/3348
f 3631/3830/3349 3585/3792/3311 3587/3831/3350
f 3632/3832/3351 3584/3790/3309 3585/3792/3311
f 3634/3833/3352 3582/3787/3306 3584/3790/3309
f 3636/3834/3353 3580/3788/3307 3582/3787/3306
f 3579/3835/3354 3578/3836/3355 3580/3788/3307
f 3574/3837/3356 3575/3784/3303 3576/3838/3357
f 3640/3839/3358 3710/3840/3359 3574/3837/3356
f 3710/3840/3359 3641/3841/3360 3574/3837/3356
f 3641/3841/3360 3642/3842/3361 3572/3782/3301
f 3643/3843/3362 3644/3844/3363 3570/3777/3297
f 3570/3777/3297 3571/3845/3364 3643/3843/3362
f 3644/3844/3363 3646/3846/3365 3569/3847/3295
f 3569/3847/3295 3570/3777/3297 3644/3844/3363
f 3568/3772/3292 3569/3775/3295 3646/3848/3365
f 3648/3849/3366 3567/3850/3367 3568/3772/3292
f 3649/3851/3368 3562/3771/3291 3564/3770/3290
f 3652/3852/3369 3560/3853/3370 3561/3854/3371
f 3558/3855/3372 3655/3856/3373 3656/3857/3374
f 3554/3858/3375 3656/3857/3374 3657/3859/3376
f 3657/3859/3376 3658/3860/3377 3659/3861/3378
f 3659/3861/3378 3552/3766/3286 3657/3859/3376
f 2956/3862/3379 3399/3675/3195 3402/3676/3196
f 3661/3863/3380 3663/3864/3381 3662/3865/3382
f 3665/3866/3383 3667/3867/3384 3666/3868/3385
f 3666/3868/3385 3667/3867/3384 2958/3869/3386
f 2958/3869/3386 3668/3870/3387 3669/3871/3388
f 3668/3870/3387 2960/3388/2925 2959/3387/2924
f 3670/3872/3389 3388/3665/3185 2960/3388/2925
f 3673/3873/3390 3379/3659/3179 3385/3662/3182
f 3379/3659/3179 3673/3873/3390 2972/3660/3180
f 2972/3660/3180 3673/3873/3390 3674/3874/3391
f 3674/3874/3391 3675/3875/3392 3676/3876/3393
f 3676/3876/3393 2973/3396/2933 3674/3874/3391
f 3677/3877/3394 2974/3878/3395 3676/3876/3393
f 3677/3877/3394 2975/3397/2934 2974/3878/3395
f 3679/3879/3396 3680/3880/3397 2975/3397/2934
f 3680/3880/3397 3681/3881/3398 2976/3398/2935
f 2976/3398/2935 3681/3881/3398 2969/3394/2931
f 2977/3401/2938 2969/3394/2931 3681/3881/3398
f 2977/3401/2938 3681/3881/3398 3638/3882/3399
f 3638/3882/3399 2979/3399/2936 2977/3401/2938
f 2979/3399/2936 3638/3882/3399 3682/3883/3400
f 2979/3399/2936 3682/3883/3400 2985/3884/3401
f 3684/3885/3402 2990/3405/2942 2988/3886/3403
f 2997/3409/2946 3630/3887/3404 3686/3888/3405
f 3686/3888/3405 3687/3889/3406 2998/3411/2948
f 3001/3413/2950 2998/3411/2948 3687/3889/3406
f 3690/3890/3407 3691/3891/3408 3005/3892/2952
f 3009/3421/2955 3005/3892/2952 3691/3891/3408
f 3691/3891/3408 3693/3893/3409 3009/3421/2955
f 3013/3425/2960 3011/3422/2957 3695/3894/3410
f 3696/3895/3411 3016/3896/3412 3013/3425/2960
f 3702/3897/3413 3029/3613/3137 3028/3898/3414
f 3702/3897/3413 3703/3899/3415 3704/3900/3416
f 3704/3900/3416 3030/3435/2970 3702/3897/3413
f 3705/3437/2972 2898/3436/2971 3704/3900/3416
f 3612/3901/3417 3605/3810/3329 3611/3819/3338
f 3617/3902/3418 3616/3903/3419 3706/3904/3420
f 3706/3904/3420 3616/3903/3419 3615/3806/3325
f 3622/3905/3421 3621/3822/3341 3620/3906/3422
f 3622/3905/3421 3696/3895/3411 3623/3907/3423
f 3623/3907/3423 3694/3908/3424 3595/3825/3344
f 3624/3823/3342 3595/3825/3344 3694/3908/3424
f 3624/3823/3342 3692/3909/3425 3625/3826/3345
f 3626/3827/3346 3625/3826/3345 3692/3909/3425
f 3690/3890/3407 3707/3910/3426 3627/3911/3427
f 3629/3912/3428 3592/3913/3347 3628/3914/3348
f 3710/3840/3359 3640/3839/3358 3680/3880/3397
f 3714/3915/3429 3651/3916/3430 3650/3917/3431
f 2964/3392/2929 3655/3856/3373 3654/3918/3432
f 3655/3856/3373 2964/3392/2929 3716/3919/3433
f 3658/3860/3377 3657/3859/3376 3656/3857/3374
f 3663/3864/3381 3661/3863/3380 3719/3920/3434
f 3719/3920/3434 3720/3921/3435 3663/3864/3381
f 3721/3922/3436 3722/3923/3437 3664/3924/3438
f 3723/3925/3439 3724/3926/3440 3725/3927/3441
f 3724/3926/3440 3672/3928/3442 3726/3929/3443
f 3672/3928/3442 3727/3930/3444 3675/3875/3392
f 3675/3875/3392 3674/3874/3391 3672/3928/3442
f 3678/3931/3445 3729/3932/3446 3677/3877/3394
f 3645/3933/3447 3642/3842/3361 3730/3934/3448
f 2964/3392/2929 3654/3918/3432 3653/3935/3449
f 3734/3936/3450 2962/3390/2927 3715/3937/3451
f 3735/3938/3452 3736/3939/3453 3734/3936/3450
f 3734/3936/3450 3733/3940/3454 3735/3938/3452
f 3737/3941/3455 3735/3938/3452 3733/3940/3454
f 3732/3942/3456 3738/3943/3457 3737/3944/3455
f 3739/3945/3458 3740/3946/3459 3737/3944/3455
f 3739/3945/3458 3737/3944/3455 3738/3943/3457
f 3735/3938/3452 3737/3941/3455 3740/3947/3459
f 3716/3919/3433 2963/3391/2928 3717/3948/3460
f 2963/3391/2928 3716/3919/3433 2964/3392/2929
f 3745/3949/3461 3723/3925/3439 3722/3923/3437
f 2967/3950/3462 3727/3930/3444 3723/3925/3439
f 3727/3930/3444 2967/3950/3462 2966/3951/3463
f 2966/3951/3463 3675/3875/3392 3727/3930/3444
f 3675/3875/3392 2966/3951/3463 3728/3952/3464
f 3711/3953/3465 3729/3932/3446 3731/3954/3466
f 3719/3920/3434 3718/3955/3467 3717/3948/3460
f 3681/3881/3398 3680/3880/3397 3640/3839/3358
f 3639/3956/3468 3638/3882/3399 3681/3881/3398
f 3637/3957/3469 3683/3958/3470 2985/3884/3401
f 3635/3959/3471 3684/3885/3402 3683/3958/3470
f 3633/3960/3472 3685/3961/3473 3684/3885/3402
f 3688/3962/3474 3687/3889/3406 3708/3963/3475
f 3004/3964/3476 3689/3965/3477 3707/3966/3426
f 3707/3910/3426 3690/3890/3407 3004/3967/3476
f 3623/3907/3423 3695/3894/3410 3694/3908/3424
f 3620/3906/3422 3016/3896/3412 3696/3895/3411
f 3699/3968/3478 3021/3969/3479 3698/3970/3480
f 3614/3971/3481 3701/3972/3482 3706/3904/3420
f 3703/3899/3415 3702/3897/3413 3613/3973/3483
f 3400/3974/3484 3399/3675/3195 2957/3975/3485
f 3507/3734/3254 3497/3736/3256 3506/3812/3331
f 3515/3976/3486 3486/3722/3242 3514/3800/3319
f 3518/3799/3318 3480/3740/3260 3517/3977/3487
f 3519/3741/3261 3478/3743/3263 3518/3799/3318
f 3591/3797/3316 3520/3744/3264 3519/3741/3261
f 3474/3746/3266 3473/3745/3265 3520/3744/3264
f 3589/3978/3314 3522/3748/3268 3521/3747/3267
f 3528/3979/3488 3527/3980/3489 3583/3789/3308
f 3563/3769/3289 3540/3981/3490 3539/3757/3277
f 3541/3982/3491 3437/3697/3217 3560/3853/3370
f 3547/3983/3492 3546/3763/3283 3545/3767/3287
f 3501/3731/3251 3256/3579/3104 3258/3732/3252
f 3259/3984/3493 3252/3573/3102 3254/3572/3101
f 3260/3985/3494 3252/3573/3102 3259/3984/3493
f 3492/3986/3495 3264/3987/3496 3495/3988/3497
f 3489/3729/3249 3266/3989/3498 3492/3986/3495
f 3267/3580/3107 3239/3566/3096 3266/3989/3498
f 3270/3990/3499 3234/3991/3500 3269/3726/3246
f 3482/3718/3238 3271/3992/3501 3484/3723/3243
f 3477/3993/3502 3275/3994/3503 3479/3995/3504
f 3475/3996/3505 3277/3997/3506 3477/3993/3502
f 3472/3998/3507 3279/3999/3508 3277/3997/3506
f 3470/3714/3234 3281/4000/3509 3279/3999/3508
f 3467/4001/3510 3283/4002/3511 3281/4000/3509
f 3466/4003/3512 3285/4004/3513 3283/4002/3511
f 3465/4005/3514 3286/4006/3515 3285/4004/3513
f 3292/4007/3516 3291/3585/3112 3459/3707/3227
f 3456/4008/3517 3296/4009/3518 3295/3590/3115
f 3297/3706/3226 3296/4010/3518 3450/4011/3519
f 3434/3695/3215 3304/3596/3121 3169/4012/3520
f 3433/3692/3212 3431/3690/3210 3305/4013/3521
f 3428/3688/3208 3307/4014/3522 3162/3689/3209
f 3424/3685/3205 3309/4015/3523 3307/4014/3522
f 3420/4016/3524 3311/3598/3123 3310/4017/3525
f 3418/3684/3204 3417/3683/3203 3314/3600/3125
f 3315/3601/3126 3314/3600/3125 3417/3683/3203
f 3415/4018/3526 3746/4019/3527 2943/4020/3528
f 3746/4019/3527 2909/4021/3529 2942/3384/2921
f 3749/4022/3530 2913/4023/3531 3748/4024/3532
f 2910/4025/3533 2914/4026/3534 3750/4027/3535
f 2910/4025/3533 3342/4028/3536 3319/4029/3537
f 3751/4030/3538 3343/4031/3539 3342/4028/3536
f 3343/4031/3539 3751/4030/3538 3752/4032/3540
f 3752/4032/3540 3344/4033/3541 3343/4031/3539
f 3753/4034/3542 3345/4035/3543 3344/4033/3541
f 3756/4036/3544 3350/3630/3154 3349/3629/3153
f 3353/3633/3156 3352/3632/3155 3756/4036/3544
f 3757/4037/3545 3809/4038/3546 3356/4039/3547
f 3356/4039/3547 3354/3634/3157 3757/4037/3545
f 3356/4039/3547 3355/3635/3158 3354/3634/3157
f 3758/4040/3548 3759/4041/3549 3760/4042/3550
f 3761/4043/3551 3357/4044/3159 3760/4042/3550
f 3762/4045/3552 3763/4046/3553 3761/4043/3551
f 3357/3638/3159 3763/4047/3553 3022/3639/3160
f 3763/4047/3553 3764/4048/3554 3358/4049/3555
f 3762/4045/3552 3765/4050/3556 3764/4051/3554
f 3764/4048/3554 3359/4052/3557 3014/3426/2961
f 3765/4050/3556 3766/4053/3558 3359/4054/3557
f 3359/4052/3557 3361/4055/3559 3360/3640/3161
f 3766/4053/3558 3767/4056/3560 3361/4057/3559
f 3363/3641/3162 3769/4058/3561 3364/3642/3163
f 3365/4059/3562 3366/4060/3563 3002/3416/2953
f 3367/4061/3564 3771/4062/3565 3000/3645/3165
f 3368/3646/3166 3000/3645/3165 3771/4062/3565
f 3771/4062/3565 3772/4063/3566 3368/3646/3166
f 3368/3646/3166 3772/4063/3566 3369/3647/3167
f 3772/4063/3566 3773/4064/3567 3369/3647/3167
f 3773/4064/3567 3370/3648/3168 2991/3649/3169
f 2991/3649/3169 3369/3647/3167 3773/4064/3567
f 3375/3653/3173 3374/3652/3172 3777/4065/3568
f 2981/3655/3175 3777/4065/3568 3778/4066/3569
f 3378/3658/3178 3376/3656/3176 3780/4067/3570
f 3778/4066/3569 3779/4068/3571 3780/4067/3570
f 3782/4069/3572 3784/4070/3573 3383/4071/3574
f 3787/4072/3575 3390/3667/3187 3389/4073/3576
f 3788/4074/3577 3790/4075/3578 3789/4076/3579
f 3397/4077/3580 3792/4078/3581 3395/4079/3582
f 3396/3671/3191 3395/4079/3582 3792/4078/3581
f 3792/4078/3581 3794/4080/3583 3396/3671/3191
f 3404/4081/3584 3796/4082/3585 3405/3677/3197
f 3408/4083/3198 3405/3677/3197 3796/4082/3585
f 3746/4019/3527 3415/4018/3526 3411/3679/3199
f 3748/4024/3532 3747/4084/3586 3408/4083/3198
f 3795/4085/3587 3749/4022/3530 3796/4082/3585
f 3795/4085/3587 3797/4086/3588 3749/4022/3530
f 3800/4087/3589 3801/4088/3590 3750/4027/3535
f 3801/4088/3590 3752/4032/3540 3751/4030/3538
f 3751/4030/3538 3750/4027/3535 3801/4088/3590
f 3803/4089/3591 3804/4090/3592 3752/4032/3540
f 3809/4038/3546 3757/4037/3545 3807/4091/3593
f 3809/4038/3546 3810/4092/3594 3811/4093/3595
f 3811/4093/3595 3812/4094/3596 3759/4041/3549
f 3759/4041/3549 3758/4040/3548 3811/4093/3595
f 3762/4045/3552 3760/4042/3550 3813/4095/3597
f 3816/4096/3598 3818/4097/3599 3765/4050/3556
f 3765/4050/3556 3762/4045/3552 3816/4096/3598
f 3818/4097/3599 3766/4053/3558 3765/4050/3556
f 3818/4097/3599 3819/4098/3600 3766/4053/3558
f 3819/4098/3600 3820/4099/3601 3766/4053/3558
f 3767/4056/3560 3766/4053/3558 3820/4099/3601
f 3822/4100/3602 3863/4101/3603 2951/4102/3604
f 3773/4064/3567 3772/4063/3566 3823/4103/3605
f 3823/4103/3605 3824/4104/3606 3773/4064/3567
f 3773/4064/3567 3824/4104/3606 3370/3648/3168
f 3824/4104/3606 3774/4105/3607 3370/3648/3168
f 3775/4106/3608 3826/4107/3609 3827/4108/3610
f 3827/4108/3610 3372/4109/3611 3775/4106/3608
f 3374/3652/3172 3776/4110/3612 3777/4065/3568
f 3828/4111/3613 3779/4068/3571 3778/4066/3569
f 3829/4112/3614 3830/4113/3615 3828/4111/3613
f 3830/4113/3615 3831/4114/3616 3781/4115/3617
f 3831/4114/3616 3832/4116/3618 3783/4117/3619
f 3834/4118/3620 3788/4074/3577 3789/4076/3579
f 3835/4119/3621 3836/4120/3622 3788/4074/3577
f 3791/4121/3623 3790/4075/3578 3839/4122/3624
f 3839/4122/3624 3840/4123/3625 3791/4121/3623
f 3847/4124/3626 3805/4125/3627 3803/4089/3591
f 3805/4125/3627 3847/4124/3626 3848/4126/3628
f 3848/4126/3628 3849/4127/3629 3850/4128/3630
f 3850/4128/3630 3810/4092/3594 3848/4126/3628
f 3812/4094/3596 3811/4093/3595 3810/4092/3594
f 3852/4129/3631 3759/4041/3549 3812/4094/3596
f 3814/4130/3632 3854/4131/3633 3855/4132/3634
f 3855/4132/3634 3856/4133/3635 3816/4096/3598
f 3816/4096/3598 3815/4134/3636 3855/4132/3634
f 3859/4135/3637 3860/4136/3638 3768/4137/3639
f 3821/4138/3640 3768/4137/3639 3860/4136/3638
f 3769/4058/3561 3821/4138/3640 3860/4136/3638
f 3861/4139/3641 3862/4140/3642 3770/4141/3643
f 3863/4101/3603 3864/4142/3644 3823/4103/3605
f 3864/4142/3644 3918/4143/3645 3823/4103/3605
f 2965/4144/3646 3829/4112/3614 3372/4109/3611
f 2965/4144/3646 3372/4109/3611 3827/4108/3610
f 3776/4110/3612 3372/4109/3611 3829/4112/3614
f 3831/4114/3616 3830/4113/3615 3867/4145/3647
f 3868/4146/3648 3869/4147/3649 3832/4116/3618
f 3869/4147/3649 3870/4148/3650 3833/4149/3651
f 3872/4150/3652 3873/4151/3653 3836/4120/3622
f 3837/4152/3654 3836/4120/3622 3873/4151/3653
f 3875/4153/3655 3876/4154/3656 3840/4123/3625
f 3841/4155/3657 3876/4154/3656 3843/4156/3658
f 3843/4156/3658 3797/4086/3588 3841/4155/3657
f 3876/4154/3656 3877/4157/3659 3878/4158/3660
f 3849/4127/3629 3847/4124/3626 3846/4159/3661
f 3884/4160/3662 3851/4161/3663 3883/4162/3664
f 3884/4160/3662 3885/4163/3665 3851/4161/3663
f 3853/4164/3666 3885/4163/3665 3854/4131/3633
f 3886/4165/3667 3854/4131/3633 3885/4163/3665
f 3887/4166/3668 3888/4167/3669 3857/4168/3670
f 3857/4168/3670 3856/4133/3635 3887/4166/3668
f 3888/4167/3669 3858/4169/3671 3857/4168/3670
f 3860/4136/3638 3859/4135/3637 3858/4169/3671
f 3889/4170/3672 3890/4171/3673 3860/4136/3638
f 3861/4139/3641 3860/4136/3638 3890/4171/3673
f 3861/4139/3641 3822/4100/3602 3862/4140/3642
f 3822/4100/3602 3892/4172/3674 3863/4101/3603
f 3864/4142/3644 3863/4101/3603 3892/4172/3674
f 3822/4100/3602 3893/4173/3675 3892/4172/3674
f 3822/4100/3602 3891/4174/3676 3894/4175/3677
f 3890/4171/3673 3889/4170/3672 3891/4174/3676
f 3889/4170/3672 3896/4176/3678 3895/4177/3679
f 3896/4176/3678 3888/4167/3669 3897/4178/3680
f 3888/4167/3669 3887/4166/3668 3898/4179/3681
f 3900/4180/3682 3901/4181/3683 3899/4182/3684
f 3899/4182/3684 3886/4165/3667 3900/4180/3682
f 3905/4183/3685 3902/4184/3686 3900/4180/3682
f 3903/4185/3687 3905/4183/3685 3900/4180/3682
f 2901/4186/3688 3906/4187/3689 3904/4188/3690
f 3909/4189/3691 3877/4157/3659 3910/4190/3692
f 3910/4190/3692 3907/4191/3693 3909/4189/3691
f 3911/4192/3694 3904/4188/3690 3906/4187/3689
f 3905/4183/3685 3904/4188/3690 3911/4192/3694
f 3902/4184/3686 3915/4193/3695 3901/4181/3683
f 3901/4181/3683 3915/4193/3695 3898/4179/3681
f 3915/4193/3695 3916/4194/3696 3897/4178/3680
f 3916/4194/3696 3894/4175/3677 3895/4177/3679
f 3891/4174/3676 3895/4177/3679 3894/4175/3677
f 3918/4143/3645 3919/4195/3697 3825/4196/3698
f 3919/4195/3697 3920/4197/3699 3827/4108/3610
f 3920/4197/3699 3921/4198/3700 3865/4199/3701
f 3866/4200/3702 3865/4199/3701 3921/4198/3700
f 3921/4198/3700 3868/4146/3648 3866/4200/3702
f 3921/4198/3700 3922/4201/3703 3868/4146/3648
f 3869/4147/3649 3868/4146/3648 3922/4201/3703
f 3933/4202/3704 3923/4203/3705 3871/4204/3706
f 3872/4150/3652 3871/4204/3706 3924/4205/3707
f 3924/4205/3707 3925/4206/3708 3872/4150/3652
f 3925/4206/3708 3926/4207/3709 3873/4151/3653
f 3926/4207/3709 3927/4208/3710 3874/4209/3711
f 3927/4208/3710 3910/4190/3692 3874/4209/3711
f 3910/4190/3692 3875/4153/3655 3874/4209/3711
f 3928/4210/3712 3913/4211/3713 3912/4212/3714
f 3916/4194/3696 3915/4193/3695 3929/4213/3715
f 3917/4214/3716 3916/4194/3696 3929/4213/3715
f 3930/4215/3717 3931/4216/3718 3893/4173/3675
f 3893/4173/3675 3917/4214/3716 3930/4215/3717
f 3932/4217/3719 3918/4143/3645 3931/4216/3718
f 3933/4202/3704 3930/4215/3717 3917/4214/3716
f 3917/4214/3716 3934/4218/3720 3933/4202/3704
f 3917/4214/3716 3929/4213/3715 3934/4218/3720
f 3929/4213/3715 3914/4219/3721 3934/4218/3720
f 3924/4205/3707 3923/4203/3705 3934/4218/3720
f 3934/4218/3720 3914/4219/3721 3924/4205/3707
f 3933/4202/3704 3934/4218/3720 3923/4203/3705
f 3920/4197/3699 3919/4195/3697 3932/4217/3719
f 3927/4208/3710 3926/4207/3709 3928/4210/3712
f 3885/4163/3665 3884/4160/3662 3904/4188/3690
f 3886/4165/3667 3885/4163/3665 3903/4185/3687
f 3858/4169/3671 3888/4167/3669 3896/4176/3678
f 3889/4170/3672 3858/4169/3671 3896/4176/3678
f 3669/3871/3388 2959/3387/2924 3396/3671/3191
f 3340/3619/3143 2899/4220/3722 3346/3624/3148
f 3337/3626/3150 3328/3607/3131 3327/3606/3130
f 3329/4221/3133 3141/4222/3132 3328/3607/3131
f 2894/4223/3723 3029/3613/3137 3332/3612/3136
f 3255/3576/3105 3097/3480/3014 3257/3574/3103
f 3253/4224/3724 3101/4225/3017 3100/4226/3016
f 3936/4227/3725 3937/4228/3726 3103/4229/3727
f 3937/4230/3726 3939/4231/3728 3938/4232/3729
f 3940/4233/3730 3941/4234/3731 3105/3486/3020
f 3941/4234/3731 3942/4235/3732 3106/3487/3021
f 3106/3487/3021 3105/3486/3020 3941/4234/3731
f 3945/4236/3733 3946/4237/3734 3111/3491/3025
f 3946/4237/3734 2948/3494/3028 3112/3492/3026
f 3112/3492/3026 3111/3491/3025 3946/4237/3734
f 4015/4238/3735 3947/4239/3736 2948/3494/3028
f 3949/4240/3737 3950/4241/3738 3114/3498/3032
f 3115/3499/3033 3114/3498/3032 3950/4241/3738
f 3116/3500/3034 3115/3499/3033 3950/4241/3738
f 3951/4242/3739 3952/4243/3740 3117/4244/3741
f 3952/4243/3740 3953/4245/3742 3117/4244/3741
f 3117/4244/3741 3953/4245/3742 3118/3501/3035
f 3953/4245/3742 3954/4246/3743 3119/3502/3036
f 3119/3502/3036 3118/3501/3035 3953/4245/3742
f 3954/4246/3743 3956/4247/3744 3119/3502/3036
f 3120/3503/3037 3119/3502/3036 3956/4247/3744
f 3122/3507/3041 3121/3505/3039 3959/4248/3745
f 3122/3507/3041 3959/4248/3745 3123/3509/3043
f 3959/4248/3745 3124/3512/3046 3123/3509/3043
f 3125/3513/3047 3124/3512/3046 3961/4249/3746
f 3961/4249/3746 3960/4250/3747 3127/4251/3748
f 3960/4252/3747 3962/4253/3749 3128/4254/3750
f 3962/4253/3749 3963/4255/3751 3129/4256/3752
f 3130/4257/3753 3963/4255/3751 3964/4258/3754
f 3130/4257/3753 3964/4258/3754 3965/4259/3755
f 3965/4259/3755 3131/3517/3050 3130/4257/3753
f 3131/3517/3050 3965/4259/3755 3966/4260/3756
f 3966/4260/3756 3132/3519/3052 3131/3517/3050
f 3966/4260/3756 3967/4261/3757 3133/3522/3055
f 3136/3523/3056 3133/3522/3055 3967/4261/3757
f 3967/4261/3757 3142/3529/3062 3136/3523/3056
f 3144/3530/3063 3142/3529/3062 3969/4262/3758
f 3970/4263/3759 3971/4264/3760 3146/4265/3761
f 3971/4264/3760 2915/4266/3762 2924/4267/2910
f 3971/4264/3760 3970/4263/3759 3972/4268/3763
f 3974/4269/3764 3976/4270/3765 2916/4271/3766
f 2916/4271/3766 3976/4270/3765 3975/4272/3767
f 3977/4273/3768 3975/4272/3767 3976/4270/3765
f 3977/4273/3768 3982/4274/3769 3978/4275/3770
f 3982/4274/3769 3984/4276/3771 3979/4277/3772
f 3986/4278/3773 3983/4279/3774 3985/4280/3775
f 3985/4280/3775 3988/4281/3776 3986/4278/3773
f 3987/4282/3777 3988/4281/3776 3990/4283/3778
f 3990/4283/3778 3989/4284/3779 3987/4282/3777
f 3992/4285/3780 3997/4286/3781 3995/4287/3782
f 3996/4288/3783 3995/4287/3782 3997/4286/3781
f 4006/4289/3784 4007/4290/3785 4004/4291/3786
f 4007/4290/3785 4006/4289/3784 4008/4292/3787
f 4015/4238/3735 4014/4293/3788 3947/4239/3736
f 4019/4294/3789 4020/4295/3790 4017/4296/3791
f 3942/4235/3732 3941/4234/3731 4023/4297/3792
f 4023/4297/3792 3941/4234/3731 4025/4298/3793
f 4026/4299/3794 4025/4298/3793 3941/4234/3731
f 4026/4299/3794 3939/4231/3728 4027/4300/3795
f 3939/4301/3728 3937/4228/3726 4029/4302/3796
f 3937/4228/3726 3936/4227/3725 4030/4303/3797
f 3250/4304/3798 2918/3363/2901 2920/3365/2903
f 2906/3359/2897 4031/4305/3799 4029/4302/3796
f 4027/4306/3795 4029/4302/3796 4031/4305/3799
f 4032/4307/3800 4028/4308/3801 4027/4306/3795
f 4028/4309/3801 4034/4310/3802 4025/4298/3793
f 4034/4310/3802 4035/4311/3803 4024/4312/3804
f 4020/4295/3790 4019/4294/3789 4024/4312/3804
f 4037/4313/3805 4017/4296/3791 4020/4295/3790
f 4037/4313/3805 4043/4314/3806 4039/4315/3807
f 4046/4316/3808 2949/4317/3809 4044/4318/3810
f 4050/4319/3811 2949/4320/3809 4049/4321/3812
f 4053/4322/3813 4050/4319/3811 4052/4323/3814
f 4052/4323/3814 4055/4324/3815 4053/4322/3813
f 4062/4325/3816 4061/4326/3817 4064/4327/3818
f 4068/3568/3098 3240/3565/3095 4070/4328/3819
f 4067/4329/3820 2905/3362/2900 4068/3568/3098
f 2906/3359/2897 2904/3358/2896 4071/4330/3821
f 4073/4331/3822 4033/4332/3823 4032/4307/3800
f 4073/4331/3822 4074/4333/3824 4033/4332/3823
f 4033/4332/3823 4074/4333/3824 4034/4334/3802
f 4035/4311/3803 4034/4310/3802 4074/4335/3824
f 4075/4336/3825 4057/4337/3826 4076/4338/3827
f 4054/4339/3828 4049/4340/3812 4051/4341/3829
f 4058/4342/3830 4057/4343/3826 4075/4344/3825
f 4061/4326/3817 4058/4342/3830 4073/4331/3822
f 4069/4345/3831 4068/3568/3098 4070/4328/3819
f 4077/4346/3832 4065/4347/3833 4069/4345/3831
f 4078/4348/3834 4063/4349/3835 4077/4346/3832
f 4078/4348/3834 4079/4350/3836 4080/4351/3837
f 4080/4351/3837 4059/4352/3838 4078/4348/3834
f 4080/4351/3837 4081/4353/3839 4082/4354/3840
f 4082/4354/3840 4060/4355/3841 4080/4351/3837
f 4060/4355/3841 4082/4354/3840 4083/4356/3842
f 4083/4356/3842 4084/4357/3843 4056/4358/3844
f 4084/4357/3843 4085/4359/3845 4053/4322/3813
f 4086/4360/3846 4087/4361/3847 4085/4359/3845
f 4088/4362/3848 4047/4363/3849 2950/4364/3850
f 4092/4365/3851 4093/4366/3852 4045/4367/3853
f 4040/4368/3854 2954/4369/3855 2953/4370/3856
f 4094/4371/3857 4095/4372/3858 2954/4369/3855
f 4013/4373/3859 2955/4374/3860 2952/4375/3861
f 4097/4376/3862 4011/4377/3863 4013/4373/3859
f 4011/4377/3863 4097/4376/3862 4012/4378/3864
f 4012/4378/3864 3185/4379/3865 4009/3550/3081
f 4007/4290/3785 4008/4292/3787 4009/3550/3081
f 4098/4380/3866 4004/4291/3786 4007/4290/3785
f 4001/4381/3867 4003/4382/3868 4002/4383/3869
f 3999/4384/3870 3173/4385/3871 4100/4386/3872
f 4100/4386/3872 3996/4288/3783 3999/4384/3870
f 4101/4387/3873 3995/4287/3782 3996/4288/3783
f 3993/4388/3874 3992/4285/3780 3995/4287/3782
f 4104/4389/3875 3987/4282/3777 3989/4284/3779
f 4105/4390/3876 3986/4278/3773 3987/4282/3777
f 3986/4278/3773 4105/4390/3876 4106/4391/3877
f 4106/4391/3877 3983/4279/3774 3986/4278/3773
f 4107/4392/3878 4108/4393/3879 3980/4394/3880
f 2925/3371/2909 2924/3372/2910 2917/4395/3881
f 3153/4396/3882 4108/4393/3879 3155/4397/3883
f 3157/4398/3884 3155/4397/3883 4108/4393/3879
f 4108/4393/3879 4107/4392/3878 3157/4398/3884
f 4102/4399/3885 3163/4400/3886 3161/4401/3887
f 4101/4387/3873 3165/3540/3071 3167/4402/3888
f 3173/4385/3871 3168/3544/3075 3170/3543/3074
f 3173/4385/3871 3999/4384/3870 4001/4381/3867
f 4001/4381/3867 4099/4403/3889 3173/4385/3871
f 3181/3549/3080 4098/4380/3866 4007/4290/3785
f 3181/3549/3080 4007/4290/3785 4009/3550/3081
f 4095/4372/3858 4094/4371/3857 4110/4404/3890
f 3199/4405/3086 3197/3553/3084 4111/4406/3891
f 4111/4406/3891 4112/4407/3892 3199/4405/3086
f 3202/4408/3893 3199/3556/3086 4112/4409/3892
f 3202/4408/3893 4113/4410/3894 3200/3560/3090
f 3203/3561/3091 3200/3560/3090 4113/4410/3894
f 4114/4411/3895 3209/4412/3896 3203/3561/3091
f 3209/4412/3896 4114/4411/3895 4115/4413/3897
f 4115/4413/3897 3213/4414/3898 3209/4412/3896
f 3213/4414/3898 4115/4413/3897 4116/4415/3899
f 4116/4415/3899 3216/4416/3900 3213/4414/3898
f 4125/4417/3901 4126/4418/3902 2941/4419/3903
f 4126/4418/3902 4078/4348/3834 2939/4420/3904
f 2939/4420/3904 2941/4419/3903 4126/4418/3902
f 4081/4353/3839 4080/4351/3837 4079/4350/3836
f 4129/4421/3905 4083/4356/3842 4082/4354/3840
f 4083/4356/3842 4129/4421/3905 4086/4360/3846
f 4083/4356/3842 4086/4360/3846 4084/4357/3843
f 4089/4422/3906 4115/4413/3897 4114/4411/3895
f 4093/4366/3852 4092/4365/3851 4112/4407/3892
f 3944/4423/3907 3943/4424/3908 3942/4235/3732
f 4018/4425/3909 3945/4236/3733 4021/4426/3910
f 4015/4238/3735 3946/4237/3734 4018/4425/3909
f 3946/4237/3734 3945/4236/3733 4018/4425/3909
f 4010/4427/3911 3113/3496/3030 3947/4239/3736
f 4008/4292/3787 3948/3497/3031 3113/3496/3030
f 4006/4289/3784 3949/4240/3737 3948/3497/3031
f 3949/4240/3737 4006/4289/3784 4004/4291/3786
f 4131/4428/3912 3955/4429/3913 3953/4245/3742
f 3953/4245/3742 3952/4243/3740 4131/4428/3912
f 4131/4428/3912 4000/4430/3914 3955/4429/3913
f 3955/4429/3913 3957/4431/3915 3954/4246/3743
f 3957/4431/3915 3994/4432/3916 3958/4433/3917
f 3994/4432/3916 3988/4281/3776 3958/4433/3917
f 3959/4248/3745 3958/4433/3917 3988/4281/3776
f 3988/4281/3776 3985/4280/3775 3959/4248/3745
f 3984/4276/3771 4132/4434/3918 3124/3512/3046
f 3124/3512/3046 3959/4248/3745 3984/4276/3771
f 4133/4435/3919 4134/4436/3920 3960/4250/3747
f 3962/4253/3749 3960/4252/3747 4134/4437/3920
f 4135/4438/3921 3963/4255/3751 3962/4253/3749
f 3968/4439/3922 3965/4259/3755 3964/4258/3754
f 4135/4438/3921 3974/4440/3764 3972/4268/3763
f 3976/4270/3765 3974/4269/3764 4134/4436/3920
f 3977/4273/3768 3976/4270/3765 4133/4435/3919
f 3984/4276/3771 3982/4274/3769 4132/4434/3918
f 3997/4286/3781 3992/4285/3780 3957/4431/3915
f 2908/3361/2899 2919/3364/2902 3245/4441/3923
f 3233/4442/3924 2941/4419/3903 3235/4443/3925
f 2926/3369/2907 2925/3371/2909 3153/4396/3882
f 2930/3373/2911 3059/3448/2982 2931/3374/2912
f 4136/4444/3926 3078/4445/3927 3066/3456/2990
f 3078/4445/3927 4136/4444/3926 3079/3463/2997
f 3078/4445/3927 3072/3460/2994 2944/4446/3928
f 2894/4223/3723 3026/4447/3929 3029/3613/3137
f 2919/3364/2902 2908/3361/2899 2904/3358/2896
f 3761/4043/3551 3763/4046/3553 3357/4044/3159
f 3764/4051/3554 3765/4050/3556 3359/4054/3557
f 3359/4054/3557 3766/4053/3558 3361/4057/3559
f 3361/4057/3559 3767/4056/3560 3362/4448/3930
f 4137/4449/3931 4155/4450/3932 4153/4451/3933
f 4137/4449/3931 4476/4452/3934 4156/4453/3935
f 4162/4454/3936 4163/4455/3937 4437/4456/3938
f 4164/4457/3939 4162/4454/3936 4437/4456/3938
f 4142/4458/3940 4176/4459/3941 4177/4460/3942
f 4179/4461/3943 4142/4458/3940 4178/4462/3944
f 4143/4463/3945 4182/4464/3946 4183/4465/3947
f 4144/4466/3948 4192/4467/3949 4193/4468/3950
f 4145/4469/3951 4196/4470/3952 4197/4471/3953
f 4146/4472/3954 4199/4473/3955 4200/4474/3956
f 4211/4475/3957 4214/4476/3958 4150/4477/3959
f 4214/4476/3958 4212/4478/3960 4150/4477/3959
f 4218/4479/3961 4217/4480/3962 4215/4481/3963
f 4218/4479/3961 4219/4482/3964 4217/4480/3962
f 4220/4483/3965 4221/4484/3966 4219/4482/3964
f 4222/4485/3967 4226/4486/3968 4227/4487/3969
f 4227/4487/3969 4229/4488/3970 4224/4489/3971
f 4228/4490/3972 4229/4488/3970 4232/4491/3973
f 4232/4491/3973 4230/4492/3974 4228/4490/3972
f 4230/4492/3974 4232/4491/3973 4233/4493/3975
f 4241/4494/3976 4240/4495/3977 4238/4496/3978
f 4240/4495/3977 4241/4494/3976 4243/4497/3979
f 4243/4497/3979 4242/4498/3980 4240/4495/3977
f 4244/4499/3981 4242/4498/3980 4243/4497/3979
f 4165/4500/3982 4255/4501/3983 4254/4502/3984
f 4165/4500/3982 4140/4503/3985 4255/4501/3983
f 4261/4504/3986 4266/4505/3987 4263/4506/3988
f 4273/4507/3989 4275/4508/3990 4274/4509/3991
f 4168/4510/3992 4272/4511/3993 4271/4512/3994
f 4268/4513/3995 4278/4514/3996 4280/4515/3997
f 4280/4515/3997 4265/4516/3998 4268/4513/3995
f 4280/4515/3997 4281/4517/3999 4282/4518/4000
f 4282/4518/4000 4283/4519/4001 4264/4520/4002
f 4262/4521/4003 4284/4522/4004 4260/4523/4005
f 4287/4524/4006 4288/4525/4007 4256/4526/4008
f 4377/4527/4009 4291/4528/4010 4138/4529/4011
f 4291/4528/4010 4157/4530/4012 4138/4529/4011
f 4292/4531/4013 4257/4532/4014 4157/4533/4012
f 4246/4534/4015 4295/4535/4016 4296/4536/4017
f 4296/4536/4017 4245/4537/4018 4246/4534/4015
f 4296/4536/4017 4244/4499/3981 4245/4537/4018
f 4234/4538/4019 4299/4539/4020 4235/4540/4021
f 4231/4541/4022 4230/4492/3974 4301/4542/4023
f 4231/4541/4022 4303/4543/4024 4228/4490/3972
f 4303/4543/4024 4304/4544/4025 4225/4545/4026
f 4304/4544/4025 4221/4484/3966 4225/4545/4026
f 4306/4546/4027 4215/4481/3963 4217/4480/3962
f 4311/4547/4028 4309/4548/4029 4312/4549/4030
f 4312/4549/4030 4208/4550/4031 4311/4547/4028
f 4313/4551/4032 4315/4552/4033 4149/4553/4034
f 4315/4552/4033 4200/4474/3956 4314/4554/4035
f 4319/4555/4036 4320/4556/4037 4311/4547/4028
f 4311/4547/4028 4208/4550/4031 4319/4555/4036
f 4310/4557/4038 4309/4548/4029 4321/4558/4039
f 4323/4559/4040 4324/4560/4041 4308/4561/4042
f 4329/4562/4043 4210/4563/4044 4328/4564/4045
f 4210/4563/4044 4331/4565/4046 4211/4566/3957
f 4332/4567/4047 4334/4568/4048 4214/4476/3958
f 4223/4569/4049 4220/4483/3965 4218/4479/3961
f 4227/4487/3969 4226/4486/3968 4339/4570/4050
f 4339/4570/4050 4229/4488/3970 4227/4487/3969
f 4342/4571/4051 4241/4494/3976 4238/4496/3978
f 4346/4572/4052 4245/4537/4018 4345/4573/4053
f 4351/4574/4054 4166/4575/4055 4350/4576/4056
f 4166/4575/4055 4352/4577/4057 4158/4578/4058
f 4158/4578/4058 4352/4577/4057 4159/4579/4059
f 4354/4580/4060 4269/4581/4061 4159/4579/4059
f 4354/4580/4060 4355/4582/4062 4273/4507/3989
f 4355/4582/4062 4356/4583/4063 4275/4508/3990
f 4275/4508/3990 4273/4507/3989 4355/4582/4062
f 4358/4584/4064 4275/4508/3990 4356/4583/4063
f 4358/4585/4064 4359/4586/4065 4276/4587/4066
f 4276/4587/4066 4275/4588/3990 4358/4585/4064
f 4276/4587/4066 4360/4589/4067 4361/4590/4068
f 4361/4590/4068 4169/4591/4069 4276/4587/4066
f 4363/4592/4070 4277/4593/4071 4167/4594/4072
f 4277/4593/4071 4168/4510/3992 4167/4594/4072
f 4281/4517/3999 4368/4595/4073 4282/4518/4000
f 4368/4595/4073 4370/4596/4074 4283/4519/4001
f 4283/4519/4001 4282/4518/4000 4368/4595/4073
f 4286/4597/4075 4372/4598/4076 4373/4599/4077
f 4373/4599/4077 4372/4598/4076 4374/4600/4078
f 4376/4601/4079 4377/4527/4009 4290/4602/4080
f 4398/4603/4081 4378/4604/4082 4292/4531/4013
f 4293/4605/4083 4380/4606/4084 4294/4607/4085
f 4295/4535/4016 4246/4534/4015 4249/4608/4086
f 4391/4609/4087 4296/4536/4017 4295/4535/4016
f 4297/4610/4088 4244/4499/3981 4296/4536/4017
f 4386/4611/4089 4298/4612/4090 4297/4610/4088
f 4386/4611/4089 4381/4613/4091 4298/4612/4090
f 4383/4614/4092 4235/4540/4021 4299/4539/4020
f 4383/4614/4092 4201/4615/4093 4300/4616/4094
f 4302/4617/4095 4384/4618/4096 4231/4541/4022
f 4303/4543/4024 4231/4541/4022 4384/4618/4096
f 4384/4618/4096 4202/4619/4097 4303/4543/4024
f 4303/4543/4024 4202/4619/4097 4304/4544/4025
f 4202/4619/4097 4147/4620/4098 4305/4621/4099
f 4312/4549/4030 4147/4620/4098 4202/4619/4097
f 4382/4622/4100 4388/4623/4101 4385/4624/4102
f 4386/4611/4089 4388/4623/4101 4382/4622/4100
f 4387/4625/4103 4297/4610/4088 4391/4609/4087
f 4391/4609/4087 4389/4626/4104 4387/4625/4103
f 4391/4609/4087 4390/4627/4105 4389/4626/4104
f 4391/4609/4087 4392/4628/4106 4390/4627/4105
f 4393/4629/4107 4394/4630/4108 4392/4628/4106
f 4394/4630/4108 4393/4629/4107 4380/4606/4084
f 4380/4606/4084 4396/4631/4109 4395/4632/4110
f 4377/4527/4009 4376/4601/4079 4401/4633/4111
f 4375/4634/4112 4374/4600/4078 4403/4635/4113
f 4409/4636/4114 4408/4637/4115 4407/4638/4116
f 4369/4639/4117 4411/4640/4118 4410/4641/4119
f 4415/4642/4120 4414/4643/4121 4365/4644/4122
f 4416/4645/4123 4417/4646/4124 4415/4642/4120
f 4426/4647/4125 4424/4648/4126 4423/4649/4127
f 4430/4650/4128 4424/4648/4126 4429/4651/4129
f 4432/4652/4130 4422/4653/4131 4425/4654/4132
f 4435/4655/4133 4141/4656/4134 4415/4642/4120
f 4435/4655/4133 4415/4642/4120 4417/4646/4124
f 4163/4455/3937 4415/4642/4120 4141/4656/4134
f 4436/4657/4135 4437/4456/3938 4170/4658/4136
f 4170/4658/4136 4434/4659/4137 4436/4657/4135
f 4438/4660/4138 4436/4657/4135 4434/4659/4137
f 4438/4660/4138 4434/4659/4137 4433/4661/4139
f 4433/4661/4139 4439/4662/4140 4438/4660/4138
f 4433/4661/4139 4440/4663/4141 4439/4662/4140
f 4425/4654/4132 4441/4664/4142 4432/4652/4130
f 4431/4665/4143 4442/4666/4144 4425/4654/4132
f 4445/4667/4145 4447/4668/4146 4444/4669/4147
f 4449/4670/4148 4450/4671/4149 4451/4672/4150
f 4453/4673/4151 4454/4674/4152 4451/4672/4150
f 4454/4674/4152 4452/4675/4153 4451/4672/4150
f 4461/4676/4154 4444/4669/4147 4447/4668/4146
f 4460/4677/4155 4443/4678/4156 4461/4676/4154
f 4461/4676/4154 4443/4678/4156 4444/4669/4147
f 4460/4677/4155 4462/4679/4157 4442/4666/4144
f 4463/4680/4158 4441/4664/4142 4442/4666/4144
f 4464/4681/4159 4440/4663/4141 4463/4680/4158
f 4438/4660/4138 4439/4662/4140 4466/4682/4160
f 4436/4657/4135 4438/4660/4138 4467/4683/4161
f 4468/4684/4162 4437/4456/3938 4436/4657/4135
f 4473/4685/4163 4412/4686/4164 4474/4687/4165
f 4137/4449/3931 4152/4688/4166 4407/4638/4116
f 4137/4449/3931 4407/4638/4116 4408/4637/4115
f 4406/4689/4167 4152/4688/4166 4477/4690/4168
f 4477/4690/4168 4404/4691/4169 4406/4689/4167
f 4479/4692/4170 4399/4693/4171 4401/4633/4111
f 4399/4693/4171 4398/4694/4081 4400/4695/4172
f 4399/4693/4171 4480/4696/4173 4481/4697/4174
f 4395/4632/4110 4481/4698/4174 4482/4699/4175
f 4394/4630/4108 4380/4606/4084 4483/4700/4176
f 4181/4701/4177 4392/4628/4106 4394/4630/4108
f 4180/4702/4178 4390/4627/4105 4392/4628/4106
f 4180/4702/4178 4389/4626/4104 4390/4627/4105
f 4385/4624/4102 4388/4623/4101 4486/4703/4179
f 4487/4704/4180 4199/4473/3955 4385/4624/4102
f 4199/4473/3955 4146/4472/3954 4385/4624/4102
f 4488/4705/4181 4200/4474/3956 4199/4473/3955
f 4488/4705/4181 4314/4554/4035 4200/4474/3956
f 4489/4706/4182 4490/4707/4183 4316/4708/4184
f 4325/4709/4185 4498/4710/4186 4326/4711/4187
f 4498/4710/4186 4500/4712/4188 4327/4713/4189
f 4327/4713/4189 4326/4711/4187 4498/4710/4186
f 4501/4714/4190 4502/4715/4191 4329/4562/4043
f 4329/4562/4043 4328/4564/4045 4501/4714/4190
f 4329/4562/4043 4502/4715/4191 4330/4716/4192
f 4505/4717/4193 4333/4718/4194 4332/4567/4047
f 4505/4717/4193 4507/4719/4195 4333/4718/4194
f 4510/4720/4196 4336/4721/4197 4335/4722/4198
f 4337/4723/4199 4512/4724/4200 4338/4725/4201
f 4513/4726/4202 4226/4486/3968 4338/4725/4201
f 4513/4726/4202 4339/4570/4050 4226/4486/3968
f 4519/4727/4203 4239/4728/4204 4236/4729/4205
f 4239/4728/4204 4519/4727/4203 4343/4730/4206
f 4344/4731/4207 4243/4497/3979 4241/4494/3976
f 4520/4732/4208 4345/4573/4053 4344/4731/4207
f 4345/4573/4053 4520/4732/4208 4521/4733/4209
f 4352/4577/4057 4166/4575/4055 4351/4574/4054
f 4359/4586/4065 4358/4585/4064 4530/4734/4210
f 4362/4735/4211 4360/4589/4067 4426/4647/4125
f 4416/4645/4123 4277/4593/4071 4363/4592/4070
f 4364/4736/4212 4416/4645/4123 4365/4644/4122
f 4414/4643/4121 4367/4737/4213 4365/4644/4122
f 4360/4589/4067 4427/4738/4214 4426/4647/4125
f 4428/4739/4215 4446/4740/4216 4429/4651/4129
f 4446/4740/4216 4444/4669/4147 4430/4650/4128
f 4430/4650/4128 4429/4651/4129 4446/4740/4216
f 4536/4741/4217 4448/4742/4218 4535/4743/4219
f 4536/4741/4217 4537/4744/4220 4538/4745/4221
f 4538/4745/4221 4539/4746/4222 4536/4741/4217
f 4539/4746/4222 4451/4672/4150 4450/4671/4149
f 4540/4747/4223 4453/4673/4151 4539/4746/4222
f 4539/4746/4222 4453/4673/4151 4451/4672/4150
f 4541/4748/4224 4542/4749/4225 4453/4673/4151
f 4542/4749/4225 4543/4750/4226 4454/4674/4152
f 4543/4750/4226 4455/4751/4227 4454/4674/4152
f 4455/4751/4227 4546/4752/4228 4547/4753/4229
f 4456/4754/4230 4548/4755/4231 4459/4756/4232
f 4459/4756/4232 4457/4757/4233 4456/4754/4230
f 4548/4755/4231 4549/4758/4234 4459/4756/4232
f 4549/4758/4234 4550/4759/4235 4459/4756/4232
f 4550/4759/4235 4460/4677/4155 4459/4756/4232
f 4551/4760/4236 4464/4681/4159 4463/4680/4158
f 4553/4761/4237 4466/4682/4160 4465/4762/4238
f 4466/4682/4160 4554/4763/4239 4555/4764/4240
f 4471/4765/4241 4558/4766/4242 4656/4767/4243
f 4561/4768/4244 4562/4769/4245 4473/4685/4163
f 4473/4685/4163 4472/4770/4246 4561/4768/4244
f 4475/4771/4247 4156/4453/3935 4476/4452/3934
f 4562/4769/4245 4563/4772/4248 4475/4773/4247
f 4563/4774/4248 4564/4775/4249 4156/4453/3935
f 4566/4776/4250 4155/4450/3932 4565/4777/4251
f 4568/4778/4252 4153/4451/3933 4155/4450/3932
f 4568/4778/4252 4154/4779/4253 4153/4451/3933
f 4570/4780/4254 4571/4781/4255 4154/4779/4253
f 4571/4781/4255 4572/4782/4256 4477/4690/4168
f 4573/4783/4257 4478/4784/4258 4403/4635/4113
f 4574/4785/4259 4480/4696/4173 4479/4692/4170
f 4480/4696/4173 4575/4786/4260 4176/4787/3941
f 4176/4459/3941 4481/4698/4174 4480/4788/4173
f 4176/4459/3941 4142/4458/3940 4482/4699/4175
f 4482/4699/4175 4481/4698/4174 4176/4459/3941
f 4482/4699/4175 4142/4458/3940 4576/4789/4261
f 4483/4700/4176 4577/4790/4262 4181/4701/4177
f 4181/4701/4177 4394/4630/4108 4483/4700/4176
f 4485/4791/4263 4580/4792/4264 4486/4703/4179
f 4581/4793/4265 4582/4794/4266 4580/4792/4264
f 4582/4794/4266 4487/4704/4180 4580/4792/4264
f 4583/4795/4267 4488/4705/4181 4199/4473/3955
f 4586/4796/4268 4489/4797/4182 4583/4798/4267
f 4590/4799/4269 4491/4800/4270 4490/4801/4183
f 4492/4802/4271 4491/4800/4270 4590/4799/4269
f 4494/4803/4272 4594/4804/4273 4495/4805/4274
f 4500/4712/4188 4498/4710/4186 4598/4806/4275
f 4599/4807/4276 4602/4808/4277 4503/4809/4278
f 4603/4810/4279 4604/4811/4280 4605/4812/4281
f 4506/4813/4282 4505/4717/4193 4605/4812/4281
f 4506/4813/4282 4607/4814/4283 4608/4815/4284
f 4608/4815/4284 4507/4719/4195 4506/4813/4282
f 4609/4816/4285 4508/4817/4286 4608/4815/4284
f 4609/4816/4285 4509/4818/4287 4508/4817/4286
f 4611/4819/4288 4510/4720/4196 4509/4818/4287
f 4510/4720/4196 4611/4819/4288 4612/4820/4289
f 4612/4820/4289 4511/4821/4290 4510/4720/4196
f 4511/4821/4290 4613/4822/4291 4512/4724/4200
f 4512/4724/4200 4613/4822/4291 4614/4823/4292
f 4614/4823/4292 4338/4725/4201 4512/4724/4200
f 4614/4823/4292 4513/4726/4202 4338/4725/4201
f 4515/4824/4293 4615/4825/4294 4617/4826/4295
f 4618/4827/4296 4340/4828/4297 4514/4829/4298
f 4518/4830/4299 4517/4831/4300 4620/4832/4301
f 4621/4833/4302 4343/4730/4206 4519/4727/4203
f 4521/4733/4209 4624/4834/4303 4625/4835/4304
f 4521/4733/4209 4625/4835/4304 4522/4836/4305
f 4626/4837/4306 4348/4838/4307 4347/4839/4308
f 4524/4840/4309 4349/4841/4310 4523/4842/4311
f 4627/4843/4312 4525/4844/4313 4524/4840/4309
f 4627/4843/4312 4737/4845/4314 4526/4846/4315
f 4526/4846/4315 4525/4844/4313 4627/4843/4312
f 4526/4846/4315 4738/4847/4316 4527/4848/4317
f 4628/4849/4318 4629/4850/4319 4528/4851/4320
f 4528/4851/4320 4353/4852/4321 4628/4849/4318
f 4357/4853/4322 4528/4851/4320 4629/4850/4319
f 4529/4854/4323 4630/4855/4324 4530/4856/4210
f 4630/4857/4324 4428/4739/4215 4531/4858/4325
f 4630/4855/4324 4631/4859/4326 4632/4860/4327
f 4632/4861/4327 4428/4739/4215 4630/4857/4324
f 4632/4861/4327 4532/4862/4328 4428/4739/4215
f 4632/4861/4327 4534/4863/4329 4532/4862/4328
f 4534/4863/4329 4533/4864/4330 4446/4740/4216
f 4633/4865/4331 4634/4866/4332 4534/4867/4329
f 4634/4868/4332 4535/4743/4219 4534/4863/4329
f 4634/4868/4332 4536/4741/4217 4535/4743/4219
f 4537/4869/4220 4748/4870/4333 4635/4871/4334
f 4635/4871/4334 4636/4872/4335 4537/4869/4220
f 4636/4872/4335 4540/4873/4223 4538/4874/4221
f 4636/4872/4335 4637/4875/4336 4540/4873/4223
f 4540/4873/4223 4638/4876/4337 4541/4877/4224
f 4541/4877/4224 4639/4878/4338 4542/4879/4225
f 4640/4880/4339 4641/4881/4340 4544/4882/4341
f 4548/4755/4231 4547/4753/4229 4646/4883/4342
f 4769/4884/4343 4647/4885/4344 4549/4758/4234
f 4647/4885/4344 4550/4759/4235 4549/4758/4234
f 4552/4886/4345 4462/4679/4157 4550/4759/4235
f 4650/4887/4346 4651/4888/4347 4652/4889/4348
f 4652/4889/4348 4553/4761/4237 4650/4887/4346
f 4652/4889/4348 4554/4763/4239 4553/4761/4237
f 4653/4890/4349 4555/4764/4240 4554/4763/4239
f 4656/4767/4243 4558/4766/4242 4655/4891/4350
f 4656/4767/4243 4657/4892/4351 4560/4893/4352
f 4658/4894/4353 4660/4895/4354 4562/4769/4245
f 4660/4895/4354 4662/4896/4355 4563/4772/4248
f 4563/4772/4248 4562/4769/4245 4660/4895/4354
f 4662/4897/4355 4665/4898/4356 4564/4775/4249
f 4564/4775/4249 4563/4774/4248 4662/4897/4355
f 4567/4899/4357 4566/4776/4250 4666/4900/4358
f 4567/4899/4357 4669/4901/4359 4568/4778/4252
f 4671/4902/4360 4672/4903/4361 4569/4904/4362
f 4675/4905/4363 4676/4906/4364 4573/4783/4257
f 4676/4906/4364 4574/4785/4259 4478/4784/4258
f 4177/4907/3942 4176/4787/3941 4575/4786/4260
f 4682/4908/4365 4683/4909/4366 4680/4910/4367
f 4683/4911/4366 4684/4912/4368 4685/4913/4369
f 4685/4913/4369 4179/4461/3943 4178/4462/3944
f 4179/4461/3943 4686/4914/4370 4576/4789/4261
f 4576/4789/4261 4142/4458/3940 4179/4461/3943
f 4686/4914/4370 4483/4700/4176 4576/4789/4261
f 4578/4915/4371 4577/4790/4262 4686/4914/4370
f 4578/4915/4371 4687/4916/4372 4579/4917/4373
f 4580/4792/4264 4687/4916/4372 4581/4793/4265
f 4689/4918/4374 4690/4919/4375 4584/4920/4376
f 4691/4921/4377 4585/4922/4378 4584/4920/4376
f 4587/4923/4379 4807/4924/4380 4808/4925/4381
f 4808/4925/4381 4692/4926/4382 4587/4923/4379
f 4692/4926/4382 4588/4927/4383 4587/4923/4379
f 4693/4928/4384 4592/4929/4385 4692/4926/4382
f 4699/4930/4386 4817/4931/4387 4598/4806/4275
f 4598/4806/4275 4499/4932/4388 4699/4930/4386
f 4501/4714/4190 4500/4712/4188 4700/4933/4389
f 4703/4934/4390 4502/4715/4191 4702/4935/4391
f 4600/4936/4392 4599/4807/4276 4704/4937/4393
f 4707/4938/4394 4599/4807/4276 4600/4936/4392
f 4601/4939/4395 4709/4940/4396 4710/4941/4397
f 4711/4942/4398 4712/4943/4399 4710/4941/4397
f 4713/4944/4400 4714/4945/4401 4712/4946/4399
f 4714/4945/4401 4715/4947/4402 4716/4948/4403
f 4716/4948/4403 4606/4949/4404 4714/4945/4401
f 4610/4950/4405 4720/4951/4406 4721/4952/4407
f 4723/4953/4408 4614/4823/4292 4613/4822/4291
f 4614/4823/4292 4723/4953/4408 4616/4954/4409
f 4725/4955/4410 4617/4826/4295 4615/4825/4294
f 4728/4956/4411 4620/4832/4301 4517/4831/4300
f 4729/4957/4412 4622/4958/4413 4621/4833/4302
f 4624/4834/4303 4733/4959/4414 4734/4960/4415
f 4734/4960/4415 4625/4835/4304 4624/4834/4303
f 4626/4837/4306 4735/4961/4416 4736/4962/4417
f 4523/4842/4311 4736/4962/4417 4627/4843/4312
f 4738/4847/4316 4526/4846/4315 4737/4845/4314
f 4739/4963/4418 4740/4964/4419 4629/4850/4319
f 4743/4965/4420 4744/4966/4421 4741/4967/4422
f 4746/4968/4423 4633/4865/4331 4744/4966/4421
f 4748/4870/4333 4537/4869/4220 4634/4866/4332
f 4747/4969/4424 4749/4970/4425 4750/4971/4426
f 4750/4971/4426 4751/4972/4427 4747/4969/4424
f 4753/4973/4428 4754/4974/4429 4755/4975/4430
f 4755/4975/4430 4637/4875/4336 4753/4973/4428
f 4755/4975/4430 4756/4976/4431 4638/4876/4337
f 4638/4876/4337 4637/4875/4336 4755/4975/4430
f 4638/4876/4337 4757/4977/4432 4639/4878/4338
f 4639/4878/4338 4758/4978/4433 4759/4979/4434
f 4642/4980/4435 4544/4882/4341 4641/4881/4340
f 4644/4981/4436 4765/4982/4437 4766/4983/4438
f 4766/4983/4438 4767/4984/4439 4644/4981/4436
f 4893/4985/4440 4646/4883/4342 4645/4986/4441
f 4651/4888/4347 4650/4887/4346 4649/4987/4442
f 4772/4988/4443 4652/4889/4348 4651/4888/4347
f 4652/4889/4348 4772/4988/4443 4773/4989/4444
f 4653/4890/4349 4774/4990/4445 4775/4991/4446
f 4654/4992/4447 4557/4993/4448 4775/4991/4446
f 4654/4992/4447 4902/4994/4449 4776/4995/4450
f 4655/4891/4350 4654/4992/4447 4777/4996/4451
f 4780/4997/4452 4781/4998/4453 4663/4999/4454
f 4664/5000/4455 4784/5001/4456 4665/4898/4356
f 4665/4898/4356 4784/5001/4456 4160/5002/4457
f 4160/5002/4457 4667/5003/4458 4666/4900/4358
f 4787/5004/4459 4788/5005/4460 4670/5006/4461
f 4670/5006/4461 4789/5007/4462 4790/5008/4463
f 4790/5008/4463 4791/5009/4464 4792/5010/4465
f 4792/5010/4465 4673/5011/4466 4672/4903/4361
f 4794/5012/4467 4796/5013/4468 4795/5014/4469
f 4795/5014/4469 4796/5013/4468 4674/5015/4470
f 4675/4905/4363 4674/5015/4470 4796/5013/4468
f 4678/5016/4471 4796/5013/4468 4797/5017/4472
f 4797/5017/4472 4679/5018/4473 4678/5016/4471
f 4801/5019/4474 4803/5020/4475 4681/5021/4476
f 4683/4909/4366 4682/4908/4365 4803/5020/4475
f 4686/4914/4370 4685/4913/4369 4684/4912/4368
f 4688/5022/4477 4687/4916/4372 4684/4912/4368
f 4804/5023/4478 4805/5024/4479 4689/4918/4374
f 4806/5025/4480 4690/4919/4375 4805/5024/4479
f 4805/5024/4479 4690/4919/4375 4689/4918/4374
f 4807/4924/4380 4691/4921/4377 4690/4919/4375
f 4807/4924/4380 4587/4923/4379 4691/4921/4377
f 4809/5026/4481 4693/4928/4384 4808/4925/4381
f 4810/5027/4482 4694/5028/4483 4693/4928/4384
f 4694/5028/4483 4811/5029/4484 4695/5030/4485
f 4817/4931/4387 4699/4930/4386 4816/5031/4486
f 4818/5032/4487 4949/5033/4488 4701/5034/4489
f 4819/5035/4490 4820/5036/4491 4704/4937/4393
f 4704/4937/4393 4703/4934/4390 4819/5035/4490
f 4704/4937/4393 4820/5036/4491 4705/5037/4492
f 4820/5036/4491 4821/5038/4493 4705/5037/4492
f 4821/5038/4493 4822/5039/4494 4706/5040/4495
f 4823/5041/4496 4824/5042/4497 4708/5043/4498
f 4824/5042/4497 4825/5044/4499 4709/4940/4396
f 4826/5045/4500 4827/5046/4501 4709/4940/4396
f 4827/5046/4501 4711/4942/4398 4709/4940/4396
f 4828/5047/4502 4829/5048/4503 4827/5046/4501
f 4829/5048/4503 4713/5049/4400 4711/4942/4398
f 4830/5050/4504 4831/5051/4505 4832/5052/4506
f 4836/5053/4507 4718/5054/4508 4716/4948/4403
f 4719/5055/4509 4718/5054/4508 4837/5056/4510
f 4720/4951/4406 4610/4950/4405 4719/5055/4509
f 4720/4951/4406 4837/5056/4510 4838/5057/4511
f 4839/5058/4512 4722/5059/4513 4721/4952/4407
f 4840/5060/4514 4616/4954/4409 4723/4953/4408
f 4844/5061/4515 4727/5062/4516 4617/4826/4295
f 4733/4959/4414 4850/5063/4517 4851/5064/4518
f 4851/5064/4518 4734/4960/4415 4733/4959/4414
f 4853/5065/4519 4736/4962/4417 4735/4961/4416
f 4853/5065/4519 4854/5066/4520 4737/4845/4314
f 4737/4845/4314 4627/4843/4312 4853/5065/4519
f 4858/5067/4521 4745/5068/4522 4743/4965/4420
f 4860/5069/4523 4747/4969/4424 4745/5068/4522
f 4861/5070/4524 4750/4971/4426 4749/4970/4425
f 4865/5071/4525 4752/5072/4526 4750/4971/4426
f 4870/5073/4527 4754/4974/4429 4868/5074/4528
f 4874/5075/4529 4756/4976/4431 4872/5076/4530
f 4879/5077/4531 4758/4978/4433 4876/5078/4532
f 4765/5079/4437 4764/5080/4533 4889/5081/4534
f 4765/5079/4437 4889/5081/4534 4891/5082/4535
f 4892/5083/4536 4767/4984/4439 4766/4983/4438
f 4894/5084/4537 4769/4884/4343 4768/5085/4538
f 4773/4989/4444 4898/5086/4539 4899/5087/4540
f 4774/4990/4445 4899/5087/4540 4900/5088/4541
f 4900/5088/4541 4775/4991/4446 4774/4990/4445
f 4902/4994/4449 4654/4992/4447 4901/5089/4542
f 4903/5090/4543 4776/4995/4450 4902/4994/4449
f 4905/5091/4544 4907/5092/4545 4778/5093/4546
f 4778/5093/4546 4777/4996/4451 4905/5091/4544
f 4779/5094/4547 4907/5092/4545 4908/5095/4548
f 4908/5095/4548 4780/4997/4452 4779/5094/4547
f 4780/4997/4452 4908/5095/4548 4909/5096/4549
f 4909/5096/4549 4782/5097/4550 4780/4997/4452
f 4782/5097/4550 4909/5096/4549 4910/5098/4551
f 4911/5099/4552 4912/5100/4553 4783/5101/4554
f 4912/5100/4553 4784/5001/4456 4664/5000/4455
f 4784/5001/4456 4161/5102/4555 4160/5002/4457
f 4788/5005/4460 4787/5004/4459 4917/5103/4556
f 4917/5104/4556 4918/5105/4557 4919/5106/4558
f 4919/5106/4558 4788/5107/4460 4917/5104/4556
f 4921/5108/4559 4789/5109/4462 4919/5106/4558
f 4922/5110/4560 4791/5111/4464 4921/5108/4559
f 4922/5110/4560 4923/5112/4561 4793/5113/4562
f 4793/5113/4562 4791/5111/4464 4922/5110/4560
f 4927/5114/4563 4928/5115/4564 4799/5116/4565
f 4799/5116/4565 4928/5115/4564 4800/5117/4566
f 4932/5118/4567 4800/5117/4566 4928/5115/4564
f 4934/5119/4568 4801/5019/4474 4932/5118/4567
f 4936/5120/4569 4805/5024/4479 4802/5121/4570
f 4805/5024/4479 4804/5023/4478 4802/5121/4570
f 4936/5120/4569 4937/5122/4571 4805/5024/4479
f 4937/5122/4571 4806/5025/4480 4805/5024/4479
f 4939/5123/4572 4809/5026/4481 4808/4925/4381
f 4942/5124/4573 4943/5125/4574 4812/5126/4575
f 4947/5127/4576 4948/5128/4577 4949/5033/4488
f 4819/5035/4490 4702/4935/4391 4951/5129/4578
f 4819/5035/4490 4952/5130/4579 4820/5036/4491
f 4953/5131/4580 4954/5132/4581 4821/5038/4493
f 4954/5132/4581 4955/5133/4582 4821/5038/4493
f 4955/5133/4582 4823/5041/4496 4822/5039/4494
f 4822/5039/4494 4821/5038/4493 4955/5133/4582
f 4957/5134/4583 4958/5135/4584 4825/5044/4499
f 4958/5135/4584 4960/5136/4585 4959/5137/4586
f 4959/5137/4586 4960/5136/4585 4961/5138/4587
f 4964/5139/4588 4965/5140/4589 4963/5141/4590
f 4967/5142/4591 4968/5143/4592 4969/5144/4593
f 4969/5144/4593 4968/5143/4592 4970/5145/4594
f 4970/5145/4594 4833/5146/4595 4969/5144/4593
f 4972/5147/4596 4973/5148/4597 4834/5149/4598
f 4835/5150/4599 4974/5151/4600 4836/5053/4507
f 4974/5151/4600 4718/5054/4508 4836/5053/4507
f 4976/5152/4601 4837/5056/4510 4718/5054/4508
f 4981/5153/4602 4722/5059/4513 4839/5058/4512
f 4982/5154/4603 4724/5155/4604 4722/5059/4513
f 4724/5155/4604 4982/5154/4603 4841/5156/4605
f 4984/5157/4606 4842/5158/4607 4840/5060/4514
f 4842/5158/4607 4984/5157/4606 4985/5159/4608
f 4985/5159/4608 4843/5160/4609 4842/5158/4607
f 4991/5161/4610 4852/5162/4611 4851/5064/4518
f 4852/5162/4611 4991/5161/4610 4854/5066/4520
f 4854/5066/4520 4853/5065/4519 4852/5162/4611
f 4992/5163/4612 4863/5164/4613 4862/5165/4614
f 4990/5166/4615 4993/5167/4616 4992/5163/4612
f 4994/5168/4617 4866/5169/4618 4864/5170/4619
f 4997/5171/4620 4869/5172/4621 4996/5173/4622
f 4997/5171/4620 4998/5174/4623 4871/5175/4624
f 4871/5175/4624 4869/5172/4621 4997/5171/4620
f 5001/5176/4625 4877/5177/4626 5000/5178/4627
f 4878/5179/4628 4877/5177/4626 5001/5176/4625
f 5001/5176/4625 4195/5180/4629 4194/5181/4630
f 4195/5180/4629 5004/5182/4631 5005/5183/4632
f 3334/3615/3139 2895/3357/2895 2893/3356/2894 2894/4223/3723
f 5012/5184/4633 4891/5082/4535 4889/5081/4534
f 4891/5082/4535 5012/5184/4633 5097/5185/4634
f 5097/5186/4634 5014/5187/4635 4891/5188/4535
f 5014/5187/4635 4892/5083/4536 4766/4983/4438
f 4894/5084/4537 5015/5189/4636 5016/5190/4637
f 5017/5191/4638 5018/5192/4639 4895/5193/4640
f 5019/5194/4641 4897/5195/4642 4896/5196/4643
f 5020/5197/4644 4900/5088/4541 4899/5087/4540
f 5022/5198/4645 4902/4994/4449 4901/5089/4542
f 5024/5199/4646 4906/5200/4647 4904/5201/4648
f 4906/5200/4647 5024/5199/4646 5025/5202/4649
f 4907/5092/4545 4906/5200/4647 5026/5203/4650
f 5026/5203/4650 5027/5204/4651 5028/5205/4652
f 5026/5203/4650 4908/5095/4548 4907/5092/4545
f 5029/5206/4653 4909/5096/4549 4908/5095/4548
f 5030/5207/4654 4910/5098/4551 4909/5096/4549
f 5116/5208/4655 4913/5209/4656 4911/5099/4552
f 4915/5210/4657 4914/5211/4658 5036/5212/4659
f 5037/5213/4660 5038/5214/4661 4917/5104/4556
f 4917/5104/4556 4916/5215/4662 5037/5213/4660
f 5039/5216/4663 4917/5104/4556 5038/5214/4661
f 5040/5217/4664 4918/5105/4557 5039/5216/4663
f 4920/5218/4665 4918/5105/4557 5040/5217/4664
f 5041/5219/4666 5042/5220/4667 4923/5112/4561
f 4923/5112/4561 4922/5110/4560 5041/5219/4666
f 5042/5220/4667 5043/5221/4668 4926/5222/4669
f 4930/5223/4670 5045/5224/4671 4931/5225/4672
f 4931/5225/4672 5045/5224/4671 4933/5226/4673
f 5047/5227/4674 4937/5122/4571 4936/5120/4569
f 5049/5228/4675 4937/5122/4571 5047/5227/4674
f 5049/5228/4675 4938/5229/4676 4937/5122/4571
f 4941/5230/4677 4811/5029/4484 4939/5123/4572
f 5059/5231/4678 5060/5232/4679 4948/5128/4577
f 4948/5128/4577 4947/5127/4576 5059/5231/4678
f 5064/5233/4680 5066/5234/4681 4955/5133/4582
f 5066/5234/4681 5067/5235/4682 4956/5236/4683
f 5067/5235/4682 4958/5135/4584 4957/5134/4583
f 4958/5237/4584 5068/5238/4684 4960/5239/4585
f 5069/5240/4685 4960/5239/4585 5068/5238/4684
f 5158/5241/4686 5070/5242/4687 4964/5243/4588
f 5070/5242/4687 5071/5244/4688 4966/5245/4689
f 4966/5245/4689 4965/5246/4589 5070/5242/4687
f 5073/5247/4690 4968/5248/4592 5072/5249/4691
f 4971/5250/4692 4968/5248/4592 5073/5247/4690
f 5077/5251/4693 5078/5252/4694 4975/5253/4695
f 5078/5252/4694 4977/5254/4696 4975/5253/4695
f 4977/5254/4696 5078/5252/4694 5079/5255/4697
f 5079/5255/4697 4978/5256/4698 4977/5254/4696
f 4981/5153/4602 4980/5257/4699 5081/5258/4700
f 5081/5258/4700 4982/5154/4603 4981/5153/4602
f 5082/5259/4701 4841/5156/4605 4982/5154/4603
f 5086/5260/4702 4987/5261/4703 4985/5159/4608
f 4988/5262/4704 5087/5263/4705 5088/5264/4706
f 4988/5262/4704 5088/5264/4706 5089/5265/4707
f 5089/5265/4707 4989/5266/4708 4988/5262/4704
f 4848/5267/4709 4995/5268/4710 4994/5168/4617
f 4989/5266/4708 5089/5265/4707 4995/5268/4710
f 5088/5264/4706 5090/5269/4711 4997/5171/4620
f 4997/5171/4620 4996/5173/4622 5088/5264/4706
f 4997/5171/4620 5090/5269/4711 4998/5174/4623
f 5093/5270/4712 5094/5271/4713 5002/5272/4714
f 5094/5271/4713 5173/5273/4715 5003/5274/4716
f 5006/5275/4717 5096/5276/4718 5009/5277/4719
f 5013/5278/4720 5180/5279/4721 5012/5184/4633
f 5012/5184/4633 5180/5279/4721 5097/5185/4634
f 5015/5189/4636 4894/5084/4537 5014/5187/4635
f 5098/5280/4722 5099/5281/4723 5016/5190/4637
f 5100/5282/4724 5019/5194/4641 5018/5192/4639
f 5019/5194/4641 5100/5282/4724 5101/5283/4725
f 5019/5194/4641 5101/5283/4725 5102/5284/4726
f 5021/5285/4727 5103/5286/4728 5104/5287/4729
f 5024/5199/4646 5023/5288/4730 5193/5289/4731
f 5193/5289/4731 5110/5290/4732 5024/5199/4646
f 5031/5291/4733 5113/5292/4734 5198/5293/4735
f 5198/5293/4735 5032/5294/4736 5031/5291/4733
f 5115/5295/4737 5116/5296/4655 5032/5294/4736
f 5127/5297/4738 5038/5214/4661 5126/5298/4739
f 5127/5297/4738 5128/5299/4740 5039/5216/4663
f 5039/5216/4663 5128/5299/4740 5040/5217/4664
f 5041/5219/4666 4920/5218/4665 5129/5300/4741
f 5041/5219/4666 5130/5301/4742 5042/5220/4667
f 5043/5221/4668 5042/5220/4667 5130/5301/4742
f 5130/5301/4742 5044/5302/4743 5043/5221/4668
f 5044/5302/4743 5131/5303/4744 5132/5304/4745
f 5132/5304/4745 4930/5223/4670 4929/5305/4746
f 5045/5224/4671 4930/5223/4670 5132/5304/4745
f 5045/5224/4671 4171/5306/4747 5133/5307/4748
f 5048/5308/4749 5046/5309/4750 5133/5307/4748
f 5135/5310/4751 5136/5311/4752 5050/5312/4753
f 5137/5313/4754 5051/5314/4755 4940/5315/4756
f 5138/5316/4757 4942/5124/4573 5051/5314/4755
f 5139/5317/4758 5140/5318/4759 5054/5319/4760
f 5054/5319/4760 4186/5320/4761 5055/5321/4762
f 5145/5322/4763 4197/4471/3953 5060/5232/4679
f 5060/5232/4679 5059/5231/4678 5145/5322/4763
f 5060/5232/4679 4197/4471/3953 4196/4470/3952
f 5148/5323/4764 4145/4469/3951 4191/5324/4765
f 5148/5323/4764 5062/5325/4766 4952/5130/4579
f 5149/5326/4767 5063/5327/4768 5062/5325/4766
f 4190/5328/4769 5150/5329/4770 5149/5326/4767
f 5066/5234/4681 5064/5233/4680 5153/5330/4771
f 5152/5331/4772 5242/5332/4773 5153/5330/4771
f 5065/5333/4774 5066/5234/4681 5153/5330/4771
f 5242/5332/4773 4187/5334/4775 5065/5333/4774
f 4188/5335/4776 4958/5135/4584 5067/5235/4682
f 5068/5238/4684 4188/5336/4776 5244/5337/4777
f 5068/5238/4684 5244/5337/4777 5154/5338/4778
f 5068/5238/4684 5155/5339/4779 5156/5340/4780
f 5157/5341/4781 4962/5342/4782 5156/5340/4780
f 5070/5242/4687 5325/5343/4783 5071/5244/4688
f 5074/5344/4784 5073/5247/4690 5160/5345/4785
f 5161/5346/4786 5301/5347/4787 5162/5348/4788
f 5162/5348/4788 4971/5250/4692 5161/5346/4786
f 5163/5349/4789 5164/5350/4790 5075/5351/4791
f 5075/5352/4791 5164/5353/4790 5076/5354/4792
f 5166/5355/4793 5167/5356/4794 5077/5251/4693
f 5167/5356/4794 5078/5252/4694 5077/5251/4693
f 5078/5252/4694 5167/5356/4794 5168/5357/4795
f 5168/5357/4795 5079/5255/4697 5078/5252/4694
f 5171/5358/4796 5081/5258/4700 4980/5257/4699
f 5086/5260/4702 5085/5359/4797 5175/5360/4798
f 5175/5360/4798 4987/5261/4703 5086/5260/4702
f 5175/5360/4798 5090/5269/4711 4987/5261/4703
f 4987/5261/4703 5090/5269/4711 5087/5263/4705
f 5090/5269/4711 5088/5264/4706 5087/5263/4705
f 5085/5359/4797 5084/5361/4799 5091/5362/4800
f 5083/5363/4801 5173/5273/4715 5094/5271/4713
f 5174/5364/4802 5095/5365/4803 5173/5273/4715
f 5004/5182/4631 5095/5365/4803 5174/5364/4802
f 5177/5366/4804 5096/5276/4718 5006/5275/4717
f 5178/5367/4805 5013/5278/4720 5011/5368/4806
f 5179/5369/4807 5180/5279/4721 5013/5278/4720
f 5098/5280/4722 5015/5189/4636 5097/5186/4634
f 5181/5370/4808 5182/5371/4809 5098/5280/4722
f 5182/5371/4809 5099/5281/4723 5098/5280/4722
f 5101/5283/4725 5184/5372/4810 5185/5373/4811
f 5185/5373/4811 5102/5284/4726 5101/5283/4725
f 5102/5284/4726 5185/5373/4811 5186/5374/4812
f 5187/5375/4813 5104/5287/4729 5103/5286/4728
f 5106/5376/4814 5188/5377/4815 5189/5378/4816
f 5189/5378/4816 5107/5379/4817 5106/5376/4814
f 5107/5379/4817 5189/5378/4816 5190/5380/4818
f 5190/5380/4818 5109/5381/4819 5107/5379/4817
f 5191/5382/4820 5193/5289/4731 5023/5288/4730
f 5196/5383/4821 5198/5293/4735 5113/5292/4734
f 5200/5384/4822 5117/5385/4823 5115/5295/4737
f 5121/5386/4824 5203/5387/4825 5122/5388/4826
f 5203/5387/4825 5204/5389/4827 5122/5388/4826
f 5125/5390/4828 5205/5391/4829 5126/5298/4739
f 5126/5298/4739 5205/5391/4829 5127/5297/4738
f 5206/5392/4830 5207/5393/4831 5129/5300/4741
f 5129/5300/4741 5128/5299/4740 5206/5392/4830
f 5129/5300/4741 5207/5393/4831 5130/5301/4742
f 5207/5393/4831 5131/5303/4744 5044/5302/4743
f 5044/5302/4743 5130/5301/4742 5207/5393/4831
f 4171/5306/4747 5209/5394/4832 5134/5395/4833
f 5134/5395/4833 5133/5307/4748 4171/5306/4747
f 5134/5395/4833 5210/5396/4834 5135/5310/4751
f 5210/5396/4834 5136/5311/4752 5135/5310/4751
f 5211/5397/4835 5213/5398/4836 5137/5313/4754
f 5138/5316/4757 5214/5399/4837 5215/5400/4838
f 5215/5400/4838 5139/5317/4758 5138/5316/4757
f 5221/5401/4839 5222/5402/4840 5146/5403/4841
f 5222/5402/4840 4193/4468/3950 4192/4467/3949
f 5218/5404/4842 5225/5405/4843 5224/5406/4844
f 5217/5407/4845 5226/5408/4846 5218/5404/4842
f 5230/5409/4847 5227/5410/4848 5229/5411/4849
f 5229/5411/4849 5212/5412/4850 5230/5409/4847
f 5210/5396/4834 5230/5409/4847 5212/5412/4850
f 5212/5412/4850 5211/5397/4835 5210/5396/4834
f 5230/5409/4847 5210/5396/4834 5231/5413/4851
f 5208/5414/4852 5232/5415/4853 5231/5413/4851
f 5232/5415/4853 5233/5416/4854 5230/5409/4847
f 5230/5409/4847 5231/5413/4851 5232/5415/4853
f 5235/5417/4855 5236/5418/4856 5228/5419/4857
f 5237/5420/4858 5218/5404/4842 5226/5408/4846
f 5225/5405/4843 5218/5404/4842 5237/5420/4858
f 5223/5421/4859 5224/5406/4844 5225/5405/4843
f 5240/5422/4860 5241/5423/4861 4189/5424/4862
f 5241/5423/4861 5151/5425/4863 5150/5329/4770
f 4184/5426/4864 5242/5332/4773 5152/5331/4772
f 5253/5427/4865 4204/5428/4866 5251/5429/4867
f 5256/5430/4868 5257/5431/4869 5254/5432/4870
f 5261/5433/4871 5265/5434/4872 5259/5435/4873
f 5265/5434/4872 5267/5436/4874 5264/5437/4875
f 5266/5438/4876 5269/5439/4877 5268/5440/4878
f 5198/5293/4735 5196/5383/4821 5276/5441/4879
f 5279/5442/4880 5277/5443/4881 5196/5383/4821
f 5195/5444/4882 5280/5445/4883 5278/5446/4884
f 5194/5447/4885 4173/5448/4886 4172/5449/4887
f 4174/5450/4888 5191/5382/4820 5281/5451/4889
f 5187/5375/4813 5287/5452/4890 5286/5453/4891
f 5287/5452/4890 5187/5375/4813 5186/5374/4812
f 5290/5454/4892 5186/5374/4812 5185/5373/4811
f 5184/5372/4810 5292/5455/4893 5291/5456/4894
f 5181/5370/4808 5293/5457/4895 5182/5371/4809
f 5295/5458/4896 5297/5459/4897 5293/5457/4895
f 5295/5458/4896 5097/5186/4634 5180/5460/4721
f 5179/5369/4807 5178/5367/4805 5296/5461/4898
f 5178/5367/4805 5168/5357/4795 5167/5356/4794
f 5167/5356/4794 5296/5461/4898 5178/5367/4805
f 5170/5462/4899 5169/5463/4900 5177/5366/4804
f 5174/5364/4802 5171/5358/4796 5172/5464/4901
f 5172/5464/4901 5171/5358/4796 5080/5465/4902
f 5165/5466/4903 5296/5461/4898 5166/5355/4793
f 5165/5466/4903 5297/5467/4897 5296/5461/4898
f 5299/5468/4904 5298/5469/4905 5294/5470/4906
f 5299/5468/4904 5292/5455/4893 5298/5469/4905
f 5288/5471/4907 5287/5452/4890 5289/5472/4908
f 5303/5473/4909 5285/5474/4910 5286/5453/4891
f 5304/5475/4911 5306/5476/4912 5305/5477/4913
f 4175/5478/4914 4174/5450/4888 5308/5479/4915
f 4174/5450/4888 5281/5451/4889 5308/5479/4915
f 5278/5446/4884 5309/5480/4916 5279/5442/4880
f 5311/5481/4917 5279/5442/4880 5309/5480/4916
f 5277/5443/4881 5279/5442/4880 5311/5481/4917
f 5277/5443/4881 5312/5482/4918 5276/5441/4879
f 5312/5482/4918 5314/5483/4919 5273/5484/4920
f 5314/5483/4919 5315/5485/4921 5273/5484/4920
f 5315/5485/4921 4205/5486/4922 5271/5487/4923
f 5317/5488/4924 5257/5431/4869 5266/5438/4876
f 5266/5438/4876 5268/5440/4878 5317/5488/4924
f 5317/5488/4924 4205/5489/4922 4204/5428/4866
f 4204/5428/4866 5254/5432/4870 5317/5488/4924
f 5317/5488/4924 5254/5432/4870 5257/5431/4869
f 4204/5428/4866 5253/5427/4865 5254/5432/4870
f 5249/5490/4925 5251/5491/4867 4204/5492/4866
f 5321/5493/4926 5155/5339/4779 5320/5494/4927
f 5322/5495/4928 5323/5496/4929 5157/5341/4781
f 5324/5497/4930 5158/5241/4686 5323/5496/4929
f 5325/5343/4783 5070/5242/4687 5324/5497/4930
f 5299/5468/4904 5163/5349/4789 5162/5348/4788
f 5164/5350/4790 5299/5468/4904 5294/5470/4906
f 5302/5498/4931 5289/5472/4908 5301/5347/4787
f 5327/5499/4932 5288/5471/4907 5302/5498/4931
f 5328/5500/4933 5303/5473/4909 5288/5471/4907
f 5325/5343/4783 5337/5501/4934 5159/5502/4935
f 5159/5502/4935 5328/5500/4933 5326/5503/4936
f 5326/5503/4936 5327/5499/4932 5302/5498/4931
f 5325/5343/4783 5324/5497/4930 5336/5504/4937
f 5338/5505/4938 5333/5506/4939 5335/5507/4940
f 4206/5508/4941 5316/5509/4942 5333/5506/4939
f 5338/5505/4938 5322/5495/4928 5339/5510/4943
f 5339/5510/4943 4207/5511/4944 5338/5505/4938
f 5339/5510/4943 5319/5512/4945 5318/5513/4946
f 5318/5513/4946 4203/5514/4947 5339/5510/4943
f 5336/5504/4937 5323/5496/4929 5322/5495/4928
f 5320/5494/4927 5245/5515/4948 5319/5512/4945
f 5165/5466/4903 5164/5353/4790 5297/5467/4897
f 5291/5456/4894 5185/5373/4811 5184/5372/4810
f 5285/5474/4910 5189/5378/4816 5188/5377/4815
f 5274/5516/4949 5272/5517/4950 5203/5387/4825
f 5203/5387/4825 5202/5518/4951 5274/5516/4949
f 5204/5389/4827 5203/5387/4825 5267/5436/4874
f 5267/5436/4874 5265/5434/4872 5204/5389/4827
f 5265/5434/4872 5261/5433/4871 5124/5519/4952
f 5341/5520/4953 5342/5521/4954 5207/5393/4831
f 5207/5393/4831 5206/5392/4830 5341/5520/4953
f 5131/5303/4744 5207/5393/4831 5343/5522/4955
f 5343/5522/4955 5342/5521/4954 5344/5523/4956
f 5341/5520/4953 5340/5524/4957 5346/5525/4958
f 5346/5525/4958 5345/5526/4959 5341/5520/4953
f 5346/5525/4958 5347/5527/4960 5345/5526/4959
f 5344/5523/4956 5345/5526/4959 5347/5527/4960
f 5233/5416/4854 5232/5415/4853 5344/5523/4956
f 5228/5419/4857 5236/5418/4856 5348/5528/4961
f 4182/4464/3946 4143/4463/3945 5240/5422/4860
f 5349/5529/4962 5355/5530/4963 5350/5531/4964
f 5358/5532/4965 5348/5528/4961 5236/5418/4856
f 5234/5533/4966 5347/5527/4960 5236/5418/4856
f 5347/5527/4960 5346/5525/4958 5358/5532/4965
f 5358/5532/4965 5236/5418/4856 5347/5527/4960
f 5252/5534/4967 5354/5535/4968 5359/5536/4969
f 5354/5535/4968 5252/5534/4967 5250/5537/4970
f 5250/5537/4970 5353/5538/4971 5354/5535/4968
f 5353/5538/4971 5250/5537/4970 5247/5539/4972
f 5242/5332/4773 4184/5426/4864 5245/5540/4948
f 5252/5534/4967 5248/5541/4973 5250/5537/4970
f 5255/5542/4974 5253/5427/4865 5252/5534/4967
f 5260/5543/4975 5259/5435/4873 5258/5544/4976
f 4187/5545/4775 5243/5546/4977 5244/5337/4777
f 5240/5422/4860 4143/4463/3945 5241/5423/4861
f 5134/5395/4833 5209/5394/4832 5208/5414/4852
f 5214/5399/4837 5138/5316/4757 5213/5398/4836
f 4196/4470/3952 4145/4469/3951 5061/5547/4978
f 4360/4589/4067 4359/4586/4065 4531/4858/4325
f 4163/4455/3937 4162/4454/3936 4414/4643/4121
f 4405/5548/4979 4374/4600/4078 4372/4598/4076
f 4387/4625/4103 4386/4611/4089 4297/4610/4088
f 4140/4503/3985 4166/4575/4055 4158/4578/4058
f 4139/5549/4980 4260/4523/4005 4258/5550/4981
f 4309/4548/4029 4147/4620/4098 4312/4549/4030
f 2911/5551/4982 2912/5552/2922 2909/5553/3529 2910/4025/3533
f 3134/3611/3135 2898/3436/2971 2897/3438/2973
f 2900/3621/3145 3346/3624/3148 2899/4220/3722
f 2901/4186/3688 2902/5554/4983 2903/5555/4984
f 2910/4025/3533 2909/5553/3529 2913/4023/3531 2914/4026/3534
f 2921/3367/2905 2927/3375/2913 2928/3377/2915 2929/3368/2906
f 2915/5556/3762 2916/4271/3766 2917/4395/3881
f 2934/5557/4985 2935/3381/2919 2933/3383/2918 3148/5558/2917
f 2938/5559/4986 2936/3378/2916 2933/3380/2918 2937/5560/2920
f 2981/3655/3175 2978/3400/2937 2979/3399/2936 2980/3404/2941
f 2939/4420/3904 2940/5561/4987 2941/4419/3903
f 2942/3384/2921 2909/4021/3529 2912/3385/2922
f 2942/3384/2921 3317/3386/2923 2943/4020/3528
f 2945/3495/3029 2946/3462/2996 2947/3493/3027
f 2952/4375/3861 4014/4293/3788 2953/4370/3856
f 2953/4370/3856 2954/4369/3855 2952/4375/3861
f 2957/3975/3485 3399/3675/3195 2956/3862/3379
f 2956/3862/3379 2958/3869/3386 2957/3975/3485
f 2968/3395/2932 2969/3394/2931 2970/3654/3174
f 2968/3395/2932 2972/3660/3180 2973/3396/2933
f 2973/3396/2933 2974/3878/3395 2971/3393/2930
f 2974/3878/3395 2973/3396/2933 3676/3876/3393
f 2974/3878/3395 2975/3397/2934 2971/3393/2930
f 2971/3393/2930 2976/3398/2935 2969/3394/2931
f 2999/3414/2951 3001/3413/2950 3002/3416/2953 3003/3644/3164
f 2979/3399/2936 2982/3402/2939 2980/3404/2941
f 2983/3403/2940 2982/3402/2939 2985/3884/3401
f 2983/3403/2940 2986/5562/4988 2984/3651/3171
f 2986/5562/4988 2988/3886/3403 2984/3651/3171
f 2988/3886/3403 2990/3405/2942 2987/3407/2944
f 2989/3406/2943 2992/5563/4989 2991/3649/3169
f 2993/3410/2947 3369/3647/3167 2992/5563/4989
f 2993/3410/2947 2992/5563/4989 2994/3408/2945
f 2993/3410/2947 2997/3409/2946 2996/3412/2949
f 2997/3409/2946 3686/3888/3405 2998/3411/2948
f 2999/3414/2951 3000/3645/3165 2998/3411/2948
f 3704/3900/3416 2898/3436/2971 3031/3433/2968 3030/3435/2970
f 3001/3413/2950 3004/3964/3476 3005/3415/2952
f 3015/3427/2962 3013/3425/2960 3016/3896/3412
f 3016/3896/3412 3017/3428/2963 3015/3427/2962
f 3017/3428/2963 3016/3896/3412 3019/5564/4990
f 3019/5564/4990 3020/3432/2967 3017/3428/2963
f 3020/3432/2967 3019/5564/4990 3021/3969/3479
f 3020/3432/2967 3021/3969/3479 3023/5565/4991
f 3023/5565/4991 3025/3430/2965 3020/3432/2967
f 3025/3430/2965 3027/5566/4992 3024/3431/2966
f 3027/5566/4992 3026/4447/3929 3024/3431/2966
f 3026/4447/3929 3027/5566/4992 3028/3898/3414
f 3028/3898/3414 3029/3613/3137 3026/4447/3929
f 3037/5567/4993 3036/3518/3051 3034/3521/3054 3039/3817/3336
f 2897/3438/2973 3705/3437/2972 3033/5568/4994
f 3033/5568/4994 3035/3520/3053 2897/3438/2973
f 3035/3520/3053 3033/5568/4994 3034/3521/3054
f 3034/3521/3054 3033/5568/4994 3039/3817/3336
f 3041/5569/4995 3044/3439/2974 3045/3441/2976 3046/5570/4996
f 3037/5567/4993 3039/3817/3336 3040/3816/3335
f 3040/3816/3335 3042/5571/4997 3037/5567/4993
f 3041/5569/4995 3042/5571/4997 3040/3816/3335
f 3040/3816/3335 3610/3815/3334 3041/5569/4995
f 3053/3511/3045 3051/3510/3044 3049/3446/2980 3052/3445/2979
f 3045/3441/2976 3048/3440/2975 3047/3443/2978
f 3047/3515/2978 3050/3444/2977 3049/3446/2980
f 2947/3493/3027 2946/3462/2996 3073/3461/2995 3074/5572/4998
f 3053/3511/3045 3096/3577/3106 3054/3447/2981
f 3053/3511/3045 3054/3447/2981 3055/3449/2983
f 3055/3449/2983 3056/3508/3042 3053/3511/3045
f 3057/3450/2984 3058/3506/3040 3055/3449/2983
f 3055/3449/2983 3059/3448/2982 3057/3450/2984
f 3063/3453/2987 3060/3504/3038 3057/3450/2984
f 3057/3450/2984 3061/3451/2985 3063/3453/2987
f 3063/3453/2987 3065/3452/2986 3064/3454/2988
f 3064/3454/2988 3066/3456/2990 3067/5573/4999
f 3067/5573/4999 3069/3457/2991 3068/3459/2993
f 3069/3457/2991 3067/5573/4999 3072/3460/2994
f 3078/4445/3927 3075/5574/5000 3074/5572/4998 3072/3460/2994
f 3074/5572/4998 3075/5574/5000 3076/5575/5001
f 3073/3461/2995 3072/3460/2994 3074/5572/4998
f 3079/3463/2997 3077/3465/2999 3075/5574/5000 3078/4445/3927
f 2922/3366/2904 3085/3470/3004 3086/3468/3002 2921/3367/2905
f 3081/3467/3001 3084/3490/3024 3080/3464/2998
f 3080/3464/2998 3082/3466/3000 3081/3467/3001
f 3083/3469/3003 3084/3490/3024 3081/3467/3001
f 2922/3366/2904 3087/3472/3006 3085/3470/3004
f 3083/3469/3003 3085/3470/3004 3087/3472/3006 3088/3488/3022
f 3093/3477/3011 3091/3474/3008 2929/3368/2906 2928/3377/2915
f 3090/3473/3007 2929/3368/2906 3091/3474/3008
f 3094/3475/3009 3095/3478/3012 3097/3480/3014 3098/3479/3013
f 3059/3448/2982 2928/3377/2915 2931/3374/2912
f 3095/3478/3012 3054/3447/2981 3096/3577/3106
f 3104/3485/3019 3089/3471/3005 3102/3484/3018 3103/5576/3727
f 3095/3478/3012 3094/3475/3009 3093/3477/3011
f 3098/3479/3013 3100/3482/3016 3094/3475/3009
f 3088/3488/3022 3087/3472/3006 3104/3485/3019 3105/3486/3020
f 3089/3471/3005 3091/3474/3008 3092/3476/3010
f 3110/5577/5002 3076/5575/5001 3077/3465/2999 3109/5578/5003
f 3088/3488/3022 3106/3487/3021 3107/3489/3023
f 3080/3464/2998 3084/3490/3024 3109/5578/5003
f 3109/5578/5003 3077/3465/2999 3080/3464/2998
f 2945/3495/3029 3114/3498/3032 3071/5579/5004 2946/3462/2996
f 3076/5575/5001 3111/3491/3025 2947/3493/3027
f 3076/5575/5001 3075/5574/5000 3077/3465/2999
f 2947/3493/3027 3112/3492/3026 2945/3495/3029
f 2947/3493/3027 3074/5572/4998 3076/5575/5001
f 2948/3494/3028 3947/4239/3736 3113/3496/3030
f 2948/3494/3028 3948/3497/3031 3114/3498/3032
f 3114/3498/3032 2945/3495/3029 2948/3494/3028
f 3067/5573/4999 3068/3459/2993 3116/3500/3034 3064/3454/2988
f 3071/5579/5004 3114/3498/3032 3070/3458/2992
f 3071/5579/5004 3069/3457/2991 2946/3462/2996
f 3070/3458/2992 3069/3457/2991 3071/5579/5004
f 3115/3499/3033 3116/3500/3034 3068/3459/2993
f 3062/3455/2989 3119/3502/3036 3060/3504/3038 3063/3453/2987
f 3047/3443/2978 3126/5580/3048 3046/5570/4996 3045/3441/2976
f 3060/3504/3038 3120/3503/3037 3058/3506/3040
f 3058/3506/3040 3057/3450/2984 3060/3504/3038
f 3058/3506/3040 3121/3505/3039 3056/3508/3042
f 3056/3508/3042 3055/3449/2983 3058/3506/3040
f 3056/3508/3042 3122/3507/3041 3123/3509/3043
f 3049/3446/2980 3124/3512/3046 3125/3513/3047
f 3971/5581/3760 3148/3379/2917 3147/3603/3128 3146/5582/3761
f 3126/5580/3048 3127/5583/3748 3046/5570/4996
f 3043/5584/5005 3041/5569/4995 3046/5570/4996
f 3046/5570/4996 3128/4254/3750 3043/5584/5005
f 3042/5571/4997 3041/5569/4995 3043/5584/5005
f 3043/5584/5005 3130/4257/3753 3042/5571/4997
f 3038/3516/3049 3037/5567/4993 3042/5571/4997
f 3042/5571/4997 3130/4257/3753 3038/3516/3049
f 3036/3518/3051 3037/5567/4993 3038/3516/3049
f 3036/3518/3051 3131/3517/3050 3132/3519/3052
f 3035/3520/3053 3132/3519/3052 3966/4260/3756
f 3133/3522/3055 3134/3611/3135 3035/3520/3053
f 3035/3520/3053 3966/4260/3756 3133/3522/3055
f 3140/3528/3061 3141/3608/3132 3139/3527/3060
f 3140/3528/3061 3142/3529/3062 3143/3531/3064
f 3144/3530/3063 3145/5585/5006 3143/3531/3064
f 3145/5585/5006 3144/3530/3063 3146/4265/3761
f 3146/5582/3761 3147/3603/3128 3145/5586/5006
f 3148/5558/2917 3149/3534/3065 3150/3535/3066 2934/5557/4985
f 4106/4391/3877 3158/3537/3068 3156/3539/3070 3157/4398/3884
f 2926/3369/2907 3153/4396/3882 3151/3536/3067
f 3153/4396/3882 3152/5587/5007 3151/3536/3067
f 3155/4397/3883 3154/5588/5008 3152/5587/5007
f 3155/4397/3883 3157/4398/3884 3154/5588/5008
f 3157/4398/3884 3156/3539/3070 3154/5588/5008
f 3302/3594/3119 3171/5589/5009 3168/3544/3075 3172/3545/3076
f 3160/5590/5010 3159/3538/3069 4103/5591/5011
f 3161/4401/3887 3305/4013/3521 3162/3689/3209
f 3161/4401/3887 3160/5590/5010 4102/4399/3885
f 3161/4401/3887 3163/4400/3886 3305/4013/3521
f 3163/4400/3886 3165/3540/3071 3164/3542/3073
f 3165/3540/3071 3163/4400/3886 3167/4402/3888
f 3166/3541/3072 3168/3544/3075 3169/4012/3520
f 3191/5592/5012 3188/5593/5013 3183/5594/5014 3190/5595/5015
f 3172/3545/3076 3174/3547/3078 3175/3595/3120
f 3172/3545/3076 3168/3544/3075 4099/4403/3889
f 3176/3546/3077 3172/3545/3076 3177/3548/3079
f 3176/3546/3077 3181/3549/3080 3178/3592/3117
f 3181/3549/3080 3179/3551/3082 3180/5596/5016
f 3182/5597/5017 3183/5594/5014 3184/5598/5018
f 3182/5597/5017 3179/3551/3082 3185/4379/3865
f 3183/5594/5014 3182/5597/5017 3187/5599/5019
f 3183/5594/5014 3188/5593/5013 3186/5600/5020
f 3188/5593/5013 3189/5601/5021 3186/5600/5020
f 3188/5593/5013 3192/3552/3083 3193/3554/3085 3194/5602/3116
f 3188/5593/5013 3191/5592/5012 3192/3552/3083
f 3200/3560/3090 3198/3559/3089 3195/3557/3087 3199/3556/3086
f 3195/5603/3087 3196/3586/3113 3193/5604/3085
f 3193/5604/3085 3197/5605/3084 3195/5603/3087
f 3205/5606/5022 3201/3558/3088 3203/3561/3091 3204/5607/5023
f 3199/3556/3086 3202/4408/3893 3200/3560/3090
f 3212/5608/5024 3208/3563/3093 3210/5609/5025 3211/5610/5026
f 3204/5607/5023 3207/3562/3092 3206/3564/3094
f 3207/3562/3092 3204/5607/5023 3209/4412/3896
f 3207/3562/3092 3210/5609/5025 3208/3563/3093
f 3217/5611/5027 3215/5612/5028 3219/5613/5029 3220/5614/5030
f 3210/5609/5025 3207/3562/3092 3213/4414/3898
f 3210/5609/5025 3214/5615/5031 3211/5610/5026
f 3214/5615/5031 3215/5612/5028 3211/5610/5026
f 3214/5615/5031 3210/5609/5025 3216/4416/3900
f 3215/5612/5028 3217/5611/5027 3218/5616/5032
f 3215/5612/5028 3214/5615/5031 3219/5613/5029
f 3221/5617/5033 3220/5614/5030 3222/5618/5034 3223/5619/5035
f 3220/5614/5030 3221/5617/5033 3217/5611/5027
f 3220/5614/5030 3219/5613/5029 3222/5618/5034
f 3224/5620/5036 3223/5619/5035 3225/5621/5037 3227/5622/5038
f 3223/5619/5035 3224/5620/5036 3221/5617/5033
f 3223/5619/5035 3222/5618/5034 3225/5621/5037
f 3230/5623/5039 3229/5624/5040 3231/5625/5041 3232/5626/5042
f 3227/5622/5038 3226/5627/5043 3224/5620/5036
f 3227/5622/5038 3228/3582/3109 3226/5627/5043
f 3228/3582/3109 3227/5622/5038 3229/5624/5040
f 3229/5624/5040 3230/5623/5039 3228/3582/3109
f 3234/3991/3500 3233/4442/3924 3235/4443/3925 3236/5628/5044
f 3232/5626/5042 3231/5625/5041 3233/4442/3924
f 3233/4442/3924 3234/3991/3500 3232/5626/5042
f 2940/5561/4987 3237/5629/5045 3236/5628/5044 3235/4443/3925
f 3262/5630/5046 3244/5631/5047 3246/5632/5048 3247/5633/5049
f 3237/5629/5045 3267/3580/3107 3236/5628/5044
f 3237/5629/5045 3238/3567/3097 3267/3580/3107
f 2905/3362/2900 3242/3570/3100 3241/3569/3099
f 2908/3361/2899 3243/5634/5050 3242/3570/3100
f 2908/3361/2899 3244/5631/5047 3243/5634/5050
f 3244/5631/5047 2908/3361/2899 3245/4441/3923
f 3245/4441/3923 3246/5632/5048 3244/5631/5047
f 3247/5633/5049 3246/5632/5048 3248/5635/5051 3249/5636/5052
f 3246/5632/5048 3245/4441/3923 3248/5635/5051
f 3244/5631/5047 3262/5630/5046 3263/5637/5053 3243/5634/5050
f 3249/5636/5052 3248/5635/5051 3250/4304/3798
f 3250/4304/3798 3251/5638/5054 3249/5636/5052
f 3251/5638/5054 3252/3573/3102 3249/5636/5052
f 3251/5638/5054 3250/4304/3798 3253/4224/3724
f 3251/5638/5054 3099/5639/3015 3252/3573/3102
f 3099/5639/3015 3097/3571/3014 3252/3573/3102
f 3097/3571/3014 3255/3578/3105 3254/3572/3101
f 3257/3574/3103 3052/3445/2979 3256/3575/3104
f 3256/3579/3104 3050/3442/2977 3258/3732/3252
f 3254/3572/3101 3256/3579/3104 3501/3731/3251
f 3249/5636/5052 3252/3573/3102 3260/3985/3494
f 3260/3985/3494 3247/5633/5049 3249/5636/5052
f 3247/5633/5049 3260/3985/3494 3261/5640/5055
f 3261/5640/5055 3262/5630/5046 3247/5633/5049
f 3263/5637/5053 3264/3987/3496 3243/5634/5050
f 3269/3726/3246 3234/3991/3500 3236/5628/5044 3268/5641/5056
f 3264/3987/3496 3241/3569/3099 3242/3570/3100
f 3264/3987/3496 3242/3570/3100 3243/5634/5050
f 3241/3569/3099 3264/3987/3496 3265/5642/5057
f 3265/5642/5057 3240/3565/3095 3241/3569/3099
f 3240/3565/3095 3265/5642/5057 3266/3989/3498
f 3266/3989/3498 3239/3566/3096 3240/3565/3095
f 3268/5641/5056 3236/5628/5044 3267/3580/3107
f 3226/5627/5043 3273/3581/3108 3274/5643/5058 3275/3994/3503
f 3270/3990/3499 3232/5626/5042 3234/3991/3500
f 3232/5626/5042 3270/3990/3499 3271/3992/3501
f 3271/3992/3501 3230/5623/5039 3232/5626/5042
f 3230/5623/5039 3271/3992/3501 3272/3583/3110
f 3272/3583/3110 3228/3582/3109 3230/5623/5039
f 3215/5612/5028 3218/5616/5032 3282/5644/5059 3211/5610/5026
f 3273/3581/3108 3226/5627/5043 3228/3582/3109
f 3275/3994/3503 3276/5645/5060 3224/5620/5036
f 3275/3994/3503 3224/5620/5036 3226/5627/5043
f 3276/5645/5060 3275/3994/3503 3277/3997/3506
f 3276/5645/5060 3278/5646/5061 3221/5617/5033
f 3276/5645/5060 3221/5617/5033 3224/5620/5036
f 3278/5646/5061 3276/5645/5060 3279/3999/3508
f 3278/5646/5061 3280/5647/5062 3217/5611/5027
f 3278/5646/5061 3217/5611/5027 3221/5617/5033
f 3280/5647/5062 3278/5646/5061 3281/4000/3509
f 3280/5647/5062 3282/5644/5059 3218/5616/5032
f 3280/5647/5062 3218/5616/5032 3217/5611/5027
f 3282/5644/5059 3280/5647/5062 3283/4002/3511
f 3282/5644/5059 3284/5648/5063 3211/5610/5026
f 3204/5607/5023 3206/3564/3094 3288/5649/5064 3205/5606/5022
f 3284/5648/5063 3282/5644/5059 3285/4004/3513
f 3284/5648/5063 3212/5608/5024 3211/5610/5026
f 3212/5608/5024 3284/5648/5063 3286/4006/3515
f 3212/5608/5024 3287/3584/3111 3208/3563/3093
f 3287/3584/3111 3288/5649/5064 3206/3564/3094
f 3288/5649/5064 3287/3584/3111 3289/5650/3232
f 3293/5651/5065 3196/3586/3113 3291/3585/3112 3292/4007/3516
f 3205/5652/5022 3288/5653/5064 3290/3710/3230
f 3205/5652/5022 3291/3585/3112 3201/3588/3088
f 3196/3586/3113 3294/3589/3114 3194/3591/3116 3193/5604/3085
f 3196/3586/3113 3293/5651/5065 3294/3589/3114
f 3196/3586/3113 3195/5603/3087 3198/3587/3089
f 3297/3706/3226 3189/5601/5021 3295/5654/3115 3296/4010/3518
f 3194/5602/3116 3295/5654/3115 3189/5601/5021
f 3189/5601/5021 3188/5593/5013 3194/5602/3116
f 3298/5655/5066 3186/5600/5020 3189/5601/5021 3297/3706/3226
f 3183/5594/5014 3186/5600/5020 3298/5655/5066 3184/5598/5018
f 3449/3704/3224 3299/3702/3222 3184/5598/5018 3298/5655/5066
f 3182/5597/5017 3184/5598/5018 3299/3702/3222 3300/5656/5067
f 3179/3551/3082 3182/5597/5017 3300/5656/5067 3180/5596/5016
f 3174/3547/3078 3176/3546/3077 3301/3593/3118 3175/3595/3120
f 3180/5596/5016 3300/5656/5067 3444/3701/3221
f 3180/5596/5016 3178/3592/3117 3181/3549/3080
f 2935/3381/2919 2934/5557/4985 3313/3599/3124 3314/3600/3125
f 3171/5589/5009 3302/3594/3119 3303/3696/3216
f 3171/5589/5009 3169/4012/3520 3168/3544/3075
f 3169/4012/3520 3171/5589/5009 3303/3696/3216
f 3169/4012/3520 3304/3596/3121 3166/3541/3072
f 3164/3542/3073 3305/4013/3521 3163/4400/3886
f 3162/3689/3209 3305/4013/3521 3431/3690/3210
f 3162/3689/3209 3160/5590/5010 3161/4401/3887
f 3160/5590/5010 3306/3597/3122 3159/3538/3069
f 3306/3597/3122 3160/5590/5010 3307/4014/3522
f 3306/3597/3122 3308/5657/5068 3156/3539/3070
f 3308/5657/5068 3306/3597/3122 3309/4015/3523
f 3308/5657/5068 3310/4017/3525 3154/5588/5008
f 3308/5657/5068 3154/5588/5008 3156/3539/3070
f 3310/4017/3525 3152/5587/5007 3154/5588/5008
f 3152/5587/5007 3310/4017/3525 3311/3598/3123
f 3152/5587/5007 3311/3598/3123 3151/3536/3067
f 3313/3599/3124 3150/3535/3066 3151/3536/3067
f 3317/3386/2923 2937/3382/2920 3315/3601/3126 3316/5658/5069
f 2934/5557/4985 3150/3535/3066 3313/3599/3124
f 2935/3381/2919 3315/3601/3126 2937/3382/2920
f 3318/5659/5070 3317/5660/2923 2912/5552/2922 2911/5551/4982
f 3316/5658/5069 2943/4020/3528 3317/3386/2923
f 2938/5559/4986 2937/5560/2920 3317/5660/2923 3318/5659/5070
f 3320/5661/5071 3318/5659/5070 2911/5551/4982 3319/4029/3537
f 3321/5662/5072 2938/5559/4986 3318/5659/5070 3320/5661/5071
f 3323/5663/5073 3321/5662/5072 3320/5661/5071 3322/3622/3146
f 3325/3604/3129 3321/5662/5072 3323/5663/5073 3324/3602/3127
f 2936/3378/2916 2938/5559/4986 3321/5662/5072 3325/3604/3129
f 3148/3379/2917 2936/3378/2916 3325/3604/3129 3147/3603/3128
f 3145/5586/5006 3324/3602/3127 3326/3618/3142 3327/3606/3130
f 3135/3524/3057 3137/3525/3058 3330/3610/3134 3331/3617/3141
f 3324/3602/3127 3145/5586/5006 3147/3603/3128
f 3327/3606/3130 3143/3605/3064 3145/5586/5006
f 3328/3607/3131 3141/4222/3132 3143/3605/3064
f 3031/3433/2968 3134/3611/3135 3135/3524/3057 3032/3434/2969
f 3335/5664/3152 3333/3614/3138 3331/3617/3141 3336/3616/3140
f 3134/3611/3135 3133/3522/3055 3135/3524/3057
f 3032/3434/2969 3029/3613/3137 3030/3435/2970
f 3333/3614/3138 3335/5664/3152 3334/3615/3139
f 3338/3625/3149 3336/3631/3140 3329/4221/3133 3337/3626/3150
f 3327/3606/3130 3326/3618/3142 3339/3620/3144 3337/3626/3150
f 3337/3626/3150 3339/3620/3144 3347/3627/3151
f 3337/3626/3150 3329/4221/3133 3328/3607/3131
f 3348/5665/5074 3349/3629/3153 3338/3625/3149 3347/3627/3151
f 3339/3620/3144 3340/3619/3143 3346/3624/3148
f 3340/3619/3143 2900/3621/3145 2899/4220/3722
f 3340/3619/3143 3323/5663/5073 2900/3621/3145
f 3323/5663/5073 3322/3622/3146 2900/3621/3145
f 3323/5663/5073 3340/3619/3143 3324/3602/3127
f 3341/3623/3147 3322/3622/3146 3342/4028/3536
f 3341/3623/3147 3344/4033/3541 3346/3624/3148
f 3344/4033/3541 3345/4035/3543 3346/3624/3148
f 3346/3624/3148 3347/3627/3151 3339/3620/3144
f 3334/5666/3139 3352/3632/3155 3354/3634/3157 2895/3636/2895
f 3349/3629/3153 3335/3628/3152 3338/3625/3149
f 3350/3630/3154 3351/5667/5075 3335/3628/3152
f 3351/5667/5075 3334/5666/3139 3335/3628/3152
f 3334/5666/3139 3351/5667/5075 3352/3632/3155
f 3020/3432/2967 3022/3639/3160 3358/4049/3555 3017/3428/2963
f 3351/5667/5075 3350/3630/3154 3352/3632/3155
f 3355/3635/3158 3356/4039/3547 3357/4044/3159
f 2896/3355/2893 3022/3639/3160 3024/3431/2966
f 2893/3356/2894 3024/3431/2966 3026/4447/3929
f 3026/4447/3929 2894/4223/3723 2893/3356/2894
f 3358/4049/3555 3018/3429/2964 3017/3428/2963
f 3002/3416/2953 3006/5668/5076 3364/3642/3163 3365/4059/3562
f 3014/3426/2961 3359/4052/3557 3360/3640/3161
f 3360/3640/3161 3361/4055/3559 3010/3423/2958
f 3010/3423/2958 3362/5669/3930 3008/3419/2956
f 3008/3419/2956 3009/3421/2955 3010/3423/2958
f 3008/3643/2956 3364/3642/3163 3006/5668/5076
f 3006/5668/5076 3007/3417/2954 3008/3643/2956
f 3373/5670/5077 3374/3652/3172 2984/3651/3171 2987/3407/2944
f 3002/3416/2953 3007/3417/2954 3006/5668/5076
f 3002/3416/2953 3366/4060/3563 3003/3644/3164
f 3003/3644/3164 3367/4061/3564 3000/3645/3165
f 2996/3412/2949 2998/3411/2948 3000/3645/3165
f 2991/3649/3169 2992/5563/4989 3369/3647/3167
f 2987/3407/2944 3371/3650/3170 3372/4109/3611
f 2987/3407/2944 2984/3651/3171 2988/3886/3403
f 2983/3403/2940 2984/3651/3171 3375/3653/3173 2980/3404/2941
f 3380/5671/5078 3381/5672/5079 3379/3659/3179 3378/3658/3178
f 2978/3400/2937 2981/3655/3175 2970/3654/3174
f 2978/3400/2937 2969/3394/2931 2977/3401/2938
f 3378/3658/3178 3379/3659/3179 3377/3657/3177
f 3389/4073/3576 3390/3667/3187 3387/3664/3184 3386/5673/5080
f 3381/5672/5079 3382/3663/3183 3379/3659/3179
f 3382/3663/3183 3381/5672/5079 3383/4071/3574
f 3383/4071/3574 3384/3661/3181 3382/3663/3183
f 3384/3661/3181 3383/4071/3574 3386/5673/5080
f 3386/5673/5080 3387/3664/3184 3384/3661/3181
f 3388/3665/3185 3387/3664/3184 3390/3667/3187 3391/3666/3186
f 2961/3389/2926 2960/3388/2925 3391/3666/3186 3392/3668/3188
f 3395/4079/3582 2961/3389/2926 3392/3668/3188 3394/3670/3190
f 3390/3667/3187 3393/3669/3189 3392/3668/3188
f 2961/3389/2926 3395/4079/3582 3396/3671/3191 2959/3387/2924
f 3402/5674/3196 3405/5675/3197 3406/3680/3200 3407/5676/5081
f 3394/3670/3190 3397/4077/3580 3395/4079/3582
f 3398/3673/3193 3669/3871/3388 3396/3671/3191
f 3399/3675/3195 3400/3974/3484 3398/3673/3193
f 3398/3673/3193 3401/3672/3192 3399/3675/3195
f 3403/3674/3194 3404/4081/3584 3405/3677/3197
f 3420/4016/3524 3419/5677/5082 3418/3684/3204 3312/5678/5083
f 3405/5675/3197 3408/3678/3198 3406/3680/3200
f 3409/5679/5084 3410/5680/5085 3406/3680/3200
f 3406/3680/3200 3411/3679/3199 3409/5679/5084
f 3412/5681/5086 3413/5682/5087 3409/5679/5084
f 3409/5679/5084 3414/3681/3201 3412/5681/5086
f 3414/3681/3201 3409/5679/5084 3415/4018/3526
f 3414/3681/3201 3418/3684/3204 3419/5677/5082
f 3419/5677/5082 3412/5681/5086 3414/3681/3201
f 3419/5677/5082 3420/4016/3524 3421/3765/3285 3422/3764/3284
f 3310/4017/3525 3309/4015/3523 3421/3765/3285 3420/4016/3524
f 3423/3687/3207 3421/3765/3285 3309/4015/3523 3424/3685/3205
f 3427/5683/5088 3425/3686/3206 3424/3685/3205 3426/5684/5089
f 3307/4014/3522 3428/3688/3208 3426/5684/5089 3424/3685/3205
f 3446/5685/5090 3443/3758/3278 3444/3701/3221 3445/3700/3220
f 3428/3688/3208 3429/3691/3211 3430/3762/3282
f 3433/3692/3212 3434/3695/3215 3432/3693/3213
f 3434/3695/3215 3435/3694/3214 3436/3759/3279
f 3303/3696/3216 3438/5686/5091 3437/3697/3217
f 3438/5686/5091 3439/3699/3219 3440/5687/5092
f 3439/3699/3219 3441/3698/3218 3442/5688/5093
f 3439/3699/3219 3438/5686/5091 3302/3594/3119
f 3301/3593/3118 3443/3758/3278 3441/3698/3218
f 3456/4008/3517 3453/3756/3276 3452/3755/3275 3296/4009/3518
f 3444/3701/3221 3443/3758/3278 3180/5596/5016
f 3448/3705/3225 3450/4011/3519 3451/5689/5094
f 3448/3705/3225 3297/3706/3226 3450/4011/3519
f 3454/3753/3273 3455/3752/3272 3453/3756/3276
f 3457/5690/5095 3454/3753/3273 3453/3756/3276 3456/4008/3517
f 3463/5691/5096 3462/3713/3233 3286/5692/3515 3465/5693/3514
f 3457/5690/5095 3292/4007/3516 3459/3707/3227
f 3457/5690/5095 3459/3707/3227 3458/3709/3229
f 3290/3710/3230 3462/3713/3233 3461/3711/3231
f 3462/3713/3233 3463/5691/5096 3464/5694/5097
f 3474/3746/3266 3471/3715/3235 3472/3998/3507 3473/3745/3265
f 3465/5693/3514 3466/5695/3512 3463/5691/5096
f 3466/4003/3512 3467/4001/3510 3468/5696/5098
f 3466/4003/3512 3465/4005/3514 3285/4004/3513
f 3467/4001/3510 3466/4003/3512 3283/4002/3511
f 3467/4001/3510 3470/3714/3234 3469/3716/3236
f 3470/3714/3234 3467/4001/3510 3281/4000/3509
f 3470/3714/3234 3472/3998/3507 3471/3715/3235
f 3274/5643/5058 3481/3717/3237 3480/3740/3260 3479/3995/3504
f 3472/3998/3507 3470/3714/3234 3279/3999/3508
f 3472/3998/3507 3475/3996/3505 3473/3745/3265
f 3475/3996/3505 3472/3998/3507 3277/3997/3506
f 3475/3996/3505 3476/3742/3262 3473/3745/3265
f 3476/3742/3262 3475/3996/3505 3477/3993/3502
f 3477/3993/3502 3478/3743/3263 3476/3742/3262
f 3478/3743/3263 3477/3993/3502 3479/3995/3504
f 3479/3995/3504 3480/3740/3260 3478/3743/3263
f 3267/3580/3107 3489/3729/3249 3488/3724/3244 3268/5641/5056
f 3482/3718/3238 3483/3719/3239 3481/3717/3237
f 3482/3718/3238 3484/3723/3243 3483/3719/3239
f 3485/3721/3241 3484/3723/3243 3270/3990/3499
f 3270/3990/3499 3487/3739/3259 3485/3721/3241
f 3487/3739/3259 3270/3990/3499 3269/3726/3246
f 3268/5641/5056 3488/3724/3244 3269/3726/3246
f 3493/5697/5099 3490/3727/3247 3492/3986/3495 3495/3988/3497
f 3490/3727/3247 3489/3729/3249 3492/3986/3495
f 3490/3727/3247 3493/5697/5099 3494/3737/3257
f 3498/5698/5100 3262/5630/5046 3261/5640/5055 3499/5699/5101
f 3496/3735/3255 3495/3988/3497 3263/5637/5053
f 3497/3736/3256 3496/3735/3255 3262/5630/5046
f 3262/5630/5046 3498/5698/5100 3497/3736/3256
f 3495/3988/3497 3507/3734/3254 3508/3805/3324 3493/5697/5099
f 3499/5699/5101 3261/5640/5055 3260/3985/3494
f 3260/3985/3494 3500/3730/3250 3499/5699/5101
f 3500/3730/3250 3260/3985/3494 3259/3984/3493
f 3501/3731/3251 3258/3732/3252 3503/5700/5102
f 3258/3732/3252 3048/3440/2975 3502/3733/3253
f 3502/3733/3253 3503/5700/5102 3258/3732/3252
f 3503/5700/5102 3499/5699/5101 3500/3730/3250
f 3503/5700/5102 3500/3730/3250 3501/3731/3251
f 3499/5699/5101 3503/5700/5102 3504/5701/5103
f 3504/5701/5103 3498/5698/5100 3499/5699/5101
f 3498/5698/5100 3504/5701/5103 3505/5702/5104
f 3505/5702/5104 3497/3736/3256 3498/5698/5100
f 3497/3736/3256 3505/5702/5104 3506/3812/3331
f 3471/3715/3235 3474/3746/3266 3522/3748/3268 3523/3749/3269
f 3507/3734/3254 3495/3988/3497 3496/3735/3255
f 3493/5697/5099 3508/3805/3324 3509/3807/3326
f 3509/3807/3326 3494/3737/3257 3493/5697/5099
f 3494/3737/3257 3509/3807/3326 3602/5703/5105
f 3494/3737/3257 3491/3728/3248 3490/3727/3247
f 3488/3724/3244 3491/3728/3248 3511/3803/3322
f 3487/3739/3259 3512/3725/3245 3513/3802/3321
f 3513/3802/3321 3485/3721/3241 3487/3739/3259
f 3485/3721/3241 3513/3802/3321 3486/3722/3242
f 3483/3719/3239 3486/3722/3242 3515/3976/3486
f 3515/3976/3486 3516/3720/3240 3483/3719/3239
f 3480/3740/3260 3516/3720/3240 3517/3977/3487
f 3478/3743/3263 3480/3740/3260 3518/3799/3318
f 3519/3741/3261 3473/3745/3265 3476/3742/3262
f 3467/4001/3510 3469/3716/3236 3524/5704/5106 3468/5696/5098
f 3523/3749/3269 3524/5704/5106 3469/3716/3236
f 3524/5705/5106 3523/5706/3269 3525/3794/3313
f 3526/3791/3310 3527/3980/3489 3468/5707/5098 3524/5705/5106
f 3463/5691/5096 3468/5707/5098 3527/3980/3489 3528/3979/3488
f 3530/3750/3270 3461/3711/3231 3464/5694/5097 3529/5708/5107
f 3468/5707/5098 3463/5691/5096 3466/5695/3512
f 3528/3979/3488 3464/5694/5097 3463/5691/5096
f 3464/5694/5097 3461/3711/3231 3462/3713/3233
f 3532/3751/3271 3458/3709/3229 3530/3750/3270 3531/3785/3304
f 3458/3709/3229 3532/3751/3271 3454/3753/3273 3457/5690/5095
f 3450/5709/3519 3452/3755/3275 3535/5710/5108 3451/5711/5094
f 3455/3752/3272 3532/3751/3271 3575/3784/3303
f 3455/3752/3272 3533/3754/3274 3453/3756/3276
f 3533/3754/3274 3455/3752/3272 3534/3780/3299
f 3533/3754/3274 3535/5710/5108 3452/3755/3275
f 3434/3695/3215 3436/3759/3279 3542/3760/3280 3432/3693/3213
f 3451/5711/5094 3535/5710/5108 3536/3779/3298
f 3448/3705/3225 3451/5689/5094 3537/3776/3296
f 3447/3703/3223 3448/3705/3225 3538/3774/3294
f 3447/3703/3223 3446/5685/5090 3445/3700/3220
f 3446/5685/5090 3447/3703/3223 3566/3773/3293
f 3446/5685/5090 3539/3757/3277 3443/3758/3278
f 3539/3757/3277 3446/5685/5090 3565/5712/5109
f 3539/3757/3277 3540/3981/3490 3441/3698/3218
f 3540/3981/3490 3442/5688/5093 3441/3698/3218
f 3442/5688/5093 3440/5687/5092 3439/3699/3219
f 3440/5687/5092 3442/5688/5093 3560/3853/3370
f 3440/5687/5092 3437/3697/3217 3438/5686/5091
f 3437/3697/3217 3440/5687/5092 3560/3853/3370
f 3436/3759/3279 3437/3697/3217 3541/3982/3491
f 3426/5684/5089 3430/3762/3282 3544/5713/5110 3427/5683/5088
f 3543/3761/3281 3430/3762/3282 3432/3693/3213
f 3425/3686/3206 3427/5683/5088 3545/3767/3287 3546/3763/3283
f 3430/3762/3282 3426/5684/5089 3428/3688/3208
f 3419/5677/5082 3422/3764/3284 3413/5682/5087 3412/5681/5086
f 3546/3763/3283 3422/3764/3284 3423/3687/3207
f 3422/3764/3284 3546/3763/3283 3547/3983/3492
f 3413/5682/5087 3422/3764/3284 3548/5714/5111
f 3413/5682/5087 3548/5714/5111 3410/5680/5085 3409/5679/5084
f 3549/5715/5112 3410/5680/5085 3548/5714/5111 3550/5716/5113
f 3422/3764/3284 3547/3983/3492 3548/5714/5111
f 3410/5680/5085 3549/5715/5112 3407/5676/5081
f 3407/5676/5081 3406/3680/3200 3410/5680/5085
f 3551/5717/5114 3547/3983/3492 3545/3767/3287 3552/3766/3286
f 3550/5716/5113 3548/5714/5111 3547/3983/3492
f 3547/3983/3492 3551/5717/5114 3550/5716/5113
f 3554/3858/3375 3553/3768/3288 3544/5713/5110 3555/5718/5115
f 3553/3768/3288 3554/3858/3375 3552/3766/3286
f 3558/3855/3372 3556/5719/5116 3542/3760/3280 3557/5720/5117
f 3555/5718/5115 3556/5719/5116 3554/3858/3375
f 3556/5719/5116 3555/5718/5115 3543/3761/3281
f 3543/3761/3281 3542/3760/3280 3556/5719/5116
f 3567/3850/3367 3564/3770/3290 3565/5712/5109 3566/3773/3293
f 3557/5720/5117 3541/3982/3491 3559/5721/5118
f 3541/3982/3491 3560/3853/3370 3559/5721/5118
f 3561/3854/3371 3563/3769/3289 3562/3771/3291
f 3563/3769/3289 3561/3854/3371 3540/3981/3490
f 3563/3769/3289 3565/5712/5109 3564/3770/3290
f 3533/3754/3274 3534/3780/3299 3572/3782/3301 3571/3845/3364
f 3565/5712/5109 3563/3769/3289 3539/3757/3277
f 3569/3847/3295 3537/3778/3296 3570/3777/3297
f 3570/3777/3297 3536/3779/3298 3571/3845/3364
f 3572/3782/3301 3573/3781/3300 3574/3837/3356
f 3529/5708/5107 3578/3836/3355 3531/3785/3304 3530/3750/3270
f 3573/3781/3300 3575/3784/3303 3574/3837/3356
f 3575/3784/3303 3577/3783/3302 3576/3838/3357
f 3531/3785/3304 3578/3836/3355 3579/3835/3354
f 3580/3788/3307 3578/3836/3355 3529/5708/5107 3581/3786/3305
f 3587/3831/3350 3585/3792/3311 3525/3794/3313 3586/3793/3312
f 3581/3786/3305 3583/3789/3308 3582/3787/3306
f 3583/3789/3308 3581/3786/3305 3528/3979/3488
f 3583/3789/3308 3526/3791/3310 3584/3790/3309
f 3526/3791/3310 3583/3789/3308 3527/3980/3489
f 3526/3791/3310 3525/3794/3313 3585/3792/3311
f 3595/3825/3344 3594/3824/3343 3516/3720/3240 3596/5722/5119
f 3589/3795/3314 3590/5723/5120 3588/3796/3315
f 3589/3795/3314 3521/5724/3267 3590/5723/5120
f 3591/3797/3316 3521/3747/3267 3474/3746/3266
f 3591/3797/3316 3474/3746/3266 3520/3744/3264
f 3591/3797/3316 3593/3798/3317 3628/3829/3348
f 3518/3799/3318 3517/3977/3487 3626/3827/3346
f 3517/3977/3487 3594/3824/3343 3626/3827/3346
f 3594/3824/3343 3517/3977/3487 3516/3720/3240
f 3601/3821/3340 3511/3803/3322 3510/3738/3258 3600/5725/5121
f 3596/5722/5119 3516/3720/3240 3515/3976/3486
f 3515/3976/3486 3597/5726/5122 3596/5722/5119
f 3597/5726/5122 3515/3976/3486 3514/3800/3319
f 3513/3802/3321 3599/3804/3323 3598/3801/3320
f 3504/5701/5103 3608/3814/3333 3607/3818/3337 3505/5702/5104
f 3603/3808/3327 3508/3805/3324 3507/3734/3254
f 3507/3734/3254 3506/3812/3331 3603/3808/3327
f 3605/3810/3329 3506/3812/3331 3505/5702/5104
f 3505/5702/5104 3607/3818/3337 3605/3810/3329
f 3609/3813/3332 3039/3817/3336 3611/3819/3338 3607/3818/3337
f 3608/3814/3333 3609/3813/3332 3607/3818/3337
f 3610/3815/3334 3608/3814/3333 3502/3733/3253
f 3610/3815/3334 3502/3733/3253 3044/3439/2974
f 3039/3817/3336 3609/3813/3332 3610/3815/3334
f 3509/3807/3326 3615/3806/3325 3616/3903/3419 3602/5703/5105
f 3612/3901/3417 3606/3811/3330 3605/3810/3329
f 3603/3808/3327 3606/3811/3330 3613/3973/3483
f 3613/3973/3483 3604/3809/3328 3603/3808/3327
f 3604/3809/3328 3613/3973/3483 3614/3971/3481
f 3614/3971/3481 3615/3806/3325 3604/3809/3328
f 3600/5725/5121 3602/5703/5105 3617/3902/3418 3601/3821/3340
f 3602/5703/5105 3616/3903/3419 3617/3902/3418
f 3620/3906/3422 3621/3822/3341 3599/3804/3323 3619/3820/3339
f 3601/3821/3340 3617/3902/3418 3618/5727/5123
f 3601/3821/3340 3618/5727/5123 3619/3820/3339
f 3601/3821/3340 3599/3804/3323 3511/3803/3322
f 3514/3800/3319 3621/3822/3341 3622/3905/3421 3597/5726/5122
f 3518/3799/3318 3626/3827/3346 3627/3911/3427 3593/3798/3317
f 3621/3822/3341 3514/3800/3319 3598/3801/3320
f 3622/3905/3421 3596/5722/5119 3597/5726/5122
f 3596/5722/5119 3622/3905/3421 3623/3907/3423
f 3623/3907/3423 3595/3825/3344 3596/5722/5119
f 3521/5724/3267 3592/3913/3347 3629/3912/3428 3590/5723/5120
f 3643/3843/3362 3571/3845/3364 3572/3782/3301 3642/3842/3361
f 3592/3828/3347 3521/3747/3267 3591/3797/3316
f 3590/5723/5120 3629/3912/3428 3708/3963/3475
f 3708/3963/3475 3588/3796/3315 3590/5723/5120
f 3630/3887/3404 3587/3831/3350 3586/3793/3312
f 3630/3887/3404 3586/3793/3312 3588/3796/3315
f 3587/3831/3350 3630/3887/3404 2995/5728/5124
f 3631/3830/3349 3632/3832/3351 3585/3792/3311
f 3632/3832/3351 3631/3830/3349 3633/3960/3472
f 3632/3832/3351 3634/3833/3352 3584/3790/3309
f 3634/3833/3352 3632/3832/3351 3635/3959/3471
f 3634/3833/3352 3636/3834/3353 3582/3787/3306
f 3636/3834/3353 3634/3833/3352 3637/3957/3469
f 3636/3834/3353 3579/3835/3354 3580/3788/3307
f 3579/3835/3354 3577/3783/3302 3531/3785/3304
f 3577/3783/3302 3579/3835/3354 3639/3956/3468
f 3576/3838/3357 3577/3783/3302 3640/3839/3358
f 3640/3839/3358 3574/3837/3356 3576/3838/3357
f 3574/3837/3356 3641/3841/3360 3572/3782/3301
f 3647/5729/5125 3648/3849/3366 3568/3772/3292 3646/3848/3365
f 3643/3843/3362 3645/3933/3447 3644/3844/3363
f 3556/5719/5116 3558/3855/3372 3656/3857/3374 3554/3858/3375
f 3568/3772/3292 3567/3850/3367 3566/3773/3293
f 3567/3850/3367 3649/3851/3368 3564/3770/3290
f 3649/3851/3368 3567/3850/3367 3650/3917/3431
f 3562/3771/3291 3649/3851/3368 3651/3916/3430
f 3562/3771/3291 3652/3852/3369 3561/3854/3371
f 3652/3852/3369 3562/3771/3291 3653/3935/3449
f 3652/3852/3369 3559/5721/5118 3560/3853/3370
f 3559/5721/5118 3652/3852/3369 3654/3918/3432
f 3559/5721/5118 3655/3856/3373 3557/5720/5117
f 3655/3856/3373 3558/3855/3372 3557/5720/5117
f 3551/5717/5114 3659/3861/3378 3660/5730/5126 3550/5716/5113
f 3657/3859/3376 3552/3766/3286 3554/3858/3375
f 3661/3863/3380 3549/5715/5112 3550/5716/5113 3660/5730/5126
f 3659/3861/3378 3551/5717/5114 3552/3766/3286
f 3407/5676/5081 3662/3865/3382 2956/5731/3379 3402/5674/3196
f 3664/5732/3438 2956/5731/3379 3662/3865/3382 3663/3864/3381
f 3662/3865/3382 3407/5676/5081 3549/5715/5112
f 3549/5715/5112 3661/3863/3380 3662/3865/3382
f 2958/3869/3386 2956/3862/3379 3664/3924/3438 3666/3868/3385
f 2957/3975/3485 2958/3869/3386 3669/3871/3388 3400/3974/3484
f 2958/3869/3386 3667/3867/3384 3668/3870/3387
f 3384/3661/3181 3388/3665/3185 3671/5733/5127 3385/3662/3182
f 3669/3871/3388 3398/3673/3193 3400/3974/3484
f 3669/3871/3388 3668/3870/3387 2959/3387/2924
f 3668/3870/3387 3670/3872/3389 2960/3388/2925
f 3670/3872/3389 3671/5733/5127 3388/3665/3185
f 3671/5733/5127 3670/3872/3389 3726/3929/3443
f 3672/3928/3442 3673/3873/3390 3385/3662/3182 3671/5733/5127
f 2989/3406/2943 2990/3405/2942 3685/3961/3473 2992/5563/4989
f 3385/3662/3182 3379/3659/3179 3382/3663/3183
f 2972/3660/3180 2968/3395/2932 3377/3657/3177
f 3674/3874/3391 2973/3396/2933 2972/3660/3180
f 3677/3877/3394 3676/3876/3393 3678/3931/3445
f 3677/3877/3394 3679/3879/3396 2975/3397/2934
f 2975/3397/2934 3680/3880/3397 2976/3398/2935
f 2979/3399/2936 2985/3884/3401 2982/3402/2939
f 2985/3884/3401 2986/5562/4988 2983/3403/2940
f 2986/5562/4988 2985/3884/3401 3683/3958/3470
f 2988/3886/3403 2986/5562/4988 3684/3885/3402
f 2990/3405/2942 3684/3885/3402 3685/3961/3473
f 3004/3964/3476 3001/3413/2950 3687/3889/3406 3688/3962/3474
f 2997/3409/2946 2994/3408/2945 2995/5728/5124
f 3023/5565/4991 3021/3969/3479 3699/3968/3478 3700/5734/5128
f 3688/3962/3474 3689/3965/3477 3004/3964/3476
f 3004/3964/3476 3690/5735/3407 3005/3415/2952
f 3691/3891/3408 3692/3909/3425 3693/3893/3409
f 3693/3893/3409 3694/3908/3424 3011/3422/2957
f 3011/3422/2957 3009/3421/2955 3693/3893/3409
f 3695/3894/3410 3696/3895/3411 3013/3425/2960
f 3697/5736/5129 3019/5564/4990 3016/3896/3412
f 3019/5564/4990 3697/5736/5129 3698/3970/3480
f 3698/3970/3480 3021/3969/3479 3019/5564/4990
f 3027/5566/4992 3700/5734/5128 3701/3972/3482 3028/3898/3414
f 3700/5734/5128 3025/3430/2965 3023/5565/4991
f 3700/5734/5128 3027/5566/4992 3025/3430/2965
f 3627/3911/3427 3626/3827/3346 3692/3909/3425 3690/3890/3407
f 3702/3897/3413 3030/3435/2970 3029/3613/3137
f 3033/5568/4994 3611/3819/3338 3039/3817/3336
f 3611/3819/3338 3033/5568/4994 3705/3437/2972
f 3705/3437/2972 3612/3901/3417 3611/3819/3338
f 3612/3901/3417 3705/3437/2972 3704/3900/3416
f 3704/3900/3416 3703/3899/3415 3612/3901/3417
f 3703/3899/3415 3613/3973/3483 3606/3811/3330
f 3703/3899/3415 3606/3811/3330 3612/3901/3417
f 3614/3971/3481 3613/3973/3483 3701/3972/3482
f 3615/3806/3325 3614/3971/3481 3706/3904/3420
f 3699/3968/3478 3618/5727/5123 3617/3902/3418
f 3618/5727/5123 3699/3968/3478 3698/3970/3480
f 3698/3970/3480 3619/3820/3339 3618/5727/5123
f 3619/3820/3339 3698/3970/3480 3697/5736/5129
f 3697/5736/5129 3620/3906/3422 3619/3820/3339
f 3622/3905/3421 3620/3906/3422 3696/3895/3411
f 3593/3798/3317 3627/3911/3427 3707/3910/3426 3628/3829/3348
f 3689/3965/3477 3629/3912/3428 3628/3914/3348 3707/3966/3426
f 3631/3830/3349 2995/5728/5124 2994/3408/2945 3709/5737/5130
f 3688/3962/3474 3708/3963/3475 3629/3912/3428
f 3686/3888/3405 3588/3796/3315 3708/3963/3475
f 3686/3888/3405 3630/3887/3404 3588/3796/3315
f 3579/3835/3354 3636/3834/3353 3682/3883/3400 3638/3882/3399
f 2995/5728/5124 3631/3830/3349 3587/3831/3350
f 3709/5737/5130 3633/3960/3472 3631/3830/3349
f 3633/3960/3472 3709/5737/5130 3685/3961/3473
f 3633/3960/3472 3635/3959/3471 3632/3832/3351
f 3635/3959/3471 3633/3960/3472 3684/3885/3402
f 3635/3959/3471 3637/3957/3469 3634/3833/3352
f 3637/3957/3469 3635/3959/3471 3683/3958/3470
f 3637/3957/3469 3682/3883/3400 3636/3834/3353
f 3682/3883/3400 3637/3957/3469 2985/3884/3401
f 3713/5738/5131 3714/3915/3429 3650/3917/3431 3648/3849/3366
f 3638/3882/3399 3639/3956/3468 3579/3835/3354
f 3639/3956/3468 3640/3839/3358 3577/3783/3302
f 3710/3840/3359 3679/3879/3396 3641/3841/3360
f 3641/3841/3360 3679/3879/3396 3642/3842/3361
f 3645/3933/3447 3643/3843/3362 3642/3842/3361
f 3647/5739/5125 3646/3846/3365 3644/3844/3363
f 3644/3844/3363 3711/3953/3465 3647/5739/5125
f 3648/3849/3366 3647/5729/5125 3712/5740/5132
f 3648/3849/3366 3650/3917/3431 3567/3850/3367
f 3717/3948/3460 3718/3955/3467 3658/3860/3377 3716/3919/3433
f 3650/3917/3431 3651/3916/3430 3649/3851/3368
f 3651/3916/3430 3653/3935/3449 3562/3771/3291
f 3653/3935/3449 3651/3916/3430 3715/3937/3451
f 3653/3935/3449 3654/3918/3432 3652/3852/3369
f 3654/3918/3432 3655/3856/3373 3559/5721/5118
f 3716/3919/3433 3656/3857/3374 3655/3856/3373
f 3716/3919/3433 3658/3860/3377 3656/3857/3374
f 3660/5730/5126 3718/3955/3467 3719/3920/3434 3661/3863/3380
f 3659/3861/3378 3658/3860/3377 3718/3955/3467 3660/5730/5126
f 3721/5741/3436 3664/5732/3438 3663/3864/3381 3720/3921/3435
f 3665/3866/3383 3666/3868/3385 3722/3923/3437 3725/3927/3441
f 3664/3924/3438 3722/3923/3437 3666/3868/3385
f 3722/3923/3437 3723/3925/3439 3725/3927/3441
f 3726/3929/3443 3665/3866/3383 3725/3927/3441 3724/3926/3440
f 3645/3933/3447 3730/3934/3448 3711/3953/3465 3644/3844/3363
f 3726/3929/3443 3667/3867/3384 3665/3866/3383
f 3726/3929/3443 3672/3928/3442 3671/5733/5127
f 3672/3928/3442 3724/3926/3440 3727/3930/3444
f 3672/3928/3442 3674/3874/3391 3673/3873/3390
f 3675/3875/3392 3678/3931/3445 3676/3876/3393
f 3678/3931/3445 3675/3875/3392 3728/3952/3464
f 3677/3877/3394 3729/3932/3446 3730/3934/3448
f 3677/3877/3394 3730/3934/3448 3679/3879/3396
f 3730/3934/3448 3642/3842/3361 3679/3879/3396
f 3728/3952/3464 3738/3943/3457 3731/3954/3466 3729/3932/3446
f 3711/3953/3465 3730/3934/3448 3729/3932/3446
f 3711/3953/3465 3712/5742/5132 3647/5739/5125
f 3712/5742/5132 3711/3953/3465 3731/3954/3466
f 3712/5740/5132 3713/5738/5131 3648/3849/3366
f 3713/5738/5131 3712/5740/5132 3732/5743/3456
f 3714/3915/3429 3713/5738/5131 3733/3940/3454
f 3714/3915/3429 3715/3937/3451 3651/3916/3430
f 3715/3937/3451 3714/3915/3429 3734/3936/3450
f 3715/3937/3451 2964/3392/2929 3653/3935/3449
f 2964/3392/2929 3715/3937/3451 2962/3390/2927
f 3734/3936/3450 3736/3939/3453 2962/3390/2927
f 3734/3936/3450 3714/3915/3429 3733/3940/3454
f 3733/3940/3454 3732/5743/3456 3737/3941/3455
f 3732/5743/3456 3733/3940/3454 3713/5738/5131
f 3732/3942/3456 3731/3954/3466 3738/3943/3457
f 3738/3943/3457 3728/3952/3464 2966/3951/3463 3739/3945/3458
f 3731/3954/3466 3732/3942/3456 3712/5742/5132
f 3728/3952/3464 3729/3932/3446 3678/3931/3445
f 3741/5744/5133 3740/3946/3459 3739/3945/3458 2967/3950/3462
f 3742/5745/5134 3735/3938/3452 3740/3947/3459 3741/5746/5133
f 3735/3938/3452 3742/5745/5134 3743/5747/5135 3736/3939/3453
f 3719/3920/3434 3743/5747/5135 3742/5745/5134 3720/3921/3435
f 3741/5746/5133 3744/5748/5136 3742/5745/5134
f 3717/3948/3460 2963/3391/2928 3743/5747/5135 3719/3920/3434
f 3744/5748/5136 3721/5741/3436 3720/3921/3435 3742/5745/5134
f 2967/3950/3462 3745/3949/3461 3744/5749/5136 3741/5744/5133
f 3721/3922/3436 3744/5749/5136 3745/3949/3461
f 3721/3922/3436 3745/3949/3461 3722/3923/3437
f 3745/3949/3461 2967/3950/3462 3723/3925/3439
f 3723/3925/3439 3727/3930/3444 3724/3926/3440
f 3736/3939/3453 3743/5747/5135 2963/3391/2928 2962/3390/2927
f 2992/5563/4989 3685/3961/3473 3709/5737/5130 2994/3408/2945
f 2967/3950/3462 3739/3945/3458 2966/3951/3463
f 3679/3879/3396 3710/3840/3359 3680/3880/3397
f 3640/3839/3358 3639/3956/3468 3681/3881/3398
f 3683/3958/3470 3684/3885/3402 2986/5562/4988
f 3694/3908/3424 3693/3893/3409 3692/3909/3425 3624/3823/3342
f 3630/3887/3404 2997/3409/2946 2995/5728/5124
f 3708/3963/3475 3687/3889/3406 3686/3888/3405
f 3629/3912/3428 3689/3965/3477 3688/3962/3474
f 3692/3909/3425 3691/3891/3408 3690/3890/3407
f 3028/3898/3414 3701/3972/3482 3613/3973/3483 3702/3897/3413
f 3695/3894/3410 3011/3422/2957 3694/3908/3424
f 3623/3907/3423 3696/3895/3411 3695/3894/3410
f 3620/3906/3422 3697/5736/5129 3016/3896/3412
f 3617/3902/3418 3706/3904/3420 3699/3968/3478
f 3706/3904/3420 3700/5734/5128 3699/3968/3478
f 3706/3904/3420 3701/3972/3482 3700/5734/5128
f 3667/3867/3384 3726/3929/3443 3670/3872/3389 3668/3870/3387
f 3494/3737/3257 3602/5703/5105 3600/5725/5121 3510/3738/3258
f 3608/3814/3333 3503/5700/5102 3502/3733/3253
f 3608/3814/3333 3504/5701/5103 3503/5700/5102
f 3523/5706/3269 3522/5750/3268 3589/3795/3314 3525/3794/3313
f 3510/3738/3258 3511/3803/3322 3491/3728/3248
f 3511/3803/3322 3512/3725/3245 3488/3724/3244
f 3598/3801/3320 3486/3722/3242 3513/3802/3321
f 3528/3979/3488 3581/3786/3305 3529/5708/5107 3464/5694/5097
f 3525/3794/3313 3526/3791/3310 3524/5705/5106
f 3535/5710/5108 3533/3754/3274 3571/3845/3364 3536/3779/3298
f 3575/3784/3303 3573/3781/3300 3455/3752/3272
f 3573/3781/3300 3534/3780/3299 3455/3752/3272
f 3442/5688/5093 3540/3981/3490 3561/3854/3371 3560/3853/3370
f 3536/3779/3298 3537/3778/3296 3451/5711/5094
f 3537/3776/3296 3538/3774/3294 3448/3705/3225
f 3538/3774/3294 3566/3773/3293 3447/3703/3223
f 3566/3773/3293 3565/5712/5109 3446/5685/5090
f 3436/3759/3279 3541/3982/3491 3557/5720/5117 3542/3760/3280
f 3430/3762/3282 3543/3761/3281 3555/5718/5115 3544/5713/5110
f 3427/5683/5088 3544/5713/5110 3553/3768/3288 3545/3767/3287
f 3287/3584/3111 3212/5608/5024 3462/5751/3233 3289/5650/3232
f 3044/3439/2974 3041/5569/4995 3610/3815/3334
f 3500/3730/3250 3259/3984/3493 3254/3572/3101
f 3496/3735/3255 3263/5637/5053 3262/5630/5046
f 3495/3988/3497 3264/3987/3496 3263/5637/5053
f 3492/3986/3495 3265/5642/5057 3264/3987/3496
f 3492/3986/3495 3266/3989/3498 3265/5642/5057
f 3489/3729/3249 3267/3580/3107 3266/3989/3498
f 3484/3723/3243 3271/3992/3501 3270/3990/3499
f 3482/3718/3238 3273/3581/3108 3272/3583/3110
f 3482/3718/3238 3272/3583/3110 3271/3992/3501
f 3481/3717/3237 3274/5643/5058 3273/3581/3108
f 3479/3995/3504 3275/3994/3503 3274/5643/5058
f 3477/3993/3502 3277/3997/3506 3275/3994/3503
f 3277/3997/3506 3279/3999/3508 3276/5645/5060
f 3279/3999/3508 3281/4000/3509 3278/5646/5061
f 3281/4000/3509 3283/4002/3511 3280/5647/5062
f 3283/4002/3511 3285/4004/3513 3282/5644/5059
f 3285/4004/3513 3286/4006/3515 3284/5648/5063
f 3286/4006/3515 3462/5751/3233 3212/5608/5024
f 3459/3707/3227 3291/3585/3112 3290/3710/3230 3460/3708/3228
f 3289/3712/3232 3290/3710/3230 3288/5653/5064
f 3456/4008/3517 3293/5651/5065 3292/4007/3516 3457/5690/5095
f 3290/3710/3230 3291/3585/3112 3205/5652/5022
f 3293/5651/5065 3456/4008/3517 3295/3590/3115 3294/3589/3114
f 3178/3592/3117 3180/5596/5016 3443/3758/3278 3301/3593/3118
f 3296/4009/3518 3452/3755/3275 3450/5709/3519
f 3449/3704/3224 3298/5655/5066 3297/3706/3226
f 3299/3702/3222 3444/3701/3221 3300/5656/5067
f 3164/3542/3073 3304/3596/3121 3433/3692/3212 3305/4013/3521
f 3301/3593/3118 3439/3699/3219 3175/3595/3120
f 3439/3699/3219 3302/3594/3119 3175/3595/3120
f 3438/5686/5091 3303/3696/3216 3302/3594/3119
f 3303/3696/3216 3434/3695/3215 3169/4012/3520
f 3434/3695/3215 3433/3692/3212 3304/3596/3121
f 3312/5678/5083 3418/3684/3204 3314/3600/3125 3313/3599/3124
f 3162/3689/3209 3307/4014/3522 3160/5590/5010
f 3307/4014/3522 3309/4015/3523 3306/3597/3122
f 3309/4015/3523 3310/4017/3525 3308/5657/5068
f 3311/3598/3123 3420/4016/3524 3312/5678/5083
f 3312/5678/5083 3313/3599/3124 3311/3598/3123
f 3316/5658/5069 3315/3601/3126 3417/3683/3203 3416/3682/3202
f 2943/4020/3528 3316/5658/5069 3416/3682/3202 3415/4018/3526
f 2909/5553/3529 3747/4084/3586 3748/4024/3532 2913/4023/3531
f 2943/4020/3528 3746/4019/3527 2942/3384/2921
f 3746/4019/3527 3747/5752/3586 2909/4021/3529
f 3342/4028/3536 2910/4025/3533 3750/4027/3535 3751/4030/3538
f 3347/3627/3151 3345/4035/3543 3753/4034/3542 3348/5665/5074
f 3319/4029/3537 2911/5551/4982 2910/4025/3533
f 3319/4029/3537 3342/4028/3536 3322/3622/3146
f 3342/4028/3536 3343/4031/3539 3341/3623/3147
f 3343/4031/3539 3344/4033/3541 3341/3623/3147
f 3752/4032/3540 3753/4034/3542 3344/4033/3541
f 3349/3629/3153 3348/5665/5074 3755/5753/5137 3756/4036/3544
f 3345/4035/3543 3347/3627/3151 3346/3624/3148
f 3348/5665/5074 3753/4034/3542 3754/5754/5138
f 3757/4037/3545 3353/3633/3156 3756/4036/3544 3755/5753/5137
f 3756/4036/3544 3352/3632/3155 3350/3630/3154
f 2980/3404/2941 3375/3653/3173 3777/4065/3568 2981/3655/3175
f 3757/4037/3545 3354/3634/3157 3353/3633/3156
f 3356/4039/3547 3758/4040/3548 3760/4042/3550
f 3760/4042/3550 3357/4044/3159 3356/4039/3547
f 3761/4043/3551 3760/4042/3550 3762/4045/3552
f 3763/4047/3553 3358/4049/3555 3022/3639/3160
f 3764/4051/3554 3763/4046/3553 3762/4045/3552
f 3764/4048/3554 3018/3429/2964 3358/4049/3555
f 3764/4048/3554 3014/3426/2961 3018/3429/2964
f 3362/5669/3930 3010/3423/2958 3361/4055/3559
f 3362/4448/3930 3768/4137/3639 3363/3641/3162
f 3363/3641/3162 3008/3643/2956 3362/4448/3930
f 3364/3642/3163 3769/4058/3561 3365/4059/3562
f 3769/4058/3561 3770/4141/3643 3365/4059/3562
f 3365/4059/3562 3770/4141/3643 3366/4060/3563
f 3366/4060/3563 2951/4102/3604 3367/4061/3564
f 3367/4061/3564 3003/3644/3164 3366/4060/3563
f 3371/3650/3170 3370/3648/3168 3774/4105/3607
f 3371/3650/3170 3774/4105/3607 3775/4106/3608
f 3372/4109/3611 3371/3650/3170 3775/4106/3608
f 3372/4109/3611 3373/5670/5077 2987/3407/2944
f 3374/3652/3172 3373/5670/5077 3776/4110/3612
f 3380/5671/5078 3378/3658/3178 3780/4067/3570 3779/4068/3571
f 2981/3655/3175 3778/4066/3569 3376/3656/3176
f 3778/4066/3569 3780/4067/3570 3376/3656/3176
f 3782/4069/3572 3380/5671/5078 3779/4068/3571 3781/4115/3617
f 3381/5672/5079 3380/5671/5078 3782/4069/3572 3383/4071/3574
f 3386/5673/5080 3784/4070/3573 3785/5755/5139 3389/4073/3576
f 3782/4069/3572 3783/4117/3619 3784/4070/3573
f 3784/4070/3573 3386/5673/5080 3383/4071/3574
f 3787/4072/3575 3389/4073/3576 3785/5755/5139 3786/5756/5140
f 3393/3669/3189 3390/3667/3187 3787/4072/3575 3789/4076/3579
f 3791/4121/3623 3393/3669/3189 3789/4076/3579 3790/4075/3578
f 3393/3669/3189 3791/4121/3623 3397/4077/3580 3394/3670/3190
f 3746/4019/3527 3411/3679/3199 3408/3678/3198 3747/5752/3586
f 3397/4077/3580 3793/5757/5141 3792/4078/3581
f 3396/3671/3191 3794/4080/3583 3401/3672/3192
f 3401/3672/3192 3794/4080/3583 3404/4081/3584
f 3404/4081/3584 3403/3674/3194 3401/3672/3192
f 3404/4081/3584 3795/4085/3587 3796/4082/3585
f 3796/4082/3585 3748/4024/3532 3408/4083/3198
f 3415/4018/3526 3409/5679/5084 3411/3679/3199
f 2913/4023/3531 3798/5758/5142 3799/5759/5143 2914/4026/3534
f 3796/4082/3585 3749/4022/3530 3748/4024/3532
f 3749/4022/3530 3797/4086/3588 3844/5760/5144
f 3749/4022/3530 3844/5760/5144 3798/5758/5142
f 3798/5758/5142 2913/4023/3531 3749/4022/3530
f 2914/4026/3534 3799/5759/5143 3800/4087/3589 3750/4027/3535
f 3805/4125/3627 3806/5761/5145 3754/5754/5138 3804/4090/3592
f 3801/4088/3590 3802/5762/5146 3752/4032/3540
f 3802/5762/5146 3803/4089/3591 3752/4032/3540
f 3752/4032/3540 3804/4090/3592 3753/4034/3542
f 3804/4090/3592 3754/5754/5138 3753/4034/3542
f 3755/5753/5137 3754/5754/5138 3806/5761/5145 3807/4091/3593
f 3808/5763/5147 3809/4038/3546 3807/4091/3593 3806/5761/5145
f 3754/5754/5138 3755/5753/5137 3348/5665/5074
f 3807/4091/3593 3757/4037/3545 3755/5753/5137
f 3356/4039/3547 3809/4038/3546 3811/4093/3595 3758/4040/3548
f 3809/4038/3546 3808/5763/5147 3810/4092/3594
f 3815/4134/3636 3813/4095/3597 3852/4129/3631 3814/4130/3632
f 3759/4041/3549 3852/4129/3631 3813/4095/3597
f 3816/4096/3598 3762/4045/3552 3813/4095/3597 3815/4134/3636
f 3813/4095/3597 3760/4042/3550 3759/4041/3549
f 3781/4115/3617 3779/4068/3571 3828/4111/3613 3830/4113/3615
f 3767/4056/3560 3820/4099/3601 3768/4137/3639
f 3768/4137/3639 3362/4448/3930 3767/4056/3560
f 3821/4138/3640 3363/3641/3162 3768/4137/3639
f 3769/4058/3561 3363/3641/3162 3821/4138/3640
f 3770/4141/3643 3862/4140/3642 2951/4102/3604
f 2951/4102/3604 3366/4060/3563 3770/4141/3643
f 3862/4140/3642 3822/4100/3602 2951/4102/3604
f 3863/4101/3603 3771/4062/3565 2951/4102/3604
f 3771/4062/3565 3863/4101/3603 3772/4063/3566
f 3824/4104/3606 3825/4196/3698 3774/4105/3607
f 3774/4105/3607 3826/4107/3609 3775/4106/3608
f 3372/4109/3611 3776/4110/3612 3373/5670/5077
f 3777/4065/3568 3828/4111/3613 3778/4066/3569
f 3783/4117/3619 3832/4116/3618 3785/5755/5139 3784/4070/3573
f 3781/4115/3617 3831/4114/3616 3783/4117/3619
f 3783/4117/3619 3782/4069/3572 3781/4115/3617
f 3786/5756/5140 3785/5755/5139 3832/4116/3618 3833/4149/3651
f 3834/4118/3620 3786/5756/5140 3833/4149/3651 3870/4148/3650
f 3786/5756/5140 3834/4118/3620 3789/4076/3579 3787/4072/3575
f 3838/5764/5148 3790/4075/3578 3836/4120/3622 3837/4152/3654
f 3834/4118/3620 3835/4119/3621 3788/4074/3577
f 3788/4074/3577 3836/4120/3622 3790/4075/3578
f 3791/4121/3623 3840/4123/3625 3793/5757/5141 3397/4077/3580
f 3790/4075/3578 3838/5764/5148 3839/4122/3624
f 3842/5765/5149 3792/4078/3581 3793/5757/5141 3841/4155/3657
f 3802/5762/5146 3801/4088/3590 3845/5766/5150 3846/4159/3661
f 3792/4078/3581 3842/5765/5149 3794/4080/3583
f 3794/4080/3583 3842/5765/5149 3795/4085/3587
f 3795/4085/3587 3404/4081/3584 3794/4080/3583
f 3842/5765/5149 3797/4086/3588 3795/4085/3587
f 3797/4086/3588 3843/4156/3658 3844/5760/5144
f 3845/5766/5150 3801/4088/3590 3800/4087/3589
f 3803/4089/3591 3802/5762/5146 3846/4159/3661 3847/4124/3626
f 3806/5761/5145 3805/4125/3627 3848/4126/3628 3808/5763/5147
f 3803/4089/3591 3805/4125/3627 3804/4090/3592
f 3851/4161/3663 3852/4129/3631 3812/4094/3596 3850/4128/3630
f 3848/4126/3628 3847/4124/3626 3849/4127/3629
f 3848/4126/3628 3810/4092/3594 3808/5763/5147
f 3850/4128/3630 3812/4094/3596 3810/4092/3594
f 3770/4141/3643 3769/4058/3561 3860/4136/3638 3861/4139/3641
f 3852/4129/3631 3853/4164/3666 3814/4130/3632
f 3855/4132/3634 3815/4134/3636 3814/4130/3632
f 3855/4132/3634 3854/4131/3633 3856/4133/3635
f 3816/4096/3598 3856/4133/3635 3817/5767/5151
f 3817/5767/5151 3818/4097/3599 3816/4096/3598
f 3817/5767/5151 3856/4133/3635 3857/4168/3670
f 3817/5767/5151 3857/4168/3670 3819/4098/3600
f 3819/4098/3600 3818/4097/3599 3817/5767/5151
f 3857/4168/3670 3820/4099/3601 3819/4098/3600
f 3859/4135/3637 3820/4099/3601 3857/4168/3670
f 3768/4137/3639 3820/4099/3601 3859/4135/3637
f 3776/4110/3612 3829/4112/3614 3828/4111/3613 3777/4065/3568
f 3823/4103/3605 3772/4063/3566 3863/4101/3603
f 3823/4103/3605 3918/4143/3645 3824/4104/3606
f 3824/4104/3606 3918/4143/3645 3825/4196/3698
f 3826/4107/3609 3774/4105/3607 3825/4196/3698
f 3825/4196/3698 3919/4195/3697 3826/4107/3609
f 3866/4200/3702 3829/4112/3614 2965/4144/3646 3865/4199/3701
f 3867/4145/3647 3830/4113/3615 3829/4112/3614 3866/4200/3702
f 3832/4116/3618 3831/4114/3616 3867/4145/3647 3868/4146/3648
f 3875/4153/3655 3839/4122/3624 3838/5764/5148 3874/4209/3711
f 3832/4116/3618 3869/4147/3649 3833/4149/3651
f 3870/4148/3650 3871/4204/3706 3835/4119/3621
f 3835/4119/3621 3834/4118/3620 3870/4148/3650
f 3835/4119/3621 3872/4150/3652 3836/4120/3622
f 3837/4152/3654 3874/4209/3711 3838/5764/5148
f 3843/4156/3658 3876/4154/3656 3878/4158/3660 3844/5760/5144
f 3839/4122/3624 3875/4153/3655 3840/4123/3625
f 3841/4155/3657 3793/5757/5141 3840/4123/3625
f 3840/4123/3625 3876/4154/3656 3841/4155/3657
f 3841/4155/3657 3797/4086/3588 3842/5765/5149
f 3876/4154/3656 3875/4153/3655 3877/4157/3659
f 3798/5758/5142 3878/4158/3660 3879/5768/5152 3799/5759/5143
f 3878/4158/3660 3798/5758/5142 3844/5760/5144
f 3878/4158/3660 3877/4157/3659 3879/5768/5152
f 3799/5759/5143 3879/5768/5152 3880/5769/5153 3800/4087/3589
f 3800/4087/3589 3880/5769/5153 3881/5770/5154 3845/5766/5150
f 3846/4159/3661 3845/5766/5150 3881/5770/5154 3849/4127/3629
f 2902/5554/4983 3882/5771/5155 3849/4127/3629 3881/5770/5154
f 2901/4186/3688 3884/4160/3662 3883/4162/3664 3882/5771/5155
f 3882/5771/5155 3850/4128/3630 3849/4127/3629
f 3882/5771/5155 3883/4162/3664 3850/4128/3630
f 3887/4166/3668 3856/4133/3635 3854/4131/3633 3886/4165/3667
f 3883/4162/3664 3851/4161/3663 3850/4128/3630
f 3851/4161/3663 3885/4163/3665 3853/4164/3666
f 3853/4164/3666 3852/4129/3631 3851/4161/3663
f 3854/4131/3633 3814/4130/3632 3853/4164/3666
f 3895/4177/3679 3896/4176/3678 3897/4178/3680 3916/4194/3696
f 3859/4135/3637 3857/4168/3670 3858/4169/3671
f 3858/4169/3671 3889/4170/3672 3860/4136/3638
f 3822/4100/3602 3894/4175/3677 3893/4173/3675
f 3891/4174/3676 3889/4170/3672 3895/4177/3679
f 3880/5769/5153 3908/5772/5156 2902/5554/4983 3881/5770/5154
f 3897/4178/3680 3888/4167/3669 3898/4179/3681
f 3898/4179/3681 3887/4166/3668 3899/4182/3684
f 3899/4182/3684 3887/4166/3668 3886/4165/3667
f 3899/4182/3684 3901/4181/3683 3898/4179/3681
f 3900/4180/3682 3902/4184/3686 3901/4181/3683
f 3900/4180/3682 3886/4165/3667 3903/4185/3687
f 3904/4188/3690 3905/4183/3685 3903/4185/3687
f 3903/4185/3687 3885/4163/3665 3904/4188/3690
f 2901/4186/3688 3904/4188/3690 3884/4160/3662
f 3906/4187/3689 2903/5555/4984 3907/4191/3693
f 2903/5555/4984 3908/5772/5156 3909/4189/3691
f 2903/5555/4984 3906/4187/3689 2901/4186/3688
f 3908/5772/5156 3880/5769/5153 3879/5768/5152
f 3908/5772/5156 2903/5555/4984 2902/5554/4983
f 3877/4157/3659 3909/4189/3691 3908/5772/5156 3879/5768/5152
f 3909/4189/3691 3907/4191/3693 2903/5555/4984
f 3871/4204/3706 3869/4147/3649 3922/4201/3703 3933/4202/3704
f 3907/4191/3693 3928/4210/3712 3911/4192/3694
f 3907/4191/3693 3911/4192/3694 3906/4187/3689
f 3928/4210/3712 3912/4212/3714 3911/4192/3694
f 3911/4192/3694 3912/4212/3714 3905/4183/3685
f 3905/4183/3685 3912/4212/3714 3902/4184/3686
f 3912/4212/3714 3913/4211/3713 3902/4184/3686
f 3902/4184/3686 3914/4219/3721 3915/4193/3695
f 3898/4179/3681 3915/4193/3695 3897/4178/3680
f 3916/4194/3696 3917/4214/3716 3894/4175/3677
f 3894/4175/3677 3917/4214/3716 3893/4173/3675
f 3892/4172/3674 3893/4173/3675 3864/4142/3644
f 3918/4143/3645 3932/4217/3719 3919/4195/3697
f 3827/4108/3610 3826/4107/3609 3919/4195/3697
f 3920/4197/3699 3865/4199/3701 2965/4144/3646
f 2965/4144/3646 3827/4108/3610 3920/4197/3699
f 3931/4216/3718 3930/4215/3717 3933/4202/3704 3922/4201/3703
f 3871/4204/3706 3870/4148/3650 3869/4147/3649
f 3871/4204/3706 3923/4203/3705 3924/4205/3707
f 3872/4150/3652 3925/4206/3708 3873/4151/3653
f 3874/4209/3711 3837/4152/3654 3873/4151/3653
f 3873/4151/3653 3926/4207/3709 3874/4209/3711
f 3910/4190/3692 3927/4208/3710 3907/4191/3693
f 3910/4190/3692 3877/4157/3659 3875/4153/3655
f 3907/4191/3693 3927/4208/3710 3928/4210/3712
f 3928/4210/3712 3926/4207/3709 3913/4211/3713
f 3913/4211/3713 3926/4207/3709 3925/4206/3708
f 3913/4211/3713 3925/4206/3708 3914/4219/3721
f 3914/4219/3721 3902/4184/3686 3913/4211/3713
f 3915/4193/3695 3914/4219/3721 3929/4213/3715
f 3931/4216/3718 3918/4143/3645 3864/4142/3644
f 3931/4216/3718 3864/4142/3644 3893/4173/3675
f 3931/4216/3718 3921/4198/3700 3932/4217/3719
f 3924/4205/3707 3914/4219/3721 3925/4206/3708
f 3331/3617/3141 3333/3614/3138 3032/3434/2969 3135/3524/3057
f 3931/4216/3718 3922/4201/3703 3921/4198/3700
f 3921/4198/3700 3920/4197/3699 3932/4217/3719
f 3872/4150/3652 3835/4119/3621 3871/4204/3706
f 3868/4146/3648 3867/4145/3647 3866/4200/3702
f 3891/4174/3676 3861/4139/3641 3890/4171/3673
f 3822/4100/3602 3861/4139/3641 3891/4174/3676
f 3882/5771/5155 2902/5554/4983 2901/4186/3688
f 3771/4062/3565 3367/4061/3564 2951/4102/3604
f 3415/4018/3526 3416/3682/3202 3414/3681/3201
f 3022/3639/3160 2896/3355/2893 3357/3638/3159
f 3322/3622/3146 3320/5661/5071 3319/4029/3537
f 3340/3619/3143 3326/3618/3142 3324/3602/3127
f 3329/3609/3133 3331/3617/3141 3330/3610/3134
f 3095/3478/3012 3096/3577/3106 3257/3574/3103 3097/3480/3014
f 3334/3615/3139 2894/4223/3723 3332/3612/3136
f 3096/3577/3106 3053/3511/3045 3052/3445/2979
f 3103/4229/3727 3102/5773/3018 3935/5774/5157 3936/4227/3725
f 3099/5639/3015 3253/4224/3724 3100/4226/3016
f 3935/5774/5157 3102/5773/3018 3101/4225/3017
f 3940/4233/3730 3105/3486/3020 3938/4232/3729 3939/4231/3728
f 3103/5576/3727 3937/4230/3726 3938/4232/3729
f 3103/5576/3727 3938/4232/3729 3105/3486/3020 3104/3485/3019
f 3106/3487/3021 3942/4235/3732 3943/4424/3908 3107/3489/3023
f 3940/4233/3730 3939/4231/3728 4026/4299/3794
f 3109/5578/5003 3108/5775/5158 3943/4424/3908 3944/4423/3907
f 3107/3489/3023 3943/4424/3908 3108/5775/5158
f 3108/5775/5158 3084/3490/3024 3107/3489/3023
f 3117/4244/3741 3116/3500/3034 3950/4241/3738 3951/4242/3739
f 3108/5775/5158 3109/5578/5003 3084/3490/3024
f 3110/5577/5002 3109/5578/5003 3945/4236/3733
f 3110/5577/5002 3945/4236/3733 3111/3491/3025
f 3111/3491/3025 3076/5575/5001 3110/5577/5002
f 3946/4237/3734 4015/4238/3735 2948/3494/3028
f 3949/4240/3737 3114/3498/3032 3948/3497/3031
f 3958/4433/3917 3120/3503/3037 3956/4247/3744 3957/4431/3915
f 3117/4244/3741 3118/3501/3035 3116/3500/3034
f 3953/4245/3742 3955/4429/3913 3954/4246/3743
f 3125/3513/3047 3961/4249/3746 3127/4251/3748 3126/3514/3048
f 3120/3503/3037 3958/4433/3917 3121/3505/3039
f 3121/3505/3039 3958/4433/3917 3959/4248/3745
f 3124/3512/3046 3051/3510/3044 3123/3509/3043
f 3124/3512/3046 4132/4434/3918 3961/4249/3746
f 3969/4262/3758 3142/3529/3062 3967/4261/3757 3968/4439/3922
f 3127/5583/3748 3960/4252/3747 3128/4254/3750
f 3128/4254/3750 3046/5570/4996 3127/5583/3748
f 3128/4254/3750 3962/4253/3749 3129/4256/3752
f 3129/4256/3752 3043/5584/5005 3128/4254/3750
f 3129/4256/3752 3963/4255/3751 3130/4257/3753
f 3130/4257/3753 3043/5584/5005 3129/4256/3752
f 3131/3517/3050 3038/3516/3049 3130/4257/3753
f 3966/4260/3756 3965/4259/3755 3967/4261/3757
f 3142/3529/3062 3138/3526/3059 3136/3523/3056
f 3146/4265/3761 3144/3530/3063 3969/4262/3758 3970/4263/3759
f 2915/4266/3762 3971/4264/3760 3972/4268/3763 2916/5776/3766
f 3971/4264/3760 2924/4267/2910 2923/5777/2908
f 3978/4275/3770 3982/4274/3769 3979/4277/3772 3980/4394/3880
f 3972/4268/3763 3970/4263/3759 3973/5778/5159
f 3972/4268/3763 3974/4440/3764 2916/5776/3766
f 3985/4280/3775 3983/4279/3774 3979/4277/3772 3984/4276/3771
f 4009/3550/3081 4008/4292/3787 3113/3496/3030 4010/4427/3911
f 3986/4278/3773 3988/4281/3776 3987/4282/3777
f 3990/4283/3778 3991/5779/5160 3989/4284/3779
f 3991/5779/5160 3992/4285/3780 3993/4388/3874
f 3991/5779/5160 3990/4283/3778 3994/4432/3916
f 3998/5780/5161 3999/4384/3870 3996/4288/3783
f 3996/4288/3783 4000/4430/3914 3998/5780/5161
f 3998/5780/5161 4003/4382/3868 4001/4381/3867
f 4003/4382/3868 4004/4291/3786 4002/4383/3869
f 4004/4291/3786 4003/4382/3868 4005/5781/5162
f 4012/4378/3864 4009/3550/3081 4010/4427/3911 4011/4377/3863
f 3947/4239/3736 2955/4374/3860 4011/4377/3863 4010/4427/3911
f 4011/4377/3863 2955/4374/3860 4013/4373/3859
f 2952/4375/3861 2955/4374/3860 3947/4239/3736 4014/4293/3788
f 4017/4296/3791 4016/5782/5163 4018/4425/3909 4019/4294/3789
f 4015/4238/3735 4016/5782/5163 4014/4293/3788
f 4016/5782/5163 4015/4238/3735 4018/4425/3909
f 4021/4426/3910 4022/5783/5164 4019/4294/3789 4018/4425/3909
f 4019/4294/3789 4022/5783/5164 4023/4297/3792 4024/4312/3804
f 4016/5782/5163 4017/4296/3791 4037/4313/3805 4014/4293/3788
f 4022/5783/5164 3942/4235/3732 4023/4297/3792
f 4026/4299/3794 4027/4300/3795 4028/4309/3801
f 4026/4299/3794 3941/4234/3731 3940/4233/3730
f 4027/4306/3795 3939/4301/3728 4029/4302/3796
f 4029/4302/3796 3937/4228/3726 4030/4303/3797
f 4030/4303/3797 2907/3360/2898 4029/4302/3796
f 4030/4303/3797 3936/4227/3725 2920/3365/2903
f 2920/3365/2903 2919/3364/2902 4030/4303/3797
f 2920/3365/2903 3936/4227/3725 3935/5774/5157
f 3935/5774/5157 3250/4304/3798 2920/3365/2903
f 3250/4304/3798 3248/5635/5051 2918/3363/2901
f 3935/5774/5157 3253/4224/3724 3250/4304/3798
f 3935/5774/5157 3101/4225/3017 3253/4224/3724
f 2918/3363/2901 3248/5635/5051 3245/4441/3923
f 3245/4441/3923 2919/3364/2902 2918/3363/2901
f 2907/3360/2898 2906/3359/2897 4029/4302/3796
f 2907/3360/2898 4030/4303/3797 2919/3364/2902
f 4027/4306/3795 4031/4305/3799 4032/4307/3800
f 4028/4308/3801 4032/4307/3800 4033/4332/3823
f 4028/4309/3801 4025/4298/3793 4026/4299/3794
f 4025/4298/3793 4034/4310/3802 4024/4312/3804
f 4024/4312/3804 4035/4311/3803 4020/4295/3790
f 4024/4312/3804 4023/4297/3792 4025/4298/3793
f 4020/4295/3790 4035/4311/3803 4036/5784/5165
f 4036/5784/5165 4037/4313/3805 4020/4295/3790
f 4037/4313/3805 4036/5784/5165 4038/5785/5166
f 4014/4293/3788 4037/4313/3805 4039/4315/3807 2953/4370/3856
f 4046/4316/3808 4041/5786/5167 4043/4314/3806 4051/4341/3829
f 4039/4315/3807 4040/4368/3854 2953/4370/3856
f 4041/5786/5167 4042/5787/5168 4039/4315/3807
f 4039/4315/3807 4043/4314/3806 4041/5786/5167
f 4044/4318/3810 4045/4367/3853 4041/5786/5167
f 2950/5788/3850 4047/5789/3849 4044/4318/3810 2949/4317/3809
f 4041/5786/5167 4046/4316/3808 4044/4318/3810
f 4047/5789/3849 4048/5790/5169 4044/4318/3810
f 4058/4342/3830 4055/4324/3815 4052/4323/3814 4057/4343/3826
f 4046/4316/3808 4049/4340/3812 2949/4317/3809
f 4049/4340/3812 4046/4316/3808 4051/4341/3829
f 4049/4321/3812 4052/4323/3814 4050/4319/3811
f 4052/4323/3814 4049/4321/3812 4054/5791/3828
f 4055/4324/3815 4056/4358/3844 4053/4322/3813
f 4055/4324/3815 4058/4342/3830 4059/4352/3838 4060/4355/3841
f 4062/4325/3816 4059/4352/3838 4058/4342/3830 4061/4326/3817
f 4063/4349/3835 4062/4325/3816 4064/4327/3818 4066/5792/5170
f 4062/4325/3816 4063/4349/3835 4059/4352/3838
f 2905/3362/2900 4067/4329/3820 4071/4330/3821 2904/3358/2896
f 4066/5792/5170 4065/4347/3833 4063/4349/3835
f 4066/5792/5170 4067/4329/3820 4065/4347/3833
f 4067/4329/3820 4068/3568/3098 4065/4347/3833
f 4067/4329/3820 4066/5792/5170 4071/4330/3821
f 4068/3568/3098 2905/3362/2900 3241/3569/3099
f 4031/4305/3799 2906/3359/2897 4072/5793/5171 4032/4307/3800
f 4071/4330/3821 4072/5793/5171 2906/3359/2897
f 4064/4327/3818 4073/4331/3822 4032/4307/3800 4072/5793/5171
f 4076/4338/3827 4035/4311/3803 4074/4335/3824 4075/4336/3825
f 4034/4334/3802 4028/4308/3801 4033/4332/3823
f 4036/5784/5165 4076/4338/3827 4057/4337/3826 4051/4341/3829
f 4073/4331/3822 4058/4342/3830 4075/4344/3825 4074/4333/3824
f 4076/4338/3827 4036/5784/5165 4035/4311/3803
f 4051/4341/3829 4057/4337/3826 4054/4339/3828
f 4051/4341/3829 4038/5785/5166 4036/5784/5165
f 4038/5785/5166 4043/4314/3806 4037/4313/3805
f 4051/4341/3829 4043/4314/3806 4038/5785/5166
f 4057/4343/3826 4052/4323/3814 4054/5791/3828
f 4066/5792/5170 4064/4327/3818 4072/5793/5171 4071/4330/3821
f 4073/4331/3822 4064/4327/3818 4061/4326/3817
f 2950/4364/3850 4050/4319/3811 4053/4322/3813 4085/4359/3845
f 4069/4345/3831 4070/4328/3819 4077/4346/3832
f 4069/4345/3831 4065/4347/3833 4068/3568/3098
f 4077/4346/3832 4063/4349/3835 4065/4347/3833
f 4078/4348/3834 4059/4352/3838 4063/4349/3835
f 4080/4351/3837 4060/4355/3841 4059/4352/3838
f 4060/4355/3841 4083/4356/3842 4056/4358/3844
f 4056/4358/3844 4055/4324/3815 4060/4355/3841
f 4056/4358/3844 4084/4357/3843 4053/4322/3813
f 4088/4362/3848 2950/4364/3850 4085/4359/3845 4087/4361/3847
f 4084/4357/3843 4086/4360/3846 4085/4359/3845
f 4091/5794/5172 4088/4362/3848 4089/4422/3906 4090/5795/5173
f 4087/4361/3847 4089/4422/3906 4088/4362/3848
f 4048/5796/5169 4047/4363/3849 4088/4362/3848 4091/5794/5172
f 4092/5797/3851 4048/5796/5169 4091/5794/5172 3202/4408/3893
f 2954/4369/3855 4040/4368/3854 4042/5787/5168 4094/4371/3857
f 4048/5790/5169 4092/4365/3851 4045/4367/3853
f 4045/4367/3853 4044/4318/3810 4048/5790/5169
f 4045/4367/3853 4093/4366/3852 4042/5787/5168
f 4042/5787/5168 4041/5786/5167 4045/4367/3853
f 4040/4368/3854 4039/4315/3807 4042/5787/5168
f 2954/4369/3855 4096/5798/5174 4013/4373/3859 2952/4375/3861
f 2954/4369/3855 4095/4372/3858 4096/5798/5174
f 4097/4376/3862 4013/4373/3859 4096/5798/5174 3187/5599/5019
f 4102/4399/3885 4103/5591/5011 3989/4284/3779 3991/5779/5160
f 4098/4380/3866 4002/4383/3869 4004/4291/3786
f 4002/4383/3869 4098/4380/3866 4099/4403/3889
f 4001/4381/3867 4002/4383/3869 4099/4403/3889
f 4001/4381/3867 3999/4384/3870 3998/5780/5161
f 4100/4386/3872 4101/4387/3873 3996/4288/3783
f 4101/4387/3873 3993/4388/3874 3995/4287/3782
f 3993/4388/3874 4101/4387/3873 3167/4402/3888
f 3991/5779/5160 3993/4388/3874 4102/4399/3885
f 4109/5799/5175 3978/4275/3770 3980/4394/3880 4108/4393/3879
f 4103/5591/5011 4104/4389/3875 3989/4284/3779
f 4104/4389/3875 4105/4390/3876 3987/4282/3777
f 3983/4279/3774 4107/4392/3878 3979/4277/3772
f 3980/4394/3880 3979/4277/3772 4107/4392/3878
f 3978/4275/3770 4109/5799/5175 3975/4272/3767 3977/4273/3768
f 2917/4395/3881 3975/4272/3767 4109/5799/5175 2925/3371/2909
f 4108/4393/3879 3153/4396/3882 2925/3371/2909 4109/5799/5175
f 2917/4395/3881 2924/3372/2910 2915/5556/3762
f 3159/3538/3069 3158/3537/3068 4104/4389/3875 4103/5591/5011
f 3153/4396/3882 3155/4397/3883 3152/5587/5007
f 4107/4392/3878 4106/4391/3877 3157/4398/3884
f 4106/4391/3877 4107/4392/3878 3983/4279/3774
f 4106/4391/3877 4105/4390/3876 3158/3537/3068
f 4105/4390/3876 4104/4389/3875 3158/3537/3068
f 3170/3543/3074 3165/3540/3071 4100/4386/3872 3173/4385/3871
f 4103/5591/5011 4102/4399/3885 3160/5590/5010
f 4102/4399/3885 3167/4402/3888 3163/4400/3886
f 3167/4402/3888 4102/4399/3885 3993/4388/3874
f 3165/3540/3071 4101/4387/3873 4100/4386/3872
f 3182/5597/5017 3185/4379/3865 4097/4376/3862 3187/5599/5019
f 3173/4385/3871 4099/4403/3889 3168/3544/3075
f 4099/4403/3889 3177/3548/3079 3172/3545/3076
f 3177/3548/3079 4099/4403/3889 4098/4380/3866
f 4098/4380/3866 3181/3549/3080 3177/3548/3079
f 4009/3550/3081 3185/4379/3865 3179/3551/3082
f 4095/4372/3858 3190/5595/5015 3187/5599/5019 4096/5798/5174
f 4097/4376/3862 3185/4379/3865 4012/4378/3864
f 3187/5599/5019 3190/5595/5015 3183/5594/5014
f 4110/4404/3890 3191/5592/5012 3190/5595/5015 4095/4372/3858
f 3191/5592/5012 4110/4404/3890 3197/3553/3084 3192/3552/3083
f 4111/4406/3891 3197/3553/3084 4110/4404/3890 4094/4371/3857
f 4114/4411/3895 3203/3561/3091 4113/4410/3894 4090/5795/5173
f 4111/4406/3891 4093/4366/3852 4112/4407/3892
f 4112/4409/3892 4092/5797/3851 3202/4408/3893
f 3203/3561/3091 3209/4412/3896 3204/5607/5023
f 3219/5613/5029 3216/4416/3900 4117/5800/5176 4118/5801/5177
f 3209/4412/3896 3213/4414/3898 3207/3562/3092
f 3213/4414/3898 3216/4416/3900 3210/5609/5025
f 3216/4416/3900 3219/5613/5029 3214/5615/5031
f 3216/4416/3900 4116/4415/3899 4117/5800/5176
f 4119/5802/5178 4120/5803/5179 4118/5801/5177 4117/5800/5176
f 4118/5801/5177 3222/5618/5034 3219/5613/5029
f 3222/5618/5034 4118/5801/5177 4120/5803/5179 4121/5804/5180
f 4070/4328/3819 3237/5629/5045 2940/5561/4987 4077/4346/3832
f 4121/5804/5180 3225/5621/5037 3222/5618/5034
f 4121/5804/5180 4122/5805/5181 3225/5621/5037
f 4122/5805/5181 3227/5622/5038 3225/5621/5037
f 4122/5805/5181 4121/5804/5180 4123/5806/5182
f 4122/5805/5181 4124/5807/5183 3227/5622/5038
f 4124/5807/5183 3229/5624/5040 3227/5622/5038
f 4124/5807/5183 3231/5625/5041 3229/5624/5040
f 3231/5625/5041 4124/5807/5183 4125/4417/3901
f 4125/4417/3901 3233/4442/3924 3231/5625/5041
f 3233/4442/3924 4125/4417/3901 2941/4419/3903
f 2939/4420/3904 4078/4348/3834 4077/4346/3832
f 4077/4346/3832 2940/5561/4987 2939/4420/3904
f 4125/4417/3901 4127/5808/5184 4079/4350/3836 4126/4418/3902
f 3235/4443/3925 2941/4419/3903 2940/5561/4987
f 4126/4418/3902 4079/4350/3836 4078/4348/3834
f 4123/5806/5182 4128/5809/5185 4081/4353/3839 4127/5808/5184
f 4127/5808/5184 4081/4353/3839 4079/4350/3836
f 4117/5800/5176 4130/5810/5186 4086/4360/3846 4129/4421/3905
f 4128/5809/5185 4082/4354/3840 4081/4353/3839
f 4129/4421/3905 4082/4354/3840 4119/5802/5178
f 4116/4415/3899 4115/4413/3897 4130/5810/5186 4117/5800/5176
f 4086/4360/3846 4130/5810/5186 4087/4361/3847
f 4089/4422/3906 4087/4361/3847 4130/5810/5186 4115/4413/3897
f 4120/5803/5179 4119/5802/5178 4082/4354/3840 4128/5809/5185
f 4089/4422/3906 4114/4411/3895 4090/5795/5173
f 4129/4421/3905 4119/5802/5178 4117/5800/5176
f 4121/5804/5180 4120/5803/5179 4128/5809/5185 4123/5806/5182
f 4124/5807/5183 4123/5806/5182 4127/5808/5184 4125/4417/3901
f 4123/5806/5182 4124/5807/5183 4122/5805/5181
f 4090/5795/5173 4113/4410/3894 3202/4408/3893 4091/5794/5172
f 4093/4366/3852 4111/4406/3891 4094/4371/3857 4042/5787/5168
f 4021/4426/3910 3944/4423/3907 3942/4235/3732 4022/5783/5164
f 4070/4328/3819 3238/3567/3097 3237/5629/5045
f 4070/4328/3819 3240/3565/3095 3238/3567/3097
f 4050/4319/3811 2950/4364/3850 2949/4320/3809
f 3109/5578/5003 3944/4423/3907 4021/4426/3910 3945/4236/3733
f 3950/4241/3738 3949/4240/3737 4004/4291/3786 4005/5781/5162
f 4008/4292/3787 4006/4289/3784 3948/3497/3031
f 4133/4435/3919 3960/4250/3747 4132/4434/3918 3981/5811/5187
f 4005/5781/5162 3952/4243/3740 3951/4242/3739
f 4005/5781/5162 3951/4242/3739 3950/4241/3738
f 4005/5781/5162 4003/4382/3868 3952/4243/3740
f 4000/4430/3914 3997/4286/3781 3955/4429/3913
f 3955/4429/3913 3997/4286/3781 3957/4431/3915
f 3957/4431/3915 3956/4247/3744 3954/4246/3743
f 3957/4431/3915 3992/4285/3780 3994/4432/3916
f 3994/4432/3916 3990/4283/3778 3988/4281/3776
f 3959/4248/3745 3985/4280/3775 3984/4276/3771
f 4132/4434/3918 3982/4274/3769 3981/5811/5187
f 3960/4250/3747 3961/4249/3746 4132/4434/3918
f 3972/4268/3763 3973/5778/5159 3963/4255/3751 4135/4438/3921
f 3981/5811/5187 3977/4273/3768 4133/4435/3919
f 4133/4435/3919 3976/4270/3765 4134/4436/3920
f 4134/4437/3920 4135/4438/3921 3962/4253/3749
f 4135/4438/3921 4134/4437/3920 3974/4440/3764
f 3964/4258/3754 3963/4255/3751 3973/5778/5159 3968/4439/3922
f 4131/4428/3912 3952/4243/3740 4003/4382/3868 3998/5780/5161
f 3968/4439/3922 3967/4261/3757 3965/4259/3755
f 3981/5811/5187 3982/4274/3769 3977/4273/3768
f 3992/4285/3780 3991/5779/5160 3994/4432/3916
f 4000/4430/3914 3996/4288/3783 3997/4286/3781
f 4131/4428/3912 3998/5780/5161 4000/4430/3914
f 3968/4439/3922 3973/5778/5159 3970/4263/3759 3969/4262/3758
f 3975/4272/3767 2917/4395/3881 2916/4271/3766
f 3082/3466/3000 2932/3376/2914 2927/3375/2913 3086/3468/3002
f 3253/4224/3724 3099/5639/3015 3251/5638/5054
f 2926/3369/2907 3149/3534/3065 2923/3370/2908
f 3148/3379/2917 3971/5581/3760 2923/3532/2908
f 3035/3520/3053 3134/3611/3135 2897/3438/2973
f 2929/3368/2906 3090/3473/3007 2922/3366/2904
f 3086/3468/3002 2927/3375/2913 2921/3367/2905
f 3061/3451/2985 4136/4444/3926 3066/3456/2990 3065/3452/2986
f 2932/3376/2914 3082/3466/3000 4136/4444/3926
f 2930/3373/2911 2932/3376/2914 4136/4444/3926 3061/3451/2985
f 4151/5812/5188 4137/4449/3931 4153/4451/3933 4154/4779/4253
f 3066/3456/2990 3078/4445/3927 2944/4446/3928
f 3066/3456/2990 2944/4446/3928 3067/5573/4999
f 2944/4446/3928 3072/3460/2994 3067/5573/4999
f 3079/3463/2997 4136/4444/3926 3082/3466/3000
f 3086/3468/3002 3081/3467/3001 3082/3466/3000
f 2919/3364/2902 2904/3358/2896 2907/3360/2898
f 4151/5812/5188 4152/4688/4166 4137/4449/3931
f 4350/4576/4056 4140/4503/3985 4165/4500/3982 4253/5813/5189
f 4139/5549/4980 4158/4578/4058 4159/4579/4059
f 4437/4456/3938 4163/4455/3937 4141/4656/4134
f 4175/5478/4914 4172/5449/4887 4173/5448/4886 4174/5450/4888
f 4140/4503/3985 4350/4576/4056 4166/4575/4055
f 4169/4591/4069 4167/4594/4072 4168/4510/3992
f 4315/4552/4033 4201/4615/4093 4146/4472/3954 4200/4474/3956
f 4142/5814/3940 4177/4907/3942 4178/5815/3944
f 4180/4702/4178 4181/4701/4177 4577/4790/4262
f 4143/4463/3945 4183/4465/3947 4184/5426/4864
f 4188/5336/4776 4187/5545/4775 5244/5337/4777
f 4144/4466/3948 4189/5424/4862 4190/5328/4769
f 4190/5328/4769 4191/5324/4765 4144/4466/3948
f 4197/4471/3953 4198/5816/5190 4145/4469/3951
f 4205/5486/4922 4148/5817/5191 4203/5514/4947 4204/5492/4866
f 4201/4615/4093 4383/4614/4092 4146/4472/3954
f 4206/5508/4941 4207/5511/4944 4148/5817/5191 4205/5486/4922
f 4210/4563/4044 4211/4566/3957 4150/5818/3959 4209/5819/5192
f 4215/4481/3963 4213/5820/5193 4150/4477/3959 4212/4478/3960
f 4335/4722/4198 4218/4479/3961 4215/4481/3963 4212/4478/3960
f 4212/4478/3960 4214/4476/3958 4216/5821/5194
f 4301/4542/4023 4230/4492/3974 4233/4493/3975 4234/4538/4019
f 4218/4479/3961 4220/4483/3965 4219/4482/3964
f 4222/4485/3967 4225/4545/4026 4220/4483/3965
f 4222/4485/3967 4220/4483/3965 4223/4569/4049
f 4224/4489/3971 4225/4545/4026 4222/4485/3967
f 4222/4485/3967 4227/4487/3969 4224/4489/3971
f 4224/4489/3971 4229/4488/3970 4228/4490/3972
f 4230/4492/3974 4231/4541/4022 4228/4490/3972
f 4346/4572/4052 4247/5822/5195 4246/4534/4015 4245/4537/4018
f 4234/4538/4019 4233/4493/3975 4236/4729/4205
f 4236/4729/4205 4237/5823/5196 4234/4538/4019
f 4237/5823/5196 4238/4496/3978 4234/4538/4019
f 4237/5823/5196 4236/4729/4205 4239/4728/4204
f 4240/4495/3977 4242/4498/3980 4298/4612/4090
f 4243/4497/3979 4245/4537/4018 4244/4499/3981
f 4293/4605/4083 4248/5824/5197 4251/5825/5198 4250/5826/5199
f 4247/5822/5195 4248/5824/5197 4249/4608/4086
f 4267/5827/5200 4265/4516/3998 4263/4506/3988 4266/4505/3987
f 4250/5826/5199 4251/5825/5198 4252/5828/5201
f 4254/4502/3984 4253/5813/5189 4165/4500/3982
f 4255/4501/3983 4256/5829/4008 4257/4532/4014
f 4258/5550/4981 4259/5830/5202 4255/4501/3983
f 4255/4501/3983 4140/4503/3985 4258/5550/4981
f 4261/4504/3986 4262/4521/4003 4260/4523/4005
f 4263/4506/3988 4264/4520/4002 4261/4504/3986
f 4270/5831/5203 4267/5827/5200 4266/4505/3987 4269/4581/4061
f 4267/5827/5200 4268/4513/3995 4265/4516/3998
f 4267/5827/5200 4270/5831/5203 4271/5832/3994 4272/5833/3993
f 4274/4509/3991 4271/5832/3994 4270/5831/5203 4273/4507/3989
f 4272/5833/3993 4278/4514/3996 4268/4513/3995 4267/5827/5200
f 4274/5834/3991 4275/4588/3990 4276/4587/4066
f 4274/5834/3991 4168/4510/3992 4271/4512/3994
f 4168/4510/3992 4277/4593/4071 4272/4511/3993
f 4168/4510/3992 4274/5834/3991 4169/4591/4069
f 4278/5835/3996 4272/4511/3993 4279/5836/5204
f 4265/4516/3998 4280/4515/3997 4264/4520/4002 4263/4506/3988
f 4280/4515/3997 4282/4518/4000 4264/4520/4002
f 4260/4523/4005 4284/4522/4004 4259/5830/5202 4258/5550/4981
f 4264/4520/4002 4283/4519/4001 4262/4521/4003
f 4262/4521/4003 4261/4504/3986 4264/4520/4002
f 4262/4521/4003 4285/5837/5205 4284/4522/4004
f 4287/5838/4006 4259/5830/5202 4284/4522/4004 4286/5839/4075
f 4138/4529/4011 4157/4530/4012 4256/4526/4008 4288/4525/4007
f 4259/5830/5202 4287/5838/4006 4256/5829/4008
f 4256/5829/4008 4255/4501/3983 4259/5830/5202
f 4290/4602/4080 4377/4527/4009 4138/4529/4011 4288/4525/4007
f 4157/4533/4012 4257/4532/4014 4256/5829/4008
f 4288/4525/4007 4287/4524/4006 4289/5840/5206
f 4253/5813/5189 4254/4502/3984 4379/5841/5207 4250/5826/5199
f 4291/4528/4010 4292/5842/4013 4157/4530/4012
f 4257/4532/4014 4254/4502/3984 4255/4501/3983
f 4254/4502/3984 4257/4532/4014 4292/4531/4013
f 4254/4502/3984 4292/4531/4013 4378/4604/4082
f 4294/4607/4085 4249/4608/4086 4248/5824/5197 4293/4605/4083
f 4219/4482/3964 4221/4484/3966 4305/4621/4099 4217/4480/3962
f 4249/4608/4086 4246/4534/4015 4247/5822/5195
f 4242/4498/3980 4244/4499/3981 4297/4610/4088
f 4240/4495/3977 4298/4612/4090 4381/4613/4091
f 4240/4495/3977 4299/4539/4020 4238/4496/3978
f 4299/4539/4020 4234/4538/4019 4238/4496/3978
f 4235/4540/4021 4301/4542/4023 4234/4538/4019
f 4301/4542/4023 4235/4540/4021 4300/4616/4094
f 4301/4542/4023 4302/4617/4095 4231/4541/4022
f 4228/4490/3972 4303/4543/4024 4225/4545/4026
f 4225/4545/4026 4224/4489/3971 4228/4490/3972
f 4225/4545/4026 4221/4484/3966 4220/4483/3965
f 4313/4551/4032 4208/4550/4031 4312/4549/4030 4384/4618/4096
f 4307/5843/5208 4308/5844/4042 4215/4481/3963
f 4215/4481/3963 4306/4546/4027 4307/5843/5208
f 4309/4548/4029 4310/4557/4038 4307/5843/5208
f 4309/4548/4029 4307/5843/5208 4147/4620/4098
f 4318/5845/5209 4314/4554/4035 4316/4708/4184 4317/5846/5210
f 4208/4550/4031 4313/4551/4032 4149/4553/4034
f 4149/4553/4034 4315/4552/4033 4314/4554/4035
f 4149/4553/4034 4318/5845/5209 4319/4555/4036 4208/4550/4031
f 4314/4554/4035 4318/5845/5209 4149/4553/4034
f 4318/5845/5209 4317/5846/5210 4319/4555/4036
f 4321/4558/4039 4309/4548/4029 4311/4547/4028 4320/4556/4037
f 4323/5847/4040 4310/4557/4038 4321/4558/4039 4322/5848/5211
f 4326/4711/4187 4213/5849/5193 4324/4560/4041 4325/4709/4185
f 4310/4557/4038 4323/5847/4040 4308/5844/4042
f 4308/5844/4042 4307/5843/5208 4310/4557/4038
f 4308/4561/4042 4324/4560/4041 4213/5849/5193
f 4213/5820/5193 4215/4481/3963 4308/5844/4042
f 4327/4713/4189 4209/5819/5192 4213/5849/5193 4326/4711/4187
f 4209/5819/5192 4327/4713/4189 4328/4564/4045 4210/4563/4044
f 4209/5819/5192 4150/5818/3959 4213/5849/5193
f 4330/4716/4192 4331/4565/4046 4210/4563/4044 4329/4562/4043
f 4347/4839/4308 4348/4838/4307 4247/5822/5195 4346/4572/4052
f 4211/4475/3957 4331/5850/4046 4332/4567/4047
f 4211/4475/3957 4332/4567/4047 4214/4476/3958
f 4334/4568/4048 4216/5821/5194 4214/4476/3958
f 4216/5821/5194 4335/4722/4198 4212/4478/3960
f 4218/4479/3961 4335/4722/4198 4336/4721/4197
f 4223/4569/4049 4218/4479/3961 4336/4721/4197
f 4223/4569/4049 4226/4486/3968 4222/4485/3967
f 4226/4486/3968 4223/4569/4049 4338/4725/4201
f 4232/4491/3973 4229/4488/3970 4340/4828/4297
f 4232/4491/3973 4341/5851/5212 4233/4493/3975
f 4341/5851/5212 4236/4729/4205 4233/4493/3975
f 4341/5851/5212 4232/4491/3973 4516/5852/5213
f 4237/5823/5196 4342/4571/4051 4238/4496/3978
f 4342/4571/4051 4237/5823/5196 4343/4730/4206
f 4245/4537/4018 4243/4497/3979 4345/4573/4053
f 4248/5824/5197 4247/5822/5195 4348/4838/4307 4251/5825/5198
f 4269/4581/4061 4354/4580/4060 4273/4507/3989 4270/5831/5203
f 4251/5825/5198 4348/4838/4307 4349/4841/4310
f 4252/5828/5201 4253/5813/5189 4250/5826/5199
f 4252/5828/5201 4251/5825/5198 4524/4840/4309
f 4252/5828/5201 4350/4576/4056 4253/5813/5189
f 4159/4579/4059 4352/4577/4057 4353/4852/4321
f 4159/4579/4059 4269/4581/4061 4139/5549/4980
f 4159/4579/4059 4353/4852/4321 4354/4580/4060
f 4272/4511/3993 4277/4593/4071 4364/4736/4212 4279/5836/5204
f 4354/4580/4060 4528/4851/4320 4355/4582/4062
f 4355/4582/4062 4357/4853/4322 4356/4583/4063
f 4276/4587/4066 4359/4586/4065 4360/4589/4067
f 4361/4590/4068 4360/4589/4067 4362/4735/4211
f 4361/4590/4068 4167/4594/4072 4169/4591/4069
f 4167/4594/4072 4361/4590/4068 4363/4592/4070
f 4364/4736/4212 4277/4593/4071 4416/4645/4123
f 4280/4515/3997 4278/4514/3996 4366/5853/5214 4281/4517/3999
f 4279/5836/5204 4364/4736/4212 4365/4644/4122
f 4279/5836/5204 4366/5854/5214 4278/5835/3996
f 4366/5854/5214 4279/5836/5204 4367/4737/4213
f 4283/4519/4001 4370/4596/4074 4285/5837/5205 4262/4521/4003
f 4368/4595/4073 4281/4517/3999 4369/5855/4117
f 4368/4595/4073 4371/5856/5215 4370/4596/4074
f 4409/4636/4114 4372/4598/4076 4285/5857/5205 4370/5858/4074
f 4287/4524/4006 4286/4597/4075 4373/4599/4077 4289/5840/5206
f 4285/5857/5205 4372/4598/4076 4286/4597/4075
f 4286/5839/4075 4284/4522/4004 4285/5837/5205
f 4289/5840/5206 4373/4599/4077 4374/4600/4078 4375/4634/4112
f 4288/4525/4007 4289/5840/5206 4375/4634/4112 4290/4602/4080
f 4375/4634/4112 4376/4601/4079 4290/4602/4080
f 4292/5842/4013 4291/4528/4010 4400/4695/4172 4398/4694/4081
f 4377/4527/4009 4400/4695/4172 4291/4528/4010
f 4393/4629/4107 4392/4628/4106 4249/4608/4086 4294/4607/4085
f 4378/4604/4082 4379/5841/5207 4254/4502/3984
f 4379/5841/5207 4293/4605/4083 4250/5826/5199
f 4379/5841/5207 4396/4631/4109 4293/4605/4083
f 4300/4616/4094 4201/4615/4093 4302/4617/4095 4301/4542/4023
f 4392/4628/4106 4295/4535/4016 4249/4608/4086
f 4391/4609/4087 4297/4610/4088 4296/4536/4017
f 4297/4610/4088 4298/4612/4090 4242/4498/3980
f 4381/4613/4091 4299/4539/4020 4240/4495/3977
f 4299/4539/4020 4381/4613/4091 4382/4622/4100
f 4382/4622/4100 4383/4614/4092 4299/4539/4020
f 4383/4614/4092 4300/4616/4094 4235/4540/4021
f 4304/4544/4025 4202/4619/4097 4305/4621/4099 4221/4484/3966
f 4302/4617/4095 4313/4551/4032 4384/4618/4096
f 4201/4615/4093 4315/4552/4033 4313/4551/4032 4302/4617/4095
f 4312/4549/4030 4202/4619/4097 4384/4618/4096
f 4395/4632/4110 4396/4631/4109 4397/5859/5216 4481/4698/4174
f 4383/4614/4092 4382/4622/4100 4385/4624/4102
f 4385/4624/4102 4146/4472/3954 4383/4614/4092
f 4386/4611/4089 4387/4625/4103 4388/4623/4101
f 4392/4628/4106 4391/4609/4087 4295/4535/4016
f 4372/4598/4076 4409/4636/4114 4407/4638/4116 4405/5548/4979
f 4397/5859/5216 4398/4603/4081 4399/5860/4171
f 4396/4631/4109 4379/5841/5207 4397/5859/5216
f 4398/4603/4081 4397/5859/5216 4378/4604/4082
f 4400/4695/4172 4377/4527/4009 4401/4633/4111
f 4401/4633/4111 4376/4601/4079 4402/5861/5217
f 4376/4601/4079 4375/4634/4112 4403/4635/4113
f 4403/4635/4113 4374/4600/4078 4404/4691/4169
f 4403/4635/4113 4402/5861/5217 4376/4601/4079
f 4374/4600/4078 4405/5548/4979 4406/4689/4167
f 4371/5862/5215 4369/4639/4117 4410/4641/4119 4408/4637/4115
f 4410/4641/4119 4411/4640/4118 4412/5863/4164
f 4363/4592/4070 4421/5864/5218 4418/5865/5219 4417/4646/4124
f 4414/4643/4121 4162/4454/3936 4413/5866/5220
f 4414/4643/4121 4415/4642/4120 4163/4455/3937
f 4414/4643/4121 4413/5866/5220 4367/4737/4213
f 4365/4644/4122 4416/4645/4123 4415/4642/4120
f 4417/4646/4124 4418/5865/5219 4419/5867/5221
f 4420/5868/5222 4418/5865/5219 4421/5864/5218 4422/4653/4131
f 4429/4651/4129 4424/4648/4126 4427/4738/4214 4428/4739/4215
f 4423/4649/4127 4422/4653/4131 4362/4735/4211
f 4423/4649/4127 4424/4648/4126 4425/4654/4132
f 4424/4648/4126 4426/4647/4125 4427/4738/4214
f 4424/4648/4126 4430/4650/4128 4431/4665/4143 4425/4654/4132
f 4418/5865/5219 4420/5868/5222 4434/4659/4137 4419/5867/5221
f 4425/4654/4132 4422/4653/4131 4423/4649/4127
f 4432/4652/4130 4420/5868/5222 4422/4653/4131
f 4420/5868/5222 4432/4652/4130 4433/4661/4139
f 4433/4661/4139 4434/4659/4137 4420/5868/5222
f 4447/4668/4146 4445/4667/4145 4448/4742/4218 4458/5869/5223
f 4419/5867/5221 4435/4655/4133 4417/4646/4124
f 4419/5867/5221 4170/4658/4136 4435/4655/4133
f 4435/4655/4133 4170/4658/4136 4141/4656/4134
f 4437/4456/3938 4141/4656/4134 4170/4658/4136
f 4170/4658/4136 4419/5867/5221 4434/4659/4137
f 4440/4663/4141 4433/4661/4139 4432/4652/4130
f 4432/4652/4130 4441/4664/4142 4440/4663/4141
f 4425/4654/4132 4442/4666/4144 4441/4664/4142
f 4431/4665/4143 4443/4678/4156 4442/4666/4144
f 4443/4678/4156 4431/4665/4143 4430/4650/4128
f 4430/4650/4128 4444/4669/4147 4443/4678/4156
f 4445/4667/4145 4444/4669/4147 4446/4740/4216
f 4458/5869/5223 4448/4742/4218 4449/4670/4148 4457/4757/4233
f 4445/4667/4145 4533/4864/4330 4448/4742/4218
f 4457/4757/4233 4449/4670/4148 4451/4672/4150 4452/4675/4153
f 4449/4670/4148 4448/4742/4218 4450/4671/4149
f 4461/4676/4154 4458/5869/5223 4459/4756/4232 4460/4677/4155
f 4452/4675/4153 4455/4751/4227 4456/4754/4230
f 4452/4675/4153 4456/4754/4230 4457/4757/4233
f 4474/4687/4165 4162/4454/3936 4472/4770/4246 4473/4685/4163
f 4458/5869/5223 4461/4676/4154 4447/4668/4146
f 4460/4677/4155 4442/4666/4144 4443/4678/4156
f 4463/4680/4158 4440/4663/4141 4441/4664/4142
f 4464/4681/4159 4465/4762/4238 4440/4663/4141
f 4465/4762/4238 4439/4662/4140 4440/4663/4141
f 4439/4662/4140 4465/4762/4238 4466/4682/4160
f 4466/4682/4160 4467/4683/4161 4438/4660/4138
f 4467/4683/4161 4466/4682/4160 4555/4764/4240
f 4467/4683/4161 4468/4684/4162 4436/4657/4135
f 4468/4684/4162 4469/5870/5224 4437/4456/3938
f 4469/5870/5224 4164/4457/3939 4437/4456/3938
f 4469/5870/5224 4468/4684/4162 4470/5871/5225
f 4164/4457/3939 4469/5870/5224 4471/4765/4241
f 4164/4457/3939 4472/4770/4246 4162/4454/3936
f 4411/5872/4118 4413/5866/5220 4474/4687/4165 4412/4686/4164
f 4405/5548/4979 4407/4638/4116 4152/4688/4166 4406/4689/4167
f 4474/4687/4165 4413/5866/5220 4162/4454/3936
f 4412/5863/4164 4475/4771/4247 4410/4641/4119
f 4410/4641/4119 4137/4449/3931 4408/4637/4115
f 4410/4641/4119 4476/4452/3934 4137/4449/3931
f 4401/4633/4111 4402/5861/5217 4478/4784/4258 4479/4692/4170
f 4406/4689/4167 4404/4691/4169 4374/4600/4078
f 4403/4635/4113 4478/4784/4258 4402/5861/5217
f 4483/4700/4176 4380/4606/4084 4395/4632/4110 4482/4699/4175
f 4401/4633/4111 4399/4693/4171 4400/4695/4172
f 4399/5860/4171 4481/4698/4174 4397/5859/5216
f 4317/5846/5210 4316/4708/4184 4490/4707/4183 4491/5873/4270
f 4181/4701/4177 4180/4702/4178 4392/4628/4106
f 4389/4626/4104 4388/4623/4101 4387/4625/4103
f 4388/4623/4101 4389/4626/4104 4486/4703/4179
f 4389/4626/4104 4485/4791/4263 4486/4703/4179
f 4486/4703/4179 4487/4704/4180 4385/4624/4102
f 4488/4705/4181 4316/4708/4184 4314/4554/4035
f 4316/4708/4184 4488/4705/4181 4489/4706/4182
f 4492/5874/4271 4319/4555/4036 4317/5846/5210 4491/5873/4270
f 4493/5875/5226 4320/4556/4037 4319/4555/4036 4492/5874/4271
f 4320/4556/4037 4493/5875/5226 4322/5848/5211 4321/4558/4039
f 4495/4805/4274 4322/5876/5211 4493/5877/5226 4494/4803/4272
f 4496/5878/5227 4323/4559/4040 4322/5876/5211 4495/4805/4274
f 4323/4559/4040 4496/5878/5227 4325/4709/4185 4324/4560/4041
f 4330/4716/4192 4503/4809/4278 4504/5879/5228 4331/4565/4046
f 4496/5878/5227 4497/5880/5229 4325/4709/4185
f 4325/4709/4185 4499/4932/4388 4498/4710/4186
f 4327/4713/4189 4500/4712/4188 4501/4714/4190
f 4501/4714/4190 4328/4564/4045 4327/4713/4189
f 4331/5850/4046 4504/5881/5228 4505/4717/4193 4332/4567/4047
f 4216/5821/5194 4334/4568/4048 4509/4818/4287 4335/4722/4198
f 4334/4568/4048 4332/4567/4047 4333/4718/4194
f 4333/4718/4194 4507/4719/4195 4334/4568/4048
f 4334/4568/4048 4507/4719/4195 4508/4817/4286
f 4508/4817/4286 4509/4818/4287 4334/4568/4048
f 4229/4488/3970 4339/4570/4050 4514/4829/4298 4340/4828/4297
f 4335/4722/4198 4509/4818/4287 4510/4720/4196
f 4336/4721/4197 4510/4720/4196 4511/4821/4290
f 4336/4721/4197 4337/4723/4199 4223/4569/4049
f 4337/4723/4199 4338/4725/4201 4223/4569/4049
f 4513/4726/4202 4514/4829/4298 4339/4570/4050
f 4517/4831/4300 4518/4830/4299 4341/5851/5212 4516/5852/5213
f 4514/4829/4298 4513/4726/4202 4515/4824/4293
f 4340/4828/4297 4516/5852/5213 4232/4491/3973
f 4236/4729/4205 4341/5851/5212 4518/4830/4299 4519/4727/4203
f 4350/4576/4056 4524/4840/4309 4525/4844/4313 4351/4574/4054
f 4239/4728/4204 4343/4730/4206 4237/5823/5196
f 4342/4571/4051 4344/4731/4207 4241/4494/3976
f 4344/4731/4207 4342/4571/4051 4623/5882/5230
f 4344/4731/4207 4345/4573/4053 4243/4497/3979
f 4521/4733/4209 4346/4572/4052 4345/4573/4053
f 4521/4733/4209 4347/4839/4308 4346/4572/4052
f 4347/4839/4308 4521/4733/4209 4522/4836/4305
f 4349/4841/4310 4524/4840/4309 4251/5825/5198
f 4349/4841/4310 4348/4838/4307 4523/4842/4311
f 4524/4840/4309 4350/4576/4056 4252/5828/5201
f 4351/4574/4054 4525/4844/4313 4526/4846/4315 4352/4577/4057
f 4356/4583/4063 4529/4854/4323 4530/4856/4210 4358/4584/4064
f 4352/4577/4057 4526/4846/4315 4527/4848/4317
f 4352/4577/4057 4527/4848/4317 4353/4852/4321
f 4357/4853/4322 4355/4582/4062 4528/4851/4320
f 4529/4854/4323 4356/4583/4063 4357/4853/4322
f 4361/4590/4068 4362/4735/4211 4421/5864/5218 4363/4592/4070
f 4362/4735/4211 4426/4647/4125 4423/4649/4127
f 4421/5864/5218 4362/4735/4211 4422/4653/4131
f 4281/4517/3999 4366/5853/5214 4411/5883/4118 4369/5855/4117
f 4416/4645/4123 4363/4592/4070 4417/4646/4124
f 4365/4644/4122 4367/4737/4213 4279/5836/5204
f 4367/4737/4213 4411/5872/4118 4366/5854/5214
f 4411/5872/4118 4367/4737/4213 4413/5866/5220
f 4468/4684/4162 4467/4683/4161 4556/5884/5231 4470/5871/5225
f 4369/5855/4117 4371/5856/5215 4368/4595/4073
f 4371/5862/5215 4409/4636/4114 4370/5858/4074
f 4409/4636/4114 4371/5862/5215 4408/4637/4115
f 4427/4738/4214 4360/4589/4067 4531/4858/4325
f 4531/4858/4325 4428/4739/4215 4427/4738/4214
f 4428/4739/4215 4532/4862/4328 4446/4740/4216
f 4446/4740/4216 4533/4864/4330 4445/4667/4145
f 4533/4864/4330 4534/4863/4329 4535/4743/4219
f 4535/4743/4219 4448/4742/4218 4533/4864/4330
f 4536/4741/4217 4450/4671/4149 4448/4742/4218
f 4539/4746/4222 4450/4671/4149 4536/4741/4217
f 4538/4745/4221 4540/4747/4223 4539/4746/4222
f 4540/4747/4223 4541/4748/4224 4453/4673/4151
f 4453/4673/4151 4542/4749/4225 4454/4674/4152
f 4543/4750/4226 4542/4749/4225 4544/5885/4341
f 4455/4751/4227 4543/4750/4226 4545/5886/5232
f 4455/4751/4227 4452/4675/4153 4454/4674/4152
f 4455/4751/4227 4545/5886/5232 4546/4752/4228
f 4547/4753/4229 4456/4754/4230 4455/4751/4227
f 4456/4754/4230 4547/4753/4229 4548/4755/4231
f 4459/4756/4232 4458/5869/5223 4457/4757/4233
f 4550/4759/4235 4462/4679/4157 4460/4677/4155
f 4462/4679/4157 4551/4760/4236 4463/4680/4158
f 4462/4679/4157 4463/4680/4158 4442/4666/4144
f 4551/4760/4236 4462/4679/4157 4552/4886/4345
f 4465/4762/4238 4464/4681/4159 4553/4761/4237
f 4466/4682/4160 4553/4761/4237 4554/4763/4239
f 4555/4764/4240 4556/5884/5231 4467/4683/4161
f 4556/5884/5231 4555/4764/4240 4557/4993/4448
f 4556/5884/5231 4558/4766/4242 4470/5871/5225
f 4469/5870/5224 4470/5871/5225 4558/4766/4242 4471/4765/4241
f 4558/4766/4242 4556/5884/5231 4559/5887/5233
f 4472/4770/4246 4164/4457/3939 4560/4893/4352 4561/4768/4244
f 4471/4765/4241 4656/4767/4243 4560/4893/4352
f 4471/4765/4241 4560/4893/4352 4164/4457/3939
f 4565/4777/4251 4155/4450/3932 4156/4453/3935 4564/4775/4249
f 4473/4685/4163 4562/4769/4245 4475/4773/4247
f 4476/4452/3934 4410/4641/4119 4475/4771/4247
f 4475/4771/4247 4563/4774/4248 4156/4453/3935
f 4155/4450/3932 4566/4776/4250 4567/4899/4357 4568/4778/4252
f 4155/4450/3932 4137/4449/3931 4156/4453/3935
f 4154/4779/4253 4568/4778/4252 4569/4904/4362 4570/4780/4254
f 4403/4635/4113 4404/4691/4169 4572/4782/4256 4573/4783/4257
f 4154/4779/4253 4571/4781/4255 4477/4690/4168
f 4477/4690/4168 4572/4782/4256 4404/4691/4169
f 4477/4690/4168 4151/5812/5188 4154/4779/4253
f 4580/4792/4264 4485/4791/4263 4579/4917/4373 4687/4916/4372
f 4478/4784/4258 4574/4785/4259 4479/4692/4170
f 4479/4692/4170 4480/4696/4173 4399/4693/4171
f 4482/4699/4175 4576/4789/4261 4483/4700/4176
f 4180/4702/4178 4577/4790/4262 4484/5888/5234
f 4484/5888/5234 4389/4626/4104 4180/4702/4178
f 4484/5888/5234 4579/4917/4373 4485/4791/4263
f 4485/4791/4263 4389/4626/4104 4484/5888/5234
f 4199/4473/3955 4487/4704/4180 4582/4794/4266 4583/4795/4267
f 4580/4792/4264 4487/4704/4180 4486/4703/4179
f 4584/4920/4376 4585/4922/4378 4583/4798/4267 4582/5889/4266
f 4490/4801/4183 4489/4797/4182 4586/4796/4268 4588/4927/4383
f 4585/4922/4378 4586/4796/4268 4583/4798/4267
f 4583/4795/4267 4489/4706/4182 4488/4705/4181
f 4587/4923/4379 4588/4927/4383 4586/4796/4268
f 4591/5890/5235 4492/4802/4271 4590/4799/4269 4589/5891/5236
f 4588/4927/4383 4589/5891/5236 4590/4799/4269
f 4588/4927/4383 4590/4799/4269 4490/4801/4183
f 4593/5892/5237 4591/5890/5235 4589/5891/5236 4592/4929/4385
f 4492/4802/4271 4591/5890/5235 4494/4803/4272 4493/5877/5226
f 4591/5890/5235 4593/5892/5237 4494/4803/4272
f 4495/4805/4274 4594/4804/4273 4497/5880/5229 4496/5878/5227
f 4494/4803/4272 4595/5893/5238 4594/4804/4273
f 4704/4937/4393 4599/4807/4276 4502/4715/4191 4703/4934/4390
f 4594/4804/4273 4596/5894/5239 4497/5880/5229
f 4499/4932/4388 4325/4709/4185 4497/5880/5229
f 4497/5880/5229 4597/5895/5240 4499/4932/4388
f 4598/4806/4275 4498/4710/4186 4499/4932/4388
f 4330/4716/4192 4502/4715/4191 4599/4807/4276 4503/4809/4278
f 4503/4809/4278 4602/4808/4277 4603/5896/4279 4504/5879/5228
f 4599/4807/4276 4707/4938/4394 4602/4808/4277
f 4504/5881/5228 4603/4810/4279 4605/4812/4281 4505/4717/4193
f 4606/4949/4404 4506/4813/4282 4605/4812/4281 4604/4811/4280
f 4610/4950/4405 4611/4819/4288 4509/4818/4287 4609/4816/4285
f 4506/4813/4282 4507/4719/4195 4505/4717/4193
f 4608/4815/4284 4508/4817/4286 4507/4719/4195
f 4514/4829/4298 4515/4824/4293 4617/4826/4295 4618/4827/4296
f 4511/4821/4290 4337/4723/4199 4336/4721/4197
f 4511/4821/4290 4512/4724/4200 4337/4723/4199
f 4614/4823/4292 4615/4825/4294 4513/4726/4202
f 4615/4825/4294 4515/4824/4293 4513/4726/4202
f 4615/4825/4294 4614/4823/4292 4616/4954/4409
f 4519/4727/4203 4518/4830/4299 4620/4832/4301 4621/4833/4302
f 4618/4827/4296 4516/5852/5213 4340/4828/4297
f 4517/4831/4300 4516/5852/5213 4619/5897/5241
f 4342/4571/4051 4343/4730/4206 4622/4958/4413 4623/5882/5230
f 4621/4833/4302 4622/4958/4413 4343/4730/4206
f 4643/5898/5242 4545/5886/5232 4642/5899/4435 4763/5900/5243
f 4623/5882/5230 4520/4732/4208 4344/4731/4207
f 4520/4732/4208 4623/5882/5230 4624/4834/4303
f 4624/4834/4303 4521/4733/4209 4520/4732/4208
f 4522/4836/4305 4626/4837/4306 4347/4839/4308
f 4626/4837/4306 4523/4842/4311 4348/4838/4307
f 4524/4840/4309 4523/4842/4311 4627/4843/4312
f 4628/4849/4318 4353/4852/4321 4527/4848/4317
f 4628/4849/4318 4739/4963/4418 4629/4850/4319
f 4530/4734/4210 4630/4857/4324 4531/4858/4325
f 4531/4858/4325 4359/4586/4065 4530/4734/4210
f 4529/4854/4323 4631/4859/4326 4630/4855/4324
f 4532/4862/4328 4534/4863/4329 4446/4740/4216
f 4634/4866/4332 4537/4869/4220 4536/5901/4217
f 4537/4869/4220 4636/4872/4335 4538/4874/4221
f 4635/4871/4334 4637/4875/4336 4636/4872/4335
f 4540/4873/4223 4637/4875/4336 4638/4876/4337
f 4541/4877/4224 4638/4876/4337 4639/4878/4338
f 4542/4879/4225 4639/4878/4338 4640/4880/4339
f 4640/5902/4339 4544/5885/4341 4542/4749/4225
f 4544/5885/4341 4642/5899/4435 4545/5886/5232
f 4544/5885/4341 4545/5886/5232 4543/4750/4226
f 4545/5886/5232 4643/5898/5242 4645/4986/4441 4546/4752/4228
f 4643/5898/5242 4764/5903/4533 4644/4981/4436
f 4643/5898/5242 4644/4981/4436 4645/4986/4441
f 4768/5085/4538 4769/4884/4343 4549/4758/4234 4548/4755/4231
f 4546/4752/4228 4645/4986/4441 4646/4883/4342
f 4646/4883/4342 4547/4753/4229 4546/4752/4228
f 4551/4760/4236 4552/4886/4345 4649/4987/4442 4650/4887/4346
f 4647/4885/4344 4552/4886/4345 4550/4759/4235
f 4552/4886/4345 4647/4885/4344 4648/5904/5244
f 4658/4894/4353 4561/4768/4244 4560/4893/4352 4657/4892/4351
f 4650/4887/4346 4464/4681/4159 4551/4760/4236
f 4650/4887/4346 4553/4761/4237 4464/4681/4159
f 4653/4890/4349 4557/4993/4448 4555/4764/4240
f 4557/4993/4448 4653/4890/4349 4775/4991/4446
f 4557/4993/4448 4559/5887/5233 4556/5884/5231
f 4559/5887/5233 4557/4993/4448 4654/4992/4447
f 4559/5887/5233 4655/4891/4350 4558/4766/4242
f 4559/5887/5233 4654/4992/4447 4655/4891/4350
f 4564/4775/4249 4665/4898/4356 4666/4900/4358 4565/4777/4251
f 4561/4768/4244 4658/4894/4353 4562/4769/4245
f 4657/4892/4351 4659/5905/5245 4658/4894/4353
f 4658/4894/4353 4661/5906/5246 4660/4895/4354
f 4660/4895/4354 4663/4999/4454 4662/4896/4355
f 4662/4897/4355 4664/5000/4455 4665/4898/4356
f 4671/4902/4360 4569/4904/4362 4669/4901/4359 4670/5006/4461
f 4666/4900/4358 4566/4776/4250 4565/4777/4251
f 4666/4900/4358 4667/5003/4458 4567/4899/4357
f 4567/4899/4357 4668/5907/5247 4669/4901/4359
f 4571/4781/4255 4570/4780/4254 4672/4903/4361 4673/5011/4466
f 4669/4901/4359 4569/4904/4362 4568/4778/4252
f 4569/4904/4362 4672/4903/4361 4570/4780/4254
f 4572/4782/4256 4571/4781/4255 4673/5011/4466 4674/5015/4470
f 4573/4783/4257 4572/4782/4256 4674/5015/4470 4675/4905/4363
f 4480/4696/4173 4574/4785/4259 4677/5908/5248 4575/4786/4260
f 4573/4783/4257 4676/4906/4364 4478/4784/4258
f 4676/4906/4364 4677/5908/5248 4574/4785/4259
f 4677/5908/5248 4676/4906/4364 4678/5016/4471
f 4677/5908/5248 4177/4907/3942 4575/4786/4260
f 4685/4913/4369 4178/4462/3944 4680/5909/4367 4683/4911/4366
f 4177/4907/3942 4677/5908/5248 4679/5018/4473
f 4177/4907/3942 4679/5018/4473 4178/5815/3944
f 4679/5018/4473 4680/5910/4367 4178/5815/3944
f 4680/4910/4367 4679/5911/4473 4681/5021/4476
f 4681/5021/4476 4682/4908/4365 4680/4910/4367
f 4581/5912/4265 4689/4918/4374 4584/4920/4376 4582/5889/4266
f 4179/4461/3943 4685/4913/4369 4686/4914/4370
f 4686/4914/4370 4577/4790/4262 4483/4700/4176
f 4578/4915/4371 4484/5888/5234 4577/4790/4262
f 4579/4917/4373 4484/5888/5234 4578/4915/4371
f 4687/4916/4372 4688/5022/4477 4581/4793/4265
f 4589/5891/5236 4588/4927/4383 4692/4926/4382 4592/4929/4385
f 4690/4919/4375 4691/4921/4377 4584/4920/4376
f 4691/4921/4377 4587/4923/4379 4585/4922/4378
f 4585/4922/4378 4587/4923/4379 4586/4796/4268
f 4808/4925/4381 4693/4928/4384 4692/4926/4382
f 4696/5913/5249 4595/5893/5238 4593/5892/5237 4695/5030/4485
f 4693/4928/4384 4694/5028/4483 4592/4929/4385
f 4592/4929/4385 4694/5028/4483 4593/5892/5237
f 4595/5893/5238 4494/4803/4272 4593/5892/5237
f 4698/5914/5250 4597/5895/5240 4596/5894/5239 4697/5915/5251
f 4595/5893/5238 4696/5913/5249 4596/5894/5239
f 4596/5894/5239 4594/4804/4273 4595/5893/5238
f 4597/5895/5240 4497/5880/5229 4596/5894/5239
f 4818/5032/4487 4700/4933/4389 4598/4806/4275 4817/4931/4387
f 4597/5895/5240 4698/5914/5250 4699/4930/4386
f 4699/4930/4386 4499/4932/4388 4597/5895/5240
f 4701/5034/4489 4501/4714/4190 4700/4933/4389 4818/5032/4487
f 4700/4933/4389 4500/4712/4188 4598/4806/4275
f 4706/5040/4495 4707/4938/4394 4600/4936/4392 4705/5037/4492
f 4501/4714/4190 4701/5034/4489 4702/4935/4391
f 4702/4935/4391 4502/4715/4191 4501/4714/4190
f 4705/5037/4492 4600/4936/4392 4704/4937/4393
f 4603/5896/4279 4602/4808/4277 4710/4941/4397 4712/4943/4399
f 4707/4938/4394 4706/5040/4495 4601/4939/4395
f 4706/5040/4495 4822/5039/4494 4601/4939/4395
f 4601/4939/4395 4602/4808/4277 4707/4938/4394
f 4601/4939/4395 4708/5043/4498 4709/4940/4396
f 4710/4941/4397 4602/4808/4277 4601/4939/4395
f 4709/4940/4396 4711/4942/4398 4710/4941/4397
f 4604/4811/4280 4603/4810/4279 4712/4946/4399 4714/4945/4401
f 4711/4942/4398 4713/5049/4400 4712/4943/4399
f 4506/4813/4282 4606/4949/4404 4717/5916/5252 4607/4814/4283
f 4714/4945/4401 4713/4944/4400 4715/4947/4402
f 4714/4945/4401 4606/4949/4404 4604/4811/4280
f 4716/4948/4403 4717/5916/5252 4606/4949/4404
f 4611/4819/4288 4610/4950/4405 4721/4952/4407 4612/4820/4289
f 4607/4814/4283 4609/4816/4285 4608/4815/4284
f 4607/4814/4283 4717/5916/5252 4718/5054/4508
f 4609/4816/4285 4607/4814/4283 4719/5055/4509
f 4719/5055/4509 4610/4950/4405 4609/4816/4285
f 4516/5852/5213 4618/4827/4296 4727/5062/4516 4619/5897/5241
f 4612/4820/4289 4613/4822/4291 4511/4821/4290
f 4613/4822/4291 4612/4820/4289 4722/5059/4513
f 4723/4953/4408 4613/4822/4291 4724/5155/4604
f 4616/4954/4409 4725/4955/4410 4615/4825/4294
f 4725/4955/4410 4616/4954/4409 4842/5158/4607
f 4617/4826/4295 4725/4955/4410 4726/5917/5253
f 4617/4826/4295 4727/5062/4516 4618/4827/4296
f 4741/4967/4422 4742/5918/5254 4629/4850/4319 4740/4964/4419
f 4619/5897/5241 4728/4956/4411 4517/4831/4300
f 4620/4832/4301 4729/4957/4412 4621/4833/4302
f 4729/4957/4412 4730/5919/5255 4622/4958/4413
f 4730/5919/5255 4623/5882/5230 4622/4958/4413
f 4730/5919/5255 4729/4957/4412 4731/5920/5256
f 4730/5919/5255 4732/5921/5257 4623/5882/5230
f 4732/5921/5257 4624/4834/4303 4623/5882/5230
f 4624/4834/4303 4732/5921/5257 4733/4959/4414
f 4625/4835/4304 4735/4961/4416 4522/4836/4305
f 4735/4961/4416 4626/4837/4306 4522/4836/4305
f 4736/4962/4417 4523/4842/4311 4626/4837/4306
f 4357/4853/4322 4742/5918/5254 4631/4859/4326 4529/4854/4323
f 4742/5918/5254 4357/4853/4322 4629/4850/4319
f 4742/5918/5254 4741/4967/4422 4631/4859/4326
f 4633/4865/4331 4631/4859/4326 4741/4967/4422 4744/4966/4421
f 4740/4964/4419 4743/4965/4420 4741/4967/4422
f 4631/4859/4326 4633/4865/4331 4534/4867/4329 4632/4860/4327
f 4746/4968/4423 4744/4966/4421 4743/4965/4420 4745/5068/4522
f 4748/4870/4333 4746/4968/4423 4745/5068/4522 4747/4969/4424
f 4746/4968/4423 4634/4866/4332 4633/4865/4331
f 4635/4871/4334 4748/4870/4333 4747/4969/4424 4751/4972/4427
f 4746/4968/4423 4748/4870/4333 4634/4866/4332
f 4753/4973/4428 4751/4972/4427 4750/4971/4426 4752/5072/4526
f 4762/5922/5258 4763/5923/5243 4642/4980/4435 4761/5924/5259
f 4751/4972/4427 4753/4973/4428 4635/4871/4334
f 4752/5072/4526 4754/4974/4429 4753/4973/4428
f 4753/4973/4428 4637/4875/4336 4635/4871/4334
f 4755/4975/4430 4754/4974/4429 4756/4976/4431
f 4638/4876/4337 4756/4976/4431 4757/4977/4432
f 4639/4878/4338 4757/4977/4432 4758/4978/4433
f 4759/4979/4434 4640/4880/4339 4639/4878/4338
f 4759/4979/4434 4758/4978/4433 4760/5925/5260
f 4759/4979/4434 4641/4881/4340 4640/4880/4339
f 4641/4881/4340 4759/4979/4434 4761/5924/5259
f 4761/5924/5259 4642/4980/4435 4641/4881/4340
f 4552/4886/4345 4648/5904/5244 4770/5926/5261 4649/4987/4442
f 4764/5903/4533 4765/4982/4437 4644/4981/4436
f 4764/5903/4533 4643/5898/5242 4763/5900/5243
f 4767/4984/4439 4645/4986/4441 4644/4981/4436
f 4767/4984/4439 4893/4985/4440 4645/4986/4441
f 4646/4883/4342 4768/5085/4538 4548/4755/4231
f 4769/4884/4343 4648/5904/5244 4647/4885/4344
f 4554/4763/4239 4652/4889/4348 4774/4990/4445 4653/4890/4349
f 4649/4987/4442 4770/5926/5261 4771/5927/5262
f 4771/5927/5262 4651/4888/4347 4649/4987/4442
f 4773/4989/4444 4774/4990/4445 4652/4889/4348
f 4778/5093/4546 4656/4767/4243 4655/4891/4350 4777/4996/4451
f 4654/4992/4447 4775/4991/4446 4901/5089/4542
f 4776/4995/4450 4777/4996/4451 4654/4992/4447
f 4659/5905/5245 4657/4892/4351 4656/4767/4243 4778/5093/4546
f 4780/4997/4452 4661/5906/5246 4659/5905/5245 4779/5094/4547
f 4661/5906/5246 4658/4894/4353 4659/5905/5245
f 4783/5928/4554 4664/5929/4455 4781/4998/4453 4782/5097/4550
f 4661/5906/5246 4780/4997/4452 4663/4999/4454
f 4663/4999/4454 4660/4895/4354 4661/5906/5246
f 4663/4999/4454 4781/4998/4453 4664/5929/4455
f 4664/5929/4455 4662/4896/4355 4663/4999/4454
f 4787/5004/4459 4668/5907/5247 4785/5930/5263 4786/5931/5264
f 4160/5002/4457 4666/4900/4358 4665/4898/4356
f 4667/5003/4458 4785/5930/5263 4668/5907/5247
f 4668/5907/5247 4787/5004/4459 4670/5006/4461 4669/4901/4359
f 4668/5907/5247 4567/4899/4357 4667/5003/4458
f 4671/4902/4360 4790/5008/4463 4792/5010/4465 4672/4903/4361
f 4670/5006/4461 4788/5005/4460 4789/5007/4462
f 4790/5008/4463 4671/4902/4360 4670/5006/4461
f 4790/5008/4463 4789/5007/4462 4791/5009/4464
f 4795/5014/4469 4792/5010/4465 4793/5932/4562 4794/5012/4467
f 4792/5010/4465 4791/5009/4464 4793/5932/4562
f 4674/5015/4470 4673/5011/4466 4792/5010/4465 4795/5014/4469
f 4676/4906/4364 4675/4905/4363 4796/5013/4468 4678/5016/4471
f 4681/5021/4476 4798/5933/5265 4800/5117/4566 4801/5019/4474
f 4678/5016/4471 4679/5018/4473 4677/5908/5248
f 4797/5934/4472 4798/5933/5265 4679/5911/4473
f 4797/5934/4472 4799/5116/4565 4798/5933/5265
f 4798/5933/5265 4681/5021/4476 4679/5911/4473
f 4688/5935/4477 4683/4909/4366 4803/5020/4475 4804/5023/4478
f 4681/5021/4476 4803/5020/4475 4682/4908/4365
f 4801/5019/4474 4802/5121/4570 4803/5020/4475
f 4686/4914/4370 4684/4912/4368 4687/4916/4372 4578/4915/4371
f 4683/4911/4366 4688/5022/4477 4684/4912/4368
f 4689/4918/4374 4581/5912/4265 4688/5935/4477 4804/5023/4478
f 4814/5936/5266 4697/5915/5251 4696/5913/5249 4813/5937/5267
f 4806/5025/4480 4807/4924/4380 4690/4919/4375
f 4809/5026/4481 4810/5027/4482 4693/4928/4384
f 4810/5027/4482 4811/5029/4484 4694/5028/4483
f 4695/5030/4485 4593/5892/5237 4694/5028/4483
f 4695/5030/4485 4812/5126/4575 4696/5913/5249
f 4697/5915/5251 4596/5894/5239 4696/5913/5249
f 4815/5938/5268 4698/5914/5250 4697/5915/5251 4814/5936/5266
f 4713/4944/4400 4830/5050/4504 4832/5052/4506 4715/4947/4402
f 4698/5914/5250 4815/5938/5268 4816/5031/4486
f 4816/5031/4486 4699/4930/4386 4698/5914/5250
f 4701/5034/4489 4949/5033/4488 4702/4935/4391
f 4819/5035/4490 4703/4934/4390 4702/4935/4391
f 4821/5038/4493 4706/5040/4495 4705/5037/4492
f 4822/5039/4494 4823/5041/4496 4708/5043/4498
f 4708/5043/4498 4824/5042/4497 4709/4940/4396
f 4708/5043/4498 4601/4939/4395 4822/5039/4494
f 4709/4940/4396 4825/5044/4499 4826/5045/4500
f 4826/5045/4500 4828/5047/4502 4827/5046/4501
f 4827/5046/4501 4829/5048/4503 4711/4942/4398
f 4828/5047/4502 4830/5939/4504 4829/5048/4503
f 4829/5940/4503 4830/5050/4504 4713/4944/4400
f 4836/5053/4507 4716/4948/4403 4715/4947/4402 4835/5150/4599
f 4832/5052/4506 4831/5051/4505 4833/5146/4595
f 4715/4947/4402 4832/5052/4506 4834/5149/4598
f 4716/4948/4403 4718/5054/4508 4717/5916/5252
f 4620/4832/4301 4728/4956/4411 4845/5941/5269 4729/4957/4412
f 4718/5054/4508 4719/5055/4509 4607/4814/4283
f 4837/5056/4510 4720/4951/4406 4719/5055/4509
f 4721/4952/4407 4722/5059/4513 4612/4820/4289
f 4721/4952/4407 4720/4951/4406 4839/5058/4512
f 4722/5059/4513 4724/5155/4604 4613/4822/4291
f 4724/5155/4604 4840/5060/4514 4723/4953/4408
f 4840/5060/4514 4724/5155/4604 4841/5156/4605
f 4842/5158/4607 4726/5917/5253 4725/4955/4410
f 4726/5917/5253 4842/5158/4607 4843/5160/4609
f 4726/5917/5253 4844/5061/4515 4617/4826/4295
f 4619/5897/5241 4727/5062/4516 4988/5262/4704
f 4619/5897/5241 4845/5941/5269 4728/4956/4411
f 4738/4847/4316 4855/5942/5270 4856/5943/5271 4739/4963/4418
f 4845/5941/5269 4846/5944/5272 4729/4957/4412
f 4846/5944/5272 4731/5920/5256 4729/4957/4412
f 4846/5944/5272 4845/5941/5269 4847/5945/5273
f 4731/5920/5256 4732/5921/5257 4730/5919/5255
f 4731/5920/5256 4846/5944/5272 4848/5267/4709
f 4732/5921/5257 4731/5920/5256 4849/5946/5274
f 4733/4959/4414 4732/5921/5257 4850/5063/4517
f 4734/4960/4415 4735/4961/4416 4625/4835/4304
f 4735/4961/4416 4734/4960/4415 4852/5162/4611
f 4853/5065/4519 4627/4843/4312 4736/4962/4417
f 4737/4845/4314 4854/5066/4520 4855/5942/5270
f 4855/5942/5270 4738/4847/4316 4737/4845/4314
f 4743/4965/4420 4740/4964/4419 4739/4963/4418 4856/5943/5271
f 4858/5067/4521 4856/5943/5271 4855/5942/5270 4857/5947/5275
f 4860/5069/4523 4858/5067/4521 4857/5947/5275 4859/5948/5276
f 4856/5943/5271 4858/5067/4521 4743/4965/4420
f 4749/4970/4425 4860/5069/4523 4859/5948/5276 4861/5070/4524
f 4858/5067/4521 4860/5069/4523 4745/5068/4522
f 4862/5165/4614 4863/5164/4613 4861/5070/4524 4859/5948/5276
f 4860/5069/4523 4749/4970/4425 4747/4969/4424
f 4865/5071/4525 4861/5070/4524 4863/5164/4613 4864/5170/4619
f 4868/5074/4528 4865/5071/4525 4866/5169/4618 4867/5949/5277
f 4861/5070/4524 4865/5071/4525 4750/4971/4426
f 4864/5170/4619 4866/5169/4618 4865/5071/4525
f 4754/4974/4429 4752/5072/4526 4865/5071/4525 4868/5074/4528
f 4869/5172/4621 4870/5073/4527 4868/5074/4528 4867/5949/5277
f 4871/5175/4624 4872/5076/4530 4870/5073/4527 4869/5172/4621
f 4754/4974/4429 4870/5073/4527 4872/5076/4530 4756/4976/4431
f 4873/5950/5278 4874/5075/4529 4872/5076/4530 4871/5175/4624
f 4875/5951/5279 4876/5078/4532 4874/5075/4529 4873/5950/5278
f 4757/4977/4432 4756/4976/4431 4874/5075/4529 4876/5078/4532
f 4878/5179/4628 4879/5077/4531 4876/5078/4532 4877/5177/4626
f 4876/5078/4532 4875/5951/5279 4877/5177/4626
f 4876/5078/4532 4758/4978/4433 4757/4977/4432
f 4880/5952/5280 4881/5953/5281 4879/5077/4531 4878/5179/4628
f 4879/5077/4531 4760/5925/5260 4758/4978/4433
f 4760/5925/5260 4879/5077/4531 4881/5953/5281 4882/5954/5282
f 4883/5955/5283 4884/5956/5284 4882/5954/5282 4881/5953/5281
f 4761/5924/5259 4882/5954/5282 4884/5956/5284 4762/5922/5258
f 4759/4979/4434 4760/5925/5260 4882/5954/5282 4761/5924/5259
f 4885/5957/5285 4886/5958/5286 4762/5922/5258 4884/5956/5284
f 4764/5080/4533 4886/5958/5286 4888/5959/5287 4889/5081/4534
f 4886/5958/5286 4887/5960/5288 4888/5959/5287
f 4763/5923/5243 4762/5922/5258 4886/5958/5286 4764/5080/4533
f 4651/4888/4347 4771/5927/5262 4896/5196/4643 4772/4988/4443
f 4888/5959/5287 4890/5961/5289 4889/5081/4534
f 4891/5188/4535 4766/4983/4438 4765/4982/4437
f 4893/4985/4440 4768/5085/4538 4646/4883/4342
f 4768/5085/4538 4893/4985/4440 4894/5084/4537
f 4769/4884/4343 4895/5193/4640 4770/5926/5261
f 4769/4884/4343 4770/5926/5261 4648/5904/5244
f 4895/5193/4640 4771/5927/5262 4770/5926/5261
f 4771/5927/5262 4895/5193/4640 5018/5192/4639
f 4897/5195/4642 4898/5086/4539 4772/4988/4443 4896/5196/4643
f 4905/5091/4544 4777/4996/4451 4776/4995/4450 4904/5201/4648
f 4898/5086/4539 4773/4989/4444 4772/4988/4443
f 4899/5087/4540 4774/4990/4445 4773/4989/4444
f 4775/4991/4446 4900/5088/4541 4901/5089/4542
f 4903/5090/4543 4904/5201/4648 4776/4995/4450
f 4778/5093/4546 4907/5092/4545 4779/5094/4547 4659/5905/5245
f 4904/5201/4648 4906/5200/4647 4905/5091/4544
f 4905/5091/4544 4906/5200/4647 4907/5092/4545
f 4783/5928/4554 4782/5097/4550 4910/5098/4551 4911/5962/4552
f 4780/4997/4452 4782/5097/4550 4781/4998/4453
f 4160/5002/4457 4161/5102/4555 4914/5211/4658 4915/5210/4657
f 4783/5101/4554 4912/5100/4553 4664/5000/4455
f 4912/5100/4553 4161/5102/4555 4784/5001/4456
f 4161/5102/4555 4912/5100/4553 4913/5209/4656
f 4917/5103/4556 4787/5004/4459 4786/5931/5264 4916/5963/4662
f 4160/5002/4457 4915/5210/4657 4786/5931/5264
f 4786/5931/5264 4785/5930/5263 4160/5002/4457
f 4920/5218/4665 4921/5108/4559 4919/5106/4558 4918/5105/4557
f 4919/5106/4558 4789/5109/4462 4788/5107/4460
f 4924/5964/5290 4794/5965/4467 4793/5113/4562 4923/5112/4561
f 4921/5108/4559 4791/5111/4464 4789/5109/4462
f 4921/5108/4559 4920/5218/4665 4922/5110/4560
f 4796/5966/4468 4794/5965/4467 4924/5964/5290 4925/5967/5291
f 4927/5114/4563 4925/5967/5291 4924/5964/5290 4926/5222/4669
f 4796/5966/4468 4925/5967/5291 4799/5116/4565 4797/5934/4472
f 4925/5967/5291 4927/5114/4563 4799/5116/4565
f 4931/5225/4672 4932/5118/4567 4928/5115/4564 4930/5223/4670
f 4800/5117/4566 4798/5933/5265 4799/5116/4565
f 4928/5115/4564 4929/5305/4746 4930/5223/4670
f 4933/5226/4673 4934/5119/4568 4932/5118/4567 4931/5225/4672
f 4932/5118/4567 4801/5019/4474 4800/5117/4566
f 4802/5121/4570 4801/5019/4474 4934/5119/4568 4935/5968/5292
f 4934/5119/4568 4933/5226/4673 4935/5968/5292
f 4807/4924/4380 4806/5025/4480 4937/5122/4571 4938/5229/4676
f 4935/5968/5292 4936/5120/4569 4802/5121/4570
f 4804/5023/4478 4803/5020/4475 4802/5121/4570
f 4944/5969/5293 4814/5936/5266 4813/5937/5267 4943/5125/4574
f 4938/5229/4676 4808/4925/4381 4807/4924/4380
f 4938/5229/4676 4939/5123/4572 4808/4925/4381
f 4939/5123/4572 4938/5229/4676 4940/5315/4756
f 4939/5123/4572 4810/5027/4482 4809/5026/4481
f 4939/5123/4572 4811/5029/4484 4810/5027/4482
f 4811/5029/4484 4941/5230/4677 4942/5124/4573
f 4811/5029/4484 4942/5124/4573 4812/5126/4575
f 4812/5126/4575 4695/5030/4485 4811/5029/4484
f 4812/5126/4575 4943/5125/4574 4813/5937/5267
f 4813/5937/5267 4696/5913/5249 4812/5126/4575
f 4945/5970/5294 4815/5938/5268 4814/5936/5266 4944/5969/5293
f 4816/5031/4486 4946/5971/5295 4947/5127/4576 4817/4931/4387
f 4815/5938/5268 4945/5970/5294 4946/5971/5295
f 4946/5971/5295 4816/5031/4486 4815/5938/5268
f 4817/4931/4387 4947/5127/4576 4949/5033/4488 4818/5032/4487
f 4826/5045/4500 4825/5044/4499 4959/5137/4586 4961/5138/4587
f 4949/5033/4488 4948/5128/4577 4950/5972/5296
f 4949/5033/4488 4950/5972/5296 4951/5129/4578
f 4951/5129/4578 4702/4935/4391 4949/5033/4488
f 4952/5130/4579 4953/5131/4580 4820/5036/4491
f 4820/5036/4491 4953/5131/4580 4821/5038/4493
f 4955/5133/4582 4956/5236/4683 4823/5041/4496
f 4823/5041/4496 4956/5236/4683 4824/5042/4497
f 4824/5042/4497 4957/5134/4583 4825/5044/4499
f 4825/5044/4499 4958/5135/4584 4959/5137/4586
f 4963/5141/4590 4961/5138/4587 4960/5136/4585 4962/5973/4782
f 4828/5047/4502 4826/5045/4500 4961/5138/4587 4963/5141/4590
f 4830/5939/4504 4828/5047/4502 4963/5141/4590 4965/5140/4589
f 4962/5973/4782 4964/5139/4588 4963/5141/4590
f 4831/5051/4505 4830/5050/4504 4965/5974/4589 4967/5142/4591
f 4965/5974/4589 4966/5975/4689 4967/5142/4591
f 4831/5051/4505 4967/5142/4591 4969/5144/4593 4833/5146/4595
f 4967/5142/4591 4966/5975/4689 4968/5143/4592
f 4832/5052/4506 4833/5146/4595 4972/5147/4596 4834/5149/4598
f 4970/5145/4594 4968/5143/4592 4971/5976/4692
f 4970/5145/4594 4972/5147/4596 4833/5146/4595
f 4980/5257/4699 4981/5153/4602 4839/5058/4512 4838/5057/4511
f 4835/5150/4599 4715/4947/4402 4834/5149/4598
f 4834/5149/4598 4973/5148/4597 4835/5150/4599
f 4974/5151/4600 4835/5150/4599 4975/5253/4695
f 4974/5151/4600 4976/5152/4601 4718/5054/4508
f 4976/5152/4601 4974/5151/4600 4977/5254/4696
f 4837/5056/4510 4976/5152/4601 4978/5256/4698
f 4838/5057/4511 4839/5058/4512 4720/4951/4406
f 4838/5057/4511 4837/5056/4510 4979/5977/5297
f 4983/5978/5298 4984/5157/4606 4840/5060/4514 4841/5156/4605
f 4981/5153/4602 4982/5154/4603 4722/5059/4513
f 4840/5060/4514 4842/5158/4607 4616/4954/4409
f 4727/5062/4516 4844/5061/4515 4986/5979/5299 4988/5262/4704
f 4843/5160/4609 4844/5061/4515 4726/5917/5253
f 4843/5160/4609 4986/5979/5299 4844/5061/4515
f 4986/5979/5299 4843/5160/4609 4987/5261/4703
f 4859/5948/5276 4857/5947/5275 4991/5161/4610 4862/5165/4614
f 4988/5262/4704 4845/5941/5269 4619/5897/5241
f 4847/5945/5273 4848/5267/4709 4846/5944/5272
f 4847/5945/5273 4845/5941/5269 4989/5266/4708
f 4848/5267/4709 4849/5946/5274 4731/5920/5256
f 4849/5946/5274 4850/5063/4517 4732/5921/5257
f 4849/5946/5274 4848/5267/4709 4993/5167/4616
f 4849/5946/5274 4990/5166/4615 4850/5063/4517
f 4990/5166/4615 4851/5064/4518 4850/5063/4517
f 4851/5064/4518 4852/5162/4611 4734/4960/4415
f 4852/5162/4611 4853/5065/4519 4735/4961/4416
f 4854/5066/4520 4991/5161/4610 4857/5947/5275
f 4857/5947/5275 4855/5942/5270 4854/5066/4520
f 4864/5170/4619 4863/5164/4613 4993/5167/4616 4994/5168/4617
f 4991/5161/4610 4992/5163/4612 4862/5165/4614
f 4992/5163/4612 4991/5161/4610 4851/5064/4518
f 4851/5064/4518 4990/5166/4615 4992/5163/4612
f 4992/5163/4612 4993/5167/4616 4863/5164/4613
f 4867/5949/5277 4866/5169/4618 4995/5268/4710 5089/5265/4707
f 4994/5168/4617 4995/5268/4710 4866/5169/4618
f 5091/5362/4800 4873/5950/5278 4871/5175/4624 4998/5174/4623
f 4867/5949/5277 5089/5265/4707 4996/5173/4622
f 4996/5173/4622 4869/5172/4621 4867/5949/5277
f 4999/5980/5300 4875/5951/5279 4873/5950/5278 5091/5362/4800
f 4883/5955/5283 4880/5952/5280 5005/5183/4632 5007/5981/5301
f 4875/5951/5279 4999/5980/5300 5000/5178/4627
f 5000/5178/4627 4877/5177/4626 4875/5951/5279
f 4878/5179/4628 5001/5176/4625 4194/5181/4630
f 4194/5181/4630 4880/5952/5280 4878/5179/4628
f 5001/5176/4625 5002/5272/4714 4195/5180/4629
f 5005/5183/4632 4194/5181/4630 4195/5180/4629
f 5005/5183/4632 5004/5182/4631 5006/5275/4717
f 4884/5956/5284 4883/5955/5283 5007/5981/5301 4885/5957/5285
f 5005/5183/4632 4880/5952/5280 4194/5181/4630
f 4880/5952/5280 4883/5955/5283 4881/5953/5281
f 5007/5981/5301 5008/5982/5302 4885/5957/5285
f 4885/5957/5285 5008/5982/5302 4887/5960/5288 4886/5958/5286
f 5007/5981/5301 5009/5277/4719 5008/5982/5302
f 5011/5368/4806 4887/5960/5288 5008/5982/5302 5010/5983/5303
f 4767/4984/4439 4892/5083/4536 5014/5187/4635 4893/4985/4440
f 4887/5960/5288 5011/5368/4806 4890/5961/5289
f 4890/5961/5289 4888/5959/5287 4887/5960/5288
f 4890/5961/5289 5012/5184/4633 4889/5081/4534
f 5012/5184/4633 4890/5961/5289 5013/5278/4720
f 4891/5188/4535 5014/5187/4635 4766/4983/4438
f 5014/5187/4635 4894/5084/4537 4893/4985/4440
f 4908/5095/4548 5026/5203/4650 5028/5205/4652 5029/5206/4653
f 5016/5190/4637 5099/5281/4723 4894/5084/4537
f 4894/5084/4537 5099/5281/4723 4769/4884/4343
f 5099/5281/4723 4895/5193/4640 4769/4884/4343
f 4895/5193/4640 5099/5281/4723 5017/5191/4638
f 5018/5192/4639 4896/5196/4643 4771/5927/5262
f 4896/5196/4643 5018/5192/4639 5019/5194/4641
f 4897/5195/4642 4899/5087/4540 4898/5086/4539
f 5020/5197/4644 4899/5087/4540 5021/5285/4727
f 4901/5089/4542 4900/5088/4541 5022/5198/4645
f 4903/5090/4543 4902/4994/4449 5023/5288/4730
f 4904/5201/4648 4903/5090/4543 5024/5199/4646
f 5025/5202/4649 5026/5203/4650 4906/5200/4647
f 4911/5962/4552 4910/5098/4551 5032/5294/4736 5116/5296/4655
f 5029/5206/4653 5030/5207/4654 4909/5096/4549
f 5030/5207/4654 5029/5206/4653 5031/5291/4733
f 5030/5207/4654 5032/5294/4736 4910/5098/4551
f 4161/5102/4555 4913/5209/4656 5033/5984/5304 4914/5211/4658
f 4911/5099/4552 4913/5209/4656 4912/5100/4553
f 5033/5984/5304 4913/5209/4656 5034/5985/5305
f 5035/5986/5306 5036/5987/4659 4914/5988/4658 5033/5989/5304
f 4929/5305/4746 4927/5114/4563 4926/5222/4669 5043/5221/4668
f 5036/5987/4659 4916/5215/4662 4915/5990/4657
f 4916/5963/4662 4786/5931/5264 4915/5210/4657
f 4916/5215/4662 5123/5991/5307 5037/5213/4660
f 5039/5216/4663 4918/5105/4557 4917/5104/4556
f 5041/5219/4666 4922/5110/4560 4920/5218/4665
f 4923/5112/4561 5042/5220/4667 4926/5222/4669
f 4926/5222/4669 4924/5964/5290 4923/5112/4561
f 4936/5120/4569 4935/5968/5292 5046/5309/4750 5047/5227/4674
f 4929/5305/4746 4928/5115/4564 4927/5114/4563
f 4933/5226/4673 5045/5224/4671 5133/5307/4748
f 4933/5226/4673 5133/5307/4748 5046/5309/4750
f 5046/5309/4750 4935/5968/5292 4933/5226/4673
f 4938/5229/4676 5049/5228/4675 5050/5312/4753 4940/5315/4756
f 5048/5308/4749 5049/5228/4675 5047/5227/4674
f 5051/5314/4755 4942/5124/4573 4941/5230/4677 5052/5992/5308
f 4940/5315/4756 5051/5314/4755 4939/5123/4572
f 5051/5314/4755 5052/5992/5308 4939/5123/4572
f 5052/5992/5308 4941/5230/4677 4939/5123/4572
f 5055/5321/4762 4943/5125/4574 4942/5124/4573 5053/5993/5309
f 4942/5124/4573 5138/5316/4757 5053/5993/5309
f 5056/5994/5310 4944/5969/5293 4943/5125/4574 5055/5321/4762
f 5053/5993/5309 5054/5319/4760 5055/5321/4762
f 5057/5995/5311 4945/5970/5294 4944/5969/5293 5056/5994/5310
f 4946/5971/5295 5058/5996/5312 5059/5231/4678 4947/5127/4576
f 4945/5970/5294 5057/5995/5311 5058/5996/5312
f 5058/5996/5312 4946/5971/5295 4945/5970/5294
f 4196/4470/3952 4950/5972/5296 4948/5128/4577 5060/5232/4679
f 4951/5129/4578 5061/5547/4978 4952/5130/4579 4819/5035/4490
f 4950/5972/5296 4196/4470/3952 5061/5547/4978
f 5061/5547/4978 4951/5129/4578 4950/5972/5296
f 4954/5132/4581 4953/5131/4580 5062/5325/4766 5063/5327/4768
f 4952/5130/4579 5062/5325/4766 4953/5131/4580
f 4955/5133/4582 4954/5132/4581 5063/5327/4768 5064/5233/4680
f 4964/5243/4588 4962/5342/4782 5157/5341/4781 5158/5241/4686
f 4955/5133/4582 5066/5234/4681 4956/5236/4683
f 4956/5236/4683 5067/5235/4682 4957/5134/4583
f 4957/5134/4583 4824/5042/4497 4956/5236/4683
f 5069/5240/4685 4962/5342/4782 4960/5239/4585
f 5076/5354/4792 4970/5145/4594 4971/5976/4692 5075/5352/4791
f 4964/5243/4588 5070/5242/4687 4965/5246/4589
f 4966/5245/4689 5071/5244/4688 5072/5249/4691
f 5072/5249/4691 4968/5248/4592 4966/5245/4689
f 5073/5247/4690 5074/5344/4784 4971/5250/4692
f 5077/5251/4693 4973/5148/4597 4972/5147/4596 5076/5354/4792
f 4970/5145/4594 5076/5354/4792 4972/5147/4596
f 4973/5148/4597 5077/5251/4693 4975/5253/4695 4835/5150/4599
f 5083/5363/4801 4983/5978/5298 4841/5156/4605 5082/5259/4701
f 4975/5253/4695 4977/5254/4696 4974/5151/4600
f 4977/5254/4696 4978/5256/4698 4976/5152/4601
f 4978/5256/4698 4979/5977/5297 4837/5056/4510
f 4979/5977/5297 4980/5257/4699 4838/5057/4511
f 4980/5257/4699 4979/5977/5297 5080/5465/4902
f 5081/5258/4700 5082/5259/4701 4982/5154/4603
f 5085/5359/4797 5086/5260/4702 4985/5159/4608 4984/5157/4606
f 4984/5157/4606 4983/5978/5298 5084/5361/4799
f 4985/5159/4608 4987/5261/4703 4843/5160/4609
f 5175/5360/4798 5091/5362/4800 4998/5174/4623 5090/5269/4711
f 4987/5261/4703 5087/5263/4705 4986/5979/5299
f 5087/5263/4705 4988/5262/4704 4986/5979/5299
f 4988/5262/4704 4989/5266/4708 4845/5941/5269
f 4989/5266/4708 4848/5267/4709 4847/5945/5273
f 4848/5267/4709 4989/5266/4708 4995/5268/4710
f 4993/5167/4616 4990/5166/4615 4849/5946/5274
f 4993/5167/4616 4848/5267/4709 4994/5168/4617
f 5089/5265/4707 5088/5264/4706 4996/5173/4622
f 5000/5178/4627 5092/5997/5313 5002/5272/4714 5001/5176/4625
f 4999/5980/5300 5091/5362/4800 5092/5997/5313
f 5092/5997/5313 5000/5178/4627 4999/5980/5300
f 5093/5270/4712 5002/5272/4714 5092/5997/5313 5084/5361/4799
f 4897/5195/4642 5019/5194/4641 5102/5284/4726 5103/5286/4728
f 5002/5272/4714 5094/5271/4713 5003/5274/4716
f 5003/5274/4716 4195/5180/4629 5002/5272/4714
f 5003/5274/4716 5173/5273/4715 5095/5365/4803
f 5095/5365/4803 4195/5180/4629 5003/5274/4716
f 5095/5365/4803 5004/5182/4631 4195/5180/4629
f 5009/5277/4719 5096/5276/4718 5010/5983/5303
f 5010/5983/5303 5008/5982/5302 5009/5277/4719
f 5011/5368/4806 5013/5278/4720 4890/5961/5289
f 5097/5186/4634 5015/5189/4636 5014/5187/4635
f 5016/5190/4637 5015/5189/4636 5098/5280/4722
f 5018/5192/4639 5017/5191/4638 5100/5282/4724
f 4899/5087/4540 4897/5195/4642 5103/5286/4728 5021/5285/4727
f 5020/5197/4644 5021/5285/4727 5104/5287/4729 5105/5998/5314
f 4900/5088/4541 5020/5197/4644 5105/5998/5314 5022/5198/4645
f 5106/5376/4814 5107/5379/4817 5022/5198/4645 5105/5998/5314
f 4902/4994/4449 5022/5198/4645 5108/5999/5315 5023/5288/4730
f 5107/5379/4817 5108/5999/5315 5022/5198/4645
f 5026/5203/4650 5025/5202/4649 5112/6000/5316 5027/5204/4651
f 5023/5288/4730 5108/5999/5315 5109/5381/4819
f 5023/5288/4730 5024/5199/4646 4903/5090/4543
f 5110/5290/4732 5025/5202/4649 5024/5199/4646
f 5025/5202/4649 5110/5290/4732 5111/6001/5317
f 5111/6001/5317 5112/6000/5316 5025/5202/4649
f 5029/5206/4653 5028/5205/4652 5113/5292/4734 5031/5291/4733
f 5027/5204/4651 5112/6000/5316 5194/5447/4885
f 5027/5204/4651 5113/5292/4734 5028/5205/4652
f 5113/5292/4734 5027/5204/4651 5114/6002/5318
f 5117/6003/4823 5118/6004/5319 5034/6005/5305 5116/6006/4655
f 5031/5291/4733 5032/5294/4736 5030/5207/4654
f 5116/5208/4655 5034/5985/5305 4913/5209/4656
f 5035/5986/5306 5034/6005/5305 5118/6004/5319 5119/6007/5320
f 5120/6008/5321 5121/5386/4824 5119/6007/5320 5118/6004/5319
f 5034/6005/5305 5035/5986/5306 5033/5989/5304
f 5123/5991/5307 5119/6007/5320 5121/5386/4824 5122/5388/4826
f 5036/5987/4659 5035/5986/5306 5119/6007/5320 5123/5991/5307
f 5126/5298/4739 5038/5214/4661 5037/5213/4660 5125/5390/4828
f 5123/5991/5307 5122/5388/4826 5037/5213/4660
f 5123/5991/5307 4916/5215/4662 5036/5987/4659
f 5037/5213/4660 5124/5519/4952 5125/5390/4828
f 5135/5310/4751 5050/5312/4753 5133/5307/4748 5134/5395/4833
f 5127/5297/4738 5039/5216/4663 5038/5214/4661
f 5040/5217/4664 5128/5299/4740 5129/5300/4741
f 5129/5300/4741 4920/5218/4665 5040/5217/4664
f 5041/5219/4666 5129/5300/4741 5130/5301/4742
f 5043/5221/4668 5044/5302/4743 4929/5305/4746
f 5044/5302/4743 5132/5304/4745 4929/5305/4746
f 5132/5304/4745 4171/5306/4747 5045/5224/4671
f 5048/5308/4749 5047/5227/4674 5046/5309/4750
f 5048/5308/4749 5133/5307/4748 5050/5312/4753
f 5137/5313/4754 4940/5315/4756 5050/5312/4753 5136/5311/4752
f 5050/5312/4753 5049/5228/4675 5048/5308/4749
f 5141/6009/5322 5056/5994/5310 5055/5321/4762 4186/5320/4761
f 5137/5313/4754 5213/5398/4836 5051/5314/4755
f 5138/5316/4757 5139/5317/4758 5053/5993/5309
f 5053/5993/5309 5139/5317/4758 5054/5319/4760
f 5054/5319/4760 5140/5318/4759 4186/5320/4761
f 5142/6010/5323 5057/5995/5311 5056/5994/5310 5141/6009/5322
f 5143/6011/5324 5144/6012/5325 5057/5995/5311 5142/6010/5323
f 5058/5996/5312 5144/6012/5325 5145/5322/4763 5059/5231/4678
f 5144/6012/5325 5058/5996/5312 5057/5995/5311
f 5144/6012/5325 5143/6011/5324 5145/5322/4763
f 5147/6013/5326 4197/4471/3953 5145/5322/4763 5146/5403/4841
f 4144/4466/3948 4198/5816/5190 5147/6013/5326 4192/4467/3949
f 4197/4471/3953 5147/6013/5326 4198/5816/5190
f 5149/5326/4767 5148/5323/4764 4191/5324/4765 4190/5328/4769
f 4198/5816/5190 4144/4466/3948 4191/5324/4765
f 4191/5324/4765 4145/4469/3951 4198/5816/5190
f 5064/5233/4680 5063/5327/4768 5149/5326/4767 5150/5329/4770
f 5148/5323/4764 5149/5326/4767 5062/5325/4766
f 5153/5330/4771 5064/5233/4680 5150/5329/4770 5152/5331/4772
f 5150/5329/4770 5151/5425/4863 5152/5331/4772
f 5159/5502/4935 5072/5249/4691 5071/5244/4688 5325/5343/4783
f 5153/5330/4771 5242/5332/4773 5065/5333/4774
f 5065/5333/4774 4187/5334/4775 5067/5235/4682
f 5067/5235/4682 5066/5234/4681 5065/5333/4774
f 4187/5334/4775 4188/5335/4776 5067/5235/4682
f 4188/5336/4776 5068/5238/4684 4958/5237/4584
f 5068/5238/4684 5154/5338/4778 5155/5339/4779
f 5156/5340/4780 5069/5240/4685 5068/5238/4684
f 5156/5340/4780 4962/5342/4782 5069/5240/4685
f 5162/5348/4788 5163/5349/4789 5075/5351/4791 4971/5250/4692
f 5072/5249/4691 5159/5502/4935 5160/5345/4785
f 5160/5345/4785 5073/5247/4690 5072/5249/4691
f 5161/5346/4786 4971/5250/4692 5074/5344/4784
f 5166/5355/4793 5076/5354/4792 5164/5353/4790 5165/5466/4903
f 5006/5275/4717 5004/5182/4631 5176/6014/5327 5177/5366/4804
f 5076/5354/4792 5166/5355/4793 5077/5251/4693
f 5079/5255/4697 4979/5977/5297 4978/5256/4698
f 4979/5977/5297 5079/5255/4697 5169/5463/4900
f 5080/5465/4902 4979/5977/5297 5170/5462/4899
f 5080/5465/4902 5171/5358/4796 4980/5257/4699
f 5171/5358/4796 5082/5259/4701 5081/5258/4700
f 5171/5358/4796 5173/5273/4715 5082/5259/4701
f 5173/5273/4715 5083/5363/4801 5082/5259/4701
f 5173/5273/4715 5171/5358/4796 5174/5364/4802
f 5084/5361/4799 5085/5359/4797 4984/5157/4606
f 5084/5361/4799 4983/5978/5298 5093/5270/4712
f 5175/5360/4798 5085/5359/4797 5091/5362/4800
f 5084/5361/4799 5092/5997/5313 5091/5362/4800
f 5093/5270/4712 5083/5363/4801 5094/5271/4713
f 5083/5363/4801 5093/5270/4712 4983/5978/5298
f 5174/5364/4802 5176/6014/5327 5004/5182/4631
f 5017/5191/4638 5099/5281/4723 5183/6015/5328 5100/5282/4724
f 5010/5983/5303 5096/5276/4718 5169/5463/4900
f 5010/5983/5303 5178/5367/4805 5011/5368/4806
f 5178/5367/4805 5010/5983/5303 5168/5357/4795
f 5178/5367/4805 5179/5369/4807 5013/5278/4720
f 5182/5371/4809 5183/6015/5328 5099/5281/4723
f 5103/5286/4728 5102/5284/4726 5186/5374/4812 5187/5375/4813
f 5100/5282/4724 5183/6015/5328 5184/5372/4810
f 5184/5372/4810 5101/5283/4725 5100/5282/4724
f 5105/5998/5314 5104/5287/4729 5188/5377/4815 5106/5376/4814
f 5187/5375/4813 5188/5377/4815 5104/5287/4729
f 5202/5518/4951 5120/6008/5321 5117/6003/4823 5201/6016/5329
f 5107/5379/4817 5109/5381/4819 5108/5999/5315
f 5109/5381/4819 5191/5382/4820 5023/5288/4730
f 5191/5382/4820 5109/5381/4819 5192/6017/5330
f 5193/5289/4731 5111/6001/5317 5110/5290/4732
f 5111/6001/5317 5193/5289/4731 4174/5450/4888
f 5111/6001/5317 4173/5448/4886 5112/6000/5316
f 4173/5448/4886 5194/5447/4885 5112/6000/5316
f 5194/5447/4885 5114/6002/5318 5027/5204/4651
f 5114/6002/5318 5194/5447/4885 5195/5444/4882
f 5114/6002/5318 5196/5383/4821 5113/5292/4734
f 5196/5383/4821 5114/6002/5318 5197/6018/5331
f 5198/5293/4735 5199/6019/5332 5115/5295/4737
f 5198/5293/4735 5115/5295/4737 5032/5294/4736
f 5199/6019/5332 5200/5384/4822 5115/5295/4737
f 5115/5295/4737 5117/5385/4823 5116/5296/4655
f 5117/6003/4823 5120/6008/5321 5118/6004/5319
f 5203/5387/4825 5121/5386/4824 5120/6008/5321 5202/5518/4951
f 4186/5320/4761 4185/6020/5333 5220/6021/5334 5141/6009/5322
f 5122/5388/4826 5204/5389/4827 5124/5519/4952
f 5124/5519/4952 5037/5213/4660 5122/5388/4826
f 5127/5297/4738 5205/5391/4829 5206/5392/4830
f 5206/5392/4830 5128/5299/4740 5127/5297/4738
f 5131/5303/4744 5208/5414/4852 5132/5304/4745
f 5208/5414/4852 5209/5394/4832 5132/5304/4745
f 5132/5304/4745 5209/5394/4832 4171/5306/4747
f 5136/5311/4752 5210/5396/4834 5211/5397/4835
f 5211/5397/4835 5137/5313/4754 5136/5311/4752
f 5211/5397/4835 5212/5412/4850 5213/5398/4836
f 5213/5398/4836 5138/5316/4757 5051/5314/4755
f 5139/5317/4758 5215/5400/4838 5216/6022/5335
f 5216/6022/5335 5140/5318/4759 5139/5317/4758
f 5140/5318/4759 5216/6022/5335 5217/5407/4845
f 5217/5407/4845 4185/6020/5333 5140/5318/4759
f 4185/6020/5333 5217/5407/4845 5218/5404/4842
f 5218/5404/4842 5220/6021/5334 4185/6020/5333
f 5220/6021/5334 5218/5404/4842 5219/6023/5336
f 5220/6021/5334 5142/6010/5323 5141/6009/5322
f 5221/5401/4839 5143/6011/5324 5142/6010/5323 5220/6021/5334
f 5146/5403/4841 5222/5402/4840 4192/4467/3949 5147/6013/5326
f 5143/6011/5324 5221/5401/4839 5146/5403/4841
f 5146/5403/4841 5145/5322/4763 5143/6011/5324
f 5220/6021/5334 5219/6023/5336 5221/5401/4839
f 5221/5401/4839 5219/6023/5336 5222/5402/4840
f 5223/5421/4859 5222/5402/4840 5219/6023/5336 5224/5406/4844
f 5222/5402/4840 5223/5421/4859 4193/4468/3950
f 5216/6022/5335 5229/5411/4849 5227/5410/4848 5226/5408/4846
f 5226/5408/4846 5227/5410/4848 5228/5419/4857
f 5227/5410/4848 5233/5416/4854 5234/5533/4966 5235/5417/4855
f 5231/5413/4851 5210/5396/4834 5134/5395/4833
f 5134/5395/4833 5208/5414/4852 5231/5413/4851
f 5208/5414/4852 5131/5303/4744 5232/5415/4853
f 4193/4468/3950 5238/6024/5337 5239/6025/5338 4189/5424/4862
f 5233/5416/4854 5227/5410/4848 5230/5409/4847
f 5235/5417/4855 5228/5419/4857 5227/5410/4848
f 5228/5419/4857 5237/5420/4858 5226/5408/4846
f 5223/5421/4859 5225/5405/4843 5238/6024/5337
f 4189/5424/4862 5241/5423/4861 5150/5329/4770 4190/5328/4769
f 5238/6024/5337 4193/4468/3950 5223/5421/4859
f 4189/5424/4862 5239/6025/5338 5240/5422/4860
f 4189/5424/4862 4144/4466/3948 4193/4468/3950
f 5241/5423/4861 4143/4463/3945 5151/5425/4863
f 5258/5544/4976 5259/5435/4873 5256/5430/4868 5255/5542/4974
f 5151/5425/4863 4184/5426/4864 5152/5331/4772
f 5242/5332/4773 5243/6026/4977 4187/5334/4775
f 5242/6027/4773 5245/5515/4948 5243/5546/4977
f 5246/6028/5339 5245/5515/4948 5247/6029/4972
f 5247/6029/4972 5248/6030/4973 5246/6028/5339
f 5248/6030/4973 5249/5490/4925 5246/6028/5339
f 5248/6030/4973 5247/6029/4972 5250/6031/4970
f 5248/6030/4973 5251/5491/4867 5249/5490/4925
f 5251/5429/4867 5248/5541/4973 5252/5534/4967
f 5253/5427/4865 5251/5429/4867 5252/5534/4967
f 5254/5432/4870 5253/5427/4865 5255/5542/4974
f 5255/5542/4974 5256/5430/4868 5254/5432/4870
f 5268/5440/4878 5269/5439/4877 5270/6032/5340 5271/6033/4923
f 5260/5543/4975 5261/5433/4871 5259/5435/4873
f 5261/5433/4871 5260/5543/4975 5262/6034/5341
f 5262/6034/5341 5263/6035/5342 5261/5433/4871
f 5264/5437/4875 5256/5430/4868 5259/5435/4873
f 5259/5435/4873 5265/5434/4872 5264/5437/4875
f 5264/5437/4875 5267/5436/4874 5266/5438/4876
f 5201/6016/5329 5270/6032/5340 5269/5439/4877 5274/5516/4949
f 5266/5438/4876 5272/5517/4950 5269/5439/4877
f 5198/5293/4735 5276/5441/4879 5275/6036/5343 5199/6019/5332
f 5270/6037/5340 5201/6038/5329 5273/5484/4920
f 5273/5484/4920 5201/6038/5329 5275/6036/5343
f 5201/6038/5329 5200/5384/4822 5275/6036/5343
f 5196/5383/4821 5277/5443/4881 5276/5441/4879
f 5278/5446/4884 5279/5442/4880 5197/6018/5331 5195/5444/4882
f 5196/5383/4821 5197/6018/5331 5279/5442/4880
f 5281/5451/4889 5191/5382/4820 5192/6017/5330 5282/6039/5344
f 5195/5444/4882 4172/5449/4887 5280/5445/4883
f 4172/5449/4887 4175/5478/4914 5280/5445/4883
f 4172/5449/4887 5195/5444/4882 5194/5447/4885
f 4174/5450/4888 4173/5448/4886 5111/6001/5317
f 5188/5377/4815 5187/5375/4813 5286/5453/4891 5285/5474/4910
f 5191/5382/4820 4174/5450/4888 5193/5289/4731
f 5282/6039/5344 5192/6017/5330 5283/6040/5345
f 5283/6040/5345 5189/5378/4816 5284/6041/5346
f 5189/5378/4816 5283/6040/5345 5190/5380/4818
f 5286/5453/4891 5287/5452/4890 5288/5471/4907
f 5182/5371/4809 5293/5457/4895 5294/5470/4906 5183/6015/5328
f 5186/5374/4812 5290/5454/4892 5287/5452/4890
f 5185/5373/4811 5291/5456/4894 5290/5454/4892
f 5291/5456/4894 5292/5455/4893 5290/5454/4892
f 5184/5372/4810 5298/5469/4905 5292/5455/4893
f 5184/5372/4810 5183/6015/5328 5298/5469/4905
f 5172/5464/4901 5170/5462/4899 5177/5366/4804 5176/6014/5327
f 5295/5458/4896 5293/5457/4895 5181/5370/4808
f 5295/6042/4896 5180/5279/4721 5296/5461/4898
f 5296/5461/4898 5297/5467/4897 5295/6042/4896
f 5180/5279/4721 5179/5369/4807 5296/5461/4898
f 5170/5462/4899 5172/5464/4901 5080/5465/4902
f 5189/5378/4816 5285/5474/4910 5303/5473/4909 5284/6041/5346
f 5176/6014/5327 5174/5364/4802 5172/5464/4901
f 5177/5366/4804 5169/5463/4900 5096/5276/4718
f 5169/5463/4900 5168/5357/4795 5010/5983/5303
f 5169/5463/4900 5170/5462/4899 4979/5977/5297
f 5167/5356/4794 5166/5355/4793 5296/5461/4898
f 5297/5459/4897 5294/5470/4906 5293/5457/4895
f 5294/5470/4906 5298/5469/4905 5183/6015/5328
f 5292/5455/4893 5299/5468/4904 5300/6043/5347
f 5290/5454/4892 5292/5455/4893 5300/6043/5347
f 5290/5454/4892 5300/6043/5347 5301/5347/4787
f 5290/5454/4892 5289/5472/4908 5287/5452/4890
f 5289/5472/4908 5290/5454/4892 5301/5347/4787
f 5288/5471/4907 5289/5472/4908 5302/5498/4931
f 5288/5471/4907 5303/5473/4909 5286/5453/4891
f 5305/5477/4913 5283/6040/5345 5284/6041/5346 5304/5475/4911
f 5284/6041/5346 5303/5473/4909 5304/5475/4911
f 5307/6044/5348 5308/5479/4915 5305/5477/4913 5306/5476/4912
f 5283/6040/5345 5305/5477/4913 5308/5479/4915 5282/6039/5344
f 5280/5445/4883 4175/5478/4914 5307/6044/5348 5278/5446/4884
f 5308/5479/4915 5307/6044/5348 4175/5478/4914
f 5308/5479/4915 5281/5451/4889 5282/6039/5344
f 5306/5476/4912 5309/5480/4916 5278/5446/4884 5307/6044/5348
f 5276/5441/4879 5312/5482/4918 5273/5484/4920 5275/6036/5343
f 5309/5480/4916 5310/6045/5349 5311/5481/4917
f 5277/5443/4881 5313/6046/5350 5312/5482/4918
f 5273/5484/4920 5315/5485/4921 5271/5487/4923 5270/6037/5340
f 5314/5483/4919 5316/5509/4942 5315/5485/4921
f 5317/5488/4924 5268/5440/4878 5271/6033/4923 4205/5489/4922
f 5266/5438/4876 5257/5431/4869 5256/5430/4868 5264/5437/4875
f 5156/5340/4780 5321/5493/4926 5322/5495/4928 5157/5341/4781
f 4203/5514/4947 5249/5490/4925 4204/5492/4866
f 5249/5490/4925 4203/5514/4947 5318/5513/4946
f 5318/5513/4946 5246/6028/5339 5249/5490/4925
f 5319/5512/4945 5245/5515/4948 5246/6028/5339
f 5246/6028/5339 5318/5513/4946 5319/5512/4945
f 5319/5512/4945 5321/5493/4926 5320/5494/4927
f 5321/5493/4926 5319/5512/4945 5322/5495/4928
f 5321/5493/4926 5156/5340/4780 5155/5339/4779
f 5160/5345/4785 5326/5503/4936 5161/5346/4786 5074/5344/4784
f 5323/5496/4929 5158/5241/4686 5157/5341/4781
f 5324/5497/4930 5070/5242/4687 5158/5241/4686
f 5326/5503/4936 5160/5345/4785 5159/5502/4935
f 5162/5348/4788 5301/5347/4787 5300/6043/5347 5299/5468/4904
f 5161/5346/4786 5302/5498/4931 5301/5347/4787
f 5330/6047/5351 5331/6048/5352 5304/5475/4911 5329/6049/5353
f 5299/5468/4904 5164/5350/4790 5163/5349/4789
f 5164/5350/4790 5294/5470/4906 5297/5459/4897
f 5327/5499/4932 5328/5500/4933 5288/5471/4907
f 5328/5500/4933 5329/6049/5353 5303/5473/4909
f 5329/6049/5353 5304/5475/4911 5303/5473/4909
f 5306/5476/4912 5304/5475/4911 5331/6048/5352 5310/6045/5349
f 5311/5481/4917 5332/6050/5354 5313/6046/5350 5277/5443/4881
f 5310/6045/5349 5331/6048/5352 5332/6050/5354
f 5332/6050/5354 5311/5481/4917 5310/6045/5349
f 5316/5509/4942 5312/5482/4918 5313/6046/5350 5333/5506/4939
f 5333/5506/4939 5313/6046/5350 5332/6050/5354 5334/6051/5355
f 5331/6048/5352 5330/6047/5351 5334/6051/5355 5332/6050/5354
f 5334/6051/5355 5335/5507/4940 5333/5506/4939
f 5335/5507/4940 5334/6051/5355 5330/6047/5351 5336/5504/4937
f 5329/6049/5353 5337/5501/4934 5336/5504/4937 5330/6047/5351
f 5322/5495/4928 5338/5505/4938 5335/5507/4940 5336/5504/4937
f 5337/5501/4934 5325/5343/4783 5336/5504/4937
f 5326/5503/4936 5328/5500/4933 5327/5499/4932
f 5159/5502/4935 5337/5501/4934 5328/5500/4933
f 5337/5501/4934 5329/6049/5353 5328/5500/4933
f 5336/5504/4937 5324/5497/4930 5323/5496/4929
f 4207/5511/4944 4206/5508/4941 5333/5506/4939 5338/5505/4938
f 4205/5486/4922 5315/5485/4921 5316/5509/4942 4206/5508/4941
f 5339/5510/4943 4148/5817/5191 4207/5511/4944
f 5339/5510/4943 5322/5495/4928 5319/5512/4945
f 5339/5510/4943 4203/5514/4947 4148/5817/5191
f 5316/5509/4942 5314/5483/4919 5312/5482/4918
f 5302/5498/4931 5161/5346/4786 5326/5503/4936
f 5320/5494/4927 5155/5339/4779 5154/5338/4778
f 5320/5494/4927 5154/5338/4778 5245/5515/4948
f 5154/5338/4778 5244/5337/4777 5243/5546/4977
f 5154/5338/4778 5243/5546/4977 5245/5515/4948
f 5098/5280/4722 5097/5186/4634 5295/5458/4896 5181/5370/4808
f 5310/6045/5349 5309/5480/4916 5306/5476/4912
f 5168/5357/4795 5169/5463/4900 5079/5255/4697
f 5109/5381/4819 5190/5380/4818 5283/6040/5345 5192/6017/5330
f 5263/6035/5342 5125/5390/4828 5124/5519/4952 5261/5433/4871
f 5195/5444/4882 5197/6018/5331 5114/6002/5318
f 5199/6019/5332 5275/6036/5343 5200/5384/4822
f 5201/6038/5329 5117/5385/4823 5200/5384/4822
f 5274/5516/4949 5202/5518/4951 5201/6016/5329
f 5203/5387/4825 5272/5517/4950 5267/5436/4874
f 5204/5389/4827 5265/5434/4872 5124/5519/4952
f 5205/5391/4829 5340/5524/4957 5341/5520/4953 5206/5392/4830
f 5125/5390/4828 5263/6035/5342 5340/5524/4957
f 5340/5524/4957 5205/5391/4829 5125/5390/4828
f 5131/5303/4744 5343/5522/4955 5344/5523/4956 5232/5415/4853
f 5207/5393/4831 5342/5521/4954 5343/5522/4955
f 5344/5523/4956 5342/5521/4954 5341/5520/4953 5345/5526/4959
f 5238/6024/5337 5349/5529/4962 5350/5531/4964 5239/6025/5338
f 5263/6035/5342 5262/6034/5341 5346/5525/4958
f 5346/5525/4958 5340/5524/4957 5263/6035/5342
f 5344/5523/4956 5347/5527/4960 5233/5416/4854
f 5347/5527/4960 5234/5533/4966 5233/5416/4854
f 5234/5533/4966 5236/5418/4856 5235/5417/4855
f 5348/5528/4961 5225/5405/4843 5237/5420/4858
f 5348/5528/4961 5237/5420/4858 5228/5419/4857
f 5225/5405/4843 5348/5528/4961 5349/5529/4962
f 5351/6052/5356 5352/6053/5357 5239/6025/5338 5350/5531/4964
f 5349/5529/4962 5238/6024/5337 5225/5405/4843
f 5352/6053/5357 5351/6052/5356 5354/5535/4968 4182/4464/3946
f 5352/6053/5357 4182/4464/3946 5240/5422/4860
f 5352/6053/5357 5240/5422/4860 5239/6025/5338
f 4182/4464/3946 5353/5538/4971 5247/5539/4972
f 4182/4464/3946 5354/5535/4968 5353/5538/4971
f 5356/6054/5358 5351/6052/5356 5350/5531/4964 5355/5530/4963
f 5357/6055/5359 5349/5529/4962 5348/5528/4961 5358/5532/4965
f 5349/5529/4962 5357/6055/5359 5355/5530/4963
f 5255/5542/4974 5359/5536/4969 5356/6054/5358 5258/5544/4976
f 5358/5532/4965 5346/5525/4958 5262/6034/5341
f 5262/6034/5341 5357/6055/5359 5358/5532/4965
f 5357/6055/5359 5262/6034/5341 5260/5543/4975
f 5260/5543/4975 5355/5530/4963 5357/6055/5359
f 5355/5530/4963 5260/5543/4975 5258/5544/4976
f 5258/5544/4976 5356/6054/5358 5355/5530/4963
f 5351/6052/5356 5356/6054/5358 5359/5536/4969 5354/5535/4968
f 5229/5411/4849 5216/6022/5335 5215/5400/4838 5214/5399/4837
f 5247/5539/4972 4183/4465/3947 4182/4464/3946
f 4184/5426/4864 4183/4465/3947 5245/5540/4948
f 4183/6056/3947 5247/6029/4972 5245/5515/4948
f 5359/5536/4969 5255/5542/4974 5252/5534/4967
f 5272/5517/4950 5266/5438/4876 5267/5436/4874
f 5274/5516/4949 5269/5439/4877 5272/5517/4950
f 4184/5426/4864 5151/5425/4863 4143/4463/3945
f 5229/5411/4849 5213/5398/4836 5212/5412/4850
f 5229/5411/4849 5214/5399/4837 5213/5398/4836
f 4145/4469/3951 5148/5323/4764 4952/5130/4579 5061/5547/4978
f 5226/5408/4846 5217/5407/4845 5216/6022/5335
f 5224/5406/4844 5219/6023/5336 5218/5404/4842
f 5140/5318/4759 4185/6020/5333 4186/5320/4761
f 5005/5183/4632 5006/5275/4717 5009/5277/4719 5007/5981/5301
f 4527/4848/4317 4738/4847/4316 4739/4963/4418 4628/4849/4318
f 4785/5930/5263 4667/5003/4458 4160/5002/4457
f 4258/5550/4981 4140/4503/3985 4158/4578/4058 4139/5549/4980
f 4477/4690/4168 4152/4688/4166 4151/5812/5188
f 4475/4773/4247 4412/4686/4164 4473/4685/4163
f 4397/5859/5216 4379/5841/5207 4378/4604/4082
f 4380/4606/4084 4293/4605/4083 4396/4631/4109
f 4380/4606/4084 4393/4629/4107 4294/4607/4085
f 4386/4611/4089 4382/4622/4100 4381/4613/4091
f 4528/4851/4320 4354/4580/4060 4353/4852/4321
f 4269/4581/4061 4266/4505/3987 4139/5549/4980
f 4147/4620/4098 4306/4546/4027 4217/4480/3962 4305/4621/4099
f 4307/5843/5208 4306/4546/4027 4147/4620/4098
f 4260/4523/4005 4139/5549/4980 4266/4505/3987 4261/4504/3986
f 4274/5834/3991 4276/4587/4066 4169/4591/4069
