# Blender 4.0.1
# www.blender.org
mtllib Lungs4Infection.mtl
o thlow_Mesh.001
v 0.950180 0.372585 0.110072
v 0.902720 0.353241 0.114248
v 0.976405 0.288797 0.088036
v 0.997417 0.378310 0.090882
v 0.585479 0.322267 0.022357
v 0.643708 0.375159 0.054630
v 0.605564 -0.260173 -0.131945
v 0.587683 -0.295127 -0.171903
v 1.236500 -0.307736 -0.155014
v 1.191894 -0.361834 -0.142271
v 1.222588 -0.365263 -0.217906
v 0.289073 1.460474 -0.249820
v 0.406521 1.542568 -0.237656
v 0.301869 1.598756 -0.345025
v 0.225335 1.479563 -0.307023
v 0.349982 1.382747 -0.164280
v 0.780707 -0.426670 -0.322980
v 0.777565 -0.424485 -0.226526
v 0.657073 -0.388663 -0.282024
v 0.648173 -0.377336 -0.318586
v 0.877556 -0.449384 -0.294102
v 0.869218 -0.442503 -0.231848
v 0.457180 0.067117 -0.270865
v 0.430471 0.161702 -0.270578
v 0.557935 0.128562 -0.298331
v 0.202058 1.334030 -0.254118
v 0.223924 1.394744 -0.254268
v 0.173222 1.337851 -0.293354
v 0.316670 1.196674 -0.320305
v 0.273479 1.221477 -0.330404
v 0.500006 -0.058477 -0.298188
v 0.497270 -0.003736 -0.288521
v 0.598126 0.085312 -0.327210
v 0.598718 -0.042680 -0.369005
v 0.345756 1.191723 -0.322455
v 0.299708 1.071371 -0.318634
v 0.259243 1.133721 -0.322823
v 0.395391 1.055823 -0.341637
v 0.361685 1.070002 -0.328750
v 0.375852 1.191908 -0.332394
v 0.518416 -0.243498 -0.333816
v 0.566065 -0.186381 -0.387774
v 0.572413 -0.231071 -0.398396
v 0.497056 -0.254534 -0.296465
v 0.543046 -0.285576 -0.349053
v 0.522497 -0.298049 -0.302492
v 0.620101 1.894624 -0.416871
v 0.613046 1.843966 -0.378309
v 0.671679 1.901951 -0.438494
v 0.703428 -0.380137 -0.362412
v 0.687368 -0.335054 -0.412215
v 0.453790 1.226498 -0.417561
v 0.549798 1.307511 -0.542881
v 0.548872 1.295792 -0.529279
v 0.544981 1.328616 -0.519022
v 0.527529 1.318599 -0.581533
v 0.320149 1.849532 -0.764562
v 0.316013 1.887804 -0.815673
v 1.337191 0.752766 -0.744896
v 0.328169 1.450644 -0.772572
v 0.293712 1.507148 -0.813660
v 0.298400 1.458593 -0.893984
v 0.382286 1.360731 -0.726295
v 0.839457 -0.376500 -0.981223
v 0.875474 -0.385661 -1.038766
v 0.836270 -0.357711 -1.109492
v 1.039576 -0.453303 -1.047502
v 1.032220 -0.425693 -1.113466
v 1.075969 -0.452745 -1.048339
v 0.345284 -0.068877 -1.150048
v 0.391940 -0.125737 -1.134706
v 0.369884 -0.050719 -1.130417
v 1.217456 0.242254 -1.160343
v 0.403219 -0.115505 -1.287285
v 0.423416 -0.181185 -1.254801
v 0.794841 0.033400 -1.374527
v 0.773322 0.289003 -1.411772
v 0.879918 0.107700 -1.372504
v 0.709054 0.164142 -1.402754
v 0.795110 -0.091927 -1.347148
v 0.683716 0.033431 -1.379966
v 0.629160 0.136474 -1.395993
v 0.638073 0.237106 -1.410367
v 0.688470 0.325325 -1.419197
v 0.820574 0.359543 -1.411297
v 0.918210 0.297632 -1.382423
v 0.887908 0.534082 -1.413209
v 1.002905 0.388229 -1.356523
v 0.979690 0.273424 -1.359727
v 0.947999 0.572744 -1.394827
v 1.012595 0.540406 -1.358416
v 1.054753 0.562582 -1.329029
v 0.957393 0.741080 -1.411915
v 1.028682 0.724395 -1.366367
v 1.114246 0.627611 -1.269157
v 1.087200 0.708434 -1.305967
v 1.144710 0.814254 -1.230448
v 1.109064 0.829599 -1.291548
v 1.198414 0.776019 -1.122832
v 1.126818 0.967764 -1.251992
v 1.210137 0.960045 -1.039608
v 1.112889 1.063991 -1.254802
v 1.090073 1.158875 -1.257003
v 1.256359 0.980932 -0.893502
v 1.194299 1.090440 -0.988498
v 1.251506 1.078022 -0.807548
v 1.280858 1.019060 -0.743221
v 1.301282 0.916980 -0.788055
v 1.261838 1.084667 -0.716178
v 1.300295 0.945529 -0.636871
v 1.297455 0.968791 -0.694458
v 1.233029 1.155203 -0.684617
v 1.256481 1.072895 -0.618279
v 1.293799 0.922681 -0.583695
v 1.260743 0.995592 -0.547018
v 1.246956 0.869471 -0.413054
v 1.242168 1.094363 -0.486746
v 1.217464 0.853119 -0.261128
v 1.189153 1.094119 -0.312837
v 1.191119 0.881569 -0.194661
v 1.154113 0.927519 -0.128472
v 1.172118 0.741908 -0.102411
v 1.146448 0.803937 -0.070662
v 1.124450 0.931710 -0.078573
v 1.114863 0.676644 0.005623
v 1.135370 0.662742 -0.022574
v 1.092198 0.886258 -0.025946
v 1.072453 0.640225 0.053368
v 1.046624 0.825943 0.027703
v 1.070043 0.559247 0.058732
v 1.020054 0.707283 0.069974
v 1.004179 0.497733 0.097066
v 0.990060 0.612251 0.094729
v 0.919799 0.437566 0.117338
v 0.937525 0.545767 0.111836
v 0.858985 0.585404 0.112034
v 0.830521 0.382231 0.113991
v 0.743169 0.398602 0.095308
v 0.665424 0.250320 0.065097
v 0.705039 0.228783 0.077932
v 0.582824 0.466726 -0.000828
v 0.518020 0.396745 -0.048932
v 0.506737 0.270985 -0.025383
v 0.468489 0.391761 -0.104167
v 0.490970 0.467714 -0.123454
v 0.436826 0.391134 -0.146385
v 0.551401 0.535852 -0.062950
v 0.491971 0.557255 -0.180802
v 0.457540 0.600605 -0.257065
v 0.441189 0.493758 -0.225555
v 0.431697 0.525157 -0.266943
v 0.467176 0.650184 -0.248060
v 0.455282 0.641275 -0.279822
v 0.443751 0.578451 -0.293195
v 0.456347 0.661988 -0.301230
v 0.458245 0.704154 -0.263105
v 0.466289 0.672947 -0.323725
v 0.441918 0.759634 -0.287431
v 0.487962 0.693753 -0.345702
v 0.440128 0.774608 -0.304972
v 0.462139 0.771711 -0.328708
v 0.423013 0.874109 -0.323277
v 0.465969 0.891729 -0.341502
v 0.522217 0.833032 -0.363635
v 0.466824 0.971091 -0.364870
v 0.527673 0.877419 -0.374918
v 0.412479 0.961152 -0.335317
v 0.516127 0.947874 -0.392511
v 0.418803 1.076422 -0.362074
v 0.487276 1.064419 -0.450729
v 0.456218 1.059664 -0.400158
v 0.492984 1.112198 -0.498676
v 0.435674 1.113722 -0.393402
v 0.428401 1.155884 -0.388840
v 0.477596 1.185866 -0.477360
v 0.501886 1.179350 -0.526574
v 0.517080 1.231274 -0.526681
v 0.519693 1.198358 -0.561202
v 0.533982 1.247816 -0.562974
v 0.481197 1.264129 -0.443607
v 0.535958 1.288764 -0.503699
v 0.530416 1.312847 -0.484042
v 0.510204 1.334875 -0.459148
v 0.517763 1.360836 -0.484118
v 0.492088 1.361593 -0.455257
v 0.450730 1.272904 -0.403162
v 0.446972 1.318434 -0.406168
v 0.444659 1.357386 -0.423975
v 0.363988 1.321666 -0.369798
v 0.386484 1.272264 -0.351887
v 0.309541 1.353677 -0.387766
v 0.357542 1.413649 -0.431345
v 0.290523 1.273403 -0.345425
v 0.333728 1.271275 -0.339546
v 0.210686 1.346772 -0.402195
v 0.218993 1.382276 -0.415704
v 0.179113 1.242656 -0.375913
v 0.221161 1.197602 -0.347130
v 0.230988 1.142874 -0.325139
v 0.209263 1.161546 -0.332043
v 0.288119 1.060482 -0.312753
v 0.275170 1.061629 -0.302274
v 0.320236 0.997371 -0.313196
v 0.403668 0.868477 -0.310347
v 0.336394 0.961094 -0.290512
v 0.277858 1.053404 -0.288622
v 0.304973 1.026177 -0.261266
v 0.232962 1.113036 -0.293082
v 0.196924 1.180115 -0.313709
v 0.168086 1.232858 -0.359214
v 0.144573 1.323038 -0.381379
v 0.162775 1.311587 -0.396749
v 0.165913 1.391201 -0.414052
v 0.246006 1.476402 -0.448578
v 0.292842 1.450544 -0.441926
v 0.376826 1.490368 -0.481341
v 0.409483 1.485259 -0.497410
v 0.440527 1.459257 -0.502014
v 0.493842 1.410973 -0.527471
v 0.524394 1.354854 -0.555701
v 0.491118 1.283735 -0.643818
v 0.527269 1.244571 -0.602283
v 0.518910 1.162951 -0.582362
v 0.516322 1.110091 -0.560906
v 0.535600 1.040502 -0.560811
v 0.514135 1.057581 -0.506795
v 0.532292 0.997489 -0.460547
v 0.588631 0.881998 -0.432045
v 0.592924 0.818485 -0.419533
v 0.574987 0.752855 -0.402227
v 0.532651 0.695845 -0.374987
v 0.522603 0.606995 -0.375657
v 0.463935 0.569904 -0.333549
v 0.447289 0.567691 -0.314479
v 0.433974 0.502245 -0.316494
v 0.406654 0.465936 -0.291693
v 0.384689 0.416277 -0.260745
v 0.372097 0.339816 -0.201997
v 0.395823 0.287567 -0.133965
v 0.446980 0.284171 -0.080230
v 0.475972 0.177027 -0.042123
v 0.572872 0.196356 0.022932
v 0.576999 0.138230 0.022809
v 0.437830 0.112433 -0.078212
v 0.533364 0.082480 -0.013481
v 0.452993 0.071665 -0.078395
v 0.512922 0.029275 -0.044811
v 0.486800 -0.006113 -0.086177
v 0.539819 -0.021982 -0.052519
v 0.405518 0.089604 -0.120465
v 0.480876 -0.087678 -0.148729
v 0.434834 -0.017293 -0.168828
v 0.457586 -0.103534 -0.188439
v 0.433180 -0.023041 -0.212764
v 0.464269 -0.200621 -0.246509
v 0.477406 -0.196319 -0.284128
v 0.500006 -0.114181 -0.306228
v 0.544440 -0.145879 -0.353666
v 0.664840 -0.073345 -0.443018
v 0.703633 -0.008257 -0.470373
v 0.633502 0.068277 -0.364634
v 0.730074 0.051741 -0.505293
v 0.692918 0.069999 -0.442278
v 0.740772 0.127129 -0.556277
v 0.710322 0.120400 -0.474037
v 0.727933 0.215652 -0.565866
v 0.741613 0.213432 -0.648078
v 0.742535 0.201616 -0.718719
v 0.722413 0.392325 -0.713304
v 0.736104 0.173449 -0.794204
v 0.702848 0.429935 -0.778372
v 0.682384 0.400120 -0.847743
v 0.677769 0.620048 -0.807450
v 0.655485 0.569556 -0.861080
v 0.696356 0.602063 -0.758749
v 0.618763 0.640412 -0.878519
v 0.629174 0.469267 -0.917351
v 0.649457 0.646565 -0.838339
v 0.594101 0.595618 -0.918903
v 0.507195 0.812284 -0.905453
v 0.603350 0.756849 -0.825633
v 0.471288 0.797336 -0.946649
v 0.449436 0.713122 -0.988946
v 0.424227 0.837268 -0.986166
v 0.433649 0.958374 -0.937665
v 0.392667 0.834152 -1.026700
v 0.354943 1.045230 -1.019981
v 0.359564 0.857791 -1.072419
v 0.389949 0.999876 -0.978268
v 0.335402 1.068854 -1.059288
v 0.293621 1.223707 -1.055560
v 0.328154 1.049460 -1.111863
v 0.340821 1.137403 -0.988354
v 0.308310 1.168785 -1.126657
v 0.297923 1.240602 -0.995399
v 0.296917 1.251797 -1.138295
v 0.320136 1.168682 -1.172711
v 0.289676 1.286047 -1.023191
v 0.290698 1.311716 -1.063463
v 0.299343 1.311310 -1.132245
v 0.314886 1.320876 -1.180498
v 0.324354 1.254007 -1.215640
v 0.372294 1.432777 -1.189257
v 0.366418 1.335146 -1.267223
v 0.327633 1.408825 -1.090163
v 0.402785 1.442007 -1.231624
v 0.354832 1.473366 -1.138562
v 0.398355 1.514735 -1.206594
v 0.437961 1.460925 -1.261821
v 0.330932 1.615752 -1.090709
v 0.412083 1.645837 -1.194894
v 0.464824 1.640701 -1.242821
v 0.485761 1.460924 -1.298126
v 0.515934 1.633740 -1.279408
v 0.497670 1.773918 -1.214154
v 0.563428 1.727169 -1.268975
v 0.436085 1.813729 -1.152568
v 0.548159 1.854261 -1.198612
v 0.642866 1.860940 -1.221485
v 0.626649 1.688797 -1.306705
v 0.484609 1.890535 -1.143608
v 0.601282 1.938237 -1.158383
v 0.676113 1.958322 -1.147702
v 0.538200 1.975199 -1.107502
v 0.771295 1.981804 -1.095448
v 0.738707 1.929287 -1.159810
v 0.636638 2.017842 -1.086171
v 0.732790 2.025782 -1.050212
v 0.822141 2.012759 -0.994374
v 0.701922 2.060814 -0.994238
v 0.785094 2.046221 -0.945497
v 0.850133 2.010876 -0.890099
v 0.750481 2.068007 -0.886021
v 0.871255 1.977662 -0.775086
v 0.797241 2.037253 -0.792928
v 0.855255 1.960353 -0.682752
v 0.796717 1.986807 -0.645339
v 0.862897 1.873361 -0.535751
v 0.737759 1.985039 -0.574590
v 0.819495 1.850740 -0.464128
v 0.772297 1.860704 -0.444353
v 0.791164 1.753543 -0.365220
v 0.702407 1.841529 -0.397206
v 0.721344 1.759642 -0.343480
v 0.636627 1.757362 -0.325646
v 0.598905 1.660513 -0.272488
v 0.602202 1.571856 -0.218123
v 0.510876 1.626462 -0.262123
v 0.475581 1.446613 -0.147561
v 0.423310 1.406024 -0.141725
v 0.388643 1.334383 -0.121205
v 0.345082 1.277879 -0.125385
v 0.277121 1.314885 -0.180282
v 0.311031 1.229400 -0.136508
v 0.339361 1.164556 -0.123766
v 0.273453 1.211129 -0.165990
v 0.322103 1.119077 -0.150747
v 0.265840 1.178639 -0.186533
v 0.321258 1.078541 -0.178168
v 0.400789 0.989984 -0.151947
v 0.255127 1.125995 -0.245800
v 0.425893 0.896634 -0.212522
v 0.373661 0.915515 -0.277103
v 0.413991 0.838568 -0.279638
v 0.391904 0.877119 -0.297788
v 0.448756 0.761928 -0.264260
v 0.453851 0.924370 -0.127631
v 0.438656 1.005801 -0.099615
v 0.448715 1.080282 -0.072632
v 0.415398 1.192433 -0.079756
v 0.459109 1.258460 -0.068447
v 0.490352 1.349727 -0.087591
v 0.537451 1.403788 -0.107177
v 0.589757 1.457159 -0.137049
v 0.694777 1.604557 -0.246959
v 0.749339 1.556870 -0.225490
v 0.815380 1.540156 -0.235677
v 0.850096 1.715406 -0.370360
v 0.884647 1.792127 -0.463389
v 0.908611 1.845784 -0.559941
v 0.929978 1.875414 -0.658050
v 0.950787 1.877917 -0.745416
v 0.919910 1.941246 -0.868904
v 0.891627 1.960806 -0.970719
v 0.933758 1.897174 -0.987738
v 0.855902 1.943081 -1.073838
v 0.904268 1.883681 -1.084277
v 0.801288 1.910422 -1.153686
v 0.857338 1.846103 -1.172854
v 0.744870 1.818274 -1.243526
v 0.800416 1.782192 -1.252354
v 0.687983 1.757721 -1.281033
v 0.741160 1.717351 -1.302208
v 0.669608 1.657592 -1.324805
v 0.569176 1.625652 -1.305613
v 0.525012 1.486726 -1.314064
v 0.591543 1.465780 -1.347172
v 0.556447 1.380644 -1.366153
v 0.443118 1.355641 -1.324106
v 0.441492 1.287921 -1.334704
v 0.394553 1.278161 -1.303180
v 0.353858 1.266106 -1.260785
v 0.375371 1.167544 -1.257822
v 0.381005 1.114655 -1.255325
v 0.348111 1.065595 -1.205922
v 0.328244 1.075339 -1.154540
v 0.329244 0.918388 -1.146386
v 0.338670 0.924760 -1.101579
v 0.391891 0.729975 -1.038158
v 0.513073 0.661738 -0.957797
v 0.577805 0.434117 -0.970969
v 0.661857 0.400599 -0.890589
v 0.704287 0.274881 -0.860100
v 0.758648 0.084006 -0.637233
v 0.756648 0.067538 -0.710033
v 0.751636 0.044414 -0.578650
v 0.754981 -0.015508 -0.627204
v 0.744133 -0.017305 -0.560188
v 0.712386 -0.118113 -0.541074
v 0.688426 -0.167672 -0.518936
v 0.647464 -0.163705 -0.467806
v 0.647396 -0.214578 -0.471725
v 0.625322 -0.256687 -0.434696
v 0.659293 -0.293804 -0.432588
v 0.578070 -0.323958 -0.348507
v 0.562117 -0.336822 -0.300783
v 0.662103 -0.385332 -0.237792
v 0.566157 -0.340838 -0.262364
v 0.520084 -0.303571 -0.264486
v 0.606177 -0.348369 -0.221493
v 0.524974 -0.289898 -0.219968
v 0.483618 -0.233445 -0.216592
v 0.489161 -0.262142 -0.257884
v 0.512258 -0.204273 -0.168926
v 0.495042 -0.141744 -0.163404
v 0.586303 -0.084798 -0.067782
v 0.670290 -0.042060 0.000387
v 0.588105 0.030182 0.002442
v 0.639904 0.071999 0.036009
v 0.809738 0.283748 0.101334
v 0.706353 0.127099 0.062668
v 0.902484 0.221840 0.088841
v 0.760664 0.043612 0.052429
v 0.713216 -0.002026 0.031127
v 0.674952 -0.100230 -0.015555
v 0.778204 -0.087046 0.043165
v 0.647800 -0.171433 -0.054366
v 0.520138 -0.240965 -0.181962
v 0.711807 -0.344336 -0.133866
v 0.754449 -0.392759 -0.168766
v 0.807294 -0.369572 -0.111173
v 0.810610 -0.313416 -0.053890
v 0.796871 -0.248456 -0.011816
v 0.699862 -0.245689 -0.058900
v 0.759942 -0.164713 0.014424
v 0.875445 -0.141318 0.061177
v 0.835891 -0.066094 0.069032
v 0.878339 0.020350 0.083661
v 0.874949 0.117563 0.079627
v 0.945233 0.155778 0.088804
v 0.997266 0.040688 0.093982
v 1.033583 0.139463 0.086417
v 1.016591 0.323806 0.073830
v 1.089295 0.155627 0.070810
v 1.063513 0.392357 0.046741
v 1.110889 0.595932 0.016998
v 1.189963 0.623682 -0.133455
v 1.201163 0.749516 -0.176683
v 1.226924 0.697628 -0.243124
v 1.245947 0.774554 -0.336386
v 1.281468 0.785493 -0.435950
v 1.301967 0.825519 -0.517029
v 1.320771 0.825433 -0.595693
v 1.323532 0.855906 -0.677885
v 1.326504 0.826555 -0.751252
v 1.292395 0.868036 -0.869538
v 1.244027 0.862512 -0.999133
v 1.224863 0.648279 -1.079935
v 1.160646 0.641055 -1.201467
v 1.152887 0.390114 -1.225595
v 1.124208 0.426079 -1.259626
v 1.078774 0.412009 -1.304319
v 1.047846 0.386683 -1.328636
v 0.970131 0.106613 -1.349762
v 0.948155 -0.070246 -1.329478
v 1.028601 -0.104241 -1.303444
v 0.959499 -0.205083 -1.292911
v 1.085686 -0.146760 -1.276451
v 1.049391 -0.194087 -1.277371
v 1.014156 -0.248839 -1.266464
v 1.092761 -0.242907 -1.245918
v 1.041292 -0.325334 -1.220201
v 0.967244 -0.289876 -1.250615
v 1.120188 -0.309783 -1.196985
v 1.075953 -0.365541 -1.176813
v 1.030425 -0.381886 -1.172399
v 1.153231 -0.339205 -1.151192
v 1.132466 -0.399855 -1.111146
v 1.081467 -0.413698 -1.120538
v 1.123185 -0.439098 -1.054325
v 1.176160 -0.417671 -1.014628
v 1.147553 -0.446465 -0.984656
v 1.112889 -0.461407 -0.952351
v 1.066905 -0.460257 -0.955918
v 1.160079 -0.443490 -0.919762
v 1.022786 -0.442464 -0.910058
v 0.954042 -0.413434 -0.888581
v 0.939578 -0.416161 -0.983180
v 1.034343 -0.418664 -0.729967
v 0.864501 -0.376938 -0.813915
v 0.971058 -0.407656 -0.774776
v 0.979607 -0.406921 -0.673429
v 0.882573 -0.384060 -0.698423
v 0.833552 -0.360372 -0.676517
v 0.822994 -0.355985 -0.785394
v 0.870476 -0.393773 -0.581632
v 0.797729 -0.332579 -0.609818
v 0.795016 -0.327307 -0.726297
v 0.825901 -0.373043 -0.567834
v 0.765822 -0.284455 -0.607149
v 0.769528 -0.280883 -0.650072
v 0.745597 -0.280540 -0.549129
v 0.765359 -0.348922 -0.488845
v 0.716509 -0.300862 -0.481298
v 0.693484 -0.255606 -0.496218
v 0.695520 -0.210638 -0.522424
v 0.733747 -0.205303 -0.591436
v 0.730823 -0.149335 -0.594596
v 0.739611 -0.141836 -0.646519
v 0.747430 -0.208563 -0.672526
v 0.740263 -0.138208 -0.687233
v 0.751934 0.003076 -0.713367
v 0.735587 -0.078798 -0.727783
v 0.731533 0.019538 -0.788461
v 0.717243 -0.081344 -0.779726
v 0.732781 0.104055 -0.807889
v 0.710006 0.137208 -0.866879
v 0.684772 0.019158 -0.877641
v 0.729210 0.169016 -0.824286
v 0.676476 0.160168 -0.924874
v 0.688921 0.241802 -0.904867
v 0.654985 0.258154 -0.949056
v 0.615056 0.308058 -0.975582
v 0.605814 0.229317 -0.997592
v 0.566757 0.299221 -1.010772
v 0.492505 0.520643 -1.003519
v 0.428854 0.598151 -1.027455
v 0.442272 0.365253 -1.061881
v 0.371598 0.587949 -1.076180
v 0.396635 0.445044 -1.075970
v 0.334572 0.659826 -1.117984
v 0.336556 0.836193 -1.117389
v 0.310663 0.760178 -1.176534
v 0.307228 0.639196 -1.179647
v 0.307185 0.744858 -1.226315
v 0.329427 0.801064 -1.270314
v 0.330542 0.956904 -1.190631
v 0.381979 1.051080 -1.260664
v 0.359723 0.823299 -1.305845
v 0.415314 1.045396 -1.296713
v 0.458092 1.051446 -1.329674
v 0.515980 1.083899 -1.362026
v 0.530784 1.012212 -1.377883
v 0.442932 1.141565 -1.313061
v 0.508324 1.163553 -1.356308
v 0.605146 1.232277 -1.395936
v 0.495406 1.297841 -1.360231
v 0.568990 1.322324 -1.382033
v 0.708487 1.318292 -1.417199
v 0.692716 1.470994 -1.374393
v 0.788277 1.505435 -1.374718
v 0.770996 1.355704 -1.420543
v 0.750949 1.591642 -1.349120
v 0.807112 1.645055 -1.325397
v 0.863648 1.696874 -1.276263
v 0.861111 1.523628 -1.351974
v 0.910465 1.656170 -1.259464
v 0.912186 1.755756 -1.192741
v 0.953290 1.707119 -1.170019
v 0.947966 1.802370 -1.093258
v 0.991221 1.756187 -1.025381
v 0.988404 1.694517 -1.105013
v 0.970065 1.827506 -0.986115
v 1.002401 1.780617 -0.869243
v 0.974252 1.849210 -0.888364
v 1.039131 1.701382 -0.739209
v 0.973077 1.850075 -0.800698
v 1.061914 1.642742 -0.615640
v 1.004536 1.739410 -0.596794
v 0.955369 1.761312 -0.517307
v 0.997526 1.648062 -0.453657
v 0.943830 1.670132 -0.406590
v 0.915234 1.560022 -0.302687
v 0.961456 1.570098 -0.348576
v 0.874879 1.504081 -0.238408
v 0.764737 1.406508 -0.127491
v 0.680904 1.438981 -0.129448
v 0.649633 1.335120 -0.065324
v 0.728446 1.328539 -0.072193
v 0.574028 1.352456 -0.073580
v 0.639811 1.237181 -0.026839
v 0.725193 1.267259 -0.040633
v 0.564857 1.245502 -0.034927
v 0.555907 1.135933 -0.019554
v 0.582575 1.016789 -0.007827
v 0.542375 0.950233 -0.032492
v 0.519125 0.895111 -0.061058
v 0.517986 0.828244 -0.094731
v 0.467216 0.805267 -0.212226
v 0.521904 0.712776 -0.153105
v 0.554332 0.766202 -0.066174
v 0.580099 0.816186 -0.020482
v 0.602381 0.873526 -0.000709
v 0.675168 0.877777 0.033300
v 0.654826 1.076566 0.008828
v 0.715634 1.097914 0.013892
v 0.763487 1.134853 0.004777
v 0.831717 1.287189 -0.071634
v 0.894941 1.319545 -0.113444
v 0.856505 1.401182 -0.156228
v 0.935774 1.373716 -0.179110
v 1.020362 1.394716 -0.270314
v 1.046861 1.535870 -0.424305
v 1.048738 1.607226 -0.505806
v 1.102675 1.539453 -0.573330
v 1.103485 1.552629 -0.669532
v 1.058551 1.636037 -0.812849
v 1.040083 1.619097 -0.955756
v 1.021450 1.529447 -1.116640
v 0.982739 1.583500 -1.185477
v 0.948683 1.607407 -1.236161
v 0.906383 1.515001 -1.326839
v 0.934651 1.486755 -1.310936
v 0.924787 1.379400 -1.384221
v 0.871739 1.420438 -1.392295
v 0.832871 1.351236 -1.424628
v 0.800365 1.205994 -1.451458
v 0.746604 1.191738 -1.442055
v 0.766293 1.085076 -1.452024
v 0.625120 1.045798 -1.407534
v 0.438741 0.855100 -1.363203
v 0.486152 0.826825 -1.391391
v 0.400998 0.860915 -1.336526
v 0.392260 0.746566 -1.345710
v 0.351056 0.653778 -1.312550
v 0.323429 0.639431 -1.270022
v 0.330414 0.543728 -1.134021
v 0.366476 0.474959 -1.098863
v 0.528087 0.190700 -1.047605
v 0.608197 0.135044 -0.998089
v 0.649157 0.071338 -0.944651
v 0.672174 -0.070280 -0.867674
v 0.714578 -0.176777 -0.788211
v 0.733828 -0.175493 -0.731045
v 0.740375 -0.237742 -0.760063
v 0.770949 -0.287966 -0.711168
v 0.753722 -0.318982 -0.870325
v 0.721266 -0.274872 -0.859157
v 0.684999 -0.219789 -0.876561
v 0.663323 -0.161981 -0.886118
v 0.680026 -0.121175 -0.851417
v 0.595477 -0.096140 -0.972551
v 0.638791 -0.034835 -0.925142
v 0.578325 -0.040132 -0.994618
v 0.542966 0.110070 -1.043830
v 0.541727 -0.005971 -1.031679
v 0.473461 0.085136 -1.081628
v 0.407676 0.246403 -1.098039
v 0.352072 0.280778 -1.128486
v 0.324944 0.269562 -1.151632
v 0.334404 0.437771 -1.134292
v 0.302529 0.379366 -1.180612
v 0.312338 0.460393 -1.183653
v 0.307725 0.487565 -1.226189
v 0.289670 0.337275 -1.227019
v 0.322460 0.459085 -1.273265
v 0.352984 0.571313 -1.311682
v 0.392242 0.614785 -1.349532
v 0.432597 0.696410 -1.377990
v 0.474389 0.694214 -1.397952
v 0.532262 0.843520 -1.404638
v 0.534675 0.690205 -1.416314
v 0.608555 0.879259 -1.416095
v 0.663864 0.850154 -1.425387
v 0.729486 0.887815 -1.438495
v 0.810948 1.081291 -1.461246
v 0.839507 0.923795 -1.455785
v 0.859427 1.099157 -1.464558
v 0.854019 1.185582 -1.457129
v 0.903825 1.152202 -1.455321
v 0.892653 1.295712 -1.427787
v 0.950464 1.230772 -1.423852
v 0.984048 1.288192 -1.378932
v 0.974773 1.441564 -1.274524
v 1.013817 1.316759 -1.315755
v 1.024232 1.402579 -1.178311
v 0.987751 1.478282 -1.218132
v 1.041611 1.428262 -1.095278
v 1.092697 1.481000 -0.901698
v 1.113820 1.413344 -0.884898
v 1.113831 1.495298 -0.781971
v 1.122884 1.469615 -0.529688
v 1.141853 1.368734 -0.451355
v 1.088979 1.407849 -0.379839
v 1.053781 1.400336 -0.318594
v 0.981533 1.359878 -0.201533
v 0.997207 1.254612 -0.123525
v 0.860542 1.186454 -0.028047
v 0.946325 1.204776 -0.063423
v 0.829898 1.163023 -0.011896
v 0.730205 0.887199 0.046436
v 0.767891 0.940040 0.043808
v 0.661137 0.739559 0.040304
v 0.733468 0.718378 0.073715
v 0.623796 0.682610 0.013411
v 0.581528 0.715385 -0.033230
v 0.585657 0.643213 -0.032926
v 0.534053 0.627984 -0.129780
v 0.608811 0.583570 0.004439
v 0.684335 0.628504 0.057129
v 0.796854 0.745964 0.086851
v 0.839017 0.793444 0.083552
v 0.859441 0.947136 0.045399
v 0.881997 0.998264 0.030843
v 0.949155 1.007225 0.014007
v 0.977752 1.130078 -0.044114
v 1.013320 1.184864 -0.088464
v 1.073718 1.165703 -0.130483
v 1.046342 1.249999 -0.164167
v 1.095622 1.212584 -0.193261
v 1.143539 1.239161 -0.313649
v 1.182769 1.297218 -0.484346
v 1.172943 1.363550 -0.560179
v 1.156796 1.419223 -0.620191
v 1.187772 1.336941 -0.664685
v 1.138364 1.389934 -0.825481
v 1.108832 1.348394 -0.931239
v 1.066606 1.285448 -1.207414
v 1.030318 1.221614 -1.349559
v 0.993910 1.178976 -1.405864
v 1.045001 1.039145 -1.380349
v 0.953473 1.108355 -1.441814
v 1.004079 0.987698 -1.419391
v 0.916161 0.987345 -1.455077
v 0.957859 0.951624 -1.440344
v 0.835483 0.726060 -1.439545
v 0.783058 0.726326 -1.440165
v 0.688608 0.693246 -1.432345
v 0.519018 0.521990 -1.412135
v 0.470969 0.491681 -1.394626
v 0.426340 0.495567 -1.374698
v 0.381873 0.390165 -1.345048
v 0.413515 0.350231 -1.361535
v 0.341848 0.409341 -1.308205
v 0.321343 0.296357 -1.304037
v 0.287915 0.259418 -1.264530
v 0.295781 0.276901 -1.185184
v 0.280858 0.249967 -1.221208
v 0.299064 0.180165 -1.181282
v 0.372465 0.130323 -1.127526
v 0.335233 0.135017 -1.151862
v 0.394216 0.029732 -1.118120
v 0.469494 -0.025166 -1.078198
v 0.524847 -0.085617 -1.040913
v 0.585125 -0.141121 -0.988168
v 0.554924 -0.176615 -1.028995
v 0.624902 -0.197263 -0.955764
v 0.634144 -0.244821 -0.981640
v 0.662782 -0.287347 -0.996371
v 0.775013 -0.346806 -0.938508
v 0.635508 -0.295167 -1.071289
v 0.680463 -0.316791 -1.102517
v 0.738338 -0.287533 -1.205199
v 0.751111 -0.324937 -1.136179
v 0.845767 -0.332111 -1.178582
v 0.955828 -0.403894 -1.120982
v 1.005913 -0.445805 -1.036173
v 0.960026 -0.377175 -1.171600
v 0.951525 -0.327189 -1.221699
v 0.661456 -0.157063 -1.318305
v 0.736680 -0.144547 -1.329938
v 0.664290 -0.060083 -1.355887
v 0.490668 -0.077213 -1.325821
v 0.563426 0.051705 -1.370818
v 0.503616 0.164576 -1.377405
v 0.424024 0.034093 -1.334379
v 0.541601 0.271147 -1.397855
v 0.623503 0.479437 -1.423320
v 0.748841 0.514404 -1.428543
v 0.883533 0.721543 -1.432325
v 0.995445 0.875267 -1.412928
v 1.049493 0.910467 -1.375659
v 1.077134 0.982614 -1.343264
v 1.170211 1.194089 -0.955254
v 1.213233 1.168103 -0.818536
v 1.200176 1.202143 -0.779372
v 1.199046 1.223389 -0.741739
v 1.226873 1.228480 -0.619536
v 1.245557 1.136593 -0.550822
v 1.218100 1.247816 -0.552692
v 1.234471 1.134914 -0.478665
v 1.197604 1.212296 -0.427658
v 1.160534 1.146055 -0.269478
v 1.125167 1.155957 -0.200007
v 1.080987 1.013574 -0.063486
v 1.043983 0.939972 -0.004489
v 0.991857 0.895062 0.035739
v 0.954773 0.721772 0.091089
v 0.886277 0.713286 0.099945
v 0.797042 0.589409 0.103643
v 0.747831 0.625094 0.085129
v 0.698915 0.476588 0.077828
v 0.636856 0.477269 0.042036
v 0.925506 0.808748 0.077289
v 1.198924 1.279109 -0.698650
v 1.089092 1.340152 -1.019000
v 1.071119 1.076733 -1.334481
v 0.568493 0.553584 -1.422705
v 0.340531 0.173475 -1.319505
v 0.301198 0.140863 -1.289820
v 0.277818 0.079469 -1.246395
v 0.279673 0.097812 -1.212522
v 0.314871 0.016875 -1.169994
v 0.483382 -0.124284 -1.077495
v 0.494959 -0.192853 -1.092310
v 0.575447 -0.216789 -1.031791
v 0.560896 -0.251240 -1.084609
v 0.519304 -0.256309 -1.143891
v 0.519550 -0.262330 -1.183811
v 0.552056 -0.262828 -1.205532
v 0.537086 -0.229555 -1.246364
v 0.641649 -0.200600 -1.285234
v 0.655482 -0.257828 -1.230057
v 0.785378 -0.270225 -1.242434
v 0.516079 -0.173032 -1.286821
v 0.389783 -0.047508 -1.305952
v 0.372822 0.099753 -1.329232
v 0.411105 0.223739 -1.354639
v 0.331612 0.064589 -1.302384
v 0.297127 0.034190 -1.268297
v 0.292984 -0.034836 -1.222149
v 0.311715 -0.062389 -1.185221
v 0.320739 -0.108281 -1.204326
v 0.342971 -0.117296 -1.171764
v 0.312766 -0.072067 -1.242301
v 0.331595 -0.029677 -1.279217
v 0.354297 -0.115751 -1.256829
v 0.346355 -0.137252 -1.228462
v 0.386347 -0.181180 -1.219294
v 0.393695 -0.191421 -1.185367
v 0.391540 -0.172335 -1.161066
v 0.436628 -0.219264 -1.208285
v 0.469236 -0.222841 -1.233366
v 0.770531 -0.395450 -0.414940
v 0.830868 -0.427014 -0.418640
v 0.878771 -0.440985 -0.397659
v 0.921641 -0.447645 -0.359845
v 0.863916 -0.427665 -0.184838
v 0.847623 -0.404505 -0.144109
v 0.911719 -0.358810 -0.066421
v 0.852703 -0.261199 0.001781
v 0.928439 -0.217627 0.040905
v 0.949904 -0.118415 0.077377
v 0.940703 0.001179 0.093106
v 1.048415 -0.022794 0.086626
v 1.134882 0.094027 0.049141
v 1.168254 0.142062 0.024798
v 1.134332 0.273767 0.033576
v 1.102371 0.379039 0.027278
v 1.157679 0.450875 -0.031932
v 1.106551 0.457653 0.011571
v 1.146603 0.523652 -0.036848
v 1.194756 0.546206 -0.116792
v 1.236154 0.595899 -0.219693
v 1.262494 0.665156 -0.320751
v 1.285334 0.661842 -0.386642
v 1.323825 0.714374 -0.550119
v 1.339260 0.718347 -0.640227
v 1.318488 0.802235 -0.819872
v 1.304191 0.777280 -0.877770
v 1.261930 0.741106 -0.990322
v 1.203649 0.561381 -1.129609
v 1.179523 0.481402 -1.179987
v 1.146403 0.296117 -1.245001
v 1.088295 0.224556 -1.298477
v 1.064878 0.180947 -1.314693
v 1.121939 -0.004587 -1.274201
v 1.062657 0.030640 -1.307546
v 1.169142 -0.053061 -1.237349
v 1.137447 -0.173141 -1.244401
v 1.197370 -0.156919 -1.195811
v 1.165612 -0.224685 -1.207903
v 1.198311 -0.251177 -1.158827
v 1.226911 -0.268315 -1.103032
v 1.182986 -0.353251 -1.102319
v 1.243575 -0.318144 -0.993267
v 1.213392 -0.365023 -1.022202
v 1.231700 -0.365491 -0.919606
v 1.195878 -0.415334 -0.913856
v 1.124491 -0.422128 -0.677361
v 1.165213 -0.415157 -0.722594
v 1.075820 -0.418455 -0.649204
v 1.016317 -0.414011 -0.549659
v 0.934619 -0.409183 -0.582706
v 1.096246 -0.417089 -0.468053
v 1.085227 -0.443326 -0.268573
v 1.082112 -0.438505 -0.218696
v 1.057122 -0.424339 -0.165235
v 0.967274 -0.398360 -0.113332
v 0.982098 -0.363716 -0.067121
v 0.982920 -0.316918 -0.021286
v 0.933787 -0.275859 0.006766
v 1.014912 -0.255260 0.019845
v 1.003285 -0.196268 0.052471
v 1.010766 -0.119692 0.076731
v 1.078104 -0.172729 0.052403
v 1.093489 -0.083122 0.069446
v 1.142421 -0.151492 0.033837
v 1.146940 -0.070543 0.043349
v 1.189096 -0.098597 0.010482
v 1.195366 0.261821 -0.011712
v 1.237664 -0.017881 -0.054363
v 1.219091 0.264607 -0.040610
v 1.219288 0.368786 -0.070999
v 1.250981 0.371456 -0.136326
v 1.227611 0.460993 -0.128373
v 1.258248 0.454502 -0.198983
v 1.265122 0.585918 -0.295070
v 1.304770 0.685392 -0.462975
v 1.340194 0.623968 -0.741102
v 1.305824 0.669287 -0.891182
v 1.272205 0.577289 -0.979958
v 1.257888 0.466589 -1.023497
v 1.226692 0.419657 -1.098025
v 1.205755 0.356688 -1.152357
v 1.135408 0.141997 -1.268797
v 1.181474 0.220712 -1.216361
v 1.190001 0.111563 -1.219934
v 1.224080 -0.034269 -1.182647
v 1.252731 -0.120025 -1.132654
v 1.272723 -0.125678 -1.088376
v 1.249583 -0.266058 -1.049117
v 1.279766 -0.213262 -0.979978
v 1.275980 -0.262011 -0.905437
v 1.274341 -0.285849 -0.783557
v 1.259254 -0.317094 -0.740804
v 1.238977 -0.346147 -0.720920
v 1.199538 -0.387656 -0.679943
v 1.167107 -0.402494 -0.528511
v 1.122386 -0.414628 -0.571875
v 1.158209 -0.409823 -0.440632
v 1.105781 -0.437611 -0.317777
v 1.081681 -0.393510 -0.116427
v 1.072572 -0.351131 -0.065265
v 1.057850 -0.303868 -0.020186
v 1.098644 -0.228074 0.020437
v 1.141303 -0.317107 -0.057761
v 1.185210 -0.216137 -0.018415
v 1.233948 -0.176936 -0.063029
v 1.210709 -0.085313 -0.012669
v 1.250176 -0.119020 -0.081134
v 1.278452 0.133632 -0.132106
v 1.245737 0.221445 -0.078266
v 1.266513 0.308625 -0.147146
v 1.276895 0.468254 -0.286698
v 1.309709 0.450167 -0.451053
v 1.302897 0.533320 -0.428204
v 1.325716 0.553036 -0.538298
v 1.339407 0.568897 -0.628082
v 1.342904 0.641016 -0.688277
v 1.331640 0.654145 -0.799973
v 1.314111 0.426369 -0.872047
v 1.257747 0.200189 -1.100938
v 1.259378 0.114343 -1.122697
v 1.250302 0.051404 -1.148061
v 1.284589 0.022013 -1.083594
v 1.298320 -0.019427 -1.042601
v 1.286186 -0.133750 -1.039014
v 1.308647 -0.064314 -0.960177
v 1.305981 -0.155766 -0.831400
v 1.298951 -0.233894 -0.740255
v 1.282536 -0.289461 -0.629110
v 1.235735 -0.355064 -0.525566
v 1.197666 -0.389019 -0.510215
v 1.201501 -0.401884 -0.311679
v 1.166724 -0.422699 -0.299180
v 1.156279 -0.423875 -0.227568
v 1.144988 -0.413229 -0.177509
v 1.140359 -0.383707 -0.124255
v 1.200044 -0.309747 -0.097950
v 1.220970 -0.245921 -0.078899
v 1.253220 -0.227858 -0.124526
v 1.274632 -0.117699 -0.136345
v 1.315824 0.057892 -0.231822
v 1.309875 0.233480 -0.263105
v 1.308084 0.360657 -0.379715
v 1.325009 0.431507 -0.529066
v 1.332066 0.468582 -0.583784
v 1.339301 0.458347 -0.676123
v 1.329696 0.507656 -0.804788
v 1.329820 0.383278 -0.795925
v 1.334228 0.346909 -0.734063
v 1.331665 0.316610 -0.591652
v 1.321638 0.352358 -0.479223
v 1.331830 0.255069 -0.493568
v 1.334547 0.186605 -0.385902
v 1.327440 0.121200 -0.291030
v 1.332356 -0.029891 -0.310358
v 1.346240 0.049867 -0.400030
v 1.345837 -0.082218 -0.428405
v 1.317892 -0.115954 -0.278314
v 1.290670 -0.201853 -0.225959
v 1.333662 -0.145337 -0.367015
v 1.265493 -0.302092 -0.253776
v 1.274498 -0.315340 -0.361922
v 1.193888 -0.394880 -0.207798
v 1.218989 -0.382799 -0.283588
v 1.260808 -0.336457 -0.425392
v 1.304547 -0.252203 -0.362094
v 1.334205 -0.186243 -0.430022
v 1.337246 -0.184080 -0.499315
v 1.347906 -0.083424 -0.546179
v 1.348439 0.040318 -0.474913
v 1.333278 0.244339 -0.579887
v 1.330724 0.258351 -0.772871
v 1.296913 0.442748 -0.925459
v 1.269999 0.355307 -1.016778
v 1.245894 0.288124 -1.092903
v 1.290674 0.193816 -1.027122
v 1.309446 0.075616 -0.989972
v 1.318977 -0.013966 -0.847813
v 1.317295 -0.068015 -0.816566
v 1.334334 -0.144231 -0.637913
v 1.319518 -0.225929 -0.602796
v 1.293846 -0.287382 -0.511145
v 1.316026 -0.246505 -0.444311
v 1.334940 0.119988 -0.655914
v 1.324490 0.257140 -0.844967
v 1.316210 0.278480 -0.890241
v 1.292150 0.283979 -0.977098
v 1.322374 0.100219 -0.885280
v 1.328011 0.022588 -0.756912
v 0.169634 1.256612 -0.329816
v 0.147175 1.332714 -0.346180
v 0.146850 1.408688 -0.372239
v 0.149490 1.399515 -0.396619
v 0.166492 1.473234 -0.403583
v 0.182131 1.457819 -0.424768
v 0.264298 1.572741 -0.468691
v 0.358668 1.578849 -0.501623
v 0.344078 1.537284 -0.487155
v 0.386018 1.532202 -0.505382
v 0.423579 1.508593 -0.533868
v 0.447295 1.468961 -0.568007
v 0.404059 1.373721 -0.683933
v 0.498643 1.229546 -0.667569
v 0.508466 1.173624 -0.672090
v 0.518945 1.139687 -0.641109
v 0.530442 1.068684 -0.617684
v 0.544177 1.025166 -0.606731
v 0.570994 0.973601 -0.539786
v 0.615196 0.902951 -0.501508
v 0.626914 0.892462 -0.539816
v 0.615604 0.885358 -0.475393
v 0.647855 0.831062 -0.507321
v 0.638849 0.773938 -0.466189
v 0.612203 0.650121 -0.435925
v 0.445425 0.430141 -0.328407
v 0.471948 0.499772 -0.347149
v 0.380307 0.365231 -0.284860
v 0.357447 0.310070 -0.246943
v 0.358955 0.298658 -0.203938
v 0.372320 0.228718 -0.142489
v 0.400253 0.215421 -0.106697
v 0.388429 0.159895 -0.119678
v 0.357650 0.182306 -0.171592
v 0.380392 0.097526 -0.161436
v 0.381821 0.093817 -0.202225
v 0.448684 -0.008355 -0.250956
v 0.379554 0.174859 -0.244150
v 0.356987 0.193404 -0.214346
v 0.412151 0.216235 -0.277755
v 0.563122 0.198119 -0.309974
v 0.480448 0.307193 -0.324707
v 0.530447 0.326070 -0.348024
v 0.588071 0.283367 -0.361371
v 0.628743 0.359523 -0.422939
v 0.628043 0.278768 -0.392028
v 0.541318 0.413429 -0.375373
v 0.577954 0.378292 -0.390761
v 0.674105 0.306670 -0.462870
v 0.621944 0.516688 -0.439622
v 0.648650 0.550990 -0.464646
v 0.695631 0.435790 -0.504974
v 0.697038 0.522969 -0.535984
v 0.662179 0.579218 -0.487402
v 0.709429 0.528346 -0.590235
v 0.682795 0.643111 -0.541719
v 0.706593 0.592117 -0.628146
v 0.679713 0.752721 -0.603366
v 0.705682 0.624592 -0.652843
v 0.674182 0.719497 -0.524650
v 0.692674 0.685214 -0.675064
v 0.654189 0.795912 -0.671864
v 0.667052 0.791922 -0.621602
v 0.574570 0.928709 -0.697146
v 0.618274 0.798139 -0.764896
v 0.613173 0.895922 -0.626383
v 0.567657 0.868418 -0.793858
v 0.540492 0.909947 -0.808459
v 0.544759 0.981378 -0.717709
v 0.509873 1.047172 -0.756854
v 0.527579 1.040024 -0.695007
v 0.490409 1.126991 -0.747978
v 0.470114 1.054367 -0.837679
v 0.463483 1.174366 -0.766941
v 0.389831 1.096546 -0.933370
v 0.410516 1.262914 -0.769629
v 0.381329 1.271959 -0.812909
v 0.358440 1.196791 -0.905755
v 0.338142 1.341499 -0.856313
v 0.355648 1.535241 -0.674087
v 0.419294 1.479114 -0.605803
v 0.402795 1.546698 -0.591747
v 0.400114 1.592120 -0.581715
v 0.415193 1.535683 -0.563956
v 0.399335 1.603761 -0.542642
v 0.402351 1.638264 -0.563702
v 0.404970 1.544182 -0.528564
v 0.385249 1.604423 -0.521499
v 0.367096 1.644721 -0.511071
v 0.390891 1.704138 -0.530199
v 0.337426 1.714378 -0.492353
v 0.255874 1.603541 -0.454595
v 0.243284 1.595846 -0.423717
v 0.295562 1.685511 -0.460340
v 0.181194 1.491236 -0.362771
v 0.166253 1.414174 -0.325003
v 0.262506 1.590540 -0.380407
v 0.303611 1.708482 -0.435802
v 0.327588 1.753896 -0.463047
v 0.362294 1.783839 -0.502693
v 0.402115 1.720935 -0.548123
v 0.404972 1.696406 -0.584626
v 0.377463 1.594435 -0.624499
v 0.376202 1.701007 -0.659400
v 0.287128 1.600609 -0.803276
v 0.278968 1.524556 -0.856936
v 0.279482 1.671002 -0.834042
v 0.270362 1.557905 -0.898443
v 0.321365 1.672192 -0.749234
v 0.283350 1.765053 -0.848259
v 0.272757 1.674199 -0.925292
v 0.325388 1.802130 -0.743296
v 0.289821 1.806283 -0.889408
v 0.283851 1.726782 -0.954892
v 0.385060 1.864552 -0.656266
v 0.374217 1.924242 -0.705883
v 0.387333 1.758914 -0.643517
v 0.412445 1.923970 -0.618154
v 0.398311 1.972077 -0.716170
v 0.397415 1.844280 -0.618939
v 0.431496 1.972409 -0.603619
v 0.436956 2.012542 -0.687106
v 0.404653 1.854253 -0.589479
v 0.424675 1.955805 -0.550329
v 0.454719 1.994939 -0.517542
v 0.467264 2.035496 -0.649793
v 0.385954 1.893503 -0.466866
v 0.417048 1.938106 -0.475976
v 0.441942 1.940226 -0.452890
v 0.384396 1.872659 -0.440481
v 0.446530 1.864973 -0.399361
v 0.401324 1.866486 -0.418665
v 0.411592 1.695221 -0.335638
v 0.459810 1.693653 -0.316414
v 0.490996 1.833762 -0.375840
v 0.561087 1.723819 -0.308548
v 0.360675 1.683462 -0.357561
v 0.319064 1.693071 -0.397013
v 0.352383 1.819239 -0.462967
v 0.379089 1.841951 -0.512816
v 0.399942 1.860851 -0.548966
v 0.405542 1.784073 -0.568524
v 0.508424 1.903392 -0.413980
v 0.497554 1.989191 -0.481314
v 0.542371 2.030217 -0.538040
v 0.500245 2.038754 -0.560496
v 0.551260 2.063667 -0.633160
v 0.508841 2.060641 -0.666835
v 0.449559 2.020938 -0.856422
v 0.402603 1.990072 -0.843658
v 0.350274 1.942371 -0.863283
v 0.406502 1.987615 -0.928612
v 0.356984 1.929280 -0.951924
v 0.309033 1.853747 -0.930110
v 0.348668 1.880948 -1.002995
v 0.339274 1.808740 -1.038856
v 0.309249 1.768973 -1.005043
v 0.293307 1.641712 -1.007751
v 0.284142 1.562451 -0.976869
v 0.307317 1.442633 -0.969829
v 0.308320 1.392968 -0.936961
v 0.317286 1.382368 -0.890013
v 0.322282 1.230969 -0.944637
v 0.476932 0.993992 -0.859049
v 0.537987 0.844966 -0.853806
v 0.665763 0.701873 -0.766028
v 0.688431 0.655403 -0.748925
v 0.714937 0.506763 -0.673050
v 0.728430 0.411871 -0.619181
v 0.726265 0.394031 -0.579480
v 0.715501 0.395899 -0.543840
v 0.695984 0.241641 -0.491689
v 0.654311 0.289800 -0.430108
v 0.634091 0.169820 -0.357635
v 0.601867 0.174392 -0.326227
v 0.307821 1.386926 -1.005290
v 0.319122 1.446499 -1.029794
v 0.315147 1.555043 -1.059465
v 0.360608 1.684491 -1.118291
v 0.384031 1.825362 -1.091737
v 0.424986 1.922243 -1.072308
v 0.477489 1.963607 -1.079927
v 0.510414 2.021486 -1.031018
v 0.603485 2.048554 -1.026944
v 0.547828 2.057623 -0.954206
v 0.614399 2.075901 -0.931494
v 0.671456 2.082584 -0.903780
v 0.702215 2.073892 -0.764804
v 0.645128 2.075784 -0.701818
v 0.700501 2.043473 -0.644018
v 0.660191 2.011048 -0.549496
v 0.619016 1.979415 -0.493279
v 0.606218 2.048252 -0.590510
v 0.595722 2.076814 -0.710729
v 0.496913 2.038621 -0.949638
v 0.426307 1.976448 -1.005047
v 0.578708 0.955085 -0.612619
v 0.571108 0.499339 -0.404504
v 0.467493 0.374615 -0.333685
v 0.404262 0.322618 -0.302259
v 0.374307 0.303852 -0.278066
v 0.401780 1.202924 -0.352539
v -0.580874 0.444493 0.142218
v -0.961590 0.152629 0.078078
v -0.955281 -0.279362 -0.048275
v -1.017579 -0.073318 -0.038266
v -0.529461 0.013607 -0.146051
v -1.142767 0.775505 -0.360821
v -0.306997 1.916630 -0.755068
v -0.311782 2.052182 -0.884167
v -0.350217 2.043852 -1.023617
v -1.184815 1.107434 -1.149680
v -0.979802 1.283935 -1.423532
v -0.338653 1.499127 -0.420738
v -1.072961 1.397603 -1.288917
v -0.729439 1.369288 -1.426735
v -0.673286 0.507847 0.166885
v -0.685499 0.417770 0.170150
v -0.593242 0.550814 0.158481
v -0.698590 0.605155 0.170966
v -0.480406 0.551038 0.131955
v -0.432695 0.440556 0.086641
v -0.987336 0.126883 0.015847
v -0.996041 -0.263599 -0.087574
v -0.956918 -0.320125 -0.084401
v -0.123665 0.903802 -0.036560
v -0.067459 0.929020 -0.084218
v -0.505219 0.105943 -0.040417
v -0.538582 0.015626 -0.106001
v -0.479277 0.129241 -0.113283
v -1.055053 0.024003 -0.075362
v -1.049721 -0.209566 -0.139471
v -0.729551 -0.323793 -0.156173
v -0.759471 -0.339534 -0.096371
v -0.763463 -0.357076 -0.148710
v -0.509107 -0.003481 -0.236344
v -0.883921 1.365998 -0.245771
v -0.323327 1.024938 -0.270185
v -0.328891 0.942894 -0.269234
v -0.388187 0.956321 -0.276283
v -0.370039 1.025918 -0.274691
v -1.133909 0.751654 -0.324553
v -1.086032 0.808990 -0.216329
v -1.092858 0.851746 -0.288192
v -1.139372 0.868484 -0.409783
v -1.246805 0.887003 -0.680196
v -1.235793 0.780066 -0.571232
v -0.319536 1.911957 -0.693138
v -0.359359 1.799359 -0.689231
v -0.326018 1.839507 -0.767623
v -0.483441 2.069698 -0.790175
v -0.523482 2.090529 -0.863772
v -0.300002 1.719437 -0.817992
v -0.284464 1.662336 -0.825883
v -0.298571 2.009180 -0.797136
v -0.272992 1.974345 -0.916577
v -0.308202 2.023309 -0.977262
v -0.344482 2.093380 -0.880188
v -0.332996 2.068434 -0.797508
v -0.306907 -0.209164 -1.213614
v -0.406635 -0.145858 -1.305529
v -0.404546 2.053329 -1.064167
v -0.379951 2.087760 -1.002201
v -0.340525 2.071732 -0.969521
v -1.200528 1.205570 -1.004764
v -1.144519 1.241274 -1.189678
v -1.161878 1.048885 -1.253594
v -1.017545 1.225980 -1.407643
v -0.345933 1.557350 -0.435932
v -0.326453 1.599174 -0.413191
v -0.282454 1.533288 -0.358489
v -0.339080 1.434696 -0.400606
v -0.369489 1.427877 -0.462979
v -1.063253 1.399262 -1.307962
v -0.713155 1.435768 -1.414220
v -0.623301 1.395264 -1.386796
v -0.640775 1.348446 -1.394287
v -0.780537 1.316773 -1.456236
v -0.787310 1.438702 -1.422303
v -0.684542 1.286685 -1.437495
v -0.832320 1.352146 -1.453545
v -0.661619 1.171970 -1.470099
v -0.868412 1.298098 -1.457429
v -0.767655 1.069274 -1.496726
v -0.887097 1.148223 -1.472810
v -0.905056 1.052374 -1.477109
v -0.957516 1.164246 -1.453158
v -0.961737 0.956054 -1.460219
v -0.830366 0.974839 -1.488648
v -1.019174 0.925604 -1.431948
v -1.010649 1.056939 -1.437344
v -0.912110 0.810025 -1.461843
v -0.966280 0.820306 -1.449210
v -1.068176 0.924689 -1.398391
v -1.017718 0.812852 -1.425559
v -1.113272 0.851079 -1.350022
v -1.102399 1.002843 -1.362202
v -1.060748 0.752930 -1.387942
v -1.120719 0.743134 -1.328693
v -1.175467 0.728564 -1.246565
v -1.191181 0.810280 -1.217475
v -1.134629 0.559344 -1.278137
v -1.186002 0.574305 -1.192545
v -1.219370 0.547626 -1.104447
v -1.162381 0.534313 -1.230500
v -1.240646 0.579563 -1.036037
v -1.233780 0.353645 -1.017117
v -1.258833 0.424245 -0.918125
v -1.260648 0.298652 -0.906527
v -1.270804 0.441567 -0.821197
v -1.273845 0.346621 -0.753603
v -1.271571 0.380691 -0.651205
v -1.269411 0.122097 -0.602562
v -1.254393 0.187452 -0.497317
v -1.258724 0.412854 -0.541929
v -1.200108 0.149315 -0.329152
v -1.235401 0.084727 -0.428627
v -1.209730 0.037543 -0.364621
v -1.159241 0.031375 -0.256106
v -1.094688 0.133710 -0.127180
v -0.990991 -0.015187 0.008589
v -0.930730 0.033326 0.072883
v -0.999143 0.093898 -0.005409
v -0.962070 -0.089633 0.027427
v -0.922449 -0.017671 0.070250
v -0.927181 -0.132182 0.042224
v -0.885126 -0.190761 0.043128
v -0.862304 -0.062480 0.087662
v -0.852951 -0.251903 0.025184
v -0.832716 -0.175188 0.060712
v -0.811367 -0.252675 0.027377
v -0.884708 -0.291936 -0.006038
v -0.821717 -0.313974 -0.012472
v -0.768879 -0.245869 0.019979
v -0.904478 -0.324891 -0.042409
v -0.840114 -0.348280 -0.047592
v -0.796535 -0.349935 -0.068572
v -0.761422 -0.315030 -0.050987
v -0.862073 -0.373519 -0.093237
v -0.806854 -0.374837 -0.112466
v -0.848548 -0.391036 -0.143990
v -0.799322 -0.385716 -0.191163
v -0.709227 -0.285569 -0.100404
v -0.728070 -0.226474 0.009188
v -0.694611 -0.207045 -0.011893
v -0.768237 -0.193345 0.048068
v -0.729849 -0.102204 0.061270
v -0.772212 -0.105822 0.074591
v -0.809181 -0.081763 0.087793
v -0.888100 -0.034348 0.090610
v -0.823603 0.006810 0.132015
v -0.863107 0.073850 0.140861
v -0.902453 0.102819 0.125601
v -0.941701 0.156933 0.104661
v -0.911268 0.180104 0.131368
v -0.959300 0.257606 0.105405
v -1.024659 0.261604 0.012467
v -1.050161 0.232742 -0.057347
v -1.226910 0.325821 -0.402390
v -1.242079 0.420832 -0.465300
v -1.267343 0.494991 -0.626824
v -1.273565 0.463532 -0.749895
v -1.267606 0.635025 -0.864222
v -1.256062 0.640985 -0.968342
v -1.229402 0.758108 -1.106992
v -1.168475 0.939648 -1.259883
v -1.144577 0.907115 -1.306367
v -1.125923 1.083951 -1.315183
v -1.060276 1.123548 -1.393822
v -1.020152 1.161365 -1.420134
v -0.948570 1.214263 -1.446473
v -0.892345 1.346325 -1.445746
v -0.910157 1.399593 -1.428119
v -0.855538 1.466874 -1.410167
v -0.979073 1.418549 -1.384153
v -0.923474 1.481906 -1.382059
v -1.028953 1.420451 -1.341994
v -1.032043 1.276402 -1.385384
v -1.095254 1.222616 -1.319166
v -1.134256 1.300151 -1.170313
v -1.118133 1.227512 -1.271706
v -1.104888 1.399238 -1.139642
v -1.043457 1.481511 -1.252428
v -1.053885 1.450035 -1.252450
v -1.020045 1.491101 -1.295100
v -0.991957 1.511182 -1.321781
v -0.955702 1.503477 -1.353997
v -0.941151 1.588001 -1.348153
v -0.892767 1.548772 -1.386153
v -0.837165 1.521899 -1.411471
v -0.822274 1.584924 -1.402770
v -0.761275 1.531193 -1.416346
v -0.697391 1.506320 -1.412037
v -0.634799 1.470700 -1.397103
v -0.583505 1.451789 -1.377546
v -0.529424 1.426848 -1.348641
v -0.557299 1.332953 -1.349102
v -0.595804 1.294713 -1.384855
v -0.555220 1.234782 -1.388753
v -0.592639 1.170459 -1.445471
v -0.683062 1.079422 -1.491989
v -0.716203 0.974173 -1.495808
v -0.746165 0.840611 -1.482289
v -0.858608 0.775799 -1.466432
v -0.964833 0.729547 -1.436715
v -1.004497 0.534814 -1.389853
v -1.099939 0.528090 -1.312578
v -1.214912 0.308343 -1.070085
v -1.187493 0.296118 -1.132965
v -1.253310 0.170119 -0.963216
v -1.275948 0.127394 -0.818958
v -1.276316 0.102080 -0.688902
v -1.267511 -0.029124 -0.699123
v -1.260904 0.025663 -0.568236
v -1.230000 -0.034815 -0.457121
v -1.146170 -0.070547 -0.256166
v -1.106489 -0.199134 -0.235698
v -1.038207 -0.290856 -0.177051
v -1.001625 -0.343131 -0.182340
v -0.918673 -0.358259 -0.096146
v -0.905068 -0.383718 -0.145045
v -0.892402 -0.400155 -0.212825
v -0.971204 -0.394757 -0.284628
v -0.851830 -0.400716 -0.218207
v -0.826985 -0.393094 -0.263986
v -0.794791 -0.375627 -0.274475
v -0.739081 -0.337070 -0.213273
v -0.731395 -0.319237 -0.281236
v -0.670322 -0.260477 -0.184291
v -0.674948 -0.218264 -0.061151
v -0.639356 -0.153560 -0.058295
v -0.687074 -0.093648 0.037410
v -0.649719 -0.086624 0.001718
v -0.747398 -0.016518 0.115448
v -0.692917 0.000456 0.103029
v -0.782063 -0.001613 0.128668
v -0.724052 0.030524 0.122172
v -0.806937 0.150566 0.156779
v -0.864190 0.180096 0.150260
v -0.860450 0.319649 0.166434
v -0.916095 0.309756 0.142163
v -0.979721 0.368438 0.092663
v -1.012698 0.317269 0.049685
v -1.091374 0.319347 -0.121714
v -1.158761 0.293935 -0.237596
v -1.202427 0.494392 -0.361233
v -1.244143 0.776933 -1.035329
v -1.231068 0.943452 -1.047635
v -1.202649 0.947383 -1.165577
v -1.080254 1.186550 -1.355653
v -1.225575 1.072779 -1.005934
v -1.257695 0.792998 -0.924531
v -1.265266 0.772723 -0.836451
v -1.255300 0.930404 -0.880392
v -1.259855 0.883174 -0.784700
v -1.261064 0.725290 -0.683304
v -1.269947 0.621875 -0.734765
v -1.255803 0.575960 -0.583322
v -1.237383 0.581356 -0.503934
v -1.216020 0.665664 -0.463776
v -1.167690 0.554310 -0.301430
v -1.178564 0.423443 -0.292085
v -1.114611 0.452659 -0.173382
v -1.080580 0.369306 -0.085316
v -1.085607 0.522307 -0.082200
v -1.062469 0.397701 -0.025785
v -1.044873 0.458728 0.011176
v -1.001584 0.488126 0.061313
v -0.934034 0.476350 0.119376
v -0.860540 0.496478 0.154972
v -0.786601 0.323499 0.175108
v -0.770574 0.428221 0.177863
v -0.717235 0.303813 0.166200
v -0.663521 0.245523 0.145535
v -0.756376 0.140128 0.150593
v -0.604845 0.218066 0.114766
v -0.643253 0.002067 0.072123
v -0.547600 0.191672 0.073557
v -0.594456 0.007374 0.027418
v -0.602377 -0.065905 -0.048981
v -0.569411 -0.074646 -0.128713
v -0.625727 -0.179708 -0.122631
v -0.587339 -0.145749 -0.186060
v -0.612024 -0.185977 -0.246745
v -0.546540 -0.086252 -0.236440
v -0.615952 -0.178851 -0.298598
v -0.660691 -0.245063 -0.244867
v -0.657328 -0.224278 -0.316557
v -0.709144 -0.268803 -0.354372
v -0.759299 -0.274321 -0.474546
v -0.694790 -0.199511 -0.463547
v -0.771406 -0.341193 -0.329054
v -0.850584 -0.355683 -0.462284
v -0.893913 -0.378413 -0.525082
v -0.814043 -0.302377 -0.554361
v -0.768376 -0.253215 -0.573779
v -0.722444 -0.207208 -0.538876
v -0.659515 -0.158052 -0.434135
v -0.601208 -0.125111 -0.339668
v -0.549835 -0.080911 -0.278695
v -0.537922 -0.055964 -0.188611
v -0.498837 0.040513 -0.285790
v -0.483542 0.092575 -0.238334
v -0.535002 -0.007815 -0.321044
v -0.588432 -0.040809 -0.384908
v -0.647091 -0.103231 -0.462879
v -0.675223 -0.128830 -0.520940
v -0.691016 -0.145416 -0.571487
v -0.722485 -0.196428 -0.607890
v -0.757609 -0.237200 -0.645146
v -0.786830 -0.278026 -0.716846
v -0.847242 -0.330087 -0.629098
v -0.739937 -0.235595 -0.720476
v -0.783242 -0.307562 -0.787773
v -0.749171 -0.308171 -0.841513
v -0.762220 -0.356539 -0.883447
v -0.677659 -0.333407 -0.950753
v -0.646230 -0.243096 -0.880086
v -0.615121 -0.342315 -1.026678
v -0.592927 -0.280342 -0.965338
v -0.563205 -0.223232 -0.937896
v -0.625026 -0.189968 -0.855579
v -0.678333 -0.217674 -0.814911
v -0.705015 -0.214419 -0.761405
v -0.666601 -0.153248 -0.756469
v -0.695827 -0.155986 -0.665280
v -0.711551 -0.187470 -0.681552
v -0.673379 -0.101126 -0.649812
v -0.667192 -0.078739 -0.572310
v -0.639982 -0.020901 -0.507379
v -0.613146 -0.024157 -0.442062
v -0.564979 0.053374 -0.400707
v -0.497946 0.093880 -0.326712
v -0.478064 0.114799 -0.279880
v -0.463700 0.146151 -0.199434
v -0.453310 0.170156 -0.254775
v -0.411864 0.206955 -0.167379
v -0.467202 0.158464 -0.035083
v -0.477655 0.196934 0.018401
v -0.522876 0.134978 0.022860
v -0.459872 0.309925 0.052901
v -0.508420 0.381825 0.102026
v -0.774506 0.531519 0.172081
v -1.016755 0.633267 0.023706
v -1.062902 0.591911 -0.032462
v -1.101183 0.677002 -0.140005
v -1.129606 0.607225 -0.243582
v -1.164829 0.686383 -0.354930
v -1.205185 0.818269 -0.493053
v -1.243974 0.950381 -0.728122
v -1.238971 1.036375 -0.843312
v -1.242113 1.032644 -0.906042
v -1.213624 1.173765 -0.950377
v -1.171217 1.266716 -1.063413
v -1.124412 1.445322 -1.066983
v -1.100956 1.488772 -1.124344
v -1.061816 1.540699 -1.210565
v -1.026518 1.576273 -1.261147
v -0.986099 1.600156 -1.302970
v -0.965850 1.683825 -1.277498
v -0.926643 1.651888 -1.334860
v -0.878286 1.608636 -1.380200
v -0.830997 1.716095 -1.343997
v -0.712097 1.664383 -1.379411
v -0.757251 1.721512 -1.357901
v -0.649787 1.654645 -1.372662
v -0.597478 1.661999 -1.355292
v -0.524898 1.589131 -1.334108
v -0.462025 1.395474 -1.302623
v -0.490821 1.317913 -1.304370
v -0.505460 1.276596 -1.325789
v -0.394899 1.167270 -1.314693
v -0.494965 1.168453 -1.393120
v -0.511145 1.104860 -1.428637
v -0.563729 1.027575 -1.466596
v -0.596669 0.963248 -1.480967
v -0.623628 0.819116 -1.472321
v -0.730726 0.771316 -1.472285
v -0.873001 0.660776 -1.454278
v -0.969180 0.601182 -1.417297
v -0.918458 0.556994 -1.433121
v -1.046813 0.510897 -1.357151
v -1.059113 0.344501 -1.315859
v -1.098909 0.363743 -1.277895
v -1.132253 0.331910 -1.228899
v -1.262378 0.066892 -0.913553
v -1.271737 0.026715 -0.821797
v -1.261418 -0.079654 -0.738437
v -1.222896 -0.140036 -0.505413
v -1.203506 -0.097988 -0.404523
v -1.129736 -0.211070 -0.295479
v -1.102251 -0.278494 -0.291632
v -1.081614 -0.315344 -0.293892
v -0.996592 -0.372471 -0.242659
v -0.949350 -0.405442 -0.347279
v -0.905048 -0.402048 -0.345485
v -0.881659 -0.386884 -0.405941
v -0.913285 -0.394172 -0.574051
v -0.834702 -0.341020 -0.738152
v -0.946337 -0.444986 -0.678508
v -0.877338 -0.429238 -0.815061
v -0.820323 -0.421805 -0.897231
v -0.881804 -0.507164 -0.959561
v -0.817267 -0.463827 -0.972973
v -0.728723 -0.421498 -1.016178
v -0.649661 -0.420522 -1.111666
v -0.556280 -0.372695 -1.117556
v -0.535329 -0.336915 -1.074170
v -0.547065 -0.285323 -1.003096
v -0.455739 -0.249981 -1.011308
v -0.487171 -0.205986 -0.971191
v -0.558542 -0.143650 -0.902445
v -0.594910 -0.165108 -0.875462
v -0.619737 -0.113781 -0.817417
v -0.634348 -0.091686 -0.782982
v -0.664448 -0.104001 -0.708686
v -0.656152 -0.010751 -0.589107
v -0.652488 0.039569 -0.670203
v -0.605628 0.100286 -0.482525
v -0.574248 0.189871 -0.454382
v -0.497430 0.158148 -0.354488
v -0.452301 0.207799 -0.294073
v -0.440252 0.283237 -0.306259
v -0.412435 0.230919 -0.217554
v -0.398540 0.301944 -0.256787
v -0.375266 0.221532 -0.107328
v -0.380796 0.241548 -0.054875
v -0.324815 0.359813 -0.018362
v -0.291103 0.468761 0.015148
v -0.295149 0.534420 0.042184
v -0.335048 0.579705 0.075106
v -0.410774 0.601888 0.110261
v -0.365983 0.723352 0.096855
v -0.596128 0.628635 0.161038
v -0.649462 0.703959 0.156467
v -0.713796 0.670947 0.165256
v -0.794515 0.679332 0.154128
v -0.874635 0.681562 0.126703
v -0.950230 0.685969 0.076744
v -1.069602 0.703967 -0.072505
v -1.094012 0.753491 -0.172522
v -1.186535 0.829625 -0.459775
v -1.222982 0.895223 -0.588730
v -1.206107 0.995715 -0.647781
v -1.223925 1.035185 -0.744062
v -1.225179 1.118475 -0.855482
v -1.227004 1.194719 -0.773037
v -1.222703 1.252466 -0.880840
v -1.200560 1.315106 -0.955584
v -1.215242 1.299698 -0.855496
v -1.189699 1.367670 -0.922516
v -1.133110 1.454588 -1.015384
v -1.131257 1.479374 -0.922755
v -1.096583 1.544137 -1.070752
v -1.039892 1.636266 -1.171903
v -1.057865 1.586131 -1.186858
v -1.007899 1.654315 -1.234870
v -1.020877 1.671513 -1.147927
v -0.966391 1.728336 -1.196262
v -0.891074 1.721210 -1.310686
v -0.902412 1.774563 -1.238527
v -0.833691 1.813210 -1.267460
v -0.771185 1.830754 -1.291313
v -0.685801 1.750325 -1.346365
v -0.424905 1.524424 -1.272592
v -0.395016 1.586893 -1.237230
v -0.312284 1.452141 -1.146719
v -0.369333 1.374497 -1.215781
v -0.386408 1.295099 -1.207910
v -0.366440 1.256492 -1.192667
v -0.413088 1.268560 -1.240818
v -0.349113 1.179521 -1.240315
v -0.373729 1.101052 -1.326837
v -0.439777 1.129366 -1.373442
v -0.447339 1.043799 -1.403589
v -0.477556 0.939649 -1.431444
v -0.533205 0.939783 -1.457397
v -0.556726 0.811799 -1.459190
v -0.633801 0.709421 -1.458607
v -0.774314 0.619795 -1.459968
v -0.876102 0.592687 -1.446794
v -0.786507 0.460201 -1.455731
v -0.923893 0.367970 -1.414224
v -0.966224 0.409322 -1.397558
v -1.025397 0.184346 -1.314481
v -1.115118 0.166054 -1.228872
v -1.146472 0.184682 -1.191775
v -1.197000 0.107288 -1.110389
v -1.235652 0.053247 -1.019273
v -1.241389 -0.069714 -0.936873
v -1.249983 -0.112121 -0.833302
v -1.242791 -0.148388 -0.626283
v -1.196995 -0.240596 -0.507418
v -1.053698 -0.351287 -0.300323
v -1.050923 -0.392722 -0.422580
v -0.932156 -0.404837 -0.451007
v -0.977604 -0.425152 -0.514286
v -0.944765 -0.413909 -0.530337
v -0.987735 -0.472929 -0.675554
v -0.951490 -0.503895 -0.819496
v -0.879687 -0.532286 -1.045784
v -0.822151 -0.491239 -1.024278
v -0.746645 -0.491468 -1.131248
v -0.574271 -0.420628 -1.197815
v -0.511528 -0.388206 -1.182859
v -0.425787 -0.325140 -1.089184
v -0.373629 -0.297448 -1.074045
v -0.365308 -0.224095 -1.024146
v -0.489472 -0.133801 -0.943519
v -0.475018 -0.064310 -0.936100
v -0.536626 -0.082382 -0.903426
v -0.576514 -0.057766 -0.860136
v -0.642093 -0.010193 -0.736806
v -0.638184 0.054439 -0.732982
v -0.640196 0.113175 -0.649985
v -0.635842 0.111911 -0.573519
v -0.632418 0.195393 -0.594236
v -0.612587 0.200398 -0.516473
v -0.525354 0.268449 -0.417997
v -0.398050 0.357664 -0.277630
v -0.328889 0.346792 -0.205636
v -0.356314 0.272921 -0.168357
v -0.279769 0.341675 -0.114854
v -0.246700 0.400155 -0.071883
v -0.201001 0.467986 -0.144599
v -0.234842 0.462939 -0.038348
v -0.190338 0.490045 -0.100870
v -0.224541 0.545937 -0.009025
v -0.175725 0.552131 -0.074944
v -0.133612 0.716598 -0.067656
v -0.220648 0.606809 0.005268
v -0.273557 0.684964 0.056053
v -0.255825 0.800901 0.045359
v -0.327776 0.815107 0.071278
v -0.459149 0.760513 0.114133
v -0.483356 0.852496 0.084778
v -0.635240 0.772565 0.131735
v -0.727721 0.739810 0.146177
v -0.805589 0.745986 0.131295
v -0.879237 0.750344 0.101621
v -0.950390 0.753207 0.050350
v -1.016230 0.743267 -0.009627
v -1.051266 0.790020 -0.100353
v -0.987693 0.830537 -0.045475
v -1.011166 0.867784 -0.126706
v -1.107909 0.898445 -0.330646
v -1.072277 0.963762 -0.219583
v -1.123899 0.984793 -0.341103
v -1.166224 1.022123 -0.459995
v -1.182062 0.985659 -0.552756
v -1.157611 0.938917 -0.474989
v -1.178367 0.933340 -0.517710
v -1.209966 1.050253 -0.677944
v -1.204437 1.096542 -0.609524
v -1.213119 1.253643 -0.734434
v -1.196215 1.327200 -0.760343
v -1.184215 1.374606 -0.819995
v -1.078199 1.579653 -1.013661
v -1.034110 1.646836 -1.021748
v -0.957858 1.747019 -1.111349
v -0.841066 1.874004 -1.118467
v -0.790531 1.916206 -1.162662
v -0.749661 1.937531 -1.193696
v -0.708333 1.940225 -1.226156
v -0.707144 1.849942 -1.294160
v -0.614854 1.774589 -1.322521
v -0.532446 1.830664 -1.271779
v -0.486257 1.805511 -1.260187
v -0.470826 1.700649 -1.275886
v -0.421298 1.677937 -1.243804
v -0.380903 1.676307 -1.202088
v -0.322294 1.566854 -1.149743
v -0.355233 1.541318 -1.201798
v -0.272756 1.488321 -1.064707
v -0.267675 1.405614 -1.049485
v -0.312563 1.359393 -1.134842
v -0.302505 1.300505 -1.081459
v -0.330446 1.285287 -1.132730
v -0.300181 1.249984 -1.073263
v -0.319632 1.233774 -1.130042
v -0.293341 1.095642 -1.176916
v -0.313068 1.094163 -1.239633
v -0.338620 1.098651 -1.280662
v -0.329983 0.942176 -1.313579
v -0.374304 0.939986 -1.360937
v -0.441633 0.803541 -1.413038
v -0.489947 0.816429 -1.438350
v -0.551781 0.620054 -1.434831
v -0.706069 0.570242 -1.455151
v -0.637488 0.519806 -1.444121
v -0.869983 0.395908 -1.436656
v -0.874334 0.246858 -1.417899
v -0.972591 0.188791 -1.354822
v -1.069348 0.167276 -1.274338
v -1.136118 0.043107 -1.192769
v -1.193985 0.006537 -1.102260
v -1.168386 -0.050888 -1.130517
v -1.201619 -0.086791 -1.052259
v -1.214791 -0.160087 -0.961239
v -1.223546 -0.219388 -0.845712
v -1.219885 -0.278459 -0.724501
v -1.214738 -0.270526 -0.624658
v -1.177937 -0.362258 -0.610103
v -1.126347 -0.341844 -0.463541
v -1.098292 -0.378414 -0.476556
v -1.065713 -0.419019 -0.520178
v -1.023494 -0.437393 -0.540776
v -1.012874 -0.412407 -0.444609
v -1.076851 -0.475742 -0.649946
v -1.029866 -0.476279 -0.645552
v -1.054577 -0.518188 -0.765941
v -1.013356 -0.509001 -0.748642
v -1.004169 -0.548999 -0.905947
v -0.971501 -0.532111 -0.863650
v -1.034294 -0.546631 -0.942240
v -0.994148 -0.553978 -1.024123
v -0.934904 -0.552817 -1.031714
v -0.928017 -0.551102 -1.115569
v -0.881435 -0.543817 -1.102326
v -0.854865 -0.535416 -1.179607
v -0.732063 -0.496779 -1.180545
v -0.668768 -0.472835 -1.241655
v -0.527499 -0.399451 -1.231962
v -0.413952 -0.355653 -1.184140
v -0.364507 -0.331027 -1.125901
v -0.350616 -0.327911 -1.148024
v -0.310914 -0.270998 -1.086202
v -0.275309 -0.214083 -1.076267
v -0.346904 -0.168814 -1.007630
v -0.330149 -0.119298 -1.001626
v -0.334116 -0.046293 -0.993707
v -0.400346 0.037222 -0.966746
v -0.499614 0.047240 -0.912345
v -0.575140 0.071808 -0.841818
v -0.605213 0.077536 -0.794774
v -0.621932 0.121643 -0.736445
v -0.632555 0.178990 -0.672186
v -0.615381 0.249453 -0.570520
v -0.571679 0.318265 -0.511560
v -0.544673 0.337245 -0.468210
v -0.480475 0.366122 -0.370678
v -0.356461 0.454598 -0.269858
v -0.296056 0.427147 -0.223633
v -0.230257 0.453736 -0.183275
v -0.136458 0.630006 -0.196260
v -0.098461 0.701782 -0.178002
v -0.126677 0.653092 -0.119736
v -0.065826 0.773934 -0.164463
v -0.065763 0.790587 -0.136082
v -0.095954 0.837759 -0.071069
v -0.207645 0.892480 0.011310
v -0.220908 0.964028 -0.001817
v -0.335220 0.909874 0.042923
v -0.409756 0.929273 0.063177
v -0.550578 0.882767 0.092761
v -0.630030 0.819670 0.109130
v -0.686132 0.856269 0.101435
v -0.769488 0.817003 0.100746
v -0.791164 0.854130 0.085046
v -0.857990 0.856152 0.057242
v -0.866663 0.820912 0.063845
v -0.918918 0.856305 0.009463
v -0.967635 0.866003 -0.050318
v -1.024083 0.944033 -0.125033
v -0.964316 0.956788 -0.034780
v -1.025587 1.018616 -0.140330
v -1.109499 1.093266 -0.315379
v -1.150038 1.177888 -0.448660
v -1.149858 1.078656 -0.402967
v -1.179397 1.133702 -0.516666
v -1.177738 1.283951 -0.638385
v -1.151923 1.377550 -0.684270
v -1.136902 1.447409 -0.784064
v -1.085406 1.523841 -0.799991
v -1.002217 1.652345 -0.882991
v -0.969351 1.718442 -1.001896
v -0.872155 1.829327 -1.009907
v -0.765511 1.944510 -1.063004
v -0.728872 1.979371 -1.098830
v -0.688054 2.005112 -1.134419
v -0.656616 2.007342 -1.170466
v -0.660885 1.940056 -1.239781
v -0.617644 1.911983 -1.257992
v -0.571445 1.885563 -1.261916
v -0.436324 1.836968 -1.214838
v -0.382097 1.776710 -1.181157
v -0.333845 1.686280 -1.130534
v -0.294521 1.535053 -1.106332
v -0.268919 1.566218 -1.030168
v -0.254535 1.534246 -0.994771
v -0.246226 1.474197 -0.962017
v -0.254338 1.383317 -0.977053
v -0.271943 1.354584 -1.026324
v -0.280755 1.292324 -0.980703
v -0.289600 1.277570 -1.029153
v -0.273517 1.208528 -0.998233
v -0.267743 1.144114 -0.988457
v -0.281993 1.113869 -1.096102
v -0.281727 1.046852 -1.061694
v -0.285655 0.984227 -1.145724
v -0.286402 0.892390 -1.226104
v -0.304525 0.933510 -1.272676
v -0.371513 0.813031 -1.356383
v -0.411392 0.712687 -1.388078
v -0.463498 0.670465 -1.413761
v -0.715076 0.331622 -1.450668
v -0.631862 0.315988 -1.439467
v -0.800311 0.301168 -1.444226
v -0.830475 0.176607 -1.420399
v -0.919143 0.166269 -1.382823
v -1.069641 -0.010969 -1.252230
v -1.131192 -0.052424 -1.179173
v -1.076235 -0.182610 -1.203329
v -1.079436 -0.283602 -1.165127
v -1.140775 -0.244495 -1.083417
v -1.175499 -0.261592 -0.984020
v -1.170559 -0.365917 -0.903990
v -1.189053 -0.379668 -0.770442
v -1.197045 -0.349885 -0.670512
v -1.172209 -0.418513 -0.724279
v -1.150779 -0.420071 -0.640953
v -1.117362 -0.452347 -0.642049
v -1.140402 -0.468447 -0.749285
v -1.108092 -0.491429 -0.730351
v -1.101602 -0.507435 -0.875019
v -1.069358 -0.530700 -0.855889
v -1.049317 -0.531097 -1.004498
v -1.124392 -0.472164 -0.898753
v -1.073205 -0.493631 -1.026865
v -1.024026 -0.499193 -1.112960
v -0.978508 -0.536394 -1.122144
v -0.982565 -0.489433 -1.173930
v -0.931409 -0.482683 -1.218757
v -0.904257 -0.526377 -1.192221
v -0.842011 -0.474122 -1.264109
v -0.823001 -0.506275 -1.237990
v -0.736690 -0.445894 -1.295323
v -0.709560 -0.472884 -1.269928
v -0.664258 -0.412346 -1.308401
v -0.637995 -0.442623 -1.278220
v -0.595201 -0.371690 -1.312378
v -0.550522 -0.392784 -1.272834
v -0.492182 -0.337677 -1.278466
v -0.404843 -0.299200 -1.244550
v -0.364656 -0.326262 -1.185295
v -0.295184 -0.249949 -1.180461
v -0.305199 -0.285670 -1.157792
v -0.299223 -0.285559 -1.126160
v -0.263331 -0.231626 -1.149864
v -0.258750 -0.225770 -1.118313
v -0.233588 -0.157048 -1.122336
v -0.254301 -0.148170 -1.071246
v -0.234490 -0.048817 -1.099628
v -0.261389 -0.077412 -1.053511
v -0.289340 -0.040048 -1.024980
v -0.259070 -0.014508 -1.065964
v -0.339471 0.097235 -1.008549
v -0.452462 0.087853 -0.941554
v -0.523403 0.100368 -0.889100
v -0.528879 0.192610 -0.868096
v -0.604662 0.185460 -0.756197
v -0.600002 0.309756 -0.655862
v -0.577395 0.382642 -0.609034
v -0.579506 0.360849 -0.578160
v -0.566384 0.389154 -0.540250
v -0.526931 0.483569 -0.447158
v -0.484282 0.483226 -0.387093
v -0.433396 0.487965 -0.331600
v -0.386546 0.521645 -0.301704
v -0.314384 0.541088 -0.268831
v -0.232194 0.547421 -0.234662
v -0.207237 0.643004 -0.252549
v -0.168989 0.619152 -0.227502
v -0.111743 0.716608 -0.218566
v -0.067242 0.793011 -0.201485
v -0.035165 0.867381 -0.181649
v -0.023352 0.893375 -0.156885
v -0.037520 0.884149 -0.123857
v -0.018696 0.954511 -0.139855
v -0.070309 1.017024 -0.093418
v -0.151360 1.004642 -0.039099
v -0.228801 1.054141 -0.002359
v -0.379307 1.009150 0.054462
v -0.501221 0.997293 0.076856
v -0.486685 0.953351 0.082312
v -0.611396 0.977478 0.087850
v -0.619313 0.909637 0.099027
v -0.723616 0.925643 0.093407
v -0.791586 0.944604 0.077759
v -0.860437 0.935370 0.052571
v -0.923986 0.937388 0.008849
v -0.849810 1.002956 0.036852
v -0.900050 1.028980 -0.005485
v -0.952119 1.048584 -0.057555
v -0.881601 1.124239 -0.053060
v -0.930236 1.149307 -0.107999
v -0.988572 1.159679 -0.173809
v -1.028205 1.090629 -0.175895
v -1.031715 1.183585 -0.247874
v -1.092546 1.148024 -0.310722
v -1.114906 1.205941 -0.396021
v -1.123236 1.257811 -0.461852
v -1.106417 1.409231 -0.605619
v -1.057399 1.499825 -0.651035
v -0.969100 1.661260 -0.792910
v -0.965635 1.591809 -0.618434
v -0.862797 1.805875 -0.899793
v -0.766135 1.912065 -0.945272
v -0.664322 2.027944 -1.014247
v -0.627398 2.059301 -1.062219
v -0.592084 2.072963 -1.084453
v -0.599089 2.023884 -1.167670
v -0.561004 2.002908 -1.185877
v -0.502313 2.008026 -1.161150
v -0.517128 1.942279 -1.214431
v -0.458713 1.989993 -1.151926
v -0.453270 1.908015 -1.196262
v -0.350870 1.943478 -1.088948
v -0.334744 1.823682 -1.103420
v -0.309477 1.746782 -1.075430
v -0.287896 1.704040 -1.032088
v -0.270642 1.696923 -0.977046
v -0.251339 1.593314 -0.930050
v -0.254809 1.580967 -0.880603
v -0.248999 1.454187 -0.917971
v -0.259293 1.420584 -0.882981
v -0.256241 1.373582 -0.932730
v -0.287935 1.302572 -0.878245
v -0.280155 1.287045 -0.930803
v -0.290758 1.265298 -0.865637
v -0.271070 1.194424 -0.901672
v -0.276648 1.121713 -0.864387
v -0.266196 1.128599 -0.934002
v -0.280350 1.062573 -0.916154
v -0.282454 1.039315 -0.995996
v -0.295365 0.958507 -1.044749
v -0.322694 0.911520 -0.994550
v -0.288390 0.910119 -1.111103
v -0.283359 0.876180 -1.180100
v -0.305125 0.852070 -1.271508
v -0.298109 0.800456 -1.230177
v -0.342328 0.760812 -1.315626
v -0.321495 0.713821 -1.272392
v -0.339655 0.598965 -1.304956
v -0.354356 0.539590 -1.316791
v -0.410802 0.484095 -1.354513
v -0.486941 0.465109 -1.392672
v -0.560836 0.440837 -1.419367
v -0.632610 0.152109 -1.427601
v -0.720782 0.168615 -1.435467
v -0.776901 0.127264 -1.425205
v -0.899345 -0.003392 -1.367549
v -0.828623 -0.109685 -1.378079
v -0.977012 -0.100729 -1.305245
v -1.029156 -0.239428 -1.232560
v -1.129229 -0.362888 -1.028002
v -1.156463 -0.439873 -0.831449
v -1.109540 -0.446622 -0.998057
v -1.081967 -0.405676 -1.102645
v -1.044754 -0.432474 -1.140225
v -1.013202 -0.364592 -1.208144
v -0.887873 -0.436537 -1.264106
v -0.836011 -0.416448 -1.291055
v -0.774627 -0.343965 -1.330368
v -0.634703 -0.285159 -1.352116
v -0.551800 -0.319390 -1.319367
v -0.460325 -0.244042 -1.306036
v -0.518201 -0.165166 -1.357092
v -0.460451 -0.049043 -1.350698
v -0.311358 -0.023580 -1.261827
v -0.256983 -0.133860 -1.199436
v -0.265880 -0.025033 -1.225330
v -0.232554 -0.140628 -1.162686
v -0.224116 -0.056521 -1.140070
v -0.237359 -0.026124 -1.191361
v -0.259562 0.162227 -1.172695
v -0.256637 0.120934 -1.125188
v -0.303292 0.161414 -1.054007
v -0.283256 0.216420 -1.094248
v -0.396917 0.224901 -0.979260
v -0.453077 0.284045 -0.933722
v -0.496763 0.290181 -0.888558
v -0.562134 0.336089 -0.771335
v -0.569502 0.354583 -0.739276
v -0.574393 0.405455 -0.654987
v -0.544143 0.525570 -0.485139
v -0.553534 0.535752 -0.518813
v -0.480612 0.614128 -0.393929
v -0.402319 0.704993 -0.329305
v -0.336439 0.676037 -0.293636
v -0.209498 0.762715 -0.266525
v -0.138147 0.767905 -0.247743
v -0.156015 0.909580 -0.260651
v -0.119579 0.841344 -0.246158
v -0.080570 0.850487 -0.229840
v -0.047297 0.910616 -0.213271
v -0.072499 0.992277 -0.241823
v -0.014727 1.040686 -0.207003
v -0.027313 1.013987 -0.131751
v -0.005426 1.111233 -0.153538
v -0.027101 1.115295 -0.121307
v -0.072859 1.118163 -0.084675
v -0.226806 1.153145 -0.024959
v -0.310930 1.161568 -0.005613
v -0.440132 1.126921 0.029571
v -0.515813 1.085838 0.049910
v -0.701931 1.037887 0.062413
v -0.762466 1.069351 0.036636
v -0.817696 1.094747 0.002911
v -0.751136 1.247569 -0.072408
v -0.927583 1.244785 -0.188035
v -1.053935 1.281334 -0.363268
v -1.080591 1.337309 -0.465200
v -1.009828 1.398270 -0.411469
v -1.035321 1.456767 -0.528853
v -0.975025 1.491491 -0.470392
v -0.888801 1.694850 -0.671123
v -0.905953 1.704618 -0.736222
v -0.680419 1.970910 -0.879099
v -0.588698 2.054280 -0.884693
v -0.589126 2.074093 -0.933402
v -0.551365 2.104915 -0.954362
v -0.527183 2.116660 -0.991955
v -0.535163 2.086976 -1.077248
v -0.491439 2.078387 -1.084997
v -0.437869 2.073578 -1.066138
v -0.398611 1.996447 -1.103673
v -0.302876 1.910192 -1.044320
v -0.273149 1.884598 -0.997542
v -0.261955 1.865891 -0.965888
v -0.273540 1.746184 -0.910490
v -0.271474 1.750188 -0.961083
v -0.272359 1.698909 -0.894555
v -0.284348 1.554152 -0.800597
v -0.285076 1.424682 -0.820958
v -0.292592 1.169022 -0.810340
v -0.299611 1.116418 -0.794668
v -0.298900 1.073506 -0.817052
v -0.321274 0.978415 -0.909848
v -0.375681 0.952729 -0.818499
v -0.341314 0.787550 -1.025617
v -0.303416 0.784858 -1.122955
v -0.302278 0.717450 -1.175276
v -0.306368 0.694686 -1.228544
v -0.320962 0.627727 -1.276481
v -0.367184 0.407668 -1.318287
v -0.505858 0.373750 -1.398024
v -0.539405 0.291775 -1.412681
v -0.554467 0.110033 -1.403986
v -0.656659 -0.101076 -1.400888
v -0.718976 -0.107979 -1.399780
v -0.771880 -0.095830 -1.394516
v -0.879689 -0.121457 -1.355942
v -0.923112 -0.254313 -1.304681
v -0.972236 -0.340237 -1.249362
v -0.837012 -0.223609 -1.351412
v -0.693293 -0.268340 -1.362782
v -0.584573 -0.216968 -1.363197
v -0.594416 -0.062388 -1.396719
v -0.535138 -0.031616 -1.385679
v -0.392980 0.015338 -1.320439
v -0.281923 0.178571 -1.222964
v -0.385496 0.292595 -0.993339
v -0.449012 0.377561 -0.939132
v -0.536071 0.308014 -0.832420
v -0.549417 0.462332 -0.740654
v -0.551335 0.522901 -0.676063
v -0.555917 0.541396 -0.612823
v -0.557718 0.542790 -0.562972
v -0.531591 0.618830 -0.498336
v -0.516962 0.613072 -0.453289
v -0.494951 0.681497 -0.437140
v -0.476449 0.660084 -0.399428
v -0.446265 0.659561 -0.361919
v -0.430545 0.766196 -0.348595
v -0.306189 0.732957 -0.287607
v -0.283886 0.826229 -0.277551
v -0.206400 0.842163 -0.266069
v -0.111009 0.957888 -0.254416
v -0.166260 1.021781 -0.282538
v -0.015353 1.112765 -0.212588
v -0.000104 1.089980 -0.184287
v -0.018598 1.181193 -0.193145
v -0.016500 1.167644 -0.155574
v -0.040141 1.168302 -0.121462
v -0.040020 1.224553 -0.168811
v -0.061294 1.220163 -0.133628
v -0.110282 1.209867 -0.094759
v -0.094237 1.161016 -0.081409
v -0.272256 1.384833 -0.111362
v -0.305360 1.375719 -0.096559
v -0.344683 1.291960 -0.051221
v -0.425872 1.236998 -0.014242
v -0.511967 1.211626 0.001138
v -0.587084 1.190964 0.009339
v -0.696391 1.161629 0.004998
v -0.696114 1.409257 -0.168849
v -0.790262 1.375105 -0.187636
v -0.959628 1.378874 -0.333120
v -0.869922 1.469754 -0.331534
v -0.928009 1.503872 -0.429868
v -0.825771 1.633632 -0.479848
v -0.861015 1.659987 -0.559638
v -0.735885 1.860107 -0.750647
v -0.666351 1.930487 -0.770663
v -0.584183 2.013298 -0.801647
v -0.496428 2.114019 -0.884318
v -0.469820 2.129137 -0.911920
v -0.439358 2.131706 -0.930647
v -0.485943 2.118948 -1.002943
v -0.435594 2.114422 -1.000347
v -0.392661 2.124106 -0.915009
v -0.365389 2.103379 -0.942044
v -0.310699 1.981078 -1.023717
v -0.265879 1.926048 -0.964667
v -0.259696 1.916536 -0.915275
v -0.289472 1.907515 -0.822893
v -0.265953 1.879286 -0.891683
v -0.264493 1.813755 -0.930572
v -0.344309 1.593117 -0.702485
v -0.343566 1.484231 -0.701805
v -0.343726 1.397629 -0.714377
v -0.354882 1.315778 -0.719462
v -0.345601 1.236572 -0.712121
v -0.391553 1.066655 -0.609637
v -0.347670 1.027197 -0.754936
v -0.405937 0.922491 -0.778167
v -0.391946 0.839528 -0.899562
v -0.383272 0.778605 -0.949077
v -0.331326 0.707071 -1.068269
v -0.328274 0.594931 -1.092910
v -0.312641 0.617324 -1.131491
v -0.299505 0.600496 -1.179000
v -0.283269 0.407040 -1.213411
v -0.290297 0.294215 -1.243700
v -0.324568 0.307270 -1.282493
v -0.433444 0.332177 -1.360697
v -0.383284 0.274603 -1.328131
v -0.477796 0.094412 -1.372864
v -0.424316 0.136649 -1.346545
v -0.754329 -0.209979 -1.373925
v -0.363039 0.194647 -1.305246
v -0.318797 0.187165 -1.266389
v -0.281801 0.388793 -1.167142
v -0.296621 0.368401 -1.118242
v -0.338185 0.368390 -1.053343
v -0.439530 0.427992 -0.952901
v -0.475676 0.465685 -0.900736
v -0.494370 0.511706 -0.854464
v -0.532546 0.530196 -0.745326
v -0.522949 0.642983 -0.622304
v -0.510058 0.708994 -0.568439
v -0.508518 0.717786 -0.518723
v -0.505008 0.699711 -0.475305
v -0.483457 0.786264 -0.423353
v -0.461161 0.767144 -0.381955
v -0.395294 0.812819 -0.317775
v -0.434968 0.851197 -0.333776
v -0.347925 0.811007 -0.297530
v -0.228309 0.962230 -0.272957
v -0.243823 1.088990 -0.296997
v -0.153763 1.175704 -0.317149
v -0.191938 1.116230 -0.308980
v -0.109805 1.170186 -0.294943
v -0.092513 1.203041 -0.281458
v -0.079052 1.246438 -0.258322
v -0.110723 1.338522 -0.248917
v -0.083781 1.299422 -0.197570
v -0.105729 1.291939 -0.154149
v -0.217910 1.387196 -0.139492
v -0.383483 1.367815 -0.081690
v -0.478163 1.332496 -0.060538
v -0.631670 1.283603 -0.051595
v -0.757572 1.448361 -0.232267
v -0.830402 1.430965 -0.263235
v -0.781508 1.622333 -0.429420
v -0.797064 1.689962 -0.526588
v -0.747377 1.731246 -0.529588
v -0.772645 1.764871 -0.615173
v -0.719980 1.796809 -0.602016
v -0.666096 1.879398 -0.681179
v -0.619718 1.904465 -0.673986
v -0.554126 1.955447 -0.693812
v -0.444204 2.050230 -0.737047
v -0.409544 2.091820 -0.781903
v -0.449795 2.113133 -0.835938
v -0.399920 2.118721 -0.842443
v -0.369508 2.108388 -0.832059
v -0.364495 2.051339 -0.725260
v -0.407342 2.050494 -0.722115
v -0.395833 1.929861 -0.572048
v -0.576673 1.902740 -0.638161
v -0.623133 1.791474 -0.515954
v -0.463647 1.841956 -0.495578
v -0.681785 1.780118 -0.539891
v -0.671201 1.697399 -0.431715
v -0.731232 1.592494 -0.361028
v -0.668641 1.561315 -0.292649
v -0.574106 1.659864 -0.341777
v -0.509034 1.685055 -0.344853
v -0.580118 1.760594 -0.462452
v -0.431101 1.760466 -0.392806
v -0.435593 1.899523 -0.547130
v -0.344656 2.022826 -0.699601
v -0.324264 1.999286 -0.697222
v -0.306503 1.966127 -0.722058
v -0.289926 1.971169 -0.813148
v -0.298640 1.796001 -0.835853
v -0.349807 1.710447 -0.723538
v -0.298888 1.621419 -0.786101
v -0.369402 1.748624 -0.685309
v -0.380604 1.667824 -0.600661
v -0.372108 1.770814 -0.648862
v -0.374503 1.712104 -0.561264
v -0.369477 1.642130 -0.511707
v -0.365136 1.773171 -0.595805
v -0.351118 1.668411 -0.474182
v -0.332968 1.771533 -0.504192
v -0.306310 1.703903 -0.426163
v -0.278956 1.650814 -0.374503
v -0.296509 1.712179 -0.397815
v -0.256807 1.601944 -0.297877
v -0.243670 1.586153 -0.317042
v -0.306088 1.713529 -0.370534
v -0.276010 1.589195 -0.257991
v -0.324628 1.667853 -0.307699
v -0.306622 1.554593 -0.217683
v -0.359271 1.626468 -0.258855
v -0.335817 1.479154 -0.156167
v -0.238267 1.553611 -0.253780
v -0.244401 1.470516 -0.180502
v -0.195427 1.502204 -0.256423
v -0.200603 1.444611 -0.189310
v -0.194711 1.490836 -0.284056
v -0.151724 1.425226 -0.253910
v -0.166952 1.416786 -0.279776
v -0.223841 1.491735 -0.310237
v -0.150347 1.405878 -0.208543
v -0.177524 1.392023 -0.290496
v -0.125600 1.384815 -0.229147
v -0.130298 1.257574 -0.301910
v -0.152111 1.240116 -0.319285
v -0.269154 1.268601 -0.367278
v -0.344713 1.109224 -0.306129
v -0.254256 1.195855 -0.347753
v -0.317157 1.076256 -0.285639
v -0.411147 0.931106 -0.291996
v -0.439038 0.934408 -0.310862
v -0.458281 0.937920 -0.333717
v -0.469259 0.953280 -0.357869
v -0.486932 0.828734 -0.443929
v -0.497202 0.795467 -0.500989
v -0.497562 0.751394 -0.591177
v -0.483256 0.859372 -0.548110
v -0.489991 0.792503 -0.603810
v -0.489226 0.724758 -0.658249
v -0.496848 0.655940 -0.711377
v -0.469797 0.667168 -0.783191
v -0.397134 0.530846 -0.994101
v -0.387412 0.631994 -0.987589
v -0.361986 0.460490 -1.036866
v -0.307814 0.488762 -1.121738
v -0.351985 0.583715 -1.052464
v -0.459121 0.615370 -0.859765
v -0.415925 0.695498 -0.912178
v -0.436989 0.768182 -0.811135
v -0.434137 0.823479 -0.789080
v -0.456666 0.902058 -0.629712
v -0.472458 0.961238 -0.399170
v -0.447806 1.041761 -0.356384
v -0.441771 1.005219 -0.318444
v -0.417805 1.068052 -0.321038
v -0.396285 1.053210 -0.295079
v -0.420136 0.985940 -0.290497
v -0.352887 1.156160 -0.343663
v -0.379031 1.172190 -0.378690
v -0.297569 1.226351 -0.368965
v -0.307669 1.347112 -0.378201
v -0.337382 1.297884 -0.404218
v -0.277604 1.399566 -0.346381
v -0.274331 1.452507 -0.337926
v -0.315843 1.420303 -0.372514
v -0.249660 1.571316 -0.332481
v -0.373990 1.553427 -0.524554
v -0.375024 1.521042 -0.600812
v -0.361435 1.575018 -0.662211
v -0.363291 1.468683 -0.656076
v -0.383762 1.392053 -0.604599
v -0.376989 1.285979 -0.636348
v -0.374515 1.168559 -0.619731
v -0.386762 1.117970 -0.597226
v -0.399835 1.012846 -0.640210
v -0.454621 0.957070 -0.550373
v -0.449738 1.013597 -0.481831
v -0.442497 1.075010 -0.429999
v -0.414523 1.158776 -0.437029
v -0.397139 1.188699 -0.422242
v -0.360151 1.244232 -0.412009
v -0.387478 1.297046 -0.465564
v -0.392524 1.245109 -0.459160
v -0.404189 1.228568 -0.508625
v -0.405013 1.197617 -0.530790
v -0.428112 1.095981 -0.485009
v -0.392634 1.339541 -0.508442
v -0.376695 1.474114 -0.521249
v -0.399718 1.420100 -0.111654
v -0.462528 1.424761 -0.117652
v -0.551721 1.412246 -0.124737
v -0.620296 1.449626 -0.173778
v -0.529927 1.568426 -0.236578
v -0.447676 1.571779 -0.219023
v -0.397884 1.603227 -0.237101
v -0.450816 1.643729 -0.279253
v -0.406941 1.834200 -0.463432
v -0.370468 1.873369 -0.509857
v -0.348744 1.872814 -0.526166
v -0.335066 1.872123 -0.554798
v -0.319786 1.956077 -0.676786
v -0.336845 1.851672 -0.620290
v -0.332693 1.851457 -0.574744
v -0.336584 1.773928 -0.413482
v -0.322186 1.783881 -0.451371
v -0.364208 1.763349 -0.386969
v -0.399233 1.742630 -0.365594
v -0.322941 1.788675 -0.487055
vn 0.4658 -0.0832 0.8810
vn 0.2526 -0.0944 0.9630
vn 0.1816 -0.0477 0.9822
vn -0.4743 0.4812 0.7372
vn -0.5958 0.5128 0.6180
vn -0.5777 0.4877 0.6545
vn -0.4526 0.4161 0.7887
vn -0.3669 0.5118 0.7768
vn -0.7718 0.1174 0.6249
vn -0.5978 0.3742 0.7090
vn -0.8474 0.0145 0.5307
vn 0.2332 -0.2329 -0.9441
vn 0.0424 -0.1296 -0.9907
vn 0.0240 -0.1518 -0.9881
vn -0.6413 0.2355 -0.7303
vn -0.6185 0.1053 -0.7787
vn -0.6034 0.1138 -0.7893
vn -0.5017 0.0620 -0.8628
vn -0.4630 -0.1213 -0.8780
vn -0.2612 -0.0139 -0.9652
vn -0.1683 -0.1018 -0.9805
vn -0.4293 -0.0774 -0.8998
vn -0.1603 -0.0929 -0.9827
vn -0.8580 -0.3274 -0.3957
vn -0.8682 -0.0978 -0.4864
vn -0.7949 -0.1514 -0.5875
vn -0.7019 -0.1199 -0.7021
vn -0.6887 -0.4313 -0.5828
vn -0.4261 -0.8049 -0.4131
vn -0.3845 -0.8662 -0.3191
vn -0.5281 -0.6829 -0.5047
vn -0.1378 -0.9697 -0.2018
vn -0.0220 -0.8777 -0.4786
vn 0.1268 -0.9526 -0.2764
vn -0.6497 -0.1751 0.7398
vn -0.5577 -0.3173 0.7670
vn -0.5269 -0.0796 0.8462
vn 0.0348 -0.1428 -0.9891
vn 0.1184 -0.0975 -0.9882
vn 0.1092 -0.1794 -0.9777
vn -0.0267 -0.2124 -0.9768
vn -0.0894 -0.1024 -0.9907
vn -0.0063 -0.0691 -0.9976
vn 0.2642 -0.0897 -0.9603
vn 0.2806 -0.0916 -0.9555
vn 0.1653 -0.0921 -0.9819
vn 0.3975 -0.1002 -0.9121
vn 0.5228 -0.0596 -0.8504
vn 0.4507 -0.0553 -0.8910
vn 0.8322 -0.0255 -0.5540
vn 0.8799 0.0130 -0.4750
vn 0.7809 -0.0185 -0.6244
vn 0.9076 0.1679 -0.3848
vn 0.9189 0.2690 -0.2884
vn 0.9208 0.2003 -0.3347
vn 0.9270 0.3194 -0.1963
vn 0.9252 0.2518 -0.2839
vn 0.9366 0.3498 -0.0214
vn 0.9548 0.2842 -0.0871
vn 0.9693 0.2330 0.0788
vn 0.9551 0.2622 0.1381
vn 0.9584 0.1911 0.2121
vn 0.9740 0.1221 0.1909
vn 0.9445 0.1860 0.2708
vn 0.9258 0.2031 0.3188
vn 0.9530 0.1299 0.2737
vn 0.9230 0.1593 0.3504
vn 0.8780 0.2029 0.4336
vn 0.9001 0.0867 0.4269
vn 0.8387 0.1523 0.5229
vn 0.7545 0.1179 0.6456
vn 0.8569 0.0570 0.5124
vn 0.3164 0.0890 0.9444
vn 0.3978 -0.0120 0.9174
vn 0.5820 0.0978 0.8073
vn -0.3715 -0.0225 0.9282
vn -0.2511 -0.0974 0.9630
vn -0.2858 -0.0028 0.9583
vn -0.4563 0.0350 0.8892
vn -0.5650 0.0923 0.8199
vn -0.5502 0.0794 0.8313
vn -0.9010 0.0276 0.4329
vn -0.9263 -0.0917 0.3654
vn -0.9864 0.0978 0.1325
vn -0.9632 -0.2545 0.0868
vn -0.9765 0.0208 -0.2143
vn -0.8774 -0.2695 -0.3970
vn -0.8094 -0.0328 -0.5863
vn -0.4076 -0.1785 -0.8956
vn -0.3618 -0.1657 -0.9174
vn -0.4236 -0.1649 -0.8907
vn -0.5355 -0.2732 -0.7991
vn -0.6851 -0.1515 -0.7125
vn -0.8400 -0.1416 -0.5238
vn -0.7626 -0.3315 -0.5555
vn -0.8947 -0.1731 -0.4118
vn -0.7852 -0.4188 -0.4562
vn -0.8515 -0.0177 -0.5241
vn -0.8688 0.3240 -0.3744
vn -0.9568 0.2001 -0.2110
vn -0.9180 0.1084 -0.3814
vn -0.7880 0.2247 -0.5732
vn -0.8492 0.2821 -0.4464
vn -0.9712 0.1836 -0.1517
vn -0.5217 -0.2796 -0.8060
vn -0.4001 -0.4776 -0.7821
vn -0.5774 -0.4261 -0.6964
vn -0.4133 -0.2777 -0.8672
vn -0.1907 -0.4975 -0.8463
vn -0.0598 -0.3587 -0.9316
vn 0.0389 -0.5021 -0.8639
vn 0.1735 -0.3824 -0.9076
vn -0.2191 -0.4217 -0.8799
vn 0.1197 -0.3453 -0.9308
vn 0.3266 -0.2457 -0.9127
vn 0.0428 -0.2940 -0.9548
vn -0.7221 -0.5308 -0.4437
vn -0.5832 -0.5829 -0.5658
vn -0.4131 -0.2609 -0.8725
vn -0.6324 -0.3905 -0.6690
vn -0.8281 -0.5601 0.0244
vn -0.8240 -0.5598 0.0876
vn -0.7652 -0.5141 0.3876
vn -0.8499 -0.5020 0.1603
vn -0.8891 -0.3386 0.3080
vn -0.8712 -0.4182 -0.2571
vn -0.3930 -0.2810 -0.8755
vn -0.4557 -0.1318 -0.8803
vn -0.1803 -0.2428 -0.9532
vn 0.0320 -0.3633 -0.9311
vn -0.0974 -0.4125 -0.9058
vn -0.2097 -0.5231 -0.8261
vn -0.8092 -0.5828 -0.0740
vn -0.8260 -0.4687 0.3130
vn -0.9425 -0.2980 -0.1516
vn -0.8093 -0.2887 0.5115
vn -0.9687 -0.1424 0.2035
vn -0.7152 -0.3872 0.5819
vn -0.8506 -0.2644 0.4546
vn -0.9638 0.0279 0.2652
vn -0.9889 0.0567 -0.1374
vn -0.9643 -0.1564 -0.2136
vn -0.8717 -0.3825 -0.3063
vn -0.7815 -0.4854 -0.3920
vn -0.7382 -0.3135 -0.5974
vn -0.6551 -0.3717 -0.6578
vn -0.7046 -0.1078 -0.7013
vn -0.5856 -0.2041 -0.7845
vn -0.6256 0.0077 -0.7801
vn -0.5453 -0.0676 -0.8355
vn -0.5627 0.0462 -0.8254
vn -0.6282 -0.0150 -0.7779
vn -0.6055 -0.0782 -0.7920
vn -0.5771 0.0379 -0.8158
vn -0.6722 0.1170 -0.7311
vn -0.8556 0.1617 -0.4917
vn -0.7580 0.3848 0.5266
vn -0.7586 0.2741 0.5911
vn -0.7449 0.3184 0.5863
vn -0.6731 0.2153 0.7076
vn -0.6053 0.1092 0.7885
vn -0.7289 0.2393 0.6414
vn -0.6007 -0.0228 0.7991
vn -0.6572 -0.1548 0.7377
vn -0.4416 -0.1147 0.8898
vn -0.5316 -0.1856 0.8264
vn -0.6500 -0.2911 0.7020
vn -0.5662 -0.3244 0.7578
vn -0.6378 -0.4095 0.6523
vn -0.7815 -0.2994 0.5474
vn -0.8833 -0.3859 0.2661
vn -0.6700 -0.3869 0.6336
vn -0.7422 0.1085 -0.6613
vn -0.7029 0.1629 -0.6924
vn -0.7442 0.2606 -0.6150
vn -0.9616 -0.1017 -0.2550
vn -0.9934 -0.0945 -0.0648
vn -0.9590 -0.1248 -0.2544
vn -0.8818 -0.2146 0.4199
vn -0.8014 -0.1656 0.5748
vn -0.9083 -0.1520 0.3897
vn -0.7745 -0.3182 0.5467
vn -0.6946 -0.2845 0.6608
vn -0.6990 -0.2643 0.6645
vn -0.7366 -0.1661 0.6556
vn -0.7073 -0.1595 0.6886
vn -0.7651 -0.2462 0.5950
vn -0.8134 -0.2127 0.5414
vn -0.8038 -0.3154 0.5043
vn -0.8827 -0.2014 0.4246
vn -0.9612 0.1867 -0.2031
vn -0.9355 0.2629 -0.2361
vn -0.9018 0.2388 -0.3602
vn -0.9022 0.0652 -0.4264
vn -0.8544 0.2839 -0.4352
vn -0.6610 0.2595 -0.7041
vn -0.7528 0.2996 -0.5861
vn -0.7922 0.1300 -0.5963
vn -0.7091 0.2014 -0.6758
vn -0.4845 0.3639 -0.7955
vn -0.3490 0.3776 -0.8577
vn -0.4671 0.2427 -0.8502
vn -0.1310 0.5324 0.8363
vn 0.0031 0.5591 0.8291
vn -0.0156 0.4874 0.8730
vn -0.2551 0.4735 0.8430
vn -0.2359 0.5232 0.8189
vn -0.3441 0.4655 0.8154
vn -0.7859 -0.4289 0.4454
vn -0.7178 -0.4501 0.5312
vn -0.8617 -0.4869 -0.1430
vn -0.8585 -0.3995 0.3216
vn -0.7745 -0.5000 0.3874
vn -0.6657 -0.3131 -0.6773
vn 0.1034 0.5249 0.8449
vn 0.7397 0.6170 0.2687
vn 0.6119 0.7309 0.3022
vn 0.6708 0.6235 0.4015
vn -0.3434 0.2330 -0.9098
vn -0.5205 0.2841 -0.8052
vn -0.7449 0.2669 -0.6115
vn -0.7838 -0.0408 -0.6197
vn -0.7450 -0.1474 -0.6506
vn -0.8832 -0.0521 -0.4660
vn -0.8008 -0.1067 0.5894
vn -0.7420 -0.0895 0.6644
vn -0.5750 -0.2394 0.7823
vn -0.6365 -0.1842 0.7489
vn -0.8523 -0.1638 0.4968
vn -0.9968 -0.0577 -0.0557
vn -0.8565 0.2188 -0.4675
vn -0.7432 0.1591 -0.6498
vn -0.6989 -0.1359 -0.7022
vn -0.5988 -0.4003 -0.6937
vn -0.8112 -0.4170 0.4100
vn -0.9713 -0.2339 -0.0443
vn -0.8688 -0.4951 0.0057
vn -0.6608 -0.2936 0.6907
vn -0.4868 -0.4453 0.7515
vn -0.4907 -0.4601 0.7400
vn -0.4127 -0.3250 0.8509
vn -0.4070 -0.3383 0.8485
vn -0.4821 -0.0159 0.8760
vn -0.0790 -0.1586 0.9842
vn -0.1145 -0.0390 0.9927
vn -0.1748 -0.1718 0.9695
vn -0.0043 -0.1195 0.9928
vn -0.3174 -0.2363 0.9184
vn -0.3057 -0.2346 0.9228
vn -0.6375 -0.3058 0.7071
vn -0.5971 -0.4518 0.6629
vn -0.5388 -0.3086 0.7839
vn -0.4862 -0.6038 0.6317
vn -0.4742 -0.7670 0.4323
vn -0.4005 -0.6694 0.6258
vn -0.4448 -0.4856 0.7526
vn -0.3759 -0.2028 0.9042
vn -0.5003 -0.2551 0.8274
vn -0.3919 -0.3252 0.8606
vn -0.2145 -0.1230 0.9689
vn -0.2586 -0.1501 0.9543
vn -0.1981 -0.0118 0.9801
vn -0.0373 0.0051 0.9993
vn 0.0576 -0.0116 0.9983
vn 0.1587 0.0432 0.9864
vn 0.3988 0.0093 0.9170
vn 0.5275 0.0395 0.8486
vn 0.6135 -0.0071 0.7897
vn 0.9359 0.0814 0.3428
vn 0.9240 0.1993 0.3262
vn 0.9341 0.2061 0.2914
vn 0.9654 0.2606 -0.0112
vn 0.9562 0.2355 -0.1738
vn 0.9362 0.1945 -0.2927
vn 0.9183 0.1358 -0.3719
vn 0.9011 0.0308 -0.4326
vn 0.9064 0.0595 -0.4183
vn 0.8554 0.0144 -0.5178
vn 0.6542 -0.0407 -0.7552
vn 0.6638 0.0015 -0.7479
vn 0.5635 -0.0274 -0.8257
vn 0.1992 -0.1263 -0.9718
vn 0.3903 -0.0665 -0.9183
vn 0.3054 -0.0908 -0.9479
vn 0.1977 -0.1962 -0.9604
vn 0.2914 -0.1722 -0.9410
vn 0.1215 -0.3454 -0.9305
vn 0.0683 -0.2773 -0.9583
vn 0.1831 -0.5559 -0.8109
vn 0.0284 -0.5291 -0.8481
vn 0.1806 -0.4052 -0.8962
vn 0.2991 -0.6407 -0.7071
vn 0.0713 -0.7354 -0.6739
vn 0.2114 -0.7970 -0.5657
vn 0.4812 -0.6895 -0.5413
vn 0.3874 -0.8494 -0.3583
vn 0.6754 -0.6902 -0.2596
vn 0.4636 -0.8734 -0.1489
vn -0.1398 -0.9893 0.0428
vn -0.2241 -0.9698 0.0960
vn -0.3067 -0.9449 0.1146
vn -0.2448 -0.9682 0.0517
vn -0.3445 -0.9347 0.0877
vn -0.3603 -0.9319 0.0424
vn -0.3398 -0.9395 -0.0433
vn -0.3438 -0.9208 -0.1841
vn -0.5691 -0.7867 -0.2391
vn -0.5666 -0.8224 -0.0516
vn -0.8057 -0.4475 -0.3881
vn -0.6318 -0.5695 -0.5258
vn -0.6766 -0.4181 -0.6061
vn -0.7855 -0.2091 -0.5825
vn -0.9792 0.0993 0.1770
vn -0.9510 0.0953 0.2942
vn -0.9954 0.0112 0.0954
vn -0.9393 0.0669 0.3364
vn -0.9771 -0.0813 0.1967
vn -0.9477 -0.0446 0.3162
vn -0.8844 0.0693 0.4615
vn -0.8607 -0.0938 0.5003
vn -0.8015 0.0446 0.5964
vn -0.6472 -0.1968 0.7365
vn -0.7479 -0.1118 0.6543
vn -0.5832 -0.1956 0.7884
vn -0.5028 -0.1617 0.8491
vn -0.7196 -0.0875 0.6888
vn -0.5862 -0.1455 0.7970
vn -0.9763 0.0507 0.2105
vn -0.9170 0.0066 0.3989
vn -0.9917 0.0210 0.1272
vn -0.9817 0.0572 -0.1818
vn -0.9876 0.0801 -0.1347
vn -0.8745 0.1191 -0.4702
vn -0.8902 0.0406 -0.4537
vn -0.3790 0.0678 -0.9229
vn -0.2909 0.1356 -0.9471
vn -0.3239 0.0106 -0.9460
vn -0.3234 0.2659 -0.9081
vn -0.2097 0.1775 -0.9615
vn -0.3027 0.2682 -0.9146
vn -0.1801 0.2566 -0.9496
vn 0.6758 0.4500 -0.5838
vn 0.8136 0.3432 -0.4694
vn 0.6602 0.3507 -0.6642
vn 0.8252 0.5083 0.2464
vn 0.7164 0.5541 0.4239
vn 0.7321 0.4904 0.4728
vn 0.8250 0.4554 0.3345
vn 0.5039 0.5077 0.6988
vn 0.6210 0.4809 0.6190
vn 0.6071 0.5152 0.6049
vn 0.2266 0.5255 0.8200
vn 0.3356 0.5439 0.7691
vn 0.3144 0.5310 0.7869
vn 0.0369 0.4412 0.8967
vn 0.1633 0.4805 0.8616
vn 0.1078 0.5400 0.8347
vn -0.8207 -0.3029 0.4844
vn -0.8402 -0.2863 0.4606
vn -0.8852 -0.2197 0.4100
vn -0.8749 -0.1072 0.4722
vn -0.1861 0.1309 0.9738
vn -0.2934 0.0809 0.9526
vn -0.3744 0.0087 0.9272
vn 0.0985 0.3947 0.9135
vn 0.2233 0.4936 0.8405
vn 0.3967 0.5313 0.7486
vn 0.8897 0.4355 0.1373
vn 0.9378 0.3279 -0.1143
vn 0.9341 0.3480 -0.0804
vn 0.9216 0.3879 -0.0143
vn 0.9459 0.2762 -0.1705
vn 0.9172 0.3282 -0.2258
vn 0.9034 0.2820 -0.3229
vn 0.9300 0.1686 -0.3267
vn 0.8850 0.2098 -0.4158
vn 0.8048 0.2640 -0.5317
vn -0.2357 0.0780 -0.9687
vn -0.3132 0.0449 -0.9486
vn -0.3877 0.1345 -0.9119
vn -0.4552 0.0583 -0.8885
vn -0.4989 0.1502 -0.8535
vn -0.6710 0.1354 -0.7290
vn -0.5719 0.1155 -0.8121
vn -0.8561 -0.0502 0.5144
vn -0.8620 -0.0243 0.5063
vn -0.6111 -0.0743 0.7880
vn -0.6559 0.0404 0.7538
vn -0.7690 0.1367 0.6245
vn -0.8442 0.1583 0.5121
vn -0.9683 -0.0950 0.2311
vn -0.9779 -0.2088 0.0120
vn -0.9964 0.0226 -0.0822
vn -0.8423 -0.1563 0.5159
vn -0.9124 -0.1257 0.3895
vn -0.8680 -0.0144 0.4963
vn -0.8046 -0.0096 0.5937
vn -0.9203 0.0618 0.3862
vn -0.6943 -0.0309 0.7191
vn -0.8883 0.0707 -0.4538
vn -0.9933 0.0323 -0.1106
vn -0.8902 0.0062 -0.4556
vn -0.7549 0.0101 -0.6558
vn -0.7586 0.0146 -0.6514
vn -0.6328 0.0058 -0.7743
vn -0.6308 0.0748 -0.7724
vn -0.3777 0.1106 -0.9193
vn -0.2530 0.1087 -0.9613
vn -0.3664 0.0398 -0.9296
vn -0.1753 -0.0078 -0.9845
vn -0.1954 0.0779 -0.9776
vn -0.2386 0.0067 -0.9711
vn 0.0390 0.1435 -0.9889
vn 0.2376 0.1140 -0.9646
vn 0.0424 0.0236 -0.9988
vn 0.2716 0.2568 -0.9275
vn 0.4557 0.2235 -0.8616
vn 0.5229 0.3538 -0.7755
vn 0.6845 0.3148 -0.6575
vn 0.8350 0.3607 -0.4156
vn 0.7550 0.3309 -0.5661
vn 0.8894 0.2220 -0.3997
vn 0.9002 0.3332 -0.2805
vn 0.9375 0.2647 -0.2260
vn 0.9329 0.3282 -0.1483
vn 0.9262 0.3768 -0.0141
vn 0.6587 0.4951 0.5666
vn 0.5438 0.5406 0.6419
vn 0.4506 0.5458 0.7064
vn 0.3361 0.5292 0.7791
vn 0.5011 0.5121 0.6976
vn -0.0618 0.2060 0.9766
vn 0.0255 0.2387 0.9708
vn 0.0457 0.2815 0.9585
vn -0.2133 0.1485 0.9656
vn -0.0916 0.1799 0.9794
vn -0.4907 0.0401 0.8704
vn -0.3195 0.0903 0.9433
vn -0.3346 0.0860 0.9384
vn -0.8296 0.0365 0.5572
vn -0.8071 -0.0689 0.5864
vn -0.8785 0.0836 0.4703
vn -0.8391 0.2424 0.4871
vn -0.8174 0.2008 0.5399
vn -0.6688 0.0032 0.7434
vn -0.7064 0.0881 0.7023
vn 0.5209 0.4146 0.7462
vn 0.3474 0.4350 0.8307
vn 0.6304 0.4984 0.5951
vn 0.9007 0.3516 0.2553
vn 0.8850 0.3929 0.2498
vn 0.8595 0.3916 0.3285
vn 0.9161 0.3728 0.1479
vn 0.9282 0.3710 0.0285
vn 0.9349 0.1829 -0.3042
vn 0.9369 0.2391 -0.2550
vn 0.8206 0.2430 -0.5173
vn 0.8384 0.3504 -0.4174
vn 0.6478 0.1648 -0.7438
vn 0.4275 0.0699 -0.9013
vn 0.2016 -0.0426 -0.9785
vn -0.0198 -0.0642 -0.9977
vn -0.1358 -0.0049 -0.9907
vn -0.2054 0.0323 -0.9781
vn -0.1676 0.0095 -0.9858
vn -0.0855 -0.0088 -0.9963
vn -0.1288 -0.0254 -0.9913
vn -0.2524 -0.0408 -0.9668
vn -0.3580 -0.0430 -0.9327
vn -0.4907 -0.0103 -0.8713
vn -0.5695 0.0096 -0.8219
vn -0.5134 0.0431 -0.8570
vn -0.7383 0.0776 -0.6700
vn -0.9209 0.0724 -0.3830
vn -0.9934 0.1118 -0.0263
vn -0.8716 0.0345 0.4890
vn -0.5047 -0.0521 0.8617
vn -0.4838 -0.0993 0.8695
vn -0.6025 -0.0729 0.7948
vn -0.6039 0.0798 0.7930
vn -0.5036 0.0042 0.8639
vn -0.6398 -0.0424 0.7674
vn -0.7591 -0.0004 0.6510
vn -0.7486 -0.1194 0.6522
vn -0.6894 -0.2537 0.6785
vn -0.7706 -0.3151 0.5540
vn -0.3454 -0.9383 -0.0164
vn -0.6294 -0.7006 0.3362
vn -0.4547 -0.8699 0.1909
vn -0.4664 -0.8769 0.1160
vn -0.1556 -0.8174 -0.5546
vn -0.2822 -0.8464 -0.4517
vn -0.2305 -0.9223 -0.3102
vn -0.3167 -0.9137 -0.2545
vn -0.2981 -0.8807 -0.3680
vn -0.3230 -0.9408 -0.1026
vn -0.1717 -0.7859 -0.5941
vn -0.0299 -0.4287 -0.9030
vn -0.0756 -0.2880 -0.9546
vn -0.1990 -0.3148 -0.9281
vn -0.1670 -0.2024 -0.9649
vn -0.2377 -0.1257 -0.9632
vn -0.1037 -0.1586 -0.9819
vn -0.2140 -0.0872 -0.9729
vn -0.0724 -0.0516 -0.9960
vn 0.0168 -0.0566 -0.9983
vn 0.0727 -0.0827 -0.9939
vn 0.2026 -0.0995 -0.9742
vn 0.4020 -0.1193 -0.9078
vn 0.7079 -0.0609 -0.7037
vn 0.7322 -0.0644 -0.6780
vn 0.8957 0.3383 -0.2886
vn 0.9053 0.3532 -0.2358
vn 0.8984 0.4114 -0.1540
vn 0.9638 0.2608 -0.0556
vn 0.9821 0.1694 0.0820
vn 0.9511 0.2030 0.2330
vn 0.8894 0.2725 0.3670
vn 0.8316 0.3103 0.4606
vn 0.7898 0.2308 0.5683
vn -0.2114 0.0681 0.9750
vn -0.0399 0.0716 0.9966
vn -0.3351 0.0775 0.9390
vn -0.4005 0.0509 0.9149
vn -0.4865 0.0544 0.8720
vn 0.2915 0.3085 0.9055
vn 0.1445 0.2782 0.9496
vn 0.1496 0.2359 0.9602
vn 0.7562 0.4238 0.4986
vn 0.6911 0.3703 0.6207
vn 0.8471 0.3754 0.3761
vn 0.9060 0.3031 0.2954
vn 0.9425 0.3084 0.1287
vn 0.9430 0.2462 -0.2238
vn 0.9421 0.3232 -0.0897
vn 0.9317 0.2342 -0.2776
vn -0.9543 -0.0299 0.2975
vn -0.7903 -0.0056 0.6127
vn -0.9886 0.0451 0.1436
vn -0.4627 0.0101 0.8865
vn -0.5657 -0.1766 0.8054
vn -0.5668 -0.6714 0.4775
vn -0.4804 -0.8323 0.2767
vn -0.3622 -0.9230 -0.1303
vn -0.1782 -0.8752 -0.4498
vn -0.3063 -0.9491 -0.0733
vn -0.1551 -0.7073 -0.6897
vn -0.0901 -0.6344 -0.7677
vn -0.1111 -0.7906 -0.6022
vn -0.0963 -0.4768 -0.8737
vn -0.1485 -0.7127 -0.6856
vn -0.1792 -0.5202 -0.8350
vn -0.2741 -0.1856 -0.9436
vn -0.3888 -0.1259 -0.9127
vn -0.4416 -0.0371 -0.8964
vn -0.3645 -0.0640 -0.9290
vn -0.5944 -0.0277 0.8037
vn -0.8453 -0.2156 0.4889
vn -0.7248 -0.0489 0.6873
vn -0.8672 -0.4881 0.0989
vn -0.7135 -0.4308 0.5525
vn -0.9766 -0.2127 -0.0317
vn -0.7959 -0.3743 -0.4758
vn -0.7769 -0.1722 -0.6056
vn -0.5718 -0.2619 -0.7775
vn -0.5669 -0.4601 -0.6833
vn -0.7087 -0.6216 -0.3336
vn -0.5832 -0.4069 0.7031
vn -0.3088 -0.7622 -0.5689
vn -0.3830 -0.6197 -0.6850
vn -0.3638 -0.3985 -0.8419
vn -0.3750 -0.2673 -0.8877
vn -0.5178 -0.0374 -0.8547
vn -0.5363 -0.1581 -0.8291
vn -0.6654 -0.4824 0.5696
vn -0.0392 -0.0476 -0.9981
vn 0.3586 -0.0742 -0.9305
vn 0.5142 -0.1132 -0.8502
vn 0.5594 -0.0060 -0.8289
vn 0.7362 0.0861 -0.6712
vn 0.8298 0.0410 -0.5566
vn 0.9035 0.4041 -0.1429
vn 0.9096 0.3513 -0.2217
vn 0.9487 0.2992 -0.1025
vn 0.9321 0.2708 -0.2405
vn 0.3417 0.2667 0.9012
vn 0.5128 0.2147 0.8312
vn 0.5157 0.2875 0.8071
vn -0.0540 0.2036 0.9776
vn 0.0056 0.1397 0.9902
vn -0.1790 0.1390 0.9740
vn -0.4311 -0.9014 0.0399
vn -0.3980 -0.9138 -0.0809
vn 0.7680 0.4386 0.4666
vn 0.8988 0.4049 0.1682
vn 0.0847 0.2677 -0.9598
vn 0.3108 0.3591 -0.8800
vn -0.6908 -0.0811 0.7184
vn -0.4744 -0.0840 0.8763
vn -0.9183 -0.2858 0.2739
vn -0.7817 -0.3903 0.4864
vn -0.6545 -0.2843 0.7006
vn -0.0727 0.4340 0.8980
vn -0.2525 0.3869 0.8869
vn -0.1710 0.2532 0.9522
vn -0.0209 0.5526 0.8332
vn 0.4600 0.5373 0.7069
vn 0.3558 0.5562 0.7510
vn 0.5736 0.5840 0.5744
vn 0.8956 0.4401 -0.0652
vn 0.7832 0.6216 0.0109
vn 0.8780 0.4758 0.0513
vn 0.8940 0.4060 -0.1894
vn 0.8249 0.5210 -0.2190
vn 0.8201 0.4261 -0.3820
vn 0.7161 0.5436 -0.4378
vn 0.5248 0.5508 -0.6490
vn 0.4686 0.4360 -0.7683
vn 0.3065 0.5206 -0.7969
vn 0.2323 0.3783 -0.8961
vn 0.0765 0.4351 -0.8971
vn -0.0009 0.2980 -0.9546
vn -0.1198 0.3086 -0.9436
vn -0.5118 0.0265 -0.8587
vn -0.5996 -0.0451 -0.7990
vn -0.7584 -0.0258 -0.6512
vn -0.7747 0.1220 -0.6204
vn -0.7205 -0.1671 0.6730
vn -0.9261 -0.1529 0.3448
vn -0.9911 0.0033 0.1331
vn -0.9942 0.0888 -0.0602
vn -0.9505 0.0584 -0.3050
vn -0.9481 0.1294 -0.2905
vn -0.6700 -0.6285 -0.3951
vn -0.4933 -0.8041 -0.3318
vn -0.5090 -0.6754 -0.5336
vn -0.3075 -0.9438 -0.1212
vn 0.0073 -0.9957 -0.0922
vn -0.0915 -0.9958 0.0052
vn -0.1276 -0.9802 -0.1514
vn -0.2753 -0.9392 0.2052
vn -0.1036 -0.9781 0.1808
vn -0.1139 -0.9234 0.3667
vn -0.3170 -0.8167 0.4821
vn -0.4008 -0.8815 0.2495
vn -0.1671 -0.8444 0.5090
vn -0.2638 -0.7328 0.6272
vn -0.1264 -0.7262 0.6758
vn -0.2942 -0.6253 0.7228
vn -0.2331 -0.5159 0.8243
vn -0.3389 -0.4786 0.8100
vn -0.0703 -0.0621 0.9956
vn 0.1925 -0.0590 0.9795
vn 0.3170 -0.1295 0.9395
vn 0.3752 0.0677 0.9245
vn 0.5066 0.0215 0.8619
vn 0.6399 0.0512 0.7667
vn 0.5191 0.1497 0.8415
vn 0.5361 0.1869 0.8232
vn 0.6999 0.1931 0.6877
vn 0.6849 0.0323 0.7279
vn 0.8177 0.0730 0.5709
vn 0.7751 0.0091 0.6318
vn 0.8355 0.2051 0.5099
vn 0.9002 0.0910 0.4259
vn 0.9062 0.1806 0.3824
vn 0.9334 0.1229 0.3370
vn 0.9297 0.1633 0.3301
vn 0.9746 0.0736 0.2115
vn 0.9717 0.1666 0.1676
vn 0.9827 0.1831 0.0288
vn 0.9799 0.1735 -0.0987
vn 0.9645 0.1291 -0.2306
vn 0.9427 0.0942 -0.3200
vn 0.9160 0.0691 -0.3952
vn 0.5831 0.0241 -0.8120
vn 0.4785 -0.0186 -0.8779
vn 0.4010 -0.0835 -0.9123
vn 0.5254 -0.0642 -0.8484
vn 0.5360 -0.1940 -0.8216
vn 0.6328 -0.2945 -0.7162
vn 0.3787 -0.3604 -0.8524
vn 0.7319 -0.5068 -0.4556
vn 0.5924 -0.5077 -0.6255
vn 0.9053 -0.3837 -0.1823
vn 0.8593 -0.5066 -0.0708
vn 0.8098 -0.5189 -0.2739
vn 0.4712 -0.8815 0.0297
vn 0.1176 -0.9882 0.0979
vn 0.1545 -0.9880 0.0019
vn -0.0689 -0.9956 0.0640
vn -0.1619 -0.9867 -0.0154
vn -0.1270 -0.9825 -0.1361
vn -0.3172 -0.9229 -0.2183
vn -0.0013 -0.9973 -0.0736
vn 0.1134 -0.9894 -0.0910
vn 0.0794 -0.9172 0.3905
vn -0.0171 -0.8469 0.5315
vn 0.0134 -0.6401 0.7681
vn -0.0858 -0.5655 0.8203
vn 0.0632 -0.2169 0.9741
vn 0.4746 -0.2460 0.8451
vn 0.5238 -0.0471 0.8505
vn 0.6710 -0.1025 0.7343
vn 0.6997 0.1284 0.7028
vn 0.8106 0.1952 0.5521
vn 0.8657 0.2251 0.4471
vn 0.9448 0.1436 0.2946
vn 0.9488 0.1262 0.2897
vn 0.9963 -0.0059 -0.0854
vn 0.9787 0.0207 -0.2045
vn 0.9920 0.0870 -0.0918
vn 0.9459 0.0344 -0.3226
vn 0.9197 0.0286 -0.3916
vn 0.8896 0.0412 -0.4549
vn 0.8574 0.0401 -0.5130
vn 0.8983 0.0672 -0.4342
vn 0.8645 0.1030 -0.4920
vn 0.8054 0.0613 -0.5896
vn 0.7027 0.0562 -0.7092
vn 0.6203 0.0238 -0.7840
vn 0.7603 0.0934 -0.6428
vn 0.7330 0.0420 -0.6789
vn 0.7836 -0.0405 -0.6199
vn 0.6323 -0.0717 -0.7714
vn 0.8458 -0.1375 -0.5155
vn 0.7271 -0.1639 -0.6667
vn 0.9036 -0.3190 -0.2861
vn 0.9591 -0.2375 -0.1539
vn 0.9461 -0.3106 -0.0915
vn 0.7127 -0.7012 -0.0201
vn 0.7846 -0.6198 0.0158
vn 0.6568 -0.7534 0.0317
vn 0.1660 -0.6091 0.7755
vn 0.0796 -0.5196 0.8507
vn 0.2907 -0.4619 0.8380
vn 0.3844 -0.5929 0.7076
vn 0.6026 -0.3467 0.7187
vn 0.7865 -0.0498 0.6156
vn 0.8506 0.0060 0.5258
vn 0.9183 0.0424 0.3936
vn 0.8741 0.0727 0.4802
vn 0.9279 0.1380 0.3463
vn 0.8108 0.1174 0.5734
vn 0.9753 0.0505 0.2151
vn 0.9830 0.0180 0.1828
vn 0.9526 0.1076 0.2844
vn 0.9632 0.0823 0.2557
vn 0.9962 -0.0051 0.0872
vn 1.0000 -0.0076 -0.0023
vn 0.9938 0.0686 0.0874
vn 0.9680 0.0197 -0.2501
vn 0.9445 0.0405 -0.3260
vn 0.8466 0.1233 -0.5178
vn 0.8383 0.0286 -0.5445
vn 0.9201 0.0116 -0.3915
vn 0.9646 -0.0463 -0.2597
vn 0.9563 -0.1767 -0.2328
vn 0.9116 -0.1534 -0.3813
vn 0.9802 -0.1680 -0.1049
vn 0.9450 -0.3129 -0.0956
vn 0.9112 -0.4084 -0.0540
vn 0.7176 -0.6952 -0.0419
vn 0.5388 -0.8418 -0.0340
vn 0.3228 -0.9465 0.0028
vn 0.2433 -0.9644 -0.1039
vn 0.6152 -0.7883 0.0001
vn 0.3900 -0.9208 -0.0054
vn 0.1610 -0.7096 0.6859
vn 0.8893 -0.2527 0.3812
vn 0.8320 -0.1771 0.5257
vn 0.7683 -0.3481 0.5372
vn 0.9319 -0.0857 0.3524
vn 0.8889 -0.0684 0.4529
vn 0.9585 0.0066 0.2849
vn 0.9676 0.1216 0.2214
vn 0.9819 0.1273 0.1404
vn 0.9697 0.1184 0.2135
vn 0.9821 0.0551 0.1801
vn 0.9906 0.0149 0.1360
vn 0.9938 -0.0322 0.1061
vn 0.9831 -0.0083 -0.1828
vn 0.9912 -0.0020 -0.1320
vn 0.9995 -0.0252 0.0167
vn 0.9990 -0.0234 -0.0379
vn 0.9918 0.0644 0.1101
vn 0.9987 0.0228 0.0464
vn 0.9948 0.0908 0.0457
vn 0.9901 0.1073 0.0903
vn 0.9795 -0.0407 0.1973
vn 0.9960 0.0295 0.0840
vn 0.9782 0.0661 0.1969
vn 0.9754 -0.1529 0.1590
vn 0.9959 -0.0586 0.0687
vn 0.9625 -0.1096 0.2483
vn 0.8352 -0.4205 0.3545
vn 0.8954 -0.4016 0.1921
vn 0.9427 -0.2173 0.2533
vn 0.7309 -0.6775 0.0821
vn 0.7721 -0.6352 -0.0201
vn 0.8519 -0.5191 0.0700
vn 0.9288 -0.3414 0.1442
vn 0.9994 0.0328 -0.0054
vn 0.9990 0.0445 0.0029
vn 0.9196 0.0902 -0.3825
vn 0.9174 0.0548 -0.3941
vn 0.8963 0.1460 -0.4187
vn 0.9411 0.1177 -0.3171
vn 0.8833 0.1337 -0.4493
vn 0.8732 0.0939 -0.4783
vn 0.9795 0.0228 -0.2002
vn 0.9950 -0.0104 -0.0989
vn 0.9957 -0.0610 -0.0690
vn 0.9881 -0.1009 -0.1161
vn 0.9924 -0.0818 -0.0916
vn 0.9837 -0.1431 -0.1089
vn 0.9340 -0.3468 -0.0860
vn 0.8446 -0.5338 -0.0411
vn 0.8456 -0.5305 -0.0587
vn 0.9182 -0.3944 0.0382
vn 0.9763 -0.2163 -0.0100
vn 0.9729 -0.2152 0.0845
vn 0.9985 0.0176 -0.0528
vn 0.9985 -0.0085 -0.0549
vn 0.9925 0.0155 -0.1212
vn 0.9778 0.0503 -0.2032
vn 0.9449 0.1105 -0.3082
vn 0.9963 -0.0272 -0.0813
vn 0.9977 -0.0509 -0.0444
vn -0.4993 -0.4784 0.7224
vn 0.0689 -0.1200 0.9904
vn -0.8040 -0.3693 0.4661
vn -0.9527 -0.0689 0.2961
vn -0.9725 0.2064 0.1076
vn -0.9330 -0.1715 -0.3163
vn -0.8970 0.3415 -0.2808
vn -0.8931 0.0617 -0.4457
vn -0.6051 0.0679 -0.7932
vn -0.4779 0.0308 -0.8779
vn -0.4311 -0.1453 -0.8905
vn -0.8106 -0.4781 -0.3382
vn -0.8141 -0.5002 0.2951
vn -0.7905 -0.3428 0.5075
vn -0.7614 -0.3607 0.5387
vn -0.9385 -0.1555 0.3084
vn -0.9887 -0.0968 0.1141
vn -0.9738 -0.2271 0.0133
vn -0.9235 -0.3802 0.0513
vn -0.9165 -0.3794 -0.1269
vn -0.8415 -0.5320 -0.0941
vn -0.8377 -0.5003 -0.2189
vn -0.8299 -0.3760 -0.4121
vn -0.6588 -0.0027 -0.7523
vn -0.5731 0.0241 -0.8191
vn -0.5440 -0.0225 -0.8388
vn -0.7518 0.1308 -0.6463
vn -0.8034 0.0935 -0.5880
vn -0.8855 0.2465 -0.3937
vn -0.9782 0.0797 -0.1917
vn -0.9423 0.3338 0.0242
vn -0.8747 0.3303 0.3546
vn -0.9549 0.1772 0.2382
vn -0.8537 0.1182 0.5072
vn -0.7087 0.0807 0.7009
vn -0.7894 -0.1008 0.6055
vn -0.9164 -0.3189 0.2420
vn -0.9156 -0.3279 -0.2328
vn -0.7476 -0.1450 -0.6481
vn -0.9466 -0.2789 -0.1618
vn -0.4183 -0.0891 -0.9039
vn -0.7199 -0.2301 -0.6548
vn -0.4336 -0.2412 -0.8683
vn -0.3019 -0.2454 -0.9212
vn -0.3733 -0.1855 -0.9090
vn -0.3788 -0.2344 -0.8953
vn -0.3973 -0.2779 -0.8746
vn -0.5349 -0.1974 -0.8215
vn -0.5459 -0.3097 -0.7785
vn -0.6177 -0.0681 -0.7835
vn -0.6557 -0.1713 -0.7353
vn -0.8573 -0.0891 -0.5071
vn -0.8077 -0.0852 -0.5834
vn -0.7371 -0.0806 -0.6709
vn -0.8322 -0.0978 -0.5458
vn -0.9271 -0.1347 -0.3497
vn -0.9494 -0.0669 -0.3067
vn -0.9808 -0.1307 -0.1448
vn -0.9706 -0.2367 -0.0433
vn -0.9270 -0.3630 0.0939
vn -0.9629 -0.2453 0.1125
vn -0.8813 -0.4038 0.2453
vn -0.8700 -0.2714 0.4116
vn -0.8302 -0.2851 0.4791
vn -0.9003 -0.2786 0.3346
vn -0.7884 -0.3612 0.4979
vn -0.8676 -0.1761 0.4651
vn -0.9548 -0.0937 -0.2823
vn -0.9994 0.0110 0.0326
vn -0.9476 -0.1331 0.2903
vn -0.5590 -0.0125 -0.8291
vn -0.5972 0.1003 -0.7958
vn -0.7751 0.3137 -0.5484
vn -0.8464 0.5252 0.0886
vn -0.7798 0.5097 0.3635
vn -0.8244 0.2900 0.4861
vn -0.7983 -0.2714 0.5376
vn -0.6786 0.5502 0.4866
vn -0.8750 0.4454 0.1896
vn -0.8266 0.3840 -0.4114
vn -0.7343 0.1133 -0.6693
vn -0.9350 0.0076 -0.3544
vn -0.7674 0.0041 -0.6411
vn -0.8972 -0.0180 0.4412
vn -0.8794 0.0602 0.4723
vn -0.9383 -0.0113 0.3455
vn -0.8878 0.0555 0.4570
vn -0.9109 0.2130 0.3535
vn -0.9790 0.1213 0.1640
vn -0.8477 0.4094 0.3373
vn -0.8907 0.1334 0.4346
vn -0.7894 0.5866 0.1810
vn -0.9408 0.2501 0.2287
vn -0.8835 0.4434 0.1508
vn -0.6993 0.6366 0.3251
vn -0.8461 0.5082 0.1610
vn -0.7230 0.4792 0.4976
vn -0.0925 0.4788 0.8731
vn -0.3773 0.4436 0.8129
vn -0.5093 0.4451 0.7366
vn -0.9178 0.3965 0.0213
vn -0.8753 0.3497 -0.3341
vn -0.8863 0.1561 -0.4360
vn -0.9505 0.1287 -0.2829
vn -0.9916 0.1159 0.0569
vn -0.9957 0.0050 -0.0925
vn -0.9570 0.0890 0.2761
vn -0.9221 0.0306 0.3857
vn -0.8997 0.4364 0.0036
vn -0.1245 0.4620 0.8781
vn -0.0420 0.5741 0.8177
vn -0.2400 0.4755 0.8463
vn -0.1109 0.7446 0.6582
vn -0.3662 0.6371 0.6782
vn 0.0533 0.8640 0.5007
vn -0.2873 0.9042 0.3160
vn -0.6046 0.7283 0.3225
vn -0.0684 0.9757 0.2082
vn -0.3399 0.9389 0.0544
vn -0.6251 0.7733 0.1058
vn -0.5020 0.8636 -0.0473
vn -0.6268 0.7792 0.0009
vn -0.7078 0.6958 0.1221
vn -0.7845 0.6197 -0.0228
vn -0.6120 0.7731 -0.1664
vn -0.7759 0.5733 -0.2633
vn -0.9061 0.3705 -0.2044
vn -0.9731 0.2270 -0.0398
vn -0.8978 0.4199 0.1328
vn -0.9358 0.0546 -0.3484
vn -0.9630 -0.0902 -0.2540
vn -0.9938 0.0607 -0.0930
vn -0.9690 -0.2041 0.1393
vn -0.9599 -0.2704 0.0736
vn -0.9236 -0.2446 0.2953
vn -0.9872 -0.1005 -0.1237
vn -0.9956 -0.0486 0.0798
vn -0.8995 -0.2524 0.3567
vn -0.8229 -0.3598 0.4397
vn -0.8839 -0.2860 0.3701
vn -0.8671 -0.2780 0.4133
vn -0.8214 -0.3485 0.4515
vn -0.8091 -0.3588 0.4654
vn -0.8466 -0.3324 0.4157
vn -0.8059 -0.3000 0.5104
vn -0.8101 -0.3994 0.4292
vn -0.8993 -0.3685 0.2355
vn -0.8273 -0.3529 0.4370
vn -0.8231 -0.4176 0.3848
vn -0.7655 -0.3768 0.5215
vn -0.8565 -0.3694 0.3606
vn -0.9395 -0.2530 0.2310
vn -0.9905 -0.1370 -0.0078
vn -0.9764 -0.0744 -0.2026
vn -0.9356 -0.0642 -0.3472
vn -0.8952 -0.1043 -0.4333
vn -0.8098 -0.1818 -0.5578
vn -0.7613 -0.1115 -0.6387
vn -0.6966 -0.2617 -0.6681
vn -0.3859 0.0010 -0.9225
vn -0.7274 0.1268 -0.6744
vn -0.8293 0.0329 -0.5579
vn -0.8887 -0.1037 -0.4466
vn -0.9926 -0.0995 0.0690
vn -0.9602 -0.1104 0.2567
vn -0.9779 -0.1209 0.1707
vn -0.9679 -0.1190 0.2216
vn -0.7554 -0.3287 0.5669
vn -0.9859 0.1506 -0.0729
vn -0.9687 -0.0035 -0.2480
vn -0.9208 -0.0502 -0.3867
vn -0.8669 0.0838 -0.4913
vn -0.7996 0.1884 -0.5702
vn -0.7225 0.3348 -0.6049
vn -0.6121 0.3536 -0.7073
vn -0.6290 0.5320 -0.5669
vn -0.4672 0.4922 -0.7345
vn -0.4870 0.6382 -0.5963
vn -0.2994 0.6793 -0.6700
vn 0.3013 0.8000 0.5189
vn 0.2236 0.7250 0.6515
vn 0.2755 0.6461 0.7118
vn 0.1677 0.6111 0.7736
vn -0.4340 0.8857 -0.1650
vn -0.7947 0.4349 -0.4234
vn -0.5541 -0.3079 -0.7735
vn -0.2705 -0.3192 -0.9083
vn -0.9452 -0.3251 0.0314
vn -0.8048 -0.2909 -0.5174
vn -0.7539 -0.4204 0.5048
vn -0.8621 -0.4926 0.1194
vn -0.8838 -0.4672 -0.0256
vn -0.8564 -0.4856 0.1756
vn -0.9205 -0.2758 -0.2766
vn -0.9447 -0.1147 -0.3073
vn -0.8209 -0.1030 -0.5618
vn -0.5224 -0.0700 -0.8498
vn -0.3899 -0.1446 -0.9095
vn -0.4716 -0.1298 -0.8722
vn -0.7311 -0.1116 -0.6731
vn -0.9684 -0.1095 0.2240
vn -0.5892 0.2513 0.7680
vn 0.3639 0.6541 0.6631
vn 0.2474 0.6034 0.7581
vn -0.6783 -0.0489 -0.7332
vn -0.7100 0.0082 -0.7042
vn -0.8487 0.1440 -0.5089
vn 0.0926 -0.0000 0.9957
vn 0.9418 0.1657 0.2925
vn 0.2858 -0.1251 0.9501
vn 0.3107 -0.1153 0.9435
vn 0.1825 -0.0605 0.9813
vn 0.3965 -0.2196 0.8914
vn 0.4103 -0.2582 0.8746
vn 0.8186 -0.4943 0.2926
vn 0.8789 -0.4169 0.2316
vn 0.9469 -0.3192 0.0379
vn 0.7947 -0.5993 0.0966
vn -0.8757 0.2426 0.4174
vn -0.9274 0.1893 0.3227
vn -0.8660 0.4015 0.2979
vn -0.8807 0.2139 0.4227
vn -0.8996 0.2190 0.3780
vn 0.9586 -0.1833 0.2178
vn 0.9738 -0.1888 0.1271
vn 0.9497 -0.2508 0.1875
vn 0.8396 0.5433 0.0010
vn 0.7080 0.7062 -0.0020
vn 0.7185 0.6506 0.2460
vn 0.6521 0.5311 -0.5410
vn 0.4932 0.5970 -0.6328
vn 0.4858 0.7501 -0.4486
vn -0.9472 0.1715 -0.2708
vn -0.9615 0.1565 -0.2258
vn -0.9277 0.2307 -0.2934
vn 0.4297 0.1614 -0.8884
vn 0.3520 0.3154 -0.8813
vn 0.2619 0.2158 -0.9407
vn 0.1584 0.2242 -0.9616
vn -0.0386 0.0644 -0.9972
vn -0.1866 0.1368 -0.9729
vn -0.0140 0.2418 -0.9702
vn -0.1903 0.1076 -0.9758
vn -0.2390 0.0280 -0.9706
vn -0.3622 0.1261 -0.9235
vn -0.3252 -0.0298 -0.9452
vn -0.2036 -0.0947 -0.9745
vn -0.3264 -0.0957 -0.9404
vn -0.4957 -0.0918 -0.8636
vn -0.4965 -0.0331 -0.8674
vn -0.6457 -0.0167 -0.7634
vn -0.6213 -0.1114 -0.7756
vn -0.7585 -0.0481 -0.6499
vn -0.7641 -0.0875 -0.6391
vn -0.9599 -0.0317 -0.2786
vn -0.9712 -0.0374 -0.2351
vn -0.9442 -0.0589 -0.3242
vn -0.9875 0.0123 -0.1573
vn -0.9904 -0.0042 -0.1385
vn -0.9969 -0.0041 -0.0783
vn -0.8335 -0.0661 0.5486
vn -0.7515 -0.0630 0.6567
vn -0.8482 -0.0361 0.5284
vn -0.8072 -0.1651 0.5667
vn -0.3650 -0.3463 0.8642
vn -0.3241 -0.5256 0.7865
vn -0.1516 -0.4565 0.8767
vn -0.0792 -0.8947 0.4396
vn 0.0533 -0.9731 0.2242
vn 0.3114 -0.9029 0.2965
vn 0.6244 -0.7213 0.2997
vn 0.5415 -0.6633 0.5165
vn 0.3547 -0.7990 0.4856
vn 0.3494 -0.5391 0.7663
vn 0.5537 -0.4853 0.6767
vn 0.2799 -0.3610 0.8896
vn 0.0839 -0.4896 0.8679
vn 0.4142 -0.3894 0.8227
vn 0.1955 -0.3526 0.9151
vn -0.0054 -0.3723 0.9281
vn -0.0607 -0.3251 0.9437
vn -0.2210 -0.3518 0.9096
vn -0.4298 -0.2913 0.8546
vn -0.5250 -0.2738 0.8059
vn -0.5555 -0.1873 0.8101
vn -0.7064 -0.1617 0.6891
vn -0.7549 -0.1443 0.6398
vn -0.8218 -0.0890 0.5627
vn -0.8777 -0.1725 0.4471
vn -0.8252 -0.2101 0.5243
vn -0.8350 -0.1657 0.5246
vn -0.8685 -0.1027 0.4849
vn -0.7893 -0.0357 0.6130
vn -0.9974 0.0131 0.0708
vn -0.9939 0.0420 0.1019
vn -0.9999 0.0129 0.0006
vn -0.9998 0.0057 -0.0192
vn -0.8829 -0.0617 -0.4656
vn -0.9620 -0.0016 -0.2729
vn -0.9232 0.0015 -0.3843
vn -0.7683 0.0533 -0.6379
vn -0.8509 0.0137 -0.5252
vn -0.6959 0.1114 -0.7095
vn -0.5537 0.1467 -0.8197
vn -0.4949 0.0433 -0.8679
vn -0.2537 0.1911 -0.9482
vn -0.6964 0.3321 -0.6362
vn -0.5278 0.3290 -0.7830
vn -0.6851 0.1887 -0.7036
vn -0.8279 0.3146 -0.4644
vn -0.8419 0.1847 -0.5070
vn -0.9062 0.1973 -0.3740
vn -0.8942 0.3437 -0.2867
vn -0.9242 0.2857 -0.2536
vn -0.8163 0.3020 -0.4924
vn -0.6913 0.2861 -0.6635
vn -0.4150 0.2901 -0.8623
vn -0.5597 0.2860 -0.7778
vn -0.4234 0.1779 -0.8883
vn -0.2103 0.1158 -0.9707
vn -0.2219 0.2239 -0.9490
vn 0.4124 -0.0031 -0.9110
vn 0.3649 -0.0481 -0.9298
vn 0.3093 0.0297 -0.9505
vn 0.5175 0.0415 -0.8547
vn 0.5028 0.3240 -0.8014
vn 0.3817 0.3053 -0.8724
vn -0.1291 -0.0510 -0.9903
vn -0.3427 -0.1296 -0.9305
vn -0.9343 -0.0288 -0.3554
vn -0.9989 -0.0305 0.0361
vn -0.9973 -0.0049 -0.0730
vn -0.8607 -0.2612 0.4371
vn -0.8252 -0.2573 0.5029
vn -0.8820 -0.1626 0.4422
vn -0.7787 -0.4476 0.4397
vn -0.7555 -0.3563 0.5499
vn -0.6176 -0.5903 0.5197
vn -0.4029 -0.7918 0.4590
vn -0.3765 -0.6486 0.6615
vn -0.2780 -0.9166 0.2874
vn -0.0983 -0.9874 0.1243
vn 0.1361 -0.9897 0.0445
vn 0.3271 -0.9394 -0.1025
vn 0.4348 -0.8997 0.0390
vn 0.5402 -0.8271 -0.1553
vn 0.6885 -0.7241 -0.0416
vn 0.6174 -0.7748 0.1362
vn 0.7770 -0.6254 0.0716
vn 0.7400 -0.6118 0.2793
vn 0.7253 -0.6788 0.1152
vn 0.2357 -0.3890 0.8905
vn 0.0893 -0.3263 0.9410
vn -0.3134 -0.2003 0.9283
vn -0.0267 -0.1257 0.9917
vn -0.2747 -0.0988 0.9564
vn -0.2686 -0.0197 0.9631
vn -0.6927 0.0126 0.7212
vn -0.6916 -0.1015 0.7151
vn -0.9330 -0.0766 0.3515
vn -0.8894 -0.0298 0.4562
vn -0.9486 0.0246 0.3156
vn -0.9270 0.1001 0.3615
vn -0.9635 0.0575 0.2616
vn -0.9841 0.0351 0.1741
vn -0.9986 0.0341 0.0414
vn -0.9976 0.0117 -0.0687
vn -0.9933 0.0426 -0.1076
vn -0.9879 -0.0056 -0.1547
vn -0.9843 0.0335 -0.1732
vn -0.9551 0.0844 -0.2841
vn -0.9157 0.1246 -0.3821
vn -0.9062 0.0547 -0.4193
vn -0.8497 0.1287 -0.5113
vn -0.7760 0.1710 -0.6071
vn -0.5859 0.1545 -0.7955
vn -0.4745 0.1764 -0.8624
vn -0.3545 0.1393 -0.9246
vn -0.9786 0.0840 -0.1876
vn -0.9941 0.0907 -0.0596
vn -0.9749 0.1451 -0.1690
vn -0.9988 0.0383 -0.0316
vn -0.9936 0.0995 0.0537
vn -0.9905 0.0635 0.1220
vn -0.9813 0.0771 0.1764
vn -0.9635 0.1077 0.2450
vn -0.9456 0.1149 0.3042
vn -0.9059 0.0659 0.4184
vn -0.8932 0.1428 0.4265
vn -0.8438 0.0221 0.5362
vn -0.5011 -0.0194 0.8652
vn -0.5535 0.0900 0.8280
vn 0.1583 -0.1579 0.9747
vn 0.3111 -0.1525 0.9380
vn 0.1741 -0.0988 0.9798
vn 0.4158 -0.3469 0.8407
vn 0.5667 -0.3976 0.7216
vn 0.4385 -0.2076 0.8744
vn 0.8512 -0.4016 0.3378
vn 0.7968 -0.4395 0.4148
vn 0.8030 -0.4077 0.4347
vn 0.8179 -0.5076 0.2709
vn 0.8392 -0.5224 0.1508
vn 0.6300 -0.7365 -0.2464
vn 0.6975 -0.6760 -0.2375
vn 0.7175 -0.6455 -0.2617
vn 0.7299 -0.6735 -0.1167
vn 0.6811 -0.7221 -0.1212
vn 0.8326 -0.4496 -0.3236
vn 0.7575 -0.6092 -0.2347
vn 0.7974 -0.5425 -0.2643
vn 0.8941 -0.3837 0.2310
vn 0.9201 -0.2969 0.2554
vn 0.9211 -0.3141 -0.2302
vn 0.9428 -0.3295 0.0509
vn 0.8587 -0.4478 -0.2493
vn 0.8252 -0.3515 -0.4422
vn 0.8237 -0.4298 -0.3699
vn 0.8323 -0.3164 -0.4552
vn 0.8882 -0.3227 -0.3270
vn 0.8958 -0.3854 -0.2216
vn 0.7915 -0.5849 -0.1773
vn 0.9012 -0.4239 -0.0901
vn 0.7104 -0.6749 0.1995
vn 0.7058 -0.6691 0.2327
vn 0.7402 -0.6706 0.0493
vn 0.6399 -0.6101 0.4672
vn 0.6041 -0.6361 0.4801
vn 0.5434 -0.6598 0.5190
vn 0.4597 -0.7205 0.5192
vn 0.4899 -0.6376 0.5946
vn 0.5829 -0.5772 0.5719
vn 0.8047 -0.5685 0.1710
vn 0.8835 -0.4512 0.1255
vn 0.8101 -0.5859 -0.0199
vn 0.9593 -0.2755 0.0618
vn 0.9580 -0.2599 -0.1209
vn 0.9348 -0.2008 -0.2930
vn 0.8047 -0.2449 -0.5409
vn 0.8565 -0.2699 -0.4400
vn 0.9440 -0.2921 -0.1535
vn 0.6409 -0.4341 0.6331
vn 0.5538 -0.2869 0.7817
vn 0.6957 -0.4218 0.5814
vn 0.1811 -0.0395 0.9827
vn -0.0383 0.0239 0.9990
vn -0.1049 0.0603 0.9927
vn -0.3510 0.0878 0.9322
vn -0.8688 0.0731 0.4897
vn -0.9398 0.0100 0.3415
vn -0.9108 -0.0664 0.4075
vn -0.9417 0.1268 0.3118
vn -0.9372 0.1022 0.3335
vn -0.8859 0.1950 0.4210
vn -0.9096 0.1991 0.3648
vn -0.9624 0.1126 0.2471
vn -0.9728 0.1453 0.1802
vn -0.9889 0.1424 -0.0427
vn -0.9849 0.1150 -0.1291
vn -0.9317 0.2223 -0.2872
vn -0.9329 0.2365 -0.2716
vn -0.9401 0.1778 -0.2909
vn -0.9186 0.2296 -0.3217
vn -0.1525 0.2569 -0.9543
vn 0.0676 0.2913 -0.9542
vn 0.0392 0.1463 -0.9885
vn 0.2187 0.2411 -0.9456
vn 0.1958 0.0863 -0.9768
vn 0.3535 0.2256 -0.9078
vn 0.4923 0.1283 -0.8609
vn 0.4985 -0.0460 -0.8657
vn 0.5899 0.3462 -0.7295
vn 0.4975 0.4357 -0.7502
vn 0.4993 0.4125 -0.7619
vn 0.2331 -0.0115 -0.9724
vn 0.0338 -0.0502 -0.9982
vn 0.1541 0.1150 -0.9814
vn -0.0127 -0.1181 -0.9929
vn 0.0161 -0.1162 -0.9931
vn -0.1047 -0.0925 -0.9902
vn -0.1849 -0.1014 -0.9775
vn -0.8146 -0.1003 -0.5713
vn -0.8574 -0.0836 -0.5077
vn -0.8046 -0.1135 -0.5829
vn -0.8885 -0.0535 -0.4557
vn -0.9710 0.0084 -0.2388
vn -0.9819 -0.0573 -0.1807
vn -0.9929 -0.0898 -0.0776
vn 0.1629 -0.9852 -0.0527
vn 0.7006 -0.6943 -0.1646
vn 0.7650 -0.5302 0.3657
vn 0.7038 -0.4358 0.5611
vn 0.5960 -0.7798 -0.1917
vn 0.6070 -0.7925 -0.0582
vn 0.7194 -0.6925 0.0530
vn 0.6180 -0.6679 0.4147
vn 0.6800 -0.6374 0.3623
vn 0.6802 -0.6459 0.3467
vn 0.5458 -0.7814 0.3024
vn 0.5519 -0.7352 0.3936
vn 0.5531 -0.6961 0.4577
vn 0.4817 -0.7638 0.4297
vn 0.3934 -0.7966 0.4591
vn 0.2961 -0.7819 0.5486
vn 0.3891 -0.6650 0.6375
vn 0.5245 -0.4947 0.6929
vn 0.5994 -0.2696 0.7537
vn 0.7039 -0.2993 0.6442
vn 0.6901 -0.4391 0.5754
vn 0.8217 -0.2174 0.5268
vn 0.8356 -0.4117 0.3638
vn 0.6631 -0.5824 0.4702
vn 0.8807 -0.1783 0.4388
vn 0.9351 -0.2467 0.2543
vn 0.9794 -0.1622 -0.1203
vn 0.8888 -0.1484 -0.4335
vn 0.8672 -0.2458 -0.4331
vn 0.7979 -0.1769 -0.5763
vn 0.8051 -0.1982 -0.5591
vn 0.7427 -0.6373 -0.2056
vn 0.8073 -0.4905 -0.3281
vn 0.7401 -0.5644 -0.3657
vn 0.6900 -0.5973 0.4088
vn 0.5979 -0.4387 0.6708
vn 0.7112 -0.6054 0.3574
vn 0.5088 -0.3009 0.8066
vn 0.5653 -0.3382 0.7524
vn 0.5229 -0.2316 0.8203
vn 0.3419 -0.0541 0.9382
vn 0.4462 -0.1499 0.8823
vn 0.1618 0.0614 0.9849
vn 0.0172 0.0425 0.9989
vn -0.0475 0.1584 0.9862
vn -0.2236 0.1797 0.9580
vn -0.4147 0.1942 0.8890
vn -0.6048 0.1979 0.7714
vn -0.7438 0.1396 0.6537
vn -0.8656 0.2099 0.4546
vn -0.9100 0.2890 0.2974
vn -0.8476 0.2690 0.4573
vn -0.9191 0.2496 0.3050
vn -0.9803 0.1776 0.0863
vn -0.9959 0.0887 0.0163
vn -0.9955 0.0500 0.0810
vn -0.9903 0.1129 -0.0808
vn -0.9495 0.2154 -0.2282
vn -0.9247 0.3487 -0.1529
vn -0.9012 0.3232 -0.2889
vn -0.8990 0.1775 -0.4003
vn -0.8215 0.2520 -0.5115
vn -0.6813 0.5109 -0.5242
vn -0.4702 0.5535 -0.6874
vn -0.5319 0.3941 -0.7495
vn 0.0792 0.3947 -0.9154
vn 0.6376 0.0528 -0.7686
vn 0.7318 -0.1250 -0.6700
vn 0.6026 -0.0949 -0.7924
vn 0.7405 -0.0364 -0.6711
vn 0.7788 0.3146 -0.5427
vn 0.6883 0.3360 -0.6429
vn 0.6597 0.4299 -0.6164
vn 0.7138 0.2507 -0.6539
vn 0.5783 0.3177 -0.7514
vn 0.5571 0.1437 -0.8179
vn 0.4537 0.2355 -0.8595
vn 0.3557 0.1145 -0.9276
vn 0.3801 0.0119 -0.9249
vn 0.2576 -0.0897 -0.9621
vn 0.1237 -0.1153 -0.9856
vn 0.1167 -0.1059 -0.9875
vn -0.0275 -0.0579 -0.9979
vn -0.3154 -0.0816 -0.9454
vn -0.1859 -0.0765 -0.9796
vn -0.4079 -0.1168 -0.9055
vn -0.4998 -0.1210 -0.8576
vn -0.5222 -0.1182 -0.8446
vn -0.3860 -0.1064 -0.9164
vn -0.7368 -0.1267 -0.6642
vn -0.6698 -0.1338 -0.7304
vn -0.7425 -0.0845 -0.6645
vn -0.8160 -0.0521 -0.5758
vn -0.9611 -0.1682 -0.2192
vn -0.9759 -0.1890 -0.1090
vn -0.9863 -0.1647 -0.0061
vn -0.9756 -0.1886 0.1124
vn -0.9840 -0.0940 0.1517
vn -0.9926 -0.1111 0.0485
vn -0.9242 -0.1997 0.3256
vn -0.9572 -0.1350 0.2560
vn -0.9532 -0.2049 0.2221
vn -0.9100 -0.3135 0.2711
vn -0.8823 -0.2876 0.3726
vn -0.8516 -0.4491 0.2704
vn -0.8387 -0.4075 0.3612
vn -0.7048 -0.6307 0.3249
vn -0.7666 -0.5473 0.3357
vn -0.6473 -0.7023 0.2964
vn -0.4525 -0.8566 0.2480
vn -0.4863 -0.8268 0.2827
vn -0.6268 -0.6767 0.3862
vn -0.2863 -0.9412 0.1794
vn -0.0194 -0.9969 0.0766
vn 0.3828 -0.9237 -0.0132
vn 0.4250 -0.8936 -0.1441
vn 0.2520 -0.9508 0.1803
vn 0.5190 -0.8493 0.0967
vn 0.6708 -0.7385 0.0681
vn 0.6248 -0.7481 0.2237
vn 0.7285 -0.6391 0.2467
vn 0.3970 -0.8707 0.2902
vn 0.5476 -0.7770 0.3105
vn 0.3480 -0.8990 0.2657
vn 0.4200 -0.8813 0.2164
vn 0.5031 -0.7984 0.3308
vn 0.4469 -0.8482 0.2842
vn 0.4391 -0.8707 0.2216
vn 0.3198 -0.9091 0.2669
vn 0.1847 -0.7948 0.5781
vn 0.3068 -0.6772 0.6688
vn 0.2549 -0.5984 0.7595
vn 0.7322 -0.1382 0.6669
vn 0.8678 -0.1500 0.4738
vn 0.9377 -0.1200 0.3259
vn 0.9836 -0.1569 0.0884
vn 0.9759 -0.1134 -0.1866
vn 0.9811 -0.1697 -0.0929
vn 0.9035 -0.1718 -0.3926
vn 0.8009 -0.1591 -0.5773
vn 0.6630 -0.4352 -0.6092
vn 0.8023 -0.5942 -0.0564
vn 0.7306 -0.6828 0.0019
vn 0.7996 -0.4968 0.3374
vn 0.7230 -0.3713 0.5826
vn 0.6953 -0.2578 0.6709
vn 0.6590 -0.1675 0.7332
vn 0.3161 0.0619 0.9467
vn 0.5040 -0.0620 0.8615
vn 0.1777 0.2225 0.9586
vn 0.0384 0.3886 0.9206
vn -0.0728 0.3622 0.9293
vn 0.0802 0.2268 0.9706
vn -0.6018 0.3705 0.7075
vn -0.7385 0.3241 0.5913
vn -0.9338 -0.0754 0.3498
vn -0.9621 -0.0641 0.2650
vn -0.9349 -0.1040 0.3394
vn -0.9717 -0.0024 0.2364
vn -0.9394 0.0205 0.3422
vn -0.8843 0.2484 0.3954
vn -0.9443 0.1922 0.2673
vn -0.9869 -0.0004 0.1610
vn -0.9618 0.2085 0.1773
vn -0.9618 0.2048 0.1814
vn -0.9169 0.3575 0.1773
vn -0.9654 0.2603 0.0137
vn -0.8952 0.4348 0.0977
vn -0.9239 0.3701 -0.0971
vn -0.8704 0.4918 0.0226
vn -0.8282 0.5336 0.1716
vn -0.7870 0.5894 0.1823
vn -0.8534 0.5195 0.0432
vn -0.9172 0.3830 -0.1099
vn -0.7964 0.5986 0.0859
vn -0.8084 0.5828 -0.0820
vn -0.1002 0.5219 -0.8471
vn 0.0930 0.5206 -0.8487
vn -0.1052 0.4141 -0.9041
vn 0.2396 0.3652 -0.8996
vn 0.5524 0.1824 -0.8133
vn 0.4821 0.2780 -0.8308
vn 0.7060 0.1210 -0.6978
vn 0.6446 0.1616 -0.7472
vn 0.7690 0.0656 -0.6359
vn 0.8493 -0.0129 -0.5277
vn 0.9446 -0.0919 -0.3150
vn 0.8534 -0.1507 -0.4991
vn 0.9203 -0.1319 -0.3683
vn 0.8576 -0.0296 -0.5135
vn 0.9444 0.1132 -0.3086
vn 0.8684 0.2704 -0.4156
vn 0.9603 0.1503 -0.2350
vn 0.8894 0.2221 -0.3995
vn 0.7765 0.4113 -0.4773
vn 0.4770 0.0413 -0.8779
vn 0.5358 -0.0228 -0.8440
vn 0.3870 -0.0473 -0.9209
vn 0.0742 -0.0446 -0.9962
vn -0.0739 -0.0393 -0.9965
vn -0.2726 -0.0721 -0.9594
vn -0.6745 -0.1089 -0.7302
vn -0.7681 -0.0900 -0.6340
vn -0.8765 -0.0366 -0.4801
vn -0.9310 -0.2445 -0.2712
vn -0.9586 -0.2452 -0.1448
vn -0.9696 -0.2447 -0.0077
vn -0.9508 -0.2705 0.1507
vn -0.6163 -0.7162 0.3274
vn -0.3669 -0.8604 0.3538
vn -0.2384 -0.9042 0.3544
vn 0.0888 -0.9421 0.3234
vn -0.0242 -0.9467 0.3212
vn 0.2191 -0.9273 0.3036
vn 0.0550 -0.9872 0.1498
vn -0.3501 -0.9365 -0.0185
vn -0.2085 -0.9731 -0.0977
vn 0.1971 -0.9764 0.0881
vn 0.2667 -0.9618 0.0616
vn 0.1092 -0.9647 -0.2398
vn 0.3735 -0.9239 0.0832
vn 0.3711 -0.9100 -0.1847
vn 0.4546 -0.8720 -0.1814
vn 0.4101 -0.9029 -0.1287
vn 0.3700 -0.8509 0.3730
vn 0.3724 -0.4587 0.8068
vn 0.4383 -0.1137 0.8916
vn 0.4882 0.0022 0.8727
vn 0.4673 0.0338 0.8834
vn 0.5384 -0.0613 0.8405
vn 0.6550 -0.0947 0.7497
vn 0.5885 -0.1741 0.7895
vn 0.9902 -0.1282 0.0545
vn 0.9477 -0.2716 -0.1674
vn 0.8905 -0.2691 -0.3668
vn 0.8662 -0.1523 -0.4759
vn 0.7917 -0.0809 -0.6056
vn 0.6841 -0.2077 -0.6991
vn 0.7866 -0.1747 -0.5922
vn 0.6699 -0.0928 -0.7366
vn 0.5174 -0.1971 -0.8327
vn 0.5800 -0.3578 -0.7318
vn 0.9054 -0.3949 -0.1559
vn 0.9021 -0.3402 0.2654
vn 0.8576 -0.2979 0.4193
vn 0.8136 -0.2621 0.5190
vn 0.7055 -0.1539 0.6918
vn 0.5716 0.0455 0.8193
vn 0.4406 0.0696 0.8950
vn 0.2686 0.1575 0.9503
vn 0.2486 0.0128 0.9685
vn 0.1547 0.2196 0.9633
vn 0.1287 0.0599 0.9899
vn 0.0147 0.3334 0.9427
vn -0.0596 0.1114 0.9920
vn -0.1848 0.3817 0.9056
vn -0.2374 0.3763 0.8956
vn -0.4799 0.1382 0.8664
vn -0.6547 0.2231 0.7223
vn -0.4313 0.3988 0.8093
vn -0.4178 0.3850 0.8229
vn -0.7038 0.4765 0.5269
vn -0.7914 0.2008 0.5774
vn -0.8782 0.1706 0.4467
vn -0.8862 0.1510 0.4381
vn -0.9372 0.0640 0.3429
vn -0.9035 -0.0512 0.4255
vn -0.9824 -0.0025 0.1865
vn -0.9578 0.1182 0.2620
vn -0.9015 0.3211 0.2901
vn -0.8487 0.4570 0.2663
vn -0.7427 0.6450 0.1799
vn -0.7432 0.6555 0.1343
vn -0.7493 0.6622 0.0103
vn -0.7133 0.6860 0.1437
vn -0.7076 0.7045 -0.0552
vn -0.1004 0.6281 -0.7717
vn 0.2497 0.4287 -0.8683
vn 0.3373 0.4739 -0.8134
vn 0.3629 0.3403 -0.8675
vn 0.6073 0.2739 -0.7458
vn 0.7444 0.1748 -0.6444
vn 0.7646 0.1485 -0.6272
vn 0.8517 0.1322 -0.5071
vn 0.8966 0.0925 -0.4331
vn 0.8403 0.1213 -0.5284
vn 0.9416 0.1145 -0.3167
vn 0.9735 0.0708 -0.2175
vn 0.9340 0.0325 -0.3558
vn 0.9971 -0.0069 -0.0760
vn 0.9809 -0.1644 -0.1038
vn 0.9452 -0.2204 -0.2408
vn 0.9911 -0.0983 -0.0894
vn 0.9705 -0.0303 -0.2390
vn 0.9869 0.1054 -0.1218
vn 0.9979 -0.0050 -0.0646
vn 0.9866 0.0607 -0.1516
vn 0.9036 0.0681 -0.4230
vn 0.7965 0.0687 -0.6007
vn 0.6617 0.0617 -0.7473
vn 0.7105 -0.0289 -0.7031
vn 0.5979 -0.0720 -0.7984
vn 0.4010 -0.1146 -0.9089
vn 0.2517 -0.1059 -0.9620
vn 0.0414 -0.0589 -0.9974
vn -0.4477 -0.1452 -0.8823
vn -0.5486 -0.1384 -0.8245
vn -0.9027 -0.2737 -0.3321
vn -0.9184 -0.3197 -0.2329
vn -0.9274 -0.3539 0.1212
vn -0.8669 -0.4909 0.0868
vn -0.4881 -0.8443 0.2213
vn -0.1172 -0.9625 0.2445
vn -0.3943 -0.9154 0.0809
vn -0.6023 -0.7723 -0.2020
vn -0.4346 -0.8158 -0.3816
vn -0.0474 -0.9829 -0.1780
vn -0.0163 -0.8161 -0.5776
vn -0.2475 -0.8112 -0.5298
vn 0.3408 -0.7277 -0.5952
vn 0.1585 -0.8005 -0.5780
vn 0.5682 -0.6968 -0.4378
vn 0.4444 -0.6894 -0.5720
vn 0.5040 -0.1661 0.8476
vn 0.6676 0.0414 0.7434
vn 0.5998 0.1039 0.7934
vn 0.5280 0.0182 0.8491
vn 0.7345 -0.1197 0.6680
vn 0.7775 -0.1381 0.6136
vn 0.9527 -0.2646 -0.1495
vn 0.9614 -0.1186 -0.2482
vn 0.8685 -0.0422 -0.4939
vn 0.7795 -0.0593 -0.6236
vn 0.5229 -0.1180 -0.8442
vn 0.4746 -0.3263 -0.8175
vn 0.5906 -0.3352 -0.7341
vn 0.6925 -0.4698 -0.5475
vn 0.8388 -0.4053 -0.3634
vn 0.6888 -0.2946 -0.6624
vn 0.8201 -0.2907 -0.4929
vn 0.9327 -0.3594 0.0297
vn 0.9243 -0.2530 -0.2858
vn 0.9750 -0.2124 0.0647
vn 0.8379 -0.2011 0.5074
vn 0.8844 -0.3361 0.3238
vn 0.6803 0.0083 0.7329
vn 0.2416 0.1487 0.9589
vn 0.0979 0.2289 0.9685
vn 0.1659 0.0640 0.9841
vn 0.0377 0.0701 0.9968
vn -0.1191 0.1608 0.9798
vn -0.2649 0.2083 0.9415
vn -0.2828 0.1588 0.9459
vn -0.5351 0.3679 0.7605
vn -0.6614 0.3474 0.6647
vn -0.7544 0.1053 0.6479
vn -0.8318 0.1709 0.5282
vn -0.7762 0.3132 0.5472
vn -0.8179 0.3244 0.4751
vn -0.8339 0.3995 0.3808
vn -0.9052 0.2496 0.3441
vn -0.8039 0.4974 0.3261
vn -0.7196 0.6535 0.2347
vn -0.6693 0.7060 0.2316
vn -0.6385 0.7616 0.1111
vn -0.6843 0.7243 0.0850
vn 0.1460 0.6480 -0.7475
vn 0.3120 0.6186 -0.7212
vn 0.5255 0.3815 -0.7604
vn 0.6902 0.3020 -0.6576
vn 0.8147 0.1253 -0.5662
vn 0.8886 0.0491 -0.4561
vn 0.9337 0.0687 -0.3515
vn 0.9937 0.1119 -0.0061
vn 0.9718 0.0695 0.2254
vn 0.9468 -0.1289 0.2950
vn 0.9901 -0.0488 0.1319
vn 0.9744 -0.2007 0.1016
vn 0.9519 0.1183 0.2826
vn 0.9870 0.0885 0.1342
vn 0.9938 -0.0613 0.0926
vn 0.9968 -0.0638 0.0490
vn 0.9485 -0.2806 0.1470
vn 0.9872 -0.1594 -0.0000
vn 0.9624 -0.1983 0.1854
vn 0.9962 -0.0849 -0.0198
vn 0.9876 -0.0841 0.1323
vn 0.9976 -0.0688 0.0116
vn 0.9990 0.0112 -0.0424
vn 0.9773 -0.0119 -0.2114
vn 0.8929 -0.0670 -0.4453
vn 0.8249 -0.0502 -0.5631
vn 0.4133 -0.0772 -0.9073
vn 0.3143 -0.0383 -0.9486
vn 0.1797 -0.0554 -0.9822
vn 0.1928 -0.0442 -0.9802
vn -0.0055 -0.1084 -0.9941
vn -0.1506 -0.0966 -0.9839
vn -0.1581 -0.1349 -0.9782
vn -0.2811 -0.1446 -0.9487
vn -0.8713 -0.4754 -0.1220
vn -0.9371 -0.3427 -0.0667
vn -0.8622 -0.4061 -0.3029
vn -0.7683 -0.5495 -0.3282
vn -0.8339 -0.5206 -0.1834
vn -0.8891 -0.2945 -0.3504
vn -0.8214 -0.3356 -0.4612
vn -0.7435 -0.3700 -0.5570
vn -0.5826 -0.5104 -0.6325
vn -0.6990 -0.5587 -0.4464
vn -0.2583 -0.3407 -0.9040
vn -0.2084 -0.5495 -0.8090
vn -0.4014 -0.3500 -0.8464
vn -0.1456 -0.3218 -0.9355
vn -0.0195 -0.5166 -0.8560
vn 0.4532 -0.3132 -0.8346
vn 0.4777 -0.5003 -0.7221
vn 0.3445 -0.3675 -0.8638
vn 0.5373 -0.4642 -0.7042
vn 0.5122 -0.2063 -0.8337
vn 0.6110 -0.3175 -0.7251
vn 0.5979 -0.0809 -0.7975
vn 0.7047 -0.2055 -0.6790
vn 0.7422 0.1363 0.6562
vn 0.6839 0.0739 0.7258
vn 0.5994 0.0330 0.7997
vn 0.6772 0.0046 0.7358
vn 0.7615 -0.0859 0.6425
vn 0.9040 -0.1894 0.3834
vn 0.9422 -0.2086 0.2623
vn 0.9046 -0.1860 0.3835
vn 0.9774 -0.1911 0.0902
vn 0.9762 -0.2065 -0.0660
vn 0.9595 -0.2695 0.0818
vn 0.9183 -0.0822 -0.3873
vn 0.7861 -0.1020 -0.6096
vn 0.3591 -0.0715 -0.9305
vn 0.3534 -0.1845 -0.9171
vn 0.4106 -0.1954 -0.8906
vn 0.2257 -0.0445 -0.9732
vn 0.3803 -0.1274 -0.9161
vn 0.1929 -0.0870 -0.9773
vn 0.3716 -0.0976 -0.9233
vn 0.5584 -0.1539 -0.8152
vn 0.7055 -0.1505 -0.6926
vn 0.9873 0.0046 -0.1588
vn 0.9039 -0.0485 0.4250
vn 0.4824 0.0725 0.8729
vn 0.6265 0.0109 0.7794
vn 0.5540 0.0814 0.8285
vn 0.3097 0.2928 0.9046
vn 0.2126 0.3232 0.9222
vn 0.3679 0.1187 0.9222
vn 0.1187 0.3256 0.9380
vn 0.0363 0.3306 0.9431
vn 0.0007 0.2439 0.9698
vn -0.1211 0.3505 0.9287
vn -0.2441 0.4190 0.8746
vn -0.3656 0.4820 0.7962
vn -0.4096 0.3466 0.8439
vn -0.5756 0.4945 0.6512
vn -0.5775 0.5302 0.6208
vn -0.6695 0.4668 0.5778
vn -0.7114 0.4470 0.5423
vn -0.7785 0.4692 0.4168
vn -0.7384 0.5562 0.3812
vn -0.7529 0.5913 0.2890
vn -0.6797 0.6953 0.2337
vn 0.1842 0.7933 -0.5803
vn 0.3526 0.7191 -0.5988
vn 0.9869 -0.0065 -0.1614
vn 0.9960 -0.0446 -0.0776
vn 0.9747 0.1370 0.1763
vn 0.9815 0.1050 -0.1603
vn 0.9028 0.0120 0.4299
vn 0.8972 -0.1365 0.4200
vn 0.9248 0.1284 0.3581
vn 0.9394 0.0746 0.3347
vn 0.9259 -0.0938 0.3659
vn 0.9717 -0.0938 0.2170
vn 0.8401 -0.4474 0.3067
vn 0.9016 -0.3106 0.3011
vn 0.8946 -0.3016 0.3298
vn 0.9979 -0.0549 0.0337
vn 0.9788 -0.0093 -0.2045
vn 0.9729 -0.1093 -0.2039
vn 0.9128 -0.0401 -0.4064
vn 0.8784 0.0291 -0.4770
vn 0.8256 -0.0740 -0.5594
vn 0.5426 -0.0795 -0.8362
vn 0.4094 -0.0137 -0.9122
vn 0.3537 -0.0364 -0.9346
vn -0.1805 -0.1638 -0.9698
vn -0.2927 -0.1719 -0.9406
vn -0.5496 -0.1644 -0.8191
vn -0.4174 -0.1745 -0.8918
vn -0.4684 -0.2296 -0.8532
vn -0.5499 -0.2657 -0.7918
vn -0.6440 -0.2071 -0.7364
vn -0.7700 -0.2398 -0.5913
vn -0.6583 -0.2877 -0.6956
vn -0.2990 -0.2428 -0.9229
vn 0.2071 -0.1453 -0.9675
vn 0.3168 -0.1151 -0.9415
vn 0.3439 -0.2160 -0.9138
vn 0.4240 -0.0661 -0.9032
vn 0.4446 -0.1217 -0.8874
vn 0.7088 -0.0394 -0.7043
vn 0.8455 0.0321 -0.5330
vn 0.9025 0.0385 -0.4291
vn 0.8699 0.1425 0.4723
vn 0.7841 0.1059 0.6115
vn 0.7473 0.0131 0.6644
vn 0.8435 -0.1427 0.5178
vn 0.9423 -0.1795 0.2826
vn 0.9552 -0.2357 0.1791
vn 0.9716 -0.2223 0.0818
vn 0.9680 -0.1322 -0.2134
vn 0.9818 -0.1827 -0.0515
vn 0.9505 -0.2181 -0.2213
vn 0.5451 -0.0146 -0.8383
vn 0.3319 0.1238 -0.9351
vn 0.2204 0.0075 -0.9754
vn 0.5135 -0.1251 -0.8489
vn 0.3467 -0.1358 -0.9281
vn 0.5341 -0.0663 -0.8428
vn 0.8021 -0.1193 -0.5852
vn 0.8016 0.0526 -0.5955
vn 0.0948 0.3974 0.9127
vn 0.1792 0.3939 0.9015
vn 0.0131 0.4089 0.9125
vn -0.0791 0.4297 0.8995
vn -0.2236 0.4787 0.8490
vn -0.3464 0.5434 0.7647
vn -0.3132 0.5947 0.7404
vn -0.4220 0.5667 0.7076
vn -0.4740 0.5016 0.7237
vn -0.5396 0.5415 0.6447
vn -0.6288 0.5309 0.5682
vn -0.6947 0.5239 0.4929
vn -0.7366 0.4566 0.4990
vn -0.5788 0.6209 0.5287
vn -0.5347 0.6658 0.5204
vn -0.6593 0.5998 0.4533
vn -0.6052 0.6774 0.4181
vn -0.6484 0.6903 0.3209
vn -0.6854 0.6423 0.3431
vn -0.6121 0.7151 0.3375
vn -0.5817 0.7123 0.3928
vn -0.5207 0.7261 0.4490
vn -0.5798 0.7407 0.3394
vn -0.4771 0.7916 0.3819
vn -0.5914 0.7762 0.2182
vn 0.2386 0.8962 -0.3741
vn 0.7926 0.3509 -0.4987
vn 0.8199 0.4851 -0.3039
vn 0.8137 0.1748 -0.5543
vn 0.9407 0.2074 -0.2686
vn 0.9123 0.0904 -0.3994
vn 0.9470 0.3169 -0.0520
vn 0.9937 0.0905 0.0666
vn 0.9886 -0.0939 0.1177
vn 0.9650 -0.0651 0.2541
vn 0.9251 -0.0289 0.3787
vn 0.9833 0.0094 0.1815
vn 0.9079 0.1292 0.3988
vn 0.9130 0.1603 0.3752
vn 0.8730 0.1175 0.4733
vn 0.8849 0.0679 0.4608
vn 0.8984 -0.0335 0.4379
vn 0.9126 -0.1080 0.3944
vn 0.9385 -0.0002 0.3452
vn 0.9512 -0.0997 0.2922
vn 0.9272 -0.1122 0.3575
vn 0.8181 -0.4776 0.3204
vn 0.8267 -0.4620 0.3213
vn 0.8716 -0.3933 0.2926
vn 0.9299 -0.2271 0.2892
vn 0.8912 -0.2667 0.3670
vn 0.8814 -0.1873 0.4338
vn 0.9035 -0.0914 0.4188
vn 0.8956 -0.1727 0.4100
vn 0.9631 -0.1203 0.2407
vn 0.9522 0.0004 0.3054
vn 0.9899 0.0587 0.1291
vn 0.9779 0.0664 -0.1983
vn 0.4940 -0.0283 -0.8690
vn -0.0572 -0.1756 -0.9828
vn -0.1393 -0.2403 -0.9607
vn 0.0916 -0.1757 -0.9802
vn -0.0014 -0.2864 -0.9581
vn 0.3004 -0.0818 -0.9503
vn 0.5195 -0.0446 -0.8533
vn 0.5273 -0.0732 -0.8465
vn 0.6988 -0.0164 -0.7151
vn 0.9808 0.1030 0.1653
vn 0.9578 0.1473 0.2469
vn 0.8926 0.1238 0.4335
vn 0.7697 0.0014 0.6384
vn 0.8271 -0.0995 0.5532
vn 0.9192 -0.2657 0.2904
vn 0.9373 -0.3016 0.1746
vn 0.9594 -0.2705 0.0804
vn 0.9783 -0.2020 -0.0464
vn 0.9080 -0.1153 -0.4027
vn 0.9587 -0.1625 -0.2334
vn 0.9363 -0.0158 -0.3509
vn 0.8235 -0.0971 -0.5589
vn 0.8126 0.0528 -0.5804
vn 0.6597 0.0819 -0.7470
vn 0.4657 0.1602 -0.8703
vn 0.3440 -0.1491 -0.9270
vn 0.7575 0.2515 -0.6024
vn 0.9246 0.3034 -0.2305
vn 0.6290 0.4715 0.6181
vn 0.6051 0.5313 0.5930
vn 0.4303 0.4107 0.8039
vn 0.4337 0.4783 0.7636
vn 0.2052 0.4604 0.8637
vn 0.0692 0.4791 0.8750
vn -0.0447 0.4968 0.8667
vn -0.2100 0.5381 0.8163
vn -0.4564 0.6125 0.6454
vn -0.5215 0.6175 0.5888
vn -0.4706 0.6594 0.5863
vn -0.5383 0.6864 0.4889
vn -0.5650 0.7220 0.3993
vn -0.5208 0.7232 0.4536
vn -0.5168 0.7411 0.4287
vn 0.1105 0.9628 0.2467
vn 0.4402 0.8634 0.2465
vn 0.3405 0.9376 -0.0709
vn -0.3116 0.7608 0.5693
vn -0.0108 0.7730 0.6343
vn -0.0840 0.8027 0.5905
vn -0.4273 0.7366 0.5242
vn -0.3772 0.7418 0.5545
vn -0.3784 0.6912 0.6156
vn -0.3403 0.7348 0.5868
vn -0.4317 0.7310 0.5285
vn -0.4943 0.7058 0.5075
vn -0.4156 0.6545 0.6316
vn -0.3843 0.6280 0.6767
vn -0.3470 0.6468 0.6792
vn -0.2934 0.6913 0.6603
vn -0.2791 0.7186 0.6370
vn -0.2395 0.7068 0.6656
vn -0.3027 0.7164 0.6286
vn -0.2711 0.7364 0.6198
vn 0.3045 0.7986 0.5191
vn 0.9670 0.0898 0.2386
vn 0.9734 0.0896 0.2109
vn 0.9066 0.3793 0.1850
vn 0.9434 -0.1063 0.3142
vn 0.9241 -0.1724 0.3411
vn 0.8848 -0.1118 -0.4524
vn 0.7923 -0.1506 -0.5913
vn 0.8681 -0.1885 -0.4591
vn 0.7435 0.6000 0.2955
vn 0.9139 0.3770 -0.1508
vn 0.9139 0.0526 -0.4024
vn 0.2511 0.5857 0.7707
vn 0.3803 0.5457 0.7467
vn 0.4546 0.6332 0.6265
vn 0.5518 0.5283 0.6453
vn 0.6506 0.5925 0.4750
vn 0.8053 0.5611 0.1915
vn 0.8704 0.4499 -0.1999
vn 0.8153 0.3526 -0.4593
vn 0.4672 0.0808 -0.8805
vn 0.1844 -0.3299 -0.9258
vn 0.4041 -0.0440 -0.9136
vn -0.0463 -0.3361 -0.9407
vn 0.0305 -0.4101 -0.9115
vn 0.2345 -0.5076 -0.8291
vn -0.0057 -0.1174 -0.9931
vn 0.0777 0.0443 -0.9960
vn -0.0097 -0.1577 -0.9874
vn 0.2997 0.0815 -0.9506
vn 0.4739 0.1969 -0.8583
vn 0.9774 -0.1695 0.1262
vn 0.9901 -0.1392 -0.0203
vn 0.9448 -0.2345 0.2289
vn 0.9116 -0.2781 0.3026
vn 0.9113 -0.3180 0.2615
vn 0.7992 -0.0770 0.5961
vn 0.7836 0.0414 0.6199
vn 0.8449 -0.0451 0.5331
vn 0.9020 0.0723 0.4257
vn 0.6870 -0.0308 -0.7260
vn 0.8529 0.0005 -0.5222
vn 0.5793 -0.0404 -0.8141
vn 0.5792 -0.0407 -0.8142
vn 0.8941 -0.0092 0.4479
vn 0.8956 -0.1823 0.4057
vn 0.8832 -0.2702 0.3834
vn 0.8544 -0.1432 0.4995
vn 0.9690 -0.2184 0.1152
vn 0.9683 -0.1859 0.1670
vn 0.9832 -0.1791 -0.0341
vn 0.9857 -0.0591 -0.1578
vn 0.8994 -0.3308 -0.2857
vn 0.6567 -0.4522 -0.6035
vn 0.7992 -0.1937 -0.5690
vn 0.2259 -0.2153 -0.9501
vn 0.5749 -0.0744 -0.8149
vn 0.3867 -0.5712 -0.7240
vn 0.3517 -0.3168 -0.8809
vn 0.5950 0.1228 -0.7943
vn 0.5382 0.1545 -0.8286
vn 0.5392 0.1558 -0.8276
vn 0.5975 -0.0169 -0.8017
vn 0.7015 -0.0710 -0.7091
vn 0.6082 0.0351 -0.7930
vn 0.7920 0.0056 -0.6104
vn 0.9595 -0.0782 -0.2707
vn 0.9456 -0.0551 0.3207
vn 0.9387 0.0545 0.3404
vn 0.9830 -0.0662 0.1710
vn 0.9595 0.0307 0.2800
vn 0.9337 0.0042 0.3580
vn 0.9196 -0.3187 0.2296
vn 0.9140 -0.3430 0.2169
vn 0.9452 -0.2652 0.1902
vn 0.9572 -0.2128 0.1960
vn 0.9067 -0.2481 0.3411
vn 0.8730 -0.3877 0.2961
vn 0.9808 -0.0956 0.1698
vn 0.9831 -0.1174 -0.1402
vn 0.9008 -0.1147 -0.4189
vn 0.9902 -0.1351 -0.0366
vn 0.8105 -0.0851 -0.5796
vn 0.6876 0.0029 -0.7261
vn 0.9810 -0.1006 -0.1658
vn 0.9306 -0.1564 -0.3311
vn 0.9952 -0.0107 0.0970
vn 0.9870 -0.0121 -0.1601
vn 0.8726 -0.0631 -0.4843
vn 0.9624 -0.0363 0.2694
vn 0.8716 0.4902 0.0014
vn 0.6995 0.5656 0.4369
vn 0.8342 0.5231 0.1744
vn 0.3109 0.4728 0.8245
vn -0.0898 0.5547 0.8272
vn -0.1880 0.5756 0.7958
vn -0.2702 0.6034 0.7503
vn -0.2432 0.6247 0.7420
vn 0.0294 0.5354 0.8441
vn -0.0081 0.6186 0.7857
vn -0.1271 0.5969 0.7922
vn -0.1706 0.6725 0.7201
vn -0.1171 0.7343 0.6686
vn 0.2494 0.7392 0.6256
vn 0.5128 0.6606 0.5483
vn 0.6446 0.5975 0.4769
vn -0.0676 0.7033 0.7076
vn -0.2611 0.7119 0.6519
vn 0.9031 -0.2463 -0.3517
vn 0.9895 -0.1328 -0.0575
vn 0.9876 0.0161 -0.1559
vn 0.9357 -0.2961 -0.1919
vn 0.9260 -0.3670 -0.0881
vn 0.9762 -0.2162 0.0176
vn 0.9616 -0.1771 -0.2099
vn 0.9521 0.3039 -0.0342
vn 0.3187 0.6679 0.6726
vn 0.6117 0.6268 0.4826
vn 0.8969 0.0955 0.4318
vn 0.5776 0.4455 -0.6841
vn -0.0092 -0.0632 0.9980
vn -0.6394 -0.4083 0.6514
vn -0.6759 -0.1870 0.7129
vn -0.3769 -0.9256 -0.0344
vn 0.6181 -0.6245 0.4774
vn 0.7919 -0.5724 0.2126
vn -0.7335 0.0989 -0.6725
vn -0.7563 -0.5747 -0.3126
vn 0.0857 0.5576 0.8257
vn 0.6147 -0.0986 -0.7826
vn 0.9005 0.0833 -0.4267
vn 0.6848 0.2149 0.6963
vn 0.4183 0.1715 0.8920
vn 0.1421 0.0555 0.9883
vn -0.7920 0.3290 0.5144
vn -0.6879 0.1572 0.7085
vn -0.9089 0.1736 0.3792
vn -0.9772 0.2124 0.0044
vn -0.7979 0.3603 0.4833
vn -0.8438 0.0347 -0.5356
vn -0.8805 0.1069 -0.4618
vn -0.7473 -0.1371 -0.6502
vn -0.7893 -0.4565 -0.4106
vn -0.6434 -0.5678 -0.5135
vn -0.5203 -0.4767 -0.7085
vn -0.9556 0.2936 -0.0257
vn -0.9004 0.3203 0.2945
vn -0.8592 -0.2845 0.4253
vn -0.8318 0.1705 -0.5282
vn -0.9154 0.0193 -0.4021
vn -0.6397 -0.2221 0.7358
vn -0.9920 -0.1022 0.0745
vn -0.9946 -0.0968 -0.0384
vn -0.9856 0.1527 -0.0727
vn -0.9759 -0.0523 -0.2120
vn -0.9870 -0.1575 0.0322
vn -0.9970 0.0160 0.0755
vn -0.8600 -0.0852 0.5031
vn -0.9377 -0.2081 0.2782
vn -0.9920 -0.1024 0.0733
vn -0.9487 -0.1857 0.2559
vn -0.9728 -0.1635 -0.1643
vn -0.9088 -0.1437 -0.3917
vn -0.5295 0.2788 -0.8012
vn -0.5797 0.2358 -0.7800
vn -0.2187 0.3476 -0.9118
vn -0.3301 0.4804 -0.8126
vn -0.0869 0.5369 -0.8392
vn 0.3284 0.7462 -0.5790
vn 0.0613 0.6833 -0.7276
vn -0.0279 0.8038 -0.5942
vn 0.2516 0.8366 -0.4866
vn -0.1720 0.6193 -0.7661
vn 0.1911 0.6418 -0.7427
vn 0.5121 0.8017 -0.3083
vn 0.1606 0.9331 -0.3218
vn 0.4217 0.8899 -0.1739
vn 0.6148 0.7885 -0.0163
vn 0.3365 0.9412 -0.0298
vn 0.4989 0.8526 0.1555
vn 0.5709 0.6794 0.4609
vn 0.5175 0.7731 0.3668
vn 0.4485 0.7497 0.4867
vn 0.4751 0.6457 0.5978
vn 0.6635 0.7266 0.1785
vn 0.2320 0.5408 0.8085
vn 0.0822 0.5138 0.8539
vn -0.4348 0.0337 0.8999
vn -0.4780 0.1925 0.8570
vn -0.5634 0.0301 0.8257
vn -0.5505 -0.1136 0.8271
vn -0.4123 0.3210 0.8526
vn -0.7121 -0.0788 0.6976
vn -0.6718 -0.3025 0.6762
vn -0.3409 0.2025 0.9180
vn -0.7257 -0.4331 0.5346
vn -0.5479 -0.1652 0.8201
vn 0.2202 0.5384 0.8134
vn -0.1318 0.5113 0.8492
vn 0.8108 0.5673 0.1440
vn 0.1453 0.5505 -0.8221
vn 0.7173 0.6652 -0.2073
vn 0.5740 0.6689 -0.4723
vn 0.3755 0.6278 -0.6818
vn -0.0471 0.4647 -0.8842
vn -0.4541 0.2212 -0.8630
vn -0.6338 -0.0106 -0.7734
vn -0.9771 -0.0815 -0.1965
vn -0.9524 -0.0803 0.2942
vn -0.9801 -0.0018 -0.1986
vn -0.5354 -0.5638 -0.6288
vn -0.5690 -0.7999 -0.1907
vn -0.5462 -0.8226 0.1582
vn -0.7228 -0.6865 0.0793
vn -0.6191 -0.6342 0.4632
vn -0.2076 -0.2864 0.9353
vn -0.1823 -0.0019 0.9832
vn 0.9279 0.2637 0.2636
vn 0.7384 0.0210 -0.6740
vn 0.3923 -0.1743 -0.9032
vn 0.2738 -0.2720 -0.9225
vn 0.4694 -0.4772 -0.7429
vn -0.5121 -0.8564 0.0656
vn -0.9228 -0.2129 -0.3210
vn -0.8137 0.0367 -0.5801
vn -0.7725 -0.6164 -0.1524
vn -0.7385 -0.6694 0.0808
vn -0.8746 -0.4436 -0.1957
vn -0.9097 -0.4121 -0.0514
vn -0.9185 0.0746 0.3883
vn -0.9215 0.1221 0.3687
vn -0.9774 -0.0062 0.2113
vn -0.5105 -0.1801 0.8408
vn -0.4711 -0.1472 0.8697
vn -0.5694 -0.1260 0.8123
vn -0.7390 0.1397 -0.6591
vn -0.4449 -0.0269 -0.8952
vn 0.0464 0.3068 -0.9506
vn -0.1136 0.2357 -0.9652
vn 0.3621 0.3507 -0.8636
vn -0.0413 0.2968 0.9540
vn -0.5276 -0.0842 0.8453
vn -0.6856 -0.2116 0.6966
vn -0.8373 -0.1882 0.5133
vn -0.7046 -0.1080 0.7014
vn -0.5064 -0.0212 0.8621
vn 0.1663 0.3477 0.9227
vn 0.5998 0.3486 -0.7202
vn -0.1175 0.1311 -0.9844
vn -0.6180 0.1716 -0.7672
vn -0.9577 0.0485 0.2837
vn -0.8439 0.1132 0.5245
vn -0.8877 -0.4449 0.1183
vn -0.6637 -0.7184 0.2081
vn -0.7923 -0.5127 0.3307
vn -0.8374 -0.3176 0.4448
vn -0.7887 0.1413 0.5984
vn -0.6994 0.0899 0.7091
vn -0.5428 0.0245 0.8395
vn -0.4525 -0.0084 0.8917
vn 0.7995 0.4263 0.4232
vn 0.9326 0.1995 -0.3007
vn 0.2412 0.4016 0.8835
vn 0.7195 0.4701 0.5112
vn 0.3913 0.3511 0.8506
vn 0.9020 0.2439 -0.3564
vn -0.7015 0.0643 -0.7097
vn -0.7168 -0.5058 0.4800
vn -0.0685 -0.6583 -0.7496
vn 0.2252 0.1675 0.9598
vn 0.6634 0.3068 0.6825
vn 0.8495 0.1539 -0.5047
vn -0.9635 -0.0713 -0.2580
vn -0.7327 -0.0402 -0.6793
vn -0.6261 -0.7163 -0.3080
vn -0.6382 -0.7463 0.1891
vn -0.6259 -0.5569 0.5460
vn -0.4858 -0.8536 -0.1879
vn -0.0605 -0.2197 0.9737
vn -0.1007 -0.4226 0.9007
vn 0.7516 -0.3228 -0.5752
vn 0.8385 -0.3365 -0.4287
vn 0.4404 -0.8924 0.0980
vn 0.1280 -0.9915 0.0240
vn 0.1194 -0.9746 0.1894
vn 0.1769 -0.9804 -0.0862
vn 0.0536 -0.3871 0.9205
vn 0.0245 -0.7444 0.6673
vn 0.2328 -0.3284 0.9154
vn 0.8514 -0.5239 -0.0235
vn 0.1160 -0.9924 0.0419
vn 0.1544 -0.8077 0.5690
vn 0.9131 0.1716 0.3698
vn 0.3897 -0.9068 0.1609
vn 0.3404 -0.8573 0.3862
vn 0.3595 -0.7449 0.5620
vn 0.6516 -0.4937 0.5759
vn 0.6254 -0.7374 0.2552
vn -0.9117 -0.2211 0.3463
vn -0.3723 -0.3926 -0.8410
vn -0.9638 -0.1338 -0.2308
vn -0.9874 -0.1128 -0.1109
vn -0.8606 -0.4412 0.2543
vn -0.9512 -0.2571 0.1709
vn -0.9067 -0.2198 0.3599
vn -0.7002 -0.0950 -0.7076
vn -0.9854 0.0539 0.1615
vn -0.8906 0.0856 0.4467
vn -0.9650 0.0397 0.2593
vn -0.9945 -0.1021 -0.0214
vn -0.9602 0.1497 -0.2359
vn -0.4872 0.4678 0.7375
vn -0.6799 0.4374 0.5885
vn -0.8957 0.2113 -0.3912
vn -0.8207 0.2839 -0.4959
vn -0.9520 -0.1850 0.2437
vn -0.6032 -0.1248 -0.7877
vn -0.3826 0.8229 -0.4201
vn -0.1239 0.9067 -0.4032
vn -0.2769 0.9447 -0.1758
vn -0.1205 0.9819 -0.1461
vn 0.0668 0.9938 -0.0886
vn 0.2583 0.9576 0.1279
vn 0.1242 0.9746 0.1864
vn 0.3675 0.8665 0.3378
vn 0.1430 0.9148 0.3777
vn -0.0916 0.9935 0.0679
vn -0.6071 0.7011 -0.3740
vn -0.4672 -0.1520 -0.8710
vn 0.1360 -0.0221 0.9905
vn -0.8864 -0.0845 0.4552
vn 0.7126 0.6445 -0.2772
vn 0.8742 -0.1016 -0.4748
vn 0.1962 0.0450 -0.9795
vn 0.0542 0.1880 -0.9807
vn 0.2471 0.2366 -0.9397
vn -0.9935 -0.0249 0.1111
vn -0.9007 -0.0786 -0.4272
vn -0.9768 -0.0055 0.2140
vn -0.9602 -0.0529 0.2744
vn -0.9209 -0.0178 0.3893
vn 0.1298 -0.6600 0.7400
vn -0.9286 -0.0964 0.3584
vn -0.6150 -0.1734 0.7692
vn 0.0207 -0.7933 0.6084
vn 0.7072 -0.4521 0.5436
vn -0.1348 -0.3135 0.9400
vn -0.4919 -0.0988 0.8650
vn -0.8935 0.0149 0.4488
vn -0.2893 0.3146 -0.9041
vn -0.8862 0.3825 -0.2615
vn -0.8874 0.1839 -0.4228
vn -0.5918 0.2351 -0.7710
vn -0.7183 -0.1344 -0.6827
vn -0.6215 -0.1343 -0.7718
vn 0.5830 -0.4178 0.6968
vn 0.2898 -0.2166 0.9322
vn -0.9208 0.0352 0.3885
vn -0.7109 0.0831 0.6983
vn 0.7686 -0.6351 -0.0764
vn 0.8048 -0.5905 -0.0599
vn 0.7133 -0.4490 0.5381
vn 0.8794 -0.4760 -0.0071
vn 0.7975 -0.5562 -0.2337
vn 0.7272 -0.5998 0.3339
vn 0.8684 -0.4957 -0.0115
vn 0.8924 -0.4091 -0.1904
vn -0.7138 0.2825 -0.6408
vn -0.3597 0.3147 -0.8784
vn 0.6179 -0.0081 -0.7862
vn -0.2927 0.4748 -0.8300
vn -0.9430 -0.0715 -0.3251
vn 0.8725 -0.2759 -0.4031
vn 0.3705 -0.4408 0.8176
vn 0.7589 -0.3150 -0.5699
vn -0.9613 0.2147 0.1728
vn -0.7996 0.4638 -0.3815
vn -0.8624 0.4645 -0.2010
vn -0.7358 0.6428 -0.2131
vn -0.6394 0.6619 -0.3912
vn -0.5089 0.6333 -0.5830
vn -0.3260 0.5769 -0.7490
vn -0.6134 -0.1291 -0.7791
vn 0.4380 -0.2408 0.8661
vn 0.4432 -0.3096 0.8413
vn 0.9416 -0.1403 0.3061
vn 0.8408 -0.4948 -0.2195
vn 0.8877 -0.4275 0.1711
vn 0.2698 0.2128 0.9391
vn -0.8134 0.4197 0.4028
vn -0.6555 0.7213 -0.2237
vn -0.3419 0.6874 -0.6408
vn -0.5494 0.7272 -0.4116
vn 0.8064 0.2567 -0.5328
vn -0.3414 -0.1427 -0.9290
vn -0.1967 -0.9582 0.2080
vn -0.8741 -0.1047 -0.4744
vn -0.8297 -0.1717 -0.5311
vn -0.9013 -0.2033 -0.3826
vn 0.6964 -0.3882 0.6037
vn 0.5620 -0.5967 0.5728
vn 0.5376 -0.8424 0.0373
vn 0.9415 -0.1565 0.2986
vn 0.9739 -0.1672 0.1531
vn 0.4086 0.1798 0.8948
vn 0.3786 0.1342 0.9158
vn -0.8700 -0.0409 0.4914
vn -0.5387 0.8080 -0.2386
vn -0.6458 0.7615 -0.0549
vn -0.3254 0.7940 -0.5135
vn -0.6550 -0.1338 -0.7437
vn -0.7429 -0.6059 0.2845
vn -0.5521 -0.7623 0.3378
vn -0.7535 -0.1651 -0.6364
vn -0.7148 -0.1991 -0.6704
vn -0.8632 -0.2541 -0.4363
vn -0.7412 -0.6661 0.0833
vn -0.6922 -0.7182 -0.0705
vn -0.4558 -0.5102 -0.7293
vn 0.1318 -0.4802 -0.8672
vn 0.2724 -0.4533 -0.8487
vn 0.6786 -0.4366 -0.5907
vn 0.7025 -0.6180 -0.3529
vn 0.7111 -0.6829 0.1670
vn 0.8458 -0.4391 -0.3030
vn 0.8749 -0.4435 0.1945
vn 0.9603 -0.2215 0.1695
vn 0.7968 -0.1827 0.5759
vn 0.7689 -0.0321 0.6386
vn 0.9302 0.0646 0.3613
vn 0.8214 0.1375 0.5536
vn -0.4760 0.1482 0.8669
vn -0.6562 0.1131 0.7461
vn -0.8243 0.3572 0.4392
vn -0.5297 0.8433 -0.0907
vn -0.3153 0.8947 -0.3164
vn -0.0697 0.7762 -0.6266
vn 0.4581 0.5149 -0.7245
vn 0.6977 -0.0500 -0.7146
vn 0.1642 -0.0898 -0.9823
vn -0.4299 -0.1424 -0.8916
vn 0.1504 -0.3051 -0.9404
vn 0.9218 -0.2065 -0.3281
vn 0.9993 0.0293 0.0220
vn 0.9817 0.1034 -0.1599
vn 0.6959 0.0079 0.7181
vn 0.9422 0.1019 0.3193
vn 0.7319 0.0720 0.6776
vn 0.4645 0.2695 0.8436
vn -0.6780 0.6840 0.2691
vn -0.6516 0.7023 0.2865
vn -0.4671 0.8765 0.1165
vn -0.2728 0.9547 -0.1185
vn -0.0415 0.8874 -0.4591
vn 0.2257 -0.2604 -0.9388
vn 0.8927 -0.1518 -0.4244
vn 0.7157 -0.0646 -0.6954
vn 0.1519 -0.0102 -0.9883
vn 0.1890 0.0928 -0.9776
vn 0.1222 -0.2138 -0.9692
vn 0.8980 0.2987 0.3232
vn 0.6748 0.3049 0.6720
vn 0.8394 0.4949 0.2248
vn -0.3753 0.8824 0.2839
vn -0.1733 0.9791 0.1060
vn 0.0613 0.9962 -0.0619
vn -0.0073 0.9573 -0.2889
vn 0.5656 0.8006 -0.1976
vn 0.6187 -0.0473 -0.7842
vn 0.8758 -0.2005 0.4390
vn 0.8115 0.3594 -0.4608
vn 0.6341 0.2059 -0.7454
vn 0.0846 -0.2994 -0.9504
vn 0.6542 0.0832 -0.7517
vn -0.4023 0.7638 0.5047
vn -0.2125 0.9015 0.3769
vn -0.4452 0.7469 0.4939
vn -0.0438 0.8639 0.5017
vn 0.5107 0.6922 0.5099
vn 0.7928 0.4666 0.3921
vn 0.9997 -0.0127 0.0216
vn 0.6510 0.1779 -0.7379
vn 0.1407 0.6425 0.7533
vn 0.1516 0.5525 0.8196
vn 0.5867 0.2065 -0.7831
vn 0.6874 0.1266 -0.7151
vn 0.8529 0.0301 -0.5212
vn 0.9538 -0.1048 -0.2815
vn 0.9328 -0.1895 0.3064
vn 0.4457 -0.3884 -0.8066
vn 0.6357 -0.5202 -0.5703
vn 0.6409 -0.0307 -0.7670
vn 0.9469 -0.3057 -0.0997
vn 0.8103 -0.4057 -0.4229
vn 0.9580 -0.2865 0.0090
vn 0.6612 -0.3132 -0.6818
vn 0.9159 -0.2198 -0.3359
vn 0.9488 0.2322 0.2141
vn 0.9505 0.1394 0.2777
vn 0.8401 0.4726 0.2662
vn 0.1859 0.7120 0.6771
vt 0.490924 0.593947
vt 0.483611 0.595913
vt 0.488830 0.609650
vt 0.361469 0.406751
vt 0.359377 0.376931
vt 0.348112 0.397605
vt 0.371545 0.424079
vt 0.381406 0.396744
vt 0.342866 0.424654
vt 0.348108 0.415335
vt 0.333713 0.421074
vt 0.135937 0.442562
vt 0.141039 0.434692
vt 0.127575 0.431915
vt 0.125014 0.219895
vt 0.106248 0.221205
vt 0.124158 0.242496
vt 0.104737 0.231037
vt 0.144955 0.408430
vt 0.138613 0.413199
vt 0.145214 0.431902
vt 0.149953 0.429974
vt 0.130759 0.419390
vt 0.332750 0.964850
vt 0.331102 0.974775
vt 0.340370 0.963960
vt 0.121082 0.190231
vt 0.109409 0.184119
vt 0.106770 0.191470
vt 0.122697 0.157069
vt 0.112321 0.162076
vt 0.111651 0.176276
vt 0.300159 0.748687
vt 0.296913 0.738040
vt 0.294514 0.750158
vt 0.296421 0.206463
vt 0.288369 0.197881
vt 0.289858 0.208605
vt 0.247324 0.631337
vt 0.224041 0.629824
vt 0.260074 0.652785
vt 0.271017 0.639460
vt 0.243917 0.614686
vt 0.224909 0.613067
vt 0.177096 0.629473
vt 0.212886 0.648743
vt 0.209171 0.630372
vt 0.165239 0.638232
vt 0.166369 0.647589
vt 0.190324 0.655578
vt 0.114387 0.653435
vt 0.111424 0.665976
vt 0.142804 0.666493
vt 0.075726 0.644783
vt 0.053289 0.688225
vt 0.078411 0.690134
vt 0.043658 0.721449
vt 0.063670 0.713266
vt 0.038444 0.735795
vt 0.049350 0.737196
vt 0.031898 0.753483
vt 0.054555 0.760752
vt 0.040415 0.772673
vt 0.031850 0.770950
vt 0.566713 0.477585
vt 0.572546 0.449177
vt 0.566414 0.433856
vt 0.535380 0.449860
vt 0.549580 0.491903
vt 0.534517 0.492855
vt 0.519359 0.491585
vt 0.526450 0.522578
vt 0.517125 0.514731
vt 0.509875 0.539492
vt 0.516769 0.540760
vt 0.486712 0.554371
vt 0.489973 0.572626
vt 0.499304 0.547511
vt 0.435913 0.620853
vt 0.443225 0.622193
vt 0.447650 0.595258
vt 0.427904 0.600617
vt 0.424192 0.583033
vt 0.418891 0.610054
vt 0.362832 0.555619
vt 0.359613 0.547226
vt 0.357376 0.557294
vt 0.353879 0.536702
vt 0.353481 0.553725
vt 0.124933 0.360277
vt 0.128046 0.362451
vt 0.128022 0.344022
vt 0.133400 0.378850
vt 0.139881 0.393332
vt 0.142412 0.379040
vt 0.150602 0.390428
vt 0.151159 0.409518
vt 0.158560 0.413492
vt 0.158810 0.403561
vt 0.177550 0.408589
vt 0.168455 0.401409
vt 0.160938 0.420866
vt 0.188442 0.426560
vt 0.192921 0.421408
vt 0.187056 0.418088
vt 0.176101 0.434349
vt 0.187405 0.436046
vt 0.190945 0.436452
vt 0.170347 0.445031
vt 0.172602 0.453703
vt 0.181502 0.450027
vt 0.157135 0.441259
vt 0.157976 0.451060
vt 0.148786 0.445139
vt 0.155014 0.460733
vt 0.141860 0.449820
vt 0.125728 0.456666
vt 0.135149 0.464652
vt 0.127595 0.444383
vt 0.124433 0.434265
vt 0.123864 0.418130
vt 0.122259 0.439107
vt 0.126377 0.417103
vt 0.127345 0.404730
vt 0.121736 0.416341
vt 0.124152 0.401098
vt 0.118927 0.416059
vt 0.119301 0.428582
vt 0.118056 0.442103
vt 0.122369 0.454555
vt 0.130132 0.468271
vt 0.136106 0.479584
vt 0.157062 0.485086
vt 0.142518 0.472063
vt 0.160678 0.478493
vt 0.166231 0.466669
vt 0.193028 0.456342
vt 0.196556 0.446075
vt 0.190730 0.441753
vt 0.199518 0.439683
vt 0.193732 0.438030
vt 0.211498 0.435219
vt 0.212777 0.424545
vt 0.202332 0.426753
vt 0.195432 0.413685
vt 0.190868 0.406425
vt 0.179159 0.398849
vt 0.170436 0.389054
vt 0.164632 0.368753
vt 0.156538 0.383955
vt 0.160338 0.359203
vt 0.152708 0.372714
vt 0.152423 0.350117
vt 0.148083 0.366388
vt 0.142301 0.343710
vt 0.133754 0.345691
vt 0.132991 0.360906
vt 0.136302 0.330285
vt 0.124624 0.326918
vt 0.119718 0.327964
vt 0.123563 0.343564
vt 0.377012 0.600553
vt 0.380020 0.618308
vt 0.387301 0.599187
vt 0.392967 0.618656
vt 0.405633 0.619360
vt 0.400772 0.598614
vt 0.400726 0.635467
vt 0.392908 0.646738
vt 0.420534 0.640811
vt 0.411572 0.649640
vt 0.395235 0.655031
vt 0.406471 0.660324
vt 0.396934 0.667306
vt 0.383795 0.651342
vt 0.381176 0.670530
vt 0.391476 0.679359
vt 0.334556 0.997208
vt 0.336904 0.986719
vt 0.107615 0.212041
vt 0.116793 0.206164
vt 0.142469 0.211471
vt 0.171427 0.255442
vt 0.185422 0.253652
vt 0.169225 0.240099
vt 0.218989 0.317127
vt 0.227019 0.308703
vt 0.221073 0.281038
vt 0.225712 0.321607
vt 0.233946 0.320744
vt 0.244815 0.350727
vt 0.266726 0.357982
vt 0.256587 0.346424
vt 0.258677 0.375622
vt 0.267369 0.384700
vt 0.260755 0.401570
vt 0.276169 0.393318
vt 0.297245 0.437717
vt 0.293717 0.455981
vt 0.307440 0.439231
vt 0.424510 0.138500
vt 0.427787 0.148417
vt 0.435110 0.140170
vt 0.455145 0.146130
vt 0.445330 0.142420
vt 0.440445 0.154134
vt 0.441019 0.175988
vt 0.453648 0.197161
vt 0.469508 0.192294
vt 0.466170 0.176067
vt 0.400909 0.384794
vt 0.414599 0.397692
vt 0.413736 0.380281
vt 0.390979 0.369818
vt 0.393532 0.418045
vt 0.386031 0.423601
vt 0.343410 0.493189
vt 0.361797 0.510804
vt 0.367360 0.493748
vt 0.127231 0.381749
vt 0.124865 0.374559
vt 0.123637 0.388812
vt 0.130003 0.379681
vt 0.347826 0.506586
vt 0.352211 0.521871
vt 0.428653 0.391360
vt 0.481061 0.320709
vt 0.466246 0.310386
vt 0.474013 0.334658
vt 0.478112 0.177795
vt 0.074434 0.511396
vt 0.081977 0.495838
vt 0.063021 0.490753
vt 0.058160 0.499490
vt 0.094492 0.495878
vt 0.110737 0.502467
vt 0.098963 0.486648
vt 0.275751 0.357057
vt 0.274779 0.336541
vt 0.253555 0.320782
vt 0.264097 0.334226
vt 0.228496 0.280890
vt 0.181377 0.231186
vt 0.158396 0.199987
vt 0.139295 0.197159
vt 0.139507 0.186969
vt 0.130426 0.181999
vt 0.318781 0.970318
vt 0.323670 0.976149
vt 0.326060 0.965090
vt 0.301207 0.992638
vt 0.305997 0.983502
vt 0.278001 0.984158
vt 0.409806 0.669262
vt 0.430173 0.666233
vt 0.420804 0.659433
vt 0.419981 0.629753
vt 0.461109 0.613237
vt 0.462587 0.596123
vt 0.441586 0.640671
vt 0.477039 0.620476
vt 0.442690 0.658340
vt 0.431297 0.651154
vt 0.309148 0.972758
vt 0.312068 0.966239
vt 0.278108 0.965351
vt 0.309264 0.953134
vt 0.316279 0.942640
vt 0.295806 0.936007
vt 0.280953 0.951014
vt 0.247497 0.962435
vt 0.262584 0.973244
vt 0.259413 0.954191
vt 0.224606 0.974674
vt 0.233631 0.955244
vt 0.214322 0.957515
vt 0.238283 0.977088
vt 0.186476 0.952597
vt 0.200725 0.936925
vt 0.182537 0.935200
vt 0.149653 0.936595
vt 0.159710 0.947710
vt 0.497970 0.597690
vt 0.505970 0.587460
vt 0.502872 0.561359
vt 0.540449 0.515690
vt 0.072424 0.808786
vt 0.066896 0.789823
vt 0.052520 0.803060
vt 0.054585 0.750895
vt 0.067176 0.735516
vt 0.079968 0.725340
vt 0.089951 0.700933
vt 0.126146 0.700949
vt 0.108895 0.685504
vt 0.137091 0.678604
vt 0.159303 0.656560
vt 0.177827 0.670677
vt 0.185365 0.664699
vt 0.240879 0.656268
vt 0.206686 0.660620
vt 0.233902 0.669076
vt 0.260680 0.681077
vt 0.257278 0.691824
vt 0.277088 0.694020
vt 0.278185 0.663710
vt 0.283744 0.719890
vt 0.288122 0.707933
vt 0.277541 0.707438
vt 0.284640 0.729700
vt 0.291932 0.728245
vt 0.289690 0.739360
vt 0.282275 0.742571
vt 0.287894 0.750980
vt 0.280380 0.757531
vt 0.286900 0.761520
vt 0.300954 0.763563
vt 0.306479 0.798341
vt 0.308539 0.769273
vt 0.318213 0.791340
vt 0.321044 0.771181
vt 0.335102 0.786262
vt 0.333078 0.808073
vt 0.164419 0.141503
vt 0.161452 0.149198
vt 0.179404 0.149671
vt 0.157803 0.170742
vt 0.144108 0.169292
vt 0.145993 0.177695
vt 0.151652 0.184606
vt 0.192574 0.216014
vt 0.193534 0.201923
vt 0.185137 0.192329
vt 0.209372 0.230467
vt 0.204459 0.243906
vt 0.212150 0.242849
vt 0.219590 0.237431
vt 0.226993 0.253481
vt 0.230662 0.240524
vt 0.243603 0.265618
vt 0.235808 0.257165
vt 0.246850 0.288637
vt 0.253610 0.265776
vt 0.284916 0.316615
vt 0.272260 0.316287
vt 0.303221 0.344359
vt 0.292825 0.357398
vt 0.298406 0.371360
vt 0.311293 0.341714
vt 0.305430 0.377545
vt 0.318569 0.351286
vt 0.309304 0.395685
vt 0.080850 0.523460
vt 0.074580 0.533658
vt 0.091102 0.541620
vt 0.063797 0.527798
vt 0.064421 0.557321
vt 0.048245 0.529066
vt 0.041494 0.546769
vt 0.517838 0.240582
vt 0.527797 0.246783
vt 0.530645 0.226994
vt 0.495925 0.340367
vt 0.481219 0.347159
vt 0.489520 0.366558
vt 0.504179 0.363967
vt 0.470968 0.392406
vt 0.482184 0.386067
vt 0.477512 0.368538
vt 0.443594 0.425329
vt 0.458641 0.425627
vt 0.450377 0.400948
vt 0.423149 0.441382
vt 0.437424 0.438079
vt 0.428050 0.422455
vt 0.385949 0.524610
vt 0.368406 0.528101
vt 0.360138 0.535266
vt 0.381925 0.545897
vt 0.421739 0.484551
vt 0.406410 0.473850
vt 0.409021 0.493451
vt 0.433951 0.453591
vt 0.453746 0.447199
vt 0.461244 0.405202
vt 0.510143 0.345520
vt 0.530186 0.317594
vt 0.514068 0.297177
vt 0.514999 0.323729
vt 0.539378 0.295407
vt 0.523350 0.273919
vt 0.532243 0.260418
vt 0.558136 0.266248
vt 0.547996 0.245490
vt 0.541800 0.233736
vt 0.084271 0.567697
vt 0.115462 0.556113
vt 0.128754 0.540251
vt 0.116665 0.534829
vt 0.160520 0.538003
vt 0.130112 0.517171
vt 0.126206 0.525732
vt 0.296669 0.307879
vt 0.294050 0.329379
vt 0.246255 0.251498
vt 0.245573 0.236719
vt 0.235173 0.226800
vt 0.220942 0.218622
vt 0.192880 0.185430
vt 0.181552 0.180718
vt 0.177306 0.192579
vt 0.223924 0.186190
vt 0.203856 0.184799
vt 0.217222 0.193156
vt 0.297472 0.290105
vt 0.305820 0.280221
vt 0.298670 0.261801
vt 0.321319 0.294153
vt 0.313011 0.298582
vt 0.320543 0.324341
vt 0.329579 0.313326
vt 0.328962 0.327119
vt 0.206024 0.546075
vt 0.203125 0.535474
vt 0.183160 0.536713
vt 0.161986 0.547574
vt 0.155539 0.554774
vt 0.184788 0.555474
vt 0.134445 0.578011
vt 0.145183 0.561042
vt 0.101291 0.575463
vt 0.080499 0.585556
vt 0.082660 0.595223
vt 0.093661 0.590436
vt 0.060582 0.587643
vt 0.067624 0.599271
vt 0.044079 0.591306
vt 0.055127 0.604642
vt 0.023802 0.605323
vt 0.021826 0.595066
vt 0.014008 0.611056
vt 0.020967 0.626023
vt 0.554636 0.310810
vt 0.548244 0.337900
vt 0.530096 0.347708
vt 0.491946 0.415316
vt 0.483023 0.426268
vt 0.473368 0.426723
vt 0.464968 0.439150
vt 0.483450 0.445690
vt 0.434179 0.480589
vt 0.452320 0.505343
vt 0.441638 0.474946
vt 0.436863 0.514987
vt 0.443852 0.506114
vt 0.422992 0.539578
vt 0.438917 0.542248
vt 0.425511 0.516880
vt 0.406328 0.555022
vt 0.404961 0.543435
vt 0.387148 0.559981
vt 0.377126 0.571681
vt 0.400349 0.574851
vt 0.415234 0.548985
vt 0.415298 0.565409
vt 0.485617 0.459267
vt 0.472570 0.458473
vt 0.492924 0.444032
vt 0.540713 0.402737
vt 0.525303 0.379236
vt 0.525883 0.398345
vt 0.542613 0.385214
vt 0.541047 0.370253
vt 0.567612 0.322892
vt 0.567166 0.338897
vt 0.061295 0.616778
vt 0.044598 0.613259
vt 0.072350 0.609678
vt 0.086250 0.605223
vt 0.107451 0.604021
vt 0.121005 0.595698
vt 0.099318 0.583697
vt 0.179974 0.564609
vt 0.146758 0.572288
vt 0.168042 0.586506
vt 0.198661 0.579899
vt 0.209544 0.574701
vt 0.218796 0.569790
vt 0.222428 0.562350
vt 0.245462 0.562728
vt 0.188179 0.547829
vt 0.246784 0.554187
vt 0.217613 0.541837
vt 0.329555 0.286327
vt 0.320621 0.260299
vt 0.313611 0.273222
vt 0.306458 0.263057
vt 0.288032 0.238752
vt 0.280521 0.258413
vt 0.290746 0.263364
vt 0.257409 0.214166
vt 0.270180 0.212256
vt 0.259321 0.200427
vt 0.242987 0.199006
vt 0.246382 0.191657
vt 0.255321 0.186084
vt 0.237999 0.180781
vt 0.336428 0.742994
vt 0.240662 0.163288
vt 0.254243 0.159537
vt 0.223375 0.148714
vt 0.319284 0.690654
vt 0.311619 0.708175
vt 0.327564 0.702202
vt 0.321989 0.723759
vt 0.306241 0.730831
vt 0.306853 0.749142
vt 0.300426 0.722741
vt 0.289979 0.664285
vt 0.285583 0.645229
vt 0.306523 0.628887
vt 0.280143 0.622270
vt 0.269274 0.603455
vt 0.260923 0.622875
vt 0.247379 0.597628
vt 0.207773 0.593124
vt 0.191586 0.608592
vt 0.152164 0.608030
vt 0.149178 0.615910
vt 0.143121 0.626554
vt 0.108945 0.632545
vt 0.134210 0.654397
vt 0.039830 0.634704
vt 0.035089 0.685403
vt 0.030023 0.711555
vt 0.566315 0.394840
vt 0.567021 0.417909
vt 0.574583 0.417130
vt 0.556917 0.428334
vt 0.525348 0.447625
vt 0.512439 0.453304
vt 0.509900 0.495142
vt 0.452538 0.563071
vt 0.464243 0.563783
vt 0.443090 0.557234
vt 0.438576 0.582178
vt 0.429991 0.557802
vt 0.473552 0.492344
vt 0.461109 0.496276
vt 0.469303 0.524213
vt 0.503980 0.445262
vt 0.496673 0.459608
vt 0.520694 0.430619
vt 0.540996 0.422109
vt 0.554758 0.401783
vt 0.569441 0.375244
vt 0.556487 0.373519
vt 0.009594 0.674144
vt 0.001199 0.674595
vt 0.002861 0.689245
vt 0.310845 0.233637
vt 0.305872 0.247063
vt 0.313588 0.258569
vt 0.284244 0.221482
vt 0.271093 0.195074
vt 0.262667 0.171807
vt 0.275512 0.169618
vt 0.339771 0.658473
vt 0.333164 0.661565
vt 0.338198 0.696809
vt 0.326897 0.653240
vt 0.311671 0.661826
vt 0.320786 0.673404
vt 0.299767 0.657186
vt 0.305470 0.688567
vt 0.318634 0.641716
vt 0.293548 0.605631
vt 0.291888 0.592661
vt 0.247944 0.572893
vt 0.268169 0.585142
vt 0.297584 0.239556
vt 0.303557 0.207963
vt 0.301330 0.220565
vt 0.305583 0.199847
vt 0.298890 0.198590
vt 0.311106 0.211881
vt 0.313857 0.204256
vt 0.313300 0.588663
vt 0.318136 0.601153
vt 0.328960 0.603321
vt 0.329580 0.614128
vt 0.336540 0.615420
vt 0.307480 0.192580
vt 0.270829 0.183563
vt 0.334565 0.643500
vt 0.331304 0.630173
vt 0.322852 0.619861
vt 0.312529 0.610019
vt 0.284670 0.579576
vt 0.303209 0.590129
vt 0.254378 0.177180
vt 0.155944 0.600108
vt 0.109598 0.613519
vt 0.117935 0.624814
vt 0.100975 0.619406
vt 0.089968 0.624487
vt 0.094783 0.635978
vt 0.023196 0.714477
vt 0.015982 0.660405
vt 0.023207 0.734803
vt 0.016601 0.719284
vt 0.008821 0.719212
vt 0.574570 0.389140
vt 0.482119 0.509527
vt 0.492507 0.519550
vt 0.491883 0.499221
vt 0.455703 0.529455
vt 0.466297 0.541650
vt 0.449076 0.538234
vt 0.317647 0.750054
vt 0.321904 0.737477
vt 0.500098 0.382209
vt 0.521833 0.362114
vt 0.559680 0.253190
vt 0.054922 0.575696
vt 0.040740 0.580265
vt 0.289233 0.296144
vt 0.261877 0.247568
vt 0.196942 0.174269
vt 0.376290 0.506594
vt 0.379578 0.491740
vt 0.410466 0.437784
vt 0.396051 0.436116
vt 0.409294 0.455944
vt 0.412129 0.418280
vt 0.458580 0.367942
vt 0.447134 0.363905
vt 0.466673 0.350397
vt 0.502010 0.291695
vt 0.486823 0.289289
vt 0.497037 0.304231
vt 0.509692 0.277762
vt 0.498740 0.274544
vt 0.514032 0.259644
vt 0.500493 0.258568
vt 0.501859 0.241777
vt 0.519727 0.221027
vt 0.502963 0.223184
vt 0.517747 0.204182
vt 0.501295 0.206185
vt 0.513613 0.188687
vt 0.497039 0.191496
vt 0.085485 0.514309
vt 0.111423 0.518300
vt 0.119782 0.505309
vt 0.316460 0.403180
vt 0.319096 0.392782
vt 0.235563 0.292213
vt 0.219788 0.260699
vt 0.192131 0.228000
vt 0.178400 0.214509
vt 0.167729 0.192090
vt 0.166393 0.215557
vt 0.146984 0.158771
vt 0.134534 0.149739
vt 0.129927 0.165472
vt 0.120613 0.141301
vt 0.304895 0.872467
vt 0.305825 0.886892
vt 0.315419 0.870506
vt 0.305966 0.910002
vt 0.298999 0.898112
vt 0.293800 0.905001
vt 0.299974 0.922339
vt 0.316396 0.930041
vt 0.289343 0.912931
vt 0.287370 0.922757
vt 0.272889 0.915503
vt 0.276319 0.931760
vt 0.262000 0.934348
vt 0.267231 0.941065
vt 0.212617 0.945027
vt 0.207569 0.928343
vt 0.214523 0.917733
vt 0.177475 0.926105
vt 0.185323 0.916556
vt 0.176087 0.910063
vt 0.155845 0.915957
vt 0.137078 0.918596
vt 0.135749 0.926608
vt 0.125812 0.901857
vt 0.122964 0.914829
vt 0.514160 0.576800
vt 0.523994 0.562387
vt 0.510234 0.554876
vt 0.106024 0.880902
vt 0.109979 0.900246
vt 0.539261 0.536981
vt 0.096715 0.861010
vt 0.090676 0.873681
vt 0.554625 0.515965
vt 0.085756 0.837350
vt 0.078602 0.849056
vt 0.086807 0.788530
vt 0.072243 0.776362
vt 0.070807 0.759095
vt 0.078338 0.748059
vt 0.086771 0.738402
vt 0.096099 0.728886
vt 0.106424 0.712245
vt 0.205656 0.681558
vt 0.214636 0.678541
vt 0.237612 0.686792
vt 0.236906 0.698774
vt 0.256535 0.714573
vt 0.259971 0.724382
vt 0.268945 0.716258
vt 0.272716 0.744517
vt 0.273987 0.736252
vt 0.262906 0.759368
vt 0.269082 0.770949
vt 0.271336 0.755798
vt 0.286251 0.770943
vt 0.290304 0.807950
vt 0.293634 0.765456
vt 0.297904 0.813253
vt 0.315865 0.813353
vt 0.320192 0.831391
vt 0.330975 0.833596
vt 0.324312 0.871655
vt 0.303888 0.833472
vt 0.287173 0.841702
vt 0.272105 0.887305
vt 0.275457 0.902061
vt 0.258307 0.913746
vt 0.255893 0.924163
vt 0.225834 0.927997
vt 0.221912 0.907594
vt 0.209589 0.909724
vt 0.211935 0.901578
vt 0.155783 0.903809
vt 0.135058 0.890122
vt 0.118900 0.879855
vt 0.118702 0.863704
vt 0.099881 0.844041
vt 0.109804 0.761779
vt 0.109015 0.748824
vt 0.090440 0.753818
vt 0.111338 0.731521
vt 0.129787 0.720440
vt 0.140513 0.696495
vt 0.157341 0.693352
vt 0.159993 0.707761
vt 0.172576 0.702256
vt 0.174335 0.687451
vt 0.190136 0.688362
vt 0.213866 0.693276
vt 0.198853 0.700915
vt 0.213974 0.705193
vt 0.230426 0.720178
vt 0.238463 0.710705
vt 0.238825 0.732099
vt 0.248878 0.723406
vt 0.256401 0.750280
vt 0.246271 0.757299
vt 0.252321 0.768553
vt 0.278954 0.771974
vt 0.268257 0.798975
vt 0.275232 0.805769
vt 0.249772 0.906853
vt 0.245655 0.916842
vt 0.236218 0.908208
vt 0.245901 0.894459
vt 0.229232 0.896123
vt 0.208417 0.895466
vt 0.197985 0.889595
vt 0.173765 0.878059
vt 0.160629 0.887851
vt 0.147997 0.873910
vt 0.154355 0.895707
vt 0.111200 0.821467
vt 0.111906 0.799083
vt 0.089829 0.820660
vt 0.088977 0.804244
vt 0.113870 0.784027
vt 0.104490 0.769462
vt 0.090254 0.773592
vt 0.146160 0.747842
vt 0.146792 0.737870
vt 0.188861 0.708384
vt 0.216489 0.722262
vt 0.216067 0.733263
vt 0.219672 0.742117
vt 0.236152 0.748463
vt 0.237247 0.740275
vt 0.233162 0.778750
vt 0.243848 0.791902
vt 0.254065 0.788148
vt 0.263851 0.826645
vt 0.271263 0.830668
vt 0.279082 0.829550
vt 0.277356 0.842929
vt 0.263497 0.858174
vt 0.269432 0.862037
vt 0.256453 0.899216
vt 0.228684 0.878562
vt 0.222282 0.887756
vt 0.232180 0.886230
vt 0.213492 0.874064
vt 0.211579 0.885832
vt 0.186066 0.861334
vt 0.155359 0.855303
vt 0.140038 0.833479
vt 0.118759 0.844088
vt 0.128468 0.819169
vt 0.132181 0.804788
vt 0.126346 0.792667
vt 0.130214 0.753955
vt 0.149775 0.763182
vt 0.132870 0.779758
vt 0.150918 0.775706
vt 0.143236 0.816676
vt 0.151539 0.796124
vt 0.157209 0.818088
vt 0.165305 0.834105
vt 0.199629 0.849074
vt 0.189171 0.834598
vt 0.176936 0.850538
vt 0.219235 0.843407
vt 0.210724 0.832598
vt 0.213410 0.854511
vt 0.241764 0.875754
vt 0.242381 0.861211
vt 0.225682 0.863180
vt 0.257563 0.860674
vt 0.255368 0.839293
vt 0.248112 0.846933
vt 0.237031 0.847707
vt 0.192901 0.820605
vt 0.161903 0.796794
vt 0.162913 0.725587
vt 0.148906 0.719745
vt 0.176962 0.716583
vt 0.188378 0.732957
vt 0.192487 0.720685
vt 0.206233 0.721968
vt 0.203823 0.745374
vt 0.196826 0.761332
vt 0.212091 0.769488
vt 0.223336 0.756319
vt 0.223392 0.778803
vt 0.226029 0.804279
vt 0.239238 0.812106
vt 0.247927 0.825791
vt 0.252103 0.810438
vt 0.239656 0.833591
vt 0.229614 0.823845
vt 0.227702 0.834632
vt 0.184993 0.793079
vt 0.170215 0.771081
vt 0.170205 0.759951
vt 0.168606 0.750712
vt 0.171690 0.736451
vt 0.200942 0.782568
vt 0.214327 0.814908
vt 0.299139 0.958192
vt 0.256177 0.979911
vt 0.277641 0.991099
vt 0.475861 0.599845
vt 0.341516 0.462852
vt 0.327139 0.448268
vt 0.334382 0.463470
vt 0.324734 0.418152
vt 0.325875 0.403557
vt 0.320860 0.417650
vt 0.130500 0.483530
vt 0.141386 0.492004
vt 0.133120 0.481440
vt 0.144306 0.487558
vt 0.169560 0.499331
vt 0.183881 0.492093
vt 0.193082 0.476595
vt 0.199294 0.468184
vt 0.206652 0.470913
vt 0.220169 0.452464
vt 0.211632 0.414848
vt 0.205389 0.409299
vt 0.199719 0.397923
vt 0.196045 0.390815
vt 0.185664 0.393910
vt 0.182977 0.381766
vt 0.177575 0.369323
vt 0.172166 0.366830
vt 0.155276 0.332874
vt 0.123305 0.316048
vt 0.113733 0.307215
vt 0.115335 0.317576
vt 0.347604 0.593672
vt 0.352428 0.606854
vt 0.353330 0.588745
vt 0.359189 0.616686
vt 0.357540 0.598164
vt 0.368237 0.610228
vt 0.365745 0.618442
vt 0.376041 0.629246
vt 0.384185 0.630224
vt 0.382092 0.640042
vt 0.375996 0.650569
vt 0.369207 0.652447
vt 0.365668 0.673787
vt 0.373486 0.673318
vt 0.355643 0.664090
vt 0.356520 0.677420
vt 0.358451 0.640401
vt 0.098681 0.271212
vt 0.115276 0.281482
vt 0.100027 0.259646
vt 0.120979 0.262381
vt 0.125561 0.283376
vt 0.137515 0.289218
vt 0.131821 0.274103
vt 0.152616 0.309657
vt 0.145962 0.284636
vt 0.164563 0.293053
vt 0.154834 0.273318
vt 0.159227 0.313820
vt 0.165714 0.317388
vt 0.171942 0.306310
vt 0.176304 0.325013
vt 0.181689 0.306030
vt 0.189425 0.342100
vt 0.194116 0.348444
vt 0.197666 0.329119
vt 0.203220 0.349753
vt 0.223196 0.406074
vt 0.238514 0.395044
vt 0.221898 0.391628
vt 0.229168 0.414747
vt 0.222221 0.480941
vt 0.196751 0.494249
vt 0.201614 0.499842
vt 0.203048 0.491364
vt 0.188272 0.506117
vt 0.185322 0.515102
vt 0.166040 0.504361
vt 0.159526 0.504971
vt 0.331390 0.389760
vt 0.337762 0.390893
vt 0.334216 0.406194
vt 0.349301 0.456029
vt 0.352339 0.373818
vt 0.346302 0.369166
vt 0.362315 0.352666
vt 0.354461 0.349407
vt 0.175682 0.514976
vt 0.190957 0.526779
vt 0.200397 0.514833
vt 0.195126 0.512618
vt 0.214605 0.495825
vt 0.236113 0.502854
vt 0.244732 0.491240
vt 0.235009 0.522607
vt 0.239018 0.531875
vt 0.255156 0.516929
vt 0.382982 0.274505
vt 0.374655 0.261392
vt 0.371773 0.284745
vt 0.392400 0.274953
vt 0.381761 0.293220
vt 0.392554 0.296785
vt 0.390020 0.319740
vt 0.382099 0.323463
vt 0.382524 0.331028
vt 0.404685 0.367170
vt 0.381645 0.366144
vt 0.372622 0.363981
vt 0.372199 0.331547
vt 0.363581 0.339590
vt 0.372421 0.319854
vt 0.364210 0.327740
vt 0.197610 0.530970
vt 0.203690 0.533410
vt 0.209355 0.533533
vt 0.204770 0.524780
vt 0.214678 0.533700
vt 0.220514 0.534745
vt 0.217712 0.516490
vt 0.389856 0.306132
vt 0.373502 0.301202
vt 0.374343 0.309991
vt 0.398463 0.347658
vt 0.403515 0.335405
vt 0.391811 0.339121
vt 0.404645 0.318400
vt 0.393757 0.324165
vt 0.413140 0.310529
vt 0.408313 0.304344
vt 0.398394 0.311383
vt 0.417502 0.296648
vt 0.412342 0.289115
vt 0.405177 0.290333
vt 0.414264 0.258376
vt 0.405578 0.255636
vt 0.399892 0.282676
vt 0.398478 0.246374
vt 0.413310 0.244198
vt 0.407512 0.232445
vt 0.395361 0.224354
vt 0.385490 0.222120
vt 0.384946 0.248157
vt 0.282072 0.495795
vt 0.275862 0.482981
vt 0.267045 0.501234
vt 0.254941 0.477746
vt 0.260465 0.465385
vt 0.246343 0.474719
vt 0.273107 0.462631
vt 0.266813 0.454459
vt 0.252174 0.446564
vt 0.228401 0.452107
vt 0.238764 0.465507
vt 0.265896 0.426236
vt 0.243592 0.435292
vt 0.257589 0.420155
vt 0.271727 0.409369
vt 0.241232 0.382300
vt 0.224841 0.358608
vt 0.214176 0.381288
vt 0.232196 0.369792
vt 0.217401 0.348857
vt 0.227492 0.340242
vt 0.214375 0.333692
vt 0.209494 0.323694
vt 0.193825 0.319282
vt 0.177737 0.283922
vt 0.170839 0.285282
vt 0.160183 0.261259
vt 0.148106 0.271883
vt 0.135101 0.252796
vt 0.139276 0.271696
vt 0.118541 0.250299
vt 0.132357 0.237168
vt 0.147076 0.234790
vt 0.155654 0.241822
vt 0.196060 0.298456
vt 0.210580 0.287266
vt 0.198951 0.281158
vt 0.209784 0.313871
vt 0.236083 0.357074
vt 0.278220 0.452880
vt 0.296530 0.465000
vt 0.285074 0.463397
vt 0.289504 0.480426
vt 0.417825 0.173485
vt 0.410884 0.163396
vt 0.424360 0.183656
vt 0.424143 0.206638
vt 0.437923 0.202877
vt 0.428022 0.222036
vt 0.442861 0.215241
vt 0.435990 0.228290
vt 0.446191 0.230243
vt 0.430429 0.316061
vt 0.421859 0.323967
vt 0.429496 0.338755
vt 0.420275 0.339940
vt 0.426955 0.249485
vt 0.410500 0.220927
vt 0.186310 0.483400
vt 0.178299 0.486069
vt 0.198434 0.481144
vt 0.192410 0.483720
vt 0.234381 0.431966
vt 0.196890 0.376512
vt 0.184423 0.366961
vt 0.197108 0.366681
vt 0.176681 0.355678
vt 0.176598 0.337512
vt 0.167862 0.348799
vt 0.141925 0.308853
vt 0.115881 0.295540
vt 0.102918 0.289234
vt 0.346689 0.614236
vt 0.353344 0.617717
vt 0.371678 0.636956
vt 0.349252 0.634781
vt 0.358263 0.433633
vt 0.443216 0.344985
vt 0.433098 0.350061
vt 0.156070 0.429449
vt 0.169045 0.436875
vt 0.169921 0.429510
vt 0.476239 0.584526
vt 0.067076 0.823236
vt 0.849714 0.925153
vt 0.864030 0.909558
vt 0.847090 0.907290
vt 0.861501 0.936047
vt 0.875138 0.926833
vt 0.706369 0.195783
vt 0.720735 0.186739
vt 0.708827 0.163881
vt 0.700357 0.180529
vt 0.537244 0.624045
vt 0.548860 0.621073
vt 0.545330 0.609440
vt 0.520644 0.625206
vt 0.525110 0.616010
vt 0.790533 0.368928
vt 0.790014 0.380303
vt 0.806876 0.372798
vt 0.768940 0.353870
vt 0.762080 0.357150
vt 0.768104 0.366942
vt 0.758113 0.337494
vt 0.749337 0.334482
vt 0.753334 0.343768
vt 0.424639 0.738561
vt 0.418970 0.710914
vt 0.405621 0.742779
vt 0.357320 0.858950
vt 0.368770 0.850579
vt 0.357620 0.838270
vt 0.368613 0.833525
vt 0.409057 0.842023
vt 0.379214 0.819228
vt 0.365470 0.819520
vt 0.400368 0.820088
vt 0.415473 0.820095
vt 0.401082 0.806514
vt 0.432190 0.813342
vt 0.453414 0.827092
vt 0.453810 0.817119
vt 0.457100 0.808192
vt 0.440063 0.803826
vt 0.442355 0.794830
vt 0.468332 0.801141
vt 0.456989 0.785620
vt 0.474832 0.788498
vt 0.550617 0.756373
vt 0.516241 0.744644
vt 0.515607 0.757583
vt 0.567015 0.741643
vt 0.547599 0.735715
vt 0.553442 0.721003
vt 0.690771 0.649190
vt 0.707804 0.642976
vt 0.668345 0.646130
vt 0.708509 0.654982
vt 0.742132 0.655045
vt 0.749725 0.672580
vt 0.751461 0.662813
vt 0.757504 0.691933
vt 0.759953 0.701957
vt 0.765230 0.693300
vt 0.789412 0.188981
vt 0.786140 0.196759
vt 0.794670 0.194820
vt 0.764023 0.658192
vt 0.770558 0.653930
vt 0.760708 0.647877
vt 0.757680 0.660746
vt 0.761675 0.631799
vt 0.754154 0.634192
vt 0.745767 0.632338
vt 0.748732 0.648598
vt 0.737574 0.633100
vt 0.729282 0.630734
vt 0.731562 0.649773
vt 0.788897 0.976225
vt 0.782202 0.966579
vt 0.780090 0.982760
vt 0.768788 0.938499
vt 0.761725 0.947368
vt 0.775581 0.966622
vt 0.765630 0.970942
vt 0.663568 0.624565
vt 0.692498 0.630202
vt 0.691176 0.623238
vt 0.576224 0.700578
vt 0.559611 0.687833
vt 0.555962 0.708603
vt 0.573904 0.719865
vt 0.482910 0.773681
vt 0.484573 0.747279
vt 0.471568 0.763693
vt 0.432858 0.782818
vt 0.450579 0.774562
vt 0.412263 0.787181
vt 0.404480 0.794137
vt 0.419412 0.800766
vt 0.370774 0.810700
vt 0.365134 0.775725
vt 0.363093 0.788139
vt 0.387221 0.784030
vt 0.370593 0.768208
vt 0.399766 0.770331
vt 0.402753 0.760145
vt 0.372519 0.760737
vt 0.387467 0.741156
vt 0.353340 0.767464
vt 0.348472 0.774560
vt 0.349592 0.794398
vt 0.347820 0.783653
vt 0.653092 0.274792
vt 0.663190 0.263160
vt 0.659310 0.257150
vt 0.713298 0.239938
vt 0.704980 0.230988
vt 0.701569 0.243839
vt 0.721479 0.220643
vt 0.701318 0.223066
vt 0.363843 0.869985
vt 0.387211 0.869224
vt 0.426517 0.835698
vt 0.467654 0.819777
vt 0.553644 0.765801
vt 0.612838 0.724686
vt 0.598398 0.739653
vt 0.701722 0.694289
vt 0.715433 0.682147
vt 0.681302 0.684448
vt 0.722616 0.697875
vt 0.729633 0.682272
vt 0.740142 0.687185
vt 0.747769 0.691770
vt 0.748841 0.680934
vt 0.750301 0.701007
vt 0.751727 0.713207
vt 0.758264 0.714754
vt 0.809060 0.170622
vt 0.805115 0.162898
vt 0.799810 0.174370
vt 0.804890 0.181380
vt 0.798839 0.160711
vt 0.787472 0.168940
vt 0.792126 0.180276
vt 0.770288 0.172809
vt 0.776901 0.187598
vt 0.784477 0.178401
vt 0.752036 0.617282
vt 0.743700 0.616770
vt 0.795483 0.981497
vt 0.806327 0.969570
vt 0.797913 0.964063
vt 0.801429 0.941476
vt 0.778228 0.931168
vt 0.780520 0.949570
vt 0.635547 0.615061
vt 0.643335 0.625881
vt 0.608463 0.667626
vt 0.585490 0.647933
vt 0.585656 0.669206
vt 0.581282 0.680941
vt 0.533477 0.694750
vt 0.519504 0.714149
vt 0.491675 0.714477
vt 0.515670 0.731121
vt 0.486882 0.731809
vt 0.451506 0.747676
vt 0.429264 0.758896
vt 0.448100 0.766046
vt 0.422624 0.771165
vt 0.404067 0.778090
vt 0.394736 0.791070
vt 0.383314 0.794855
vt 0.393449 0.805513
vt 0.458714 0.728313
vt 0.472348 0.703110
vt 0.441501 0.718282
vt 0.500979 0.702659
vt 0.486615 0.688234
vt 0.519527 0.681122
vt 0.551517 0.673514
vt 0.557980 0.661597
vt 0.546172 0.650109
vt 0.604858 0.642257
vt 0.580561 0.633357
vt 0.763234 0.914177
vt 0.790111 0.941943
vt 0.789189 0.914620
vt 0.815433 0.972458
vt 0.833133 0.956540
vt 0.824604 0.946142
vt 0.826814 0.994808
vt 0.836188 0.996976
vt 0.843505 0.962543
vt 0.737090 0.181829
vt 0.738466 0.198040
vt 0.753505 0.192908
vt 0.756232 0.182078
vt 0.748565 0.170811
vt 0.793324 0.150602
vt 0.786155 0.126154
vt 0.777889 0.144436
vt 0.785325 0.108193
vt 0.797407 0.113175
vt 0.757759 0.128901
vt 0.767448 0.149927
vt 0.768558 0.124738
vt 0.732280 0.170172
vt 0.720322 0.177754
vt 0.716047 0.153721
vt 0.723875 0.162246
vt 0.737382 0.154503
vt 0.726218 0.146678
vt 0.747050 0.144520
vt 0.735713 0.136000
vt 0.750216 0.119284
vt 0.757914 0.112491
vt 0.774173 0.111626
vt 0.763123 0.104373
vt 0.795777 0.085330
vt 0.785316 0.082183
vt 0.786150 0.094536
vt 0.800555 0.064136
vt 0.808802 0.058772
vt 0.802335 0.043524
vt 0.806393 0.026303
vt 0.791907 0.031872
vt 0.785658 0.048295
vt 0.774567 0.086553
vt 0.767801 0.088176
vt 0.774739 0.099515
vt 0.757364 0.088638
vt 0.751361 0.103085
vt 0.739511 0.111779
vt 0.718468 0.129699
vt 0.708376 0.146572
vt 0.703301 0.154657
vt 0.691542 0.208174
vt 0.698633 0.221172
vt 0.703840 0.208771
vt 0.831311 0.927913
vt 0.817359 0.925123
vt 0.817674 0.908350
vt 0.803307 0.912824
vt 0.758833 0.891186
vt 0.747606 0.899941
vt 0.744655 0.926894
vt 0.754303 0.923638
vt 0.743412 0.872640
vt 0.732995 0.879429
vt 0.579510 0.618807
vt 0.553581 0.629380
vt 0.520832 0.644801
vt 0.519746 0.659745
vt 0.495901 0.669910
vt 0.453739 0.702483
vt 0.426571 0.703385
vt 0.404492 0.720674
vt 0.369700 0.723187
vt 0.359823 0.732453
vt 0.374097 0.736958
vt 0.669327 0.271541
vt 0.689848 0.277873
vt 0.678103 0.258684
vt 0.700599 0.273450
vt 0.690247 0.251143
vt 0.712323 0.272309
vt 0.724286 0.261889
vt 0.725045 0.236251
vt 0.362946 0.891850
vt 0.372612 0.881065
vt 0.383803 0.890582
vt 0.420554 0.875721
vt 0.423424 0.856319
vt 0.404993 0.856870
vt 0.443557 0.853549
vt 0.453626 0.857643
vt 0.454631 0.840716
vt 0.472247 0.835506
vt 0.539232 0.791985
vt 0.510155 0.780157
vt 0.503484 0.787652
vt 0.551097 0.778170
vt 0.582343 0.757852
vt 0.599426 0.758317
vt 0.612734 0.747791
vt 0.816378 0.149910
vt 0.784974 0.157918
vt 0.764877 0.193623
vt 0.744832 0.205746
vt 0.805699 0.130216
vt 0.813309 0.121006
vt 0.806374 0.102274
vt 0.826179 0.060796
vt 0.802008 0.074331
vt 0.828445 0.076098
vt 0.836910 0.056370
vt 0.835506 0.049467
vt 0.820658 0.038526
vt 0.816979 0.021420
vt 0.810410 0.015790
vt 0.799595 0.011987
vt 0.789696 0.023059
vt 0.777945 0.033018
vt 0.765805 0.039744
vt 0.769600 0.046603
vt 0.774284 0.052012
vt 0.761122 0.058070
vt 0.767975 0.070040
vt 0.781408 0.062535
vt 0.757424 0.064436
vt 0.758776 0.078828
vt 0.739960 0.098439
vt 0.716643 0.114781
vt 0.736318 0.123658
vt 0.699164 0.120218
vt 0.699381 0.139230
vt 0.683827 0.174064
vt 0.680012 0.163272
vt 0.669708 0.176047
vt 0.676379 0.194254
vt 0.655967 0.204297
vt 0.695934 0.196009
vt 0.871448 0.949484
vt 0.638799 0.213333
vt 0.675253 0.220432
vt 0.902342 0.923955
vt 0.899624 0.911811
vt 0.878407 0.900169
vt 0.892140 0.904541
vt 0.848165 0.895233
vt 0.830576 0.897286
vt 0.828550 0.886290
vt 0.814761 0.884288
vt 0.800652 0.882842
vt 0.786151 0.880251
vt 0.771953 0.886627
vt 0.757106 0.871582
vt 0.742900 0.858970
vt 0.728760 0.858570
vt 0.567160 0.610420
vt 0.521362 0.637157
vt 0.499705 0.654067
vt 0.457968 0.688474
vt 0.441001 0.689114
vt 0.434446 0.671833
vt 0.416259 0.688625
vt 0.400349 0.701640
vt 0.604160 0.373012
vt 0.601023 0.362552
vt 0.582420 0.395528
vt 0.626030 0.330678
vt 0.619873 0.325171
vt 0.608116 0.348994
vt 0.630750 0.311115
vt 0.650555 0.311667
vt 0.664238 0.304442
vt 0.654373 0.296929
vt 0.697616 0.289399
vt 0.747221 0.254006
vt 0.767196 0.234510
vt 0.741614 0.233092
vt 0.354992 0.921955
vt 0.361023 0.928776
vt 0.360635 0.916152
vt 0.380131 0.913337
vt 0.392170 0.916962
vt 0.389787 0.902012
vt 0.404887 0.901818
vt 0.395939 0.886670
vt 0.409039 0.879901
vt 0.422781 0.887685
vt 0.444316 0.886664
vt 0.443551 0.874756
vt 0.461199 0.876640
vt 0.477365 0.855591
vt 0.492103 0.832932
vt 0.484947 0.841551
vt 0.520741 0.836525
vt 0.516367 0.826754
vt 0.499356 0.815174
vt 0.487236 0.822788
vt 0.531194 0.800507
vt 0.531330 0.809828
vt 0.562495 0.803360
vt 0.562674 0.794165
vt 0.617321 0.771612
vt 0.631796 0.761846
vt 0.635079 0.747015
vt 0.655672 0.739209
vt 0.635493 0.715760
vt 0.631519 0.734695
vt 0.669974 0.706512
vt 0.654616 0.707970
vt 0.663376 0.724271
vt 0.682144 0.734284
vt 0.697638 0.704940
vt 0.688526 0.759598
vt 0.708199 0.710876
vt 0.702586 0.740473
vt 0.714882 0.715492
vt 0.721359 0.720136
vt 0.719229 0.742184
vt 0.733913 0.714765
vt 0.732798 0.703166
vt 0.737342 0.723336
vt 0.739074 0.735245
vt 0.737783 0.754298
vt 0.746354 0.736663
vt 0.821161 0.133796
vt 0.812204 0.139797
vt 0.727258 0.763361
vt 0.732996 0.768503
vt 0.824744 0.122012
vt 0.818545 0.114720
vt 0.832066 0.099460
vt 0.813513 0.084636
vt 0.717825 0.793471
vt 0.708868 0.823909
vt 0.724694 0.797952
vt 0.837023 0.078322
vt 0.698023 0.851449
vt 0.700178 0.824538
vt 0.685613 0.857922
vt 0.690343 0.867139
vt 0.673111 0.908939
vt 0.700461 0.865746
vt 0.673265 0.884037
vt 0.654548 0.911305
vt 0.660797 0.924819
vt 0.646903 0.923258
vt 0.661699 0.934617
vt 0.646464 0.947386
vt 0.638616 0.956544
vt 0.648160 0.964950
vt 0.750806 0.047844
vt 0.728023 0.060786
vt 0.742827 0.072266
vt 0.733974 0.082014
vt 0.718675 0.097981
vt 0.705312 0.092187
vt 0.701322 0.105948
vt 0.684304 0.124190
vt 0.656656 0.167643
vt 0.653652 0.185552
vt 0.678315 0.184952
vt 0.643351 0.193589
vt 0.634077 0.201976
vt 0.621992 0.209621
vt 0.914906 0.911121
vt 0.911960 0.899109
vt 0.885846 0.880967
vt 0.903604 0.886714
vt 0.870932 0.872602
vt 0.841602 0.868725
vt 0.826871 0.874505
vt 0.840527 0.880273
vt 0.786290 0.868450
vt 0.772012 0.867763
vt 0.739963 0.849175
vt 0.601444 0.530204
vt 0.589406 0.508543
vt 0.595941 0.542810
vt 0.488689 0.625587
vt 0.486223 0.638782
vt 0.501308 0.631473
vt 0.500121 0.641849
vt 0.477077 0.660213
vt 0.466140 0.660734
vt 0.463921 0.673107
vt 0.587500 0.440850
vt 0.597998 0.429367
vt 0.586476 0.415109
vt 0.600736 0.414417
vt 0.593535 0.397323
vt 0.611296 0.389432
vt 0.616157 0.416037
vt 0.633294 0.406984
vt 0.626324 0.366895
vt 0.618023 0.356795
vt 0.638300 0.362789
vt 0.641904 0.338721
vt 0.698173 0.306348
vt 0.713278 0.311224
vt 0.684458 0.289876
vt 0.709930 0.290480
vt 0.736486 0.278960
vt 0.732453 0.294043
vt 0.754096 0.265208
vt 0.746152 0.277612
vt 0.764391 0.261028
vt 0.781414 0.252764
vt 0.801770 0.251745
vt 0.787217 0.238066
vt 0.800109 0.232209
vt 0.789659 0.225719
vt 0.358330 0.951952
vt 0.362583 0.940875
vt 0.355220 0.940500
vt 0.388064 0.946881
vt 0.390357 0.935890
vt 0.376084 0.927636
vt 0.420154 0.898718
vt 0.442177 0.909046
vt 0.441352 0.900356
vt 0.484085 0.869809
vt 0.502688 0.858238
vt 0.514688 0.845008
vt 0.559106 0.812278
vt 0.582853 0.802968
vt 0.577506 0.783971
vt 0.628585 0.782843
vt 0.645576 0.773684
vt 0.664620 0.762896
vt 0.672823 0.749388
vt 0.708807 0.746909
vt 0.713133 0.758265
vt 0.705760 0.780982
vt 0.712652 0.784335
vt 0.718835 0.765409
vt 0.707000 0.803097
vt 0.692030 0.825270
vt 0.684650 0.824620
vt 0.678667 0.837114
vt 0.682320 0.846590
vt 0.675958 0.859360
vt 0.664919 0.865409
vt 0.664377 0.885201
vt 0.652447 0.893702
vt 0.642321 0.916156
vt 0.635694 0.934905
vt 0.635176 0.947803
vt 0.636255 0.971476
vt 0.749477 0.025118
vt 0.741894 0.001140
vt 0.731068 0.014123
vt 0.731795 0.032310
vt 0.723749 0.038702
vt 0.753421 0.036566
vt 0.719864 0.084892
vt 0.694746 0.094347
vt 0.679558 0.104653
vt 0.674881 0.112199
vt 0.668694 0.130277
vt 0.660328 0.150339
vt 0.674640 0.145658
vt 0.640505 0.134091
vt 0.641805 0.152224
vt 0.640261 0.165482
vt 0.588266 0.183144
vt 0.597730 0.192600
vt 0.616051 0.198743
vt 0.933022 0.883759
vt 0.938570 0.863834
vt 0.933231 0.849484
vt 0.905981 0.866364
vt 0.891845 0.847565
vt 0.881974 0.843737
vt 0.865311 0.855897
vt 0.857291 0.850265
vt 0.843012 0.860343
vt 0.833708 0.853333
vt 0.818950 0.860299
vt 0.813854 0.872798
vt 0.801440 0.851550
vt 0.788263 0.849289
vt 0.800880 0.857420
vt 0.800307 0.870862
vt 0.774054 0.851374
vt 0.775170 0.845140
vt 0.760352 0.842315
vt 0.618349 0.520119
vt 0.603858 0.509511
vt 0.611906 0.547949
vt 0.464835 0.646745
vt 0.596852 0.486068
vt 0.603789 0.452558
vt 0.613552 0.436729
vt 0.643895 0.386785
vt 0.652294 0.365409
vt 0.656574 0.345056
vt 0.674621 0.360877
vt 0.680303 0.342799
vt 0.708311 0.317799
vt 0.719644 0.305938
vt 0.729499 0.313406
vt 0.724476 0.297668
vt 0.743897 0.299449
vt 0.755340 0.295802
vt 0.756391 0.279841
vt 0.772335 0.287166
vt 0.785458 0.267672
vt 0.773951 0.268357
vt 0.794778 0.278418
vt 0.803822 0.277056
vt 0.795441 0.264032
vt 0.812765 0.270036
vt 0.814865 0.253654
vt 0.807352 0.245050
vt 0.818984 0.237918
vt 0.811018 0.232187
vt 0.801900 0.226690
vt 0.362213 0.969272
vt 0.371578 0.973061
vt 0.382141 0.959345
vt 0.417453 0.937440
vt 0.417344 0.929083
vt 0.418712 0.917268
vt 0.439427 0.924875
vt 0.456386 0.919370
vt 0.464751 0.909626
vt 0.474609 0.893260
vt 0.520427 0.872950
vt 0.551992 0.842196
vt 0.550259 0.830175
vt 0.641014 0.794670
vt 0.660644 0.793864
vt 0.678706 0.763942
vt 0.684021 0.778610
vt 0.695755 0.789971
vt 0.700010 0.801270
vt 0.689795 0.810869
vt 0.675168 0.827264
vt 0.666485 0.844929
vt 0.671030 0.852150
vt 0.655117 0.870566
vt 0.660240 0.858090
vt 0.643900 0.897120
vt 0.648850 0.886770
vt 0.628226 0.940353
vt 0.637632 0.910437
vt 0.601899 0.995721
vt 0.617359 0.987250
vt 0.596929 0.988798
vt 0.571460 0.999537
vt 0.725459 0.023644
vt 0.706765 0.043534
vt 0.728290 0.050333
vt 0.675567 0.092486
vt 0.668395 0.097898
vt 0.650861 0.111490
vt 0.648222 0.121836
vt 0.632329 0.141972
vt 0.619410 0.167005
vt 0.604589 0.172439
vt 0.633423 0.176619
vt 0.601292 0.178812
vt 0.586432 0.176577
vt 0.571922 0.180786
vt 0.574919 0.186964
vt 0.558072 0.184105
vt 0.959268 0.853674
vt 0.952893 0.855044
vt 0.950950 0.871251
vt 0.947034 0.847557
vt 0.896470 0.838810
vt 0.756425 0.594471
vt 0.732850 0.594477
vt 0.733975 0.602479
vt 0.747585 0.607835
vt 0.708375 0.604862
vt 0.719651 0.612410
vt 0.691530 0.599196
vt 0.693712 0.611322
vt 0.680030 0.592197
vt 0.673902 0.605913
vt 0.664835 0.569464
vt 0.655917 0.558843
vt 0.644963 0.571574
vt 0.635689 0.552429
vt 0.639305 0.539490
vt 0.626158 0.514743
vt 0.621061 0.480661
vt 0.610320 0.491992
vt 0.627345 0.447652
vt 0.656434 0.400171
vt 0.695018 0.367453
vt 0.713253 0.353229
vt 0.694488 0.347821
vt 0.724209 0.323973
vt 0.733198 0.324202
vt 0.740204 0.309504
vt 0.758818 0.320781
vt 0.766357 0.305932
vt 0.777080 0.299843
vt 0.785217 0.298537
vt 0.810150 0.292727
vt 0.818805 0.295546
vt 0.829245 0.266770
vt 0.820718 0.269935
vt 0.823068 0.255139
vt 0.836130 0.239500
vt 0.834662 0.231583
vt 0.827447 0.240125
vt 0.371934 0.982442
vt 0.382776 0.989828
vt 0.389972 0.977661
vt 0.406400 0.974107
vt 0.391454 0.966940
vt 0.416960 0.964081
vt 0.424538 0.955651
vt 0.404984 0.953844
vt 0.423024 0.946855
vt 0.431051 0.940151
vt 0.447274 0.934354
vt 0.496477 0.912024
vt 0.501457 0.898785
vt 0.489877 0.883373
vt 0.521895 0.887015
vt 0.545232 0.874981
vt 0.526430 0.859820
vt 0.552596 0.866715
vt 0.546476 0.857315
vt 0.676625 0.792228
vt 0.674118 0.779811
vt 0.663614 0.814592
vt 0.667987 0.824252
vt 0.675843 0.805676
vt 0.649391 0.808798
vt 0.650550 0.822673
vt 0.650979 0.832804
vt 0.656125 0.845172
vt 0.661810 0.836890
vt 0.638087 0.869320
vt 0.648613 0.867811
vt 0.642889 0.860537
vt 0.626546 0.874624
vt 0.642366 0.883518
vt 0.610094 0.920183
vt 0.627169 0.917769
vt 0.620930 0.909658
vt 0.620364 0.931773
vt 0.593188 0.928982
vt 0.606940 0.945163
vt 0.577153 0.944490
vt 0.596560 0.954556
vt 0.556512 0.991456
vt 0.541097 0.998145
vt 0.689457 0.012921
vt 0.705622 0.013641
vt 0.720116 0.001866
vt 0.694829 0.025981
vt 0.692754 0.035331
vt 0.684392 0.057054
vt 0.680255 0.066176
vt 0.708823 0.066455
vt 0.671431 0.076743
vt 0.672641 0.085559
vt 0.687255 0.078857
vt 0.644993 0.103638
vt 0.626957 0.116126
vt 0.606147 0.140297
vt 0.604556 0.164216
vt 0.623382 0.153663
vt 0.585535 0.155739
vt 0.580612 0.167621
vt 0.558959 0.157610
vt 0.567294 0.167569
vt 0.563638 0.173583
vt 0.551933 0.177540
vt 0.964826 0.830853
vt 0.957280 0.843744
vt 0.931513 0.833144
vt 0.947967 0.832357
vt 0.940910 0.824980
vt 0.785770 0.569436
vt 0.770949 0.569021
vt 0.784808 0.587072
vt 0.748834 0.573661
vt 0.732563 0.579025
vt 0.712494 0.594772
vt 0.700190 0.580749
vt 0.690050 0.572504
vt 0.682525 0.564587
vt 0.673025 0.578645
vt 0.662532 0.542543
vt 0.666523 0.522946
vt 0.647755 0.530439
vt 0.643011 0.514850
vt 0.633059 0.474069
vt 0.645216 0.454918
vt 0.639821 0.432374
vt 0.676967 0.377593
vt 0.736386 0.337627
vt 0.744076 0.337130
vt 0.784151 0.327603
vt 0.793862 0.314232
vt 0.808711 0.315092
vt 0.795146 0.302993
vt 0.473061 0.010949
vt 0.476155 0.021275
vt 0.498527 0.010420
vt 0.497183 0.020722
vt 0.525583 0.042576
vt 0.537264 0.026474
vt 0.523805 0.016235
vt 0.547526 0.029574
vt 0.547950 0.017586
vt 0.536190 0.014218
vt 0.574515 0.016259
vt 0.559370 0.010612
vt 0.555389 0.024818
vt 0.588147 0.002448
vt 0.452592 0.960490
vt 0.457210 0.952769
vt 0.438915 0.949773
vt 0.454539 0.943810
vt 0.469051 0.946328
vt 0.474372 0.938935
vt 0.493657 0.925226
vt 0.512230 0.911982
vt 0.522774 0.903601
vt 0.586899 0.870701
vt 0.590113 0.862850
vt 0.594106 0.838466
vt 0.593490 0.854568
vt 0.615494 0.850687
vt 0.630695 0.845619
vt 0.618363 0.832325
vt 0.629289 0.822888
vt 0.637062 0.837892
vt 0.610095 0.864171
vt 0.579314 0.897378
vt 0.574301 0.906903
vt 0.595409 0.910456
vt 0.556342 0.916679
vt 0.577929 0.918870
vt 0.579021 0.954156
vt 0.546587 0.958816
vt 0.581143 0.961429
vt 0.544536 0.982862
vt 0.517413 0.989986
vt 0.678123 0.024884
vt 0.689033 0.045212
vt 0.661646 0.061965
vt 0.651345 0.071541
vt 0.646214 0.080930
vt 0.644372 0.096137
vt 0.644621 0.088590
vt 0.629637 0.097254
vt 0.605850 0.127752
vt 0.586009 0.132885
vt 0.595759 0.142579
vt 0.541032 0.167017
vt 0.548795 0.162205
vt 0.515963 0.148390
vt 0.531802 0.173556
vt 0.518876 0.171051
vt 0.520555 0.178004
vt 0.754085 0.552465
vt 0.770589 0.544310
vt 0.738651 0.557175
vt 0.723878 0.558637
vt 0.705373 0.560655
vt 0.697635 0.539223
vt 0.715083 0.510164
vt 0.696815 0.511402
vt 0.672403 0.552441
vt 0.677652 0.503593
vt 0.662226 0.490175
vt 0.651860 0.477025
vt 0.639211 0.495060
vt 0.670628 0.466193
vt 0.691915 0.451613
vt 0.660363 0.461304
vt 0.684330 0.436968
vt 0.676432 0.420364
vt 0.660836 0.432812
vt 0.702617 0.397899
vt 0.716942 0.390853
vt 0.730828 0.382150
vt 0.727971 0.369187
vt 0.739094 0.369665
vt 0.726711 0.362591
vt 0.745894 0.347117
vt 0.765625 0.331028
vt 0.766310 0.340727
vt 0.769673 0.321912
vt 0.778043 0.333972
vt 0.778547 0.325326
vt 0.776580 0.344382
vt 0.782853 0.339605
vt 0.793575 0.328848
vt 0.789161 0.339979
vt 0.805741 0.339453
vt 0.801566 0.321121
vt 0.813659 0.330511
vt 0.818040 0.312700
vt 0.458534 0.015589
vt 0.464789 0.024012
vt 0.466611 0.037917
vt 0.485244 0.041487
vt 0.499481 0.037163
vt 0.513333 0.042055
vt 0.516786 0.013668
vt 0.545595 0.064692
vt 0.577206 0.032072
vt 0.563621 0.039055
vt 0.583147 0.043094
vt 0.601475 0.042832
vt 0.597730 0.022410
vt 0.609423 0.016070
vt 0.623385 0.003240
vt 0.608631 0.000305
vt 0.437379 0.985028
vt 0.453738 0.980504
vt 0.439379 0.968655
vt 0.469969 0.971475
vt 0.473388 0.963607
vt 0.507750 0.961156
vt 0.518507 0.923126
vt 0.588232 0.879483
vt 0.604727 0.875697
vt 0.586109 0.888934
vt 0.613620 0.885166
vt 0.552536 0.903732
vt 0.547619 0.927597
vt 0.569931 0.931860
vt 0.543454 0.949505
vt 0.511571 0.969703
vt 0.560580 0.976006
vt 0.515791 0.978532
vt 0.667415 0.022290
vt 0.660141 0.031518
vt 0.648898 0.057516
vt 0.628760 0.074591
vt 0.616320 0.082770
vt 0.613472 0.090267
vt 0.616452 0.105295
vt 0.614996 0.097681
vt 0.598983 0.104560
vt 0.618105 0.113024
vt 0.599986 0.111640
vt 0.598023 0.118846
vt 0.588351 0.124943
vt 0.518751 0.138992
vt 0.501329 0.152072
vt 0.506832 0.169790
vt 0.819634 0.553838
vt 0.814329 0.538962
vt 0.807713 0.558106
vt 0.795869 0.524873
vt 0.778127 0.529205
vt 0.765300 0.530567
vt 0.748059 0.535808
vt 0.720464 0.538419
vt 0.689959 0.494532
vt 0.683218 0.482187
vt 0.702016 0.458322
vt 0.694698 0.439813
vt 0.700866 0.422189
vt 0.712642 0.421658
vt 0.719803 0.405652
vt 0.755632 0.365062
vt 0.760658 0.364250
vt 0.754231 0.355714
vt 0.754274 0.383406
vt 0.771371 0.406464
vt 0.762364 0.382300
vt 0.739616 0.396576
vt 0.738810 0.409824
vt 0.722461 0.450802
vt 0.732462 0.433709
vt 0.721317 0.430625
vt 0.707682 0.435760
vt 0.709814 0.470152
vt 0.701979 0.497344
vt 0.721961 0.479027
vt 0.739588 0.466491
vt 0.739572 0.440666
vt 0.765157 0.447786
vt 0.760136 0.426546
vt 0.765173 0.414429
vt 0.767839 0.378483
vt 0.783066 0.374356
vt 0.783182 0.359467
vt 0.776268 0.363848
vt 0.790862 0.354987
vt 0.802758 0.359313
vt 0.799104 0.445089
vt 0.811587 0.454747
vt 0.809821 0.436610
vt 0.796940 0.476854
vt 0.802080 0.476375
vt 0.800634 0.459668
vt 0.784517 0.492272
vt 0.793557 0.508506
vt 0.791236 0.483322
vt 0.802336 0.511788
vt 0.798286 0.489017
vt 0.806284 0.496751
vt 0.815559 0.509044
vt 0.811387 0.494359
vt 0.507941 0.136613
vt 0.521872 0.125211
vt 0.509550 0.114626
vt 0.536119 0.133529
vt 0.542746 0.124523
vt 0.539273 0.117168
vt 0.552573 0.143526
vt 0.562226 0.131772
vt 0.552292 0.127374
vt 0.565241 0.123163
vt 0.570449 0.119187
vt 0.608924 0.077884
vt 0.600128 0.090664
vt 0.616271 0.067843
vt 0.626627 0.044940
vt 0.628376 0.059851
vt 0.650645 0.011957
vt 0.664266 0.004405
vt 0.642573 0.001088
vt 0.683481 0.002068
vt 0.490971 0.977646
vt 0.523436 0.946966
vt 0.526653 0.955921
vt 0.527638 0.934130
vt 0.506225 0.935990
vt 0.473745 0.980426
vt 0.475786 0.989223
vt 0.622838 0.023175
vt 0.636888 0.035128
vt 0.633870 0.011471
vt 0.590210 0.081374
vt 0.602085 0.073378
vt 0.570451 0.098850
vt 0.592783 0.097868
vt 0.556793 0.103220
vt 0.550672 0.109654
vt 0.561060 0.110210
vt 0.553847 0.120549
vt 0.562630 0.115636
vt 0.532757 0.112728
vt 0.518269 0.112286
vt 0.498246 0.104673
vt 0.487200 0.109963
vt 0.484967 0.126592
vt 0.475770 0.110691
vt 0.465495 0.106003
vt 0.470116 0.116668
vt 0.807099 0.474880
vt 0.813681 0.474342
vt 0.455113 0.071139
vt 0.449388 0.077524
vt 0.456828 0.091215
vt 0.487011 0.050458
vt 0.469786 0.046477
vt 0.499446 0.059785
vt 0.516314 0.057242
vt 0.536918 0.059102
vt 0.584760 0.066198
vt 0.572977 0.076161
vt 0.561986 0.085157
vt 0.548238 0.081857
vt 0.553730 0.063361
vt 0.565435 0.058509
vt 0.531018 0.076520
vt 0.503596 0.079611
vt 0.511915 0.084447
vt 0.523246 0.081596
vt 0.485000 0.096000
vt 0.486468 0.102451
vt 0.483397 0.073193
vt 0.489070 0.084030
vt 0.477400 0.058733
vt 0.470357 0.070620
vt 0.466875 0.086359
vt 0.442670 0.039971
vt 0.818136 0.518400
vt 0.811284 0.516824
vt 0.822400 0.535630
vt 0.786998 0.526596
vt 0.752157 0.517340
vt 0.738998 0.516654
vt 0.727184 0.506595
vt 0.745083 0.486836
vt 0.764306 0.519815
vt 0.770149 0.483202
vt 0.760470 0.488696
vt 0.762366 0.473288
vt 0.772313 0.428975
vt 0.778409 0.417662
vt 0.784948 0.440272
vt 0.782972 0.413992
vt 0.773239 0.451394
vt 0.751664 0.458997
vt 0.798814 0.423406
vt 0.791645 0.407049
vt 0.792737 0.426275
vt 0.805222 0.407429
vt 0.795631 0.396079
vt 0.804962 0.387642
vt 0.811220 0.364080
vt 0.808550 0.420540
vt 0.794627 0.448735
vt 0.784784 0.466885
vt 0.790419 0.452845
vt 0.451312 0.016555
vt 0.449667 0.032584
vt 0.749913 0.325399
vt 0.813383 0.941919
vt 0.738216 0.677945
vt 0.721832 0.647816
vt 0.323050 0.927701
vt 0.331044 0.927559
vt 0.320895 0.898556
vt 0.251573 0.880293
vt 0.252321 0.868463
vt 0.100042 0.243778
vt 0.120781 0.197478
vt 0.106060 0.200130
vt 0.333130 0.955730
vt 0.339810 0.954570
vt 0.418185 0.348856
vt 0.138285 0.639757
vt 0.090801 0.652392
vt 0.503150 0.505726
vt 0.489706 0.539239
vt 0.478196 0.565807
vt 0.386846 0.585591
vt 0.412196 0.583791
vt 0.362779 0.565236
vt 0.355892 0.568411
vt 0.366567 0.582250
vt 0.185393 0.440738
vt 0.176189 0.420644
vt 0.182009 0.444870
vt 0.187443 0.447901
vt 0.126283 0.470250
vt 0.187501 0.467758
vt 0.184968 0.474144
vt 0.195433 0.428394
vt 0.350939 0.569642
vt 0.325870 0.999220
vt 0.317860 0.998830
vt 0.349104 0.581029
vt 0.360010 0.577773
vt 0.382050 0.679470
vt 0.311995 0.991923
vt 0.151077 0.220769
vt 0.159223 0.229537
vt 0.241364 0.313703
vt 0.196594 0.250445
vt 0.184804 0.285949
vt 0.286645 0.439060
vt 0.298883 0.428167
vt 0.284498 0.424308
vt 0.279657 0.434833
vt 0.283513 0.360969
vt 0.283398 0.397292
vt 0.292558 0.393723
vt 0.274302 0.427391
vt 0.295966 0.414042
vt 0.304818 0.413698
vt 0.311123 0.426985
vt 0.066507 0.481385
vt 0.087115 0.479771
vt 0.069370 0.471460
vt 0.465479 0.149574
vt 0.453768 0.175464
vt 0.483934 0.190378
vt 0.457589 0.210951
vt 0.473421 0.216539
vt 0.476256 0.249068
vt 0.467625 0.234153
vt 0.456493 0.242250
vt 0.466740 0.253050
vt 0.460131 0.226672
vt 0.478860 0.236330
vt 0.475762 0.265537
vt 0.458069 0.258686
vt 0.466570 0.269730
vt 0.473889 0.280880
vt 0.457846 0.275251
vt 0.460563 0.289826
vt 0.463141 0.334713
vt 0.454533 0.311584
vt 0.444629 0.317466
vt 0.454336 0.343901
vt 0.472393 0.298278
vt 0.436381 0.364327
vt 0.420652 0.364672
vt 0.382915 0.460505
vt 0.371791 0.443219
vt 0.364150 0.449940
vt 0.368151 0.461408
vt 0.379441 0.435439
vt 0.355385 0.450933
vt 0.361798 0.467882
vt 0.390573 0.450725
vt 0.356155 0.474818
vt 0.343701 0.482329
vt 0.384305 0.479976
vt 0.439617 0.399467
vt 0.404264 0.427790
vt 0.488413 0.309753
vt 0.490894 0.220245
vt 0.486954 0.273345
vt 0.488641 0.256776
vt 0.488195 0.241476
vt 0.487692 0.205328
vt 0.476143 0.153772
vt 0.486580 0.159980
vt 0.090040 0.505124
vt 0.055162 0.509289
vt 0.047330 0.517110
vt 0.314610 0.411420
vt 0.299997 0.397755
vt 0.289585 0.372415
vt 0.171283 0.225814
vt 0.132041 0.174087
vt 0.331580 0.946000
vt 0.338330 0.945470
vt 0.325200 0.946400
vt 0.326770 0.956260
vt 0.319259 0.957812
vt 0.450980 0.651250
vt 0.241669 0.944266
vt 0.174870 0.960136
vt 0.198675 0.961731
vt 0.055558 0.772041
vt 0.564901 0.496788
vt 0.172738 0.677375
vt 0.257999 0.704645
vt 0.267300 0.705380
vt 0.273988 0.727178
vt 0.196651 0.140930
vt 0.182870 0.142100
vt 0.197283 0.148946
vt 0.166172 0.182793
vt 0.152100 0.192185
vt 0.168458 0.157541
vt 0.188567 0.157449
vt 0.168659 0.167834
vt 0.176362 0.167674
vt 0.203214 0.200686
vt 0.205276 0.218154
vt 0.304289 0.323993
vt 0.264656 0.301530
vt 0.274537 0.276782
vt 0.281660 0.290773
vt 0.326541 0.355569
vt 0.103980 0.529760
vt 0.030499 0.562975
vt 0.028700 0.544750
vt 0.022720 0.554220
vt 0.056813 0.566316
vt 0.017320 0.563790
vt 0.532940 0.205260
vt 0.422189 0.457442
vt 0.400668 0.503492
vt 0.394365 0.512195
vt 0.397834 0.534400
vt 0.405976 0.526511
vt 0.412401 0.516959
vt 0.449965 0.471646
vt 0.540510 0.216340
vt 0.020410 0.584700
vt 0.006490 0.594340
vt 0.022876 0.575335
vt 0.080198 0.576206
vt 0.131962 0.508027
vt 0.162754 0.529636
vt 0.172695 0.523995
vt 0.305173 0.293904
vt 0.220150 0.202792
vt 0.186837 0.165616
vt 0.214338 0.157725
vt 0.214651 0.167099
vt 0.220365 0.176747
vt 0.234108 0.208446
vt 0.246160 0.208525
vt 0.258744 0.233389
vt 0.271139 0.229770
vt 0.509849 0.402160
vt 0.010185 0.637801
vt 0.001154 0.632996
vt 0.458276 0.463932
vt 0.501053 0.409586
vt 0.478854 0.470486
vt 0.059367 0.639715
vt 0.328794 0.267123
vt 0.240897 0.172709
vt 0.225840 0.137693
vt 0.254555 0.150770
vt 0.294856 0.712578
vt 0.477672 0.538477
vt 0.017600 0.742780
vt 0.499195 0.484787
vt 0.080703 0.630515
vt 0.316583 0.230436
vt 0.267683 0.562636
vt 0.325559 0.240437
vt 0.280961 0.165588
vt 0.295481 0.576598
vt 0.320909 0.222181
vt 0.339490 0.626820
vt 0.294919 0.184505
vt 0.301250 0.183740
vt 0.291410 0.189026
vt 0.293840 0.175500
vt 0.340370 0.639280
vt 0.004450 0.605500
vt 0.496990 0.167150
vt 0.137674 0.137797
vt 0.230076 0.937873
vt 0.247568 0.930536
vt 0.259816 0.733531
vt 0.259039 0.742218
vt 0.283855 0.800207
vt 0.278090 0.871242
vt 0.274432 0.878269
vt 0.280745 0.860506
vt 0.237467 0.923694
vt 0.266464 0.907427
vt 0.228580 0.915740
vt 0.260805 0.795233
vt 0.287934 0.824603
vt 0.263090 0.891809
vt 0.135000 0.876029
vt 0.265486 0.871656
vt 0.262750 0.878791
vt 0.257084 0.885993
vt 0.242954 0.884857
vt 0.257917 0.871572
vt 0.321070 0.431950
vt 0.325768 0.433274
vt 0.180149 0.475866
vt 0.352350 0.649430
vt 0.360000 0.684990
vt 0.364421 0.635958
vt 0.189033 0.314901
vt 0.209438 0.370889
vt 0.212344 0.392554
vt 0.204622 0.483739
vt 0.191203 0.495484
vt 0.206533 0.509555
vt 0.218763 0.506657
vt 0.254014 0.502994
vt 0.263444 0.483462
vt 0.248639 0.535319
vt 0.262790 0.523940
vt 0.273801 0.510469
vt 0.371410 0.293180
vt 0.385477 0.335686
vt 0.365207 0.358090
vt 0.403086 0.203333
vt 0.412461 0.207338
vt 0.393112 0.200315
vt 0.401267 0.181098
vt 0.258388 0.452772
vt 0.128240 0.256114
vt 0.436069 0.240323
vt 0.447730 0.247990
vt 0.435107 0.253477
vt 0.441576 0.260709
vt 0.447591 0.267917
vt 0.445452 0.287962
vt 0.433678 0.292449
vt 0.439298 0.304003
vt 0.423870 0.306140
vt 0.427632 0.288621
vt 0.422550 0.234630
vt 0.132012 0.296715
vt 0.833960 0.913660
vt 0.666944 0.671981
vt 0.720940 0.842140
vt 0.730306 0.838283
vt 0.759860 0.346237
vt 0.475720 0.090260
vt 0.682020 0.229520
vt 0.686230 0.240170
vt 0.350910 0.822040
vt 0.389052 0.857302
vt 0.616035 0.709942
vt 0.506775 0.770956
vt 0.617700 0.692113
vt 0.638904 0.693398
vt 0.642136 0.672599
vt 0.760429 0.673254
vt 0.653386 0.688931
vt 0.712970 0.626612
vt 0.720974 0.632396
vt 0.759672 0.682608
vt 0.767430 0.683740
vt 0.768910 0.674480
vt 0.799048 0.187664
vt 0.770917 0.206883
vt 0.765066 0.201394
vt 0.735853 0.618185
vt 0.720220 0.618210
vt 0.727160 0.614800
vt 0.789471 0.963191
vt 0.630007 0.646110
vt 0.752180 0.947565
vt 0.362348 0.803192
vt 0.348449 0.807246
vt 0.362076 0.758722
vt 0.356741 0.758181
vt 0.342790 0.794500
vt 0.340520 0.782680
vt 0.671040 0.244569
vt 0.356130 0.878260
vt 0.505536 0.797619
vt 0.506170 0.808025
vt 0.769343 0.629114
vt 0.748807 0.213215
vt 0.760544 0.612555
vt 0.751420 0.609450
vt 0.802130 0.987590
vt 0.810040 0.989470
vt 0.611746 0.620654
vt 0.609204 0.610764
vt 0.775086 0.911059
vt 0.818591 0.991136
vt 0.854199 0.968560
vt 0.768551 0.161180
vt 0.756545 0.161823
vt 0.727155 0.208807
vt 0.737598 0.162362
vt 0.758287 0.152216
vt 0.780597 0.072463
vt 0.696712 0.167445
vt 0.692730 0.157880
vt 0.731914 0.217830
vt 0.348028 0.750432
vt 0.341210 0.762890
vt 0.339440 0.771930
vt 0.646556 0.289725
vt 0.639600 0.302882
vt 0.659745 0.282256
vt 0.739377 0.219425
vt 0.673140 0.295274
vt 0.355670 0.894828
vt 0.594231 0.774142
vt 0.769498 0.614655
vt 0.687351 0.150507
vt 0.780020 0.010299
vt 0.773141 0.021969
vt 0.668628 0.156134
vt 0.478694 0.677054
vt 0.577543 0.414476
vt 0.641070 0.321030
vt 0.634320 0.333727
vt 0.653608 0.327646
vt 0.665848 0.320009
vt 0.678045 0.314270
vt 0.687793 0.308919
vt 0.769184 0.221416
vt 0.553651 0.821154
vt 0.760628 0.025516
vt 0.770947 0.003435
vt 0.762591 0.001736
vt 0.708840 0.846720
vt 0.788130 0.006000
vt 0.754119 0.000334
vt 0.731701 0.071999
vt 0.629510 0.184114
vt 0.625934 0.191922
vt 0.893574 0.864409
vt 0.758999 0.856143
vt 0.516720 0.610780
vt 0.726813 0.826313
vt 0.622192 0.573535
vt 0.576957 0.438194
vt 0.689385 0.334576
vt 0.701560 0.322342
vt 0.696143 0.328470
vt 0.390845 0.926287
vt 0.537246 0.847432
vt 0.724660 0.748740
vt 0.594415 0.789644
vt 0.599996 0.799655
vt 0.611367 0.789117
vt 0.618147 0.967019
vt 0.627960 0.980686
vt 0.627278 0.960090
vt 0.630940 0.945930
vt 0.720630 0.070091
vt 0.709146 0.079598
vt 0.572298 0.192158
vt 0.597605 0.200770
vt 0.916734 0.852756
vt 0.914824 0.839833
vt 0.814580 0.853200
vt 0.629286 0.563405
vt 0.635961 0.584056
vt 0.583484 0.479339
vt 0.707813 0.337007
vt 0.702005 0.342281
vt 0.711631 0.330932
vt 0.822110 0.229650
vt 0.355950 0.961610
vt 0.585981 0.819538
vt 0.693550 0.769840
vt 0.699768 0.774892
vt 0.596623 0.808089
vt 0.612937 0.821437
vt 0.630128 0.807069
vt 0.689047 0.787889
vt 0.683112 0.807940
vt 0.652103 0.854099
vt 0.636731 0.893381
vt 0.630363 0.902864
vt 0.615238 0.949176
vt 0.622320 0.950020
vt 0.624320 0.954280
vt 0.613820 0.956250
vt 0.615300 0.960750
vt 0.604740 0.965330
vt 0.608100 0.972824
vt 0.599540 0.980360
vt 0.590574 0.974823
vt 0.588137 0.982987
vt 0.553029 0.187742
vt 0.914100 0.832247
vt 0.666900 0.588440
vt 0.660839 0.600170
vt 0.648322 0.592633
vt 0.654590 0.581820
vt 0.621522 0.496197
vt 0.718801 0.345943
vt 0.723508 0.341758
vt 0.719889 0.329302
vt 0.739756 0.321879
vt 0.833670 0.246390
vt 0.360530 0.985266
vt 0.370620 0.991030
vt 0.414432 0.983665
vt 0.484859 0.935582
vt 0.544987 0.890125
vt 0.574790 0.849495
vt 0.616335 0.894232
vt 0.599510 0.960527
vt 0.588750 0.967907
vt 0.551338 0.967652
vt 0.955542 0.833305
vt 0.961000 0.827160
vt 0.825650 0.571650
vt 0.814907 0.574403
vt 0.821410 0.581510
vt 0.828600 0.580620
vt 0.801250 0.587450
vt 0.811520 0.566757
vt 0.672039 0.408469
vt 0.711837 0.374900
vt 0.732588 0.357639
vt 0.734685 0.352118
vt 0.731151 0.340834
vt 0.604881 0.900496
vt 0.628729 0.104983
vt 0.615845 0.120786
vt 0.572374 0.153044
vt 0.580033 0.139907
vt 0.541723 0.149651
vt 0.834432 0.556126
vt 0.829350 0.561280
vt 0.832152 0.570827
vt 0.837976 0.572493
vt 0.822560 0.563000
vt 0.826390 0.550834
vt 0.741984 0.364514
vt 0.744265 0.359996
vt 0.747636 0.356090
vt 0.739600 0.348960
vt 0.756867 0.351201
vt 0.540886 0.940138
vt 0.653981 0.041747
vt 0.824765 0.520607
vt 0.584388 0.116462
vt 0.528384 0.138988
vt 0.508838 0.150862
vt 0.746990 0.377228
vt 0.749575 0.368444
vt 0.727902 0.404933
vt 0.757686 0.373360
vt 0.773519 0.380872
vt 0.777944 0.380208
vt 0.814280 0.347690
vt 0.437907 0.026420
vt 0.453481 0.055491
vt 0.435557 0.046287
vt 0.445261 0.061830
vt 0.437732 0.057031
vt 0.820340 0.505143
vt 0.815648 0.487443
vt 0.777638 0.477930
vt 0.776644 0.508550
vt 0.502208 0.141094
vt 0.478020 0.130663
vt 0.487625 0.142836
vt 0.571212 0.114402
vt 0.571775 0.109858
vt 0.570315 0.105322
vt 0.502063 0.992880
vt 0.611304 0.040306
vt 0.551580 0.114910
vt 0.531566 0.104223
vt 0.508781 0.099946
vt 0.536754 0.090787
vt 0.530468 0.093850
vt 0.551601 0.091884
vt 0.518808 0.098199
vt 0.520670 0.087960
vt 0.786834 0.408461
vt 0.783458 0.383392
vt 0.789067 0.433123
vt 0.779589 0.445706
vt 0.434723 0.040501
s 1
g thlow_Mesh.001_thlow
usemtl thlow
f 4/1/1 1/2/2 3/3/3
f 12/4/4 14/5/5 15/6/6
f 12/4/4 16/7/7 13/8/8
f 26/9/9 27/10/10 28/11/11
f 30/12/12 29/13/13 37/14/14
f 34/15/15 31/16/16 33/17/17
f 31/16/16 32/18/18 33/17/17
f 38/19/19 39/20/20 35/21/21
f 35/21/21 40/22/22 38/19/19
f 39/20/20 36/23/23 35/21/21
f 44/24/24 256/25/25 41/26/26
f 43/27/27 45/28/28 41/29/26
f 50/30/29 20/31/30 425/32/31
f 67/33/32 68/34/33 69/35/34
f 70/36/35 71/37/36 72/38/37
f 79/39/38 77/40/39 76/41/40
f 76/41/40 81/42/41 79/39/38
f 83/43/42 84/44/43 79/39/38
f 87/45/44 86/46/45 85/47/46
f 90/48/47 91/49/48 88/50/49
f 98/51/50 97/52/51 95/53/52
f 102/54/53 105/55/54 101/56/55
f 106/57/56 104/58/57 105/55/54
f 106/57/56 109/59/58 107/60/59
f 109/59/58 113/61/60 110/62/61
f 115/63/62 110/62/61 113/61/60
f 113/61/60 117/64/63 115/63/62
f 116/65/64 115/66/62 117/67/63
f 117/67/63 119/68/65 118/69/66
f 120/70/67 118/69/66 119/68/65
f 119/68/65 121/71/68 120/70/67
f 122/72/69 120/70/67 121/71/68
f 121/71/68 123/73/70 122/72/69
f 125/74/71 126/75/72 123/73/70
f 133/76/73 132/77/74 128/78/75
f 139/79/76 140/80/77 138/81/78
f 6/82/79 813/83/80 5/84/81
f 152/85/82 156/86/83 153/87/84
f 156/86/83 158/88/85 155/89/86
f 158/90/85 160/91/87 157/92/88
f 162/93/89 167/94/90 163/95/91
f 167/94/90 38/19/19 165/96/92
f 38/19/19 169/97/93 165/96/92
f 169/97/93 173/98/94 171/99/95
f 172/100/96 170/101/97 171/99/95
f 173/98/94 174/102/98 172/100/96
f 177/103/99 178/104/100 176/105/101
f 177/103/99 180/106/102 181/107/103
f 54/108/104 177/103/99 181/107/103
f 187/109/105 188/110/106 185/111/107
f 187/109/105 190/112/108 188/110/106
f 189/113/109 194/114/110 191/115/111
f 193/116/112 191/115/111 194/114/110
f 197/117/113 195/118/114 30/12/12
f 30/12/12 198/119/115 197/117/113
f 199/120/116 197/117/113 198/119/115
f 199/120/116 202/121/117 200/122/118
f 202/121/117 199/120/116 201/123/119
f 36/23/23 203/124/120 201/123/119
f 167/94/90 203/124/120 36/23/23
f 167/94/90 162/93/89 203/124/120
f 206/125/121 205/126/122 207/127/123
f 207/127/123 208/128/124 206/125/121
f 208/128/124 200/122/118 202/121/117
f 208/128/124 209/129/125 210/130/126
f 210/130/126 200/122/118 208/128/124
f 210/130/126 197/117/113 200/122/118
f 195/118/114 197/117/113 212/131/127
f 213/132/128 214/133/129 196/134/130
f 215/135/131 192/136/132 191/115/111
f 191/115/111 196/134/130 215/135/131
f 219/137/133 220/138/134 55/139/135
f 220/138/134 56/140/136 53/141/137
f 221/142/138 1056/143/139 56/140/136
f 222/144/140 223/145/141 178/104/100
f 223/145/141 176/105/101 178/104/100
f 224/146/142 226/147/143 172/100/96
f 226/147/143 227/148/144 170/101/97
f 170/101/97 172/100/96 226/147/143
f 227/148/144 228/149/145 168/150/146
f 228/149/145 229/151/147 166/152/148
f 229/151/147 230/153/149 164/154/150
f 231/155/151 159/156/152 161/157/153
f 161/157/153 164/154/150 231/155/151
f 159/156/152 232/158/154 157/92/88
f 233/159/155 234/160/156 155/161/86
f 155/161/86 157/92/88 233/159/155
f 146/162/157 239/163/158 144/164/159
f 240/165/160 143/166/161 142/167/162
f 142/167/162 144/164/159 240/165/160
f 241/168/163 244/169/164 243/170/165
f 245/171/166 243/170/165 244/169/164
f 244/169/164 246/172/167 245/171/166
f 247/173/168 245/171/166 246/172/167
f 246/172/167 248/174/169 247/173/168
f 246/172/167 250/175/170 248/174/169
f 250/175/170 252/176/171 251/177/172
f 256/25/25 31/178/16 257/179/173
f 257/180/173 34/15/15 258/181/174
f 259/182/175 258/181/174 34/15/15
f 266/183/176 267/184/177 264/185/178
f 273/186/179 274/187/180 272/188/181
f 274/187/180 273/186/179 278/189/182
f 278/189/182 276/190/183 274/187/180
f 280/191/184 284/192/185 282/193/186
f 285/194/187 289/195/188 284/192/185
f 1117/196/189 287/197/190 289/195/188
f 300/198/191 305/199/192 301/200/193
f 305/201/192 307/202/194 303/203/195
f 309/204/196 306/205/197 308/206/198
f 308/206/198 311/207/199 309/204/196
f 315/208/200 316/209/201 314/210/202
f 348/211/203 347/212/204 346/213/205
f 348/211/203 1176/214/206 349/215/207
f 350/216/208 13/8/8 16/7/7
f 205/217/122 362/218/209 360/219/210
f 365/220/211 364/221/212 363/222/213
f 204/223/214 160/91/87 365/220/211
f 160/91/87 158/90/85 364/221/212
f 362/218/209 363/224/213 364/225/212
f 375/226/215 346/213/205 347/212/204
f 381/227/216 336/228/217 380/229/218
f 395/230/219 314/210/202 316/209/201
f 399/231/220 304/232/221 306/233/197
f 306/233/197 309/234/196 399/231/220
f 402/235/222 403/236/223 302/237/224
f 284/192/185 286/238/225 409/239/226
f 410/240/227 280/191/184 283/241/228
f 412/242/229 272/188/181 274/187/180
f 414/243/230 264/185/178 267/184/177
f 419/244/231 421/245/232 259/182/175
f 422/246/233 423/247/234 43/27/27
f 432/248/235 255/249/236 433/250/237
f 251/251/172 435/252/238 436/253/239
f 249/254/240 248/174/169 251/177/172
f 249/254/240 437/255/241 438/256/242
f 249/254/240 438/256/242 247/173/168
f 245/171/166 247/173/168 438/256/242
f 139/79/76 6/82/79 242/257/243
f 440/258/244 137/259/245 140/80/77
f 140/80/77 441/260/246 440/258/244
f 441/260/246 442/261/247 440/258/244
f 444/262/248 439/263/249 437/255/241
f 434/264/250 448/265/251 447/266/252
f 8/267/253 430/268/254 449/269/255
f 449/269/255 454/270/256 8/267/253
f 446/271/257 445/272/258 455/273/259
f 443/274/260 457/275/261 458/276/262
f 443/274/260 444/277/248 446/271/257
f 460/278/263 461/279/264 462/280/265
f 463/281/266 3/282/3 462/280/265
f 3/3/3 463/283/266 4/1/1
f 463/283/266 465/284/267 4/1/1
f 4/1/1 132/77/74 1/2/2
f 130/285/268 128/78/75 132/77/74
f 122/72/69 123/73/70 126/75/72
f 468/286/269 118/69/66 120/70/67
f 120/70/67 122/72/69 468/286/269
f 471/287/270 472/288/271 116/289/64
f 111/290/272 108/291/273 107/60/59
f 108/291/273 476/292/274 104/58/57
f 476/292/274 477/293/275 101/56/55
f 101/56/55 104/58/57 476/292/274
f 478/294/276 97/52/51 99/295/277
f 97/52/51 478/294/276 479/296/278
f 479/296/278 95/53/52 97/52/51
f 92/297/279 482/298/280 483/299/281
f 86/46/45 78/300/282 77/40/39
f 89/301/283 484/302/284 78/300/282
f 484/302/284 485/303/285 78/300/282
f 484/302/284 486/304/286 485/303/285
f 485/303/285 76/41/40 78/300/282
f 487/305/287 80/306/288 485/303/285
f 492/307/289 493/308/290 490/309/291
f 495/310/292 496/311/293 492/307/289
f 499/312/294 68/34/33 496/311/293
f 499/312/294 498/313/295 500/314/296
f 501/315/297 502/316/298 500/314/296
f 504/317/299 509/318/300 506/319/301
f 509/318/300 511/320/302 507/321/303
f 510/322/304 507/321/303 511/320/302
f 511/320/302 513/323/305 510/322/304
f 516/324/306 519/325/307 514/326/308
f 522/327/309 524/328/310 525/329/311
f 525/329/311 526/330/312 522/327/309
f 532/331/313 533/332/314 531/333/315
f 536/334/316 270/335/317 539/336/318
f 539/336/318 537/337/319 536/334/316
f 537/337/319 539/336/318 541/338/320
f 541/338/320 540/339/321 537/337/319
f 543/340/322 542/341/323 411/342/324
f 411/342/324 545/343/325 543/340/322
f 549/344/326 547/345/327 409/239/226
f 553/346/328 552/347/329 407/348/330
f 407/348/330 555/349/331 553/346/328
f 555/349/331 407/348/330 557/350/332
f 557/350/332 556/351/333 555/349/331
f 556/351/333 557/350/332 405/352/334
f 567/353/335 568/354/336 566/355/337
f 568/354/336 398/356/338 569/357/339
f 398/356/338 397/358/340 570/359/341
f 578/360/342 579/361/343 577/362/344
f 589/363/345 381/227/216 590/364/346
f 591/365/347 624/366/348 589/363/345
f 593/367/349 594/368/350 592/369/351
f 596/370/352 620/371/353 377/372/354
f 598/373/355 599/374/356 597/375/357
f 608/376/358 362/218/209 609/377/359
f 158/88/85 156/86/83 366/378/360
f 156/86/83 152/85/82 610/379/361
f 615/380/362 604/381/363 605/382/364
f 602/383/365 618/384/366 599/374/356
f 596/370/352 597/375/357 599/374/356
f 595/385/367 377/372/354 620/371/353
f 591/365/347 592/369/351 594/368/350
f 588/386/368 589/363/345 624/366/348
f 627/387/369 584/388/370 586/389/371
f 628/390/372 581/391/373 627/387/369
f 582/392/374 629/393/375 630/394/376
f 631/395/377 577/362/344 579/361/343
f 638/396/378 566/355/337 568/354/336
f 568/354/336 569/357/339 638/396/378
f 640/397/379 563/398/380 562/399/381
f 641/400/382 560/401/383 561/402/384
f 647/403/385 549/344/326 551/404/386
f 544/405/387 543/340/322 545/343/325
f 540/339/321 650/406/388 651/407/389
f 538/408/390 537/337/319 540/339/321
f 654/409/391 531/333/315 533/332/314
f 530/410/392 529/411/393 531/333/315
f 660/412/394 653/413/395 661/414/396
f 671/415/397 672/416/398 670/417/399
f 676/418/400 674/419/401 646/420/402
f 646/420/402 677/421/403 676/418/400
f 677/421/403 646/420/402 645/422/404
f 678/423/405 645/424/404 644/425/406
f 642/426/407 681/427/408 680/428/409
f 685/429/410 683/430/411 640/397/379
f 685/429/410 640/397/379 639/431/412
f 689/432/413 690/433/414 688/434/415
f 691/435/416 692/436/417 690/433/414
f 634/437/418 693/438/419 692/436/417
f 694/439/420 633/440/421 697/441/422
f 697/441/422 696/442/423 694/439/420
f 699/443/424 627/387/369 701/444/425
f 627/387/369 626/445/426 701/444/425
f 622/446/427 594/368/350 706/447/428
f 621/448/429 620/371/353 619/449/430
f 619/449/430 707/450/431 621/448/429
f 616/451/432 723/452/433 617/453/434
f 711/454/435 712/455/436 616/451/432
f 713/456/437 714/457/438 614/458/439
f 717/459/440 716/460/441 718/461/442
f 148/462/443 147/463/444 718/461/442
f 715/464/445 719/465/446 713/456/437
f 711/454/435 614/458/439 714/457/438
f 723/452/433 616/451/432 712/455/436
f 727/466/447 707/450/431 709/467/448
f 729/468/449 706/447/428 707/450/431
f 732/469/450 702/470/451 703/471/452
f 732/469/450 733/472/453 702/470/451
f 733/472/453 734/473/454 702/470/451
f 700/474/455 699/443/424 736/475/456
f 739/476/457 693/438/419 695/477/458
f 740/478/459 692/436/417 693/438/419
f 742/479/460 690/433/414 692/436/417
f 744/480/461 688/434/415 690/433/414
f 687/481/462 686/482/463 688/434/415
f 682/483/464 683/430/411 684/484/465
f 748/485/466 818/486/467 682/483/464
f 818/486/467 749/487/468 682/483/464
f 749/487/468 750/488/469 680/428/409
f 751/489/470 752/490/471 678/423/405
f 678/423/405 679/491/472 751/489/470
f 752/490/471 754/492/473 677/493/403
f 677/493/403 678/423/405 752/490/471
f 676/418/400 677/421/403 754/494/473
f 756/495/474 675/496/475 676/418/400
f 757/497/476 670/417/399 672/416/398
f 760/498/477 668/499/478 669/500/479
f 666/501/480 763/502/481 764/503/482
f 662/504/483 764/503/482 765/505/484
f 765/505/484 766/506/485 767/507/486
f 767/507/486 660/412/394 765/505/484
f 64/508/487 507/321/303 510/322/304
f 769/509/488 771/510/489 770/511/490
f 773/512/491 775/513/492 774/514/493
f 774/514/493 775/513/492 66/515/494
f 66/515/494 776/516/495 777/517/496
f 776/516/495 68/34/33 67/33/32
f 778/518/497 496/311/293 68/34/33
f 781/519/498 487/305/287 493/308/290
f 487/305/287 781/519/498 80/306/288
f 80/306/288 781/519/498 782/520/499
f 782/520/499 783/521/500 784/522/501
f 784/522/501 81/42/41 782/520/499
f 785/523/502 82/524/503 784/522/501
f 785/523/502 83/43/42 82/524/503
f 787/525/504 788/526/505 83/43/42
f 788/526/505 789/527/506 84/44/43
f 84/44/43 789/527/506 77/40/39
f 85/47/46 77/40/39 789/527/506
f 85/47/46 789/527/506 746/528/507
f 746/528/507 87/45/44 85/47/46
f 87/45/44 746/528/507 790/529/508
f 87/45/44 790/529/508 93/530/509
f 792/531/510 98/51/50 96/532/511
f 105/55/54 738/533/512 794/534/513
f 794/534/513 795/535/514 106/57/56
f 109/59/58 106/57/56 795/535/514
f 798/536/515 799/537/516 113/538/60
f 117/67/63 113/538/60 799/537/516
f 799/537/516 801/539/517 117/67/63
f 121/71/68 119/68/65 803/540/518
f 804/541/519 124/542/520 121/71/68
f 810/543/521 137/259/245 136/544/522
f 810/543/521 811/545/523 812/546/524
f 812/546/524 138/81/78 810/543/521
f 813/83/80 6/82/79 812/546/524
f 720/547/525 713/456/437 719/465/446
f 725/548/526 724/549/527 814/550/528
f 814/550/528 724/549/527 723/452/433
f 730/551/529 729/468/449 728/552/530
f 730/551/529 804/541/519 731/553/531
f 731/553/531 802/554/532 703/471/452
f 732/469/450 703/471/452 802/554/532
f 732/469/450 800/555/533 733/472/453
f 734/473/454 733/472/453 800/555/533
f 798/536/515 815/556/534 735/557/535
f 737/558/536 700/559/455 736/560/456
f 818/486/467 748/485/466 788/526/505
f 822/561/537 759/562/538 758/563/539
f 72/38/37 763/502/481 762/564/540
f 763/502/481 72/38/37 824/565/541
f 766/506/485 765/505/484 764/503/482
f 771/510/489 769/509/488 827/566/542
f 827/566/542 828/567/543 771/510/489
f 829/568/544 830/569/545 772/570/546
f 831/571/547 832/572/548 833/573/549
f 832/572/548 780/574/550 834/575/551
f 780/574/550 835/576/552 783/521/500
f 783/521/500 782/520/499 780/574/550
f 786/577/553 837/578/554 785/523/502
f 753/579/555 750/488/469 838/580/556
f 72/38/37 762/564/540 761/581/557
f 842/582/558 70/36/35 823/583/559
f 843/584/560 844/585/561 842/582/558
f 842/582/558 841/586/562 843/584/560
f 845/587/563 843/584/560 841/586/562
f 840/588/564 846/589/565 845/590/563
f 847/591/566 848/592/567 845/590/563
f 847/591/566 845/590/563 846/589/565
f 843/584/560 845/587/563 848/593/567
f 824/565/541 71/37/36 825/594/568
f 71/37/36 824/565/541 72/38/37
f 853/595/569 831/571/547 830/569/545
f 75/596/570 835/576/552 831/571/547
f 835/576/552 75/596/570 74/597/571
f 74/597/571 783/521/500 835/576/552
f 783/521/500 74/597/571 836/598/572
f 819/599/573 837/578/554 839/600/574
f 827/566/542 826/601/575 825/594/568
f 789/527/506 788/526/505 748/485/466
f 747/602/576 746/528/507 789/527/506
f 745/603/577 791/604/578 93/530/509
f 743/605/579 792/531/510 791/604/578
f 741/606/580 793/607/581 792/531/510
f 796/608/582 795/535/514 816/609/583
f 112/610/584 797/611/585 815/612/534
f 815/556/534 798/536/515 112/613/584
f 731/553/531 803/540/518 802/554/532
f 728/552/530 124/542/520 804/541/519
f 807/614/586 129/615/587 806/616/588
f 722/617/589 809/618/590 814/550/528
f 811/545/523 810/543/521 721/619/591
f 508/620/592 507/321/303 65/621/593
f 615/380/362 605/382/364 614/458/439
f 623/622/594 594/368/350 622/446/427
f 626/445/426 588/386/368 625/623/595
f 627/387/369 586/389/371 626/445/426
f 699/443/424 628/390/372 627/387/369
f 582/392/374 581/391/373 628/390/372
f 697/624/422 630/394/376 629/393/375
f 636/625/596 635/626/597 691/435/416
f 671/415/397 648/627/598 647/403/385
f 649/628/599 545/343/325 668/499/478
f 655/629/600 654/409/391 653/413/395
f 609/377/359 364/225/212 366/378/360
f 367/630/601 360/219/210 362/218/209
f 368/631/602 360/219/210 367/630/601
f 600/632/603 372/633/604 603/634/605
f 597/375/357 374/635/606 600/632/603
f 375/226/215 347/212/204 374/635/606
f 378/636/607 342/637/608 377/372/354
f 590/364/346 379/638/609 592/369/351
f 585/639/610 383/640/611 587/641/612
f 583/642/613 385/643/614 585/639/610
f 580/644/615 387/645/616 385/643/614
f 578/360/342 389/646/617 387/645/616
f 575/647/618 391/648/619 389/646/617
f 574/649/620 393/650/621 391/648/619
f 573/651/622 394/652/623 393/650/621
f 400/653/624 399/231/220 567/353/335
f 564/654/625 404/655/626 403/236/223
f 405/352/334 404/656/626 558/657/627
f 542/341/323 412/242/229 277/658/628
f 541/338/320 539/336/318 413/659/629
f 536/334/316 415/660/630 270/335/317
f 532/331/313 417/661/631 415/660/630
f 528/662/632 419/244/231 418/663/633
f 526/330/312 525/329/311 422/246/233
f 423/247/234 422/246/233 525/329/311
f 523/664/634 854/665/635 51/666/636
f 854/665/635 17/667/637 50/30/29
f 857/668/638 21/669/639 856/670/640
f 18/671/641 22/672/642 858/673/643
f 18/671/641 450/674/644 427/675/645
f 859/676/646 451/677/647 450/674/644
f 451/677/647 859/676/646 860/678/648
f 860/678/648 452/679/649 451/677/647
f 861/680/650 453/681/651 452/679/649
f 864/682/652 458/276/262 457/275/261
f 461/279/264 460/278/263 864/682/652
f 865/683/653 917/684/654 464/685/655
f 464/685/655 462/280/265 865/683/653
f 464/685/655 463/281/266 462/280/265
f 866/686/656 867/687/657 868/688/658
f 869/689/659 465/690/267 868/688/658
f 870/691/660 871/692/661 869/689/659
f 465/284/267 871/693/661 130/285/268
f 871/693/661 872/694/662 466/695/663
f 870/691/660 873/696/664 872/697/662
f 872/694/662 467/698/665 122/72/69
f 873/696/664 874/699/666 467/700/665
f 467/698/665 469/701/667 468/286/269
f 874/699/666 875/702/668 469/703/667
f 471/287/270 877/704/669 472/288/271
f 473/705/670 474/706/671 110/62/61
f 475/707/672 879/708/673 108/291/273
f 476/292/274 108/291/273 879/708/673
f 879/708/673 880/709/674 476/292/274
f 476/292/274 880/709/674 477/293/275
f 880/709/674 881/710/675 477/293/275
f 881/710/675 478/294/276 99/295/277
f 99/295/277 477/293/275 881/710/675
f 483/299/281 482/298/280 885/711/676
f 89/301/283 885/711/676 886/712/677
f 486/304/286 484/302/284 888/713/678
f 886/712/677 887/714/679 888/713/678
f 890/715/680 892/716/681 491/717/682
f 895/718/683 498/313/295 497/719/684
f 896/720/685 898/721/686 897/722/687
f 505/723/688 900/724/689 503/725/690
f 504/317/299 503/725/690 900/724/689
f 900/724/689 902/726/691 504/317/299
f 512/727/692 904/728/693 513/323/305
f 516/729/306 513/323/305 904/728/693
f 854/665/635 523/664/634 519/325/307
f 856/670/640 855/730/694 516/729/306
f 903/731/695 857/668/638 904/728/693
f 903/731/695 905/732/696 857/668/638
f 908/733/697 909/734/698 858/673/643
f 909/734/698 860/678/648 859/676/646
f 859/676/646 858/673/643 909/734/698
f 911/735/699 912/736/700 860/678/648
f 917/684/654 865/683/653 915/737/701
f 917/684/654 918/738/702 919/739/703
f 919/739/703 920/740/704 867/687/657
f 867/687/657 866/686/656 919/739/703
f 870/691/660 868/688/658 921/741/705
f 924/742/706 926/743/707 873/696/664
f 873/696/664 870/691/660 924/742/706
f 926/743/707 874/699/666 873/696/664
f 926/743/707 927/744/708 874/699/666
f 927/744/708 928/745/709 874/699/666
f 875/702/668 874/699/666 928/745/709
f 930/746/710 971/747/711 59/748/712
f 881/710/675 880/709/674 931/749/713
f 931/749/713 932/750/714 881/710/675
f 881/710/675 932/750/714 478/294/276
f 932/750/714 882/751/715 478/294/276
f 883/752/716 934/753/717 935/754/718
f 935/754/718 480/755/719 883/752/716
f 482/298/280 884/756/720 885/711/676
f 936/757/721 887/714/679 886/712/677
f 937/758/722 938/759/723 936/757/721
f 938/759/723 939/760/724 889/761/725
f 939/760/724 940/762/726 891/763/727
f 942/764/728 896/720/685 897/722/687
f 943/765/729 944/766/730 896/720/685
f 899/767/731 898/721/686 947/768/732
f 947/768/732 948/769/733 899/767/731
f 955/770/734 913/771/735 911/735/699
f 913/771/735 955/770/734 956/772/736
f 956/772/736 957/773/737 958/774/738
f 958/774/738 918/738/702 956/772/736
f 920/740/704 919/739/703 918/738/702
f 960/775/739 867/687/657 920/740/704
f 922/776/740 962/777/741 963/778/742
f 963/778/742 964/779/743 924/742/706
f 924/742/706 923/780/744 963/778/742
f 967/781/745 968/782/746 876/783/747
f 929/784/748 876/783/747 968/782/746
f 877/704/669 929/784/748 968/782/746
f 969/785/749 970/786/750 878/787/751
f 971/747/711 972/788/752 931/749/713
f 972/788/752 1026/789/753 931/749/713
f 73/790/754 937/758/722 480/755/719
f 73/790/754 480/755/719 935/754/718
f 884/756/720 480/755/719 937/758/722
f 939/760/724 938/759/723 975/791/755
f 976/792/756 977/793/757 940/762/726
f 977/793/757 978/794/758 941/795/759
f 980/796/760 981/797/761 944/766/730
f 945/798/762 944/766/730 981/797/761
f 983/799/763 984/800/764 948/769/733
f 949/801/765 984/800/764 951/802/766
f 951/802/766 905/732/696 949/801/765
f 984/800/764 985/803/767 986/804/768
f 957/773/737 955/770/734 954/805/769
f 992/806/770 959/807/771 991/808/772
f 992/806/770 993/809/773 959/807/771
f 961/810/774 993/809/773 962/777/741
f 994/811/775 962/777/741 993/809/773
f 995/812/776 996/813/777 965/814/778
f 965/814/778 964/779/743 995/812/776
f 996/813/777 966/815/779 965/814/778
f 968/782/746 967/781/745 966/815/779
f 997/816/780 998/817/781 968/782/746
f 969/785/749 968/782/746 998/817/781
f 969/785/749 930/746/710 970/786/750
f 930/746/710 1000/818/782 971/747/711
f 972/788/752 971/747/711 1000/818/782
f 930/746/710 1001/819/783 1000/818/782
f 930/746/710 999/820/784 1002/821/785
f 998/817/781 997/816/780 999/820/784
f 997/816/780 1004/822/786 1003/823/787
f 1004/822/786 996/813/777 1005/824/788
f 996/813/777 995/812/776 1006/825/789
f 1008/826/790 1009/827/791 1007/828/792
f 1007/828/792 994/811/775 1008/826/790
f 1013/829/793 1010/830/794 1008/826/790
f 1011/831/795 1013/829/793 1008/826/790
f 9/832/796 1014/833/797 1012/834/798
f 1017/835/799 985/803/767 1018/836/800
f 1018/836/800 1015/837/801 1017/835/799
f 1019/838/802 1012/834/798 1014/833/797
f 1013/829/793 1012/834/798 1019/838/802
f 1010/830/794 1023/839/803 1009/827/791
f 1009/827/791 1023/839/803 1006/825/789
f 1023/839/803 1024/840/804 1005/824/788
f 1024/840/804 1002/821/785 1003/823/787
f 999/820/784 1003/823/787 1002/821/785
f 1026/789/753 1027/841/805 933/842/806
f 1027/841/805 1028/843/807 935/754/718
f 1028/843/807 1029/844/808 973/845/809
f 974/846/810 973/845/809 1029/844/808
f 1029/844/808 976/792/756 974/846/810
f 1029/844/808 1030/847/811 976/792/756
f 977/793/757 976/792/756 1030/847/811
f 1041/848/812 1031/849/813 979/850/814
f 980/796/760 979/850/814 1032/851/815
f 1032/851/815 1033/852/816 980/796/760
f 1033/852/816 1034/853/817 981/797/761
f 1034/853/817 1035/854/818 982/855/819
f 1035/854/818 1018/836/800 982/855/819
f 1018/836/800 983/799/763 982/855/819
f 1036/856/820 1021/857/821 1020/858/822
f 1024/840/804 1023/839/803 1037/859/823
f 1025/860/824 1024/840/804 1037/859/823
f 1038/861/825 1039/862/826 1001/819/783
f 1001/819/783 1025/860/824 1038/861/825
f 1040/863/827 1026/789/753 1039/862/826
f 1041/848/812 1038/861/825 1025/860/824
f 1025/860/824 1042/864/828 1041/848/812
f 1025/860/824 1037/859/823 1042/864/828
f 1037/859/823 1022/865/829 1042/864/828
f 1032/851/815 1031/849/813 1042/864/828
f 1042/864/828 1022/865/829 1032/851/815
f 1041/848/812 1042/864/828 1031/849/813
f 1028/843/807 1027/841/805 1040/863/827
f 1035/854/818 1034/853/817 1036/856/820
f 993/809/773 992/806/770 1012/834/798
f 994/811/775 993/809/773 1011/831/795
f 966/815/779 996/813/777 1004/822/786
f 997/816/780 966/815/779 1004/822/786
f 777/517/496 67/33/32 504/317/299
f 448/265/251 7/866/830 454/270/256
f 445/272/258 436/253/239 435/252/238
f 437/867/241 249/868/240 436/253/239
f 2/869/831 137/259/245 440/258/244
f 363/222/213 205/126/122 365/220/211
f 361/870/832 209/871/125 208/872/124
f 1044/873/833 1045/874/834 211/875/835
f 1045/876/834 1047/877/836 1046/878/837
f 1048/879/838 1049/880/839 213/132/128
f 1049/880/839 1050/881/840 214/133/129
f 214/133/129 213/132/128 1049/880/839
f 1053/882/841 1054/883/842 219/137/133
f 1054/883/842 56/140/136 220/138/134
f 220/138/134 219/137/133 1054/883/842
f 1123/884/843 1055/885/844 56/140/136
f 1057/886/845 1058/887/846 222/144/140
f 223/145/141 222/144/140 1058/887/846
f 224/146/142 223/145/141 1058/887/846
f 1059/888/847 1060/889/848 225/890/849
f 1060/889/848 1061/891/850 225/890/849
f 225/890/849 1061/891/850 226/147/143
f 1061/891/850 1062/892/851 227/148/144
f 227/148/144 226/147/143 1061/891/850
f 1062/892/851 1064/893/852 227/148/144
f 228/149/145 227/148/144 1064/893/852
f 230/153/149 229/151/147 1067/894/853
f 230/153/149 1067/894/853 231/155/151
f 1067/894/853 232/158/154 231/155/151
f 233/159/155 232/158/154 1069/895/854
f 1069/895/854 1068/896/855 235/897/856
f 1068/898/855 1070/899/857 236/900/858
f 1070/899/857 1071/901/859 237/902/860
f 238/903/861 1071/901/859 1072/904/862
f 238/903/861 1072/904/862 1073/905/863
f 1073/905/863 239/163/158 238/903/861
f 239/163/158 1073/905/863 1074/906/864
f 1074/906/864 240/165/160 239/163/158
f 1074/906/864 1075/907/865 241/168/163
f 244/169/164 241/168/163 1075/907/865
f 1075/907/865 250/175/170 244/169/164
f 252/176/171 250/175/170 1077/908/866
f 1078/909/867 1079/910/868 254/911/869
f 1079/910/868 23/912/870 32/913/18
f 1079/910/868 1078/909/867 1080/914/871
f 1082/915/872 1084/916/873 24/917/874
f 24/917/874 1084/916/873 1083/918/875
f 1085/919/876 1083/918/875 1084/916/873
f 1085/919/876 1090/920/877 1086/921/878
f 1090/920/877 1092/922/879 1087/923/880
f 1094/924/881 1091/925/882 1093/926/883
f 1093/926/883 1096/927/884 1094/924/881
f 1095/928/885 1096/927/884 1098/929/886
f 1098/929/886 1097/930/887 1095/928/885
f 1100/931/888 1105/932/889 1103/933/890
f 1104/934/891 1103/933/890 1105/932/889
f 1114/935/892 1115/936/893 1112/937/894
f 1115/936/893 1114/935/892 1116/938/895
f 1123/884/843 1122/939/896 1055/885/844
f 1127/940/897 1128/941/898 1125/942/899
f 1050/881/840 1049/880/839 1131/943/900
f 1131/943/900 1049/880/839 1133/944/901
f 1134/945/902 1133/944/901 1049/880/839
f 1134/945/902 1047/877/836 1135/946/903
f 1047/947/836 1045/874/834 1137/948/904
f 1045/874/834 1044/873/833 1138/949/905
f 358/950/906 26/9/9 28/11/11
f 14/5/5 1139/951/907 1137/948/904
f 1135/952/903 1137/948/904 1139/951/907
f 1140/953/908 1136/954/909 1135/952/903
f 1136/955/909 1142/956/910 1133/944/901
f 1142/956/910 1143/957/911 1132/958/912
f 1128/941/898 1127/940/897 1132/958/912
f 1145/959/913 1125/942/899 1128/941/898
f 1145/959/913 1151/960/914 1147/961/915
f 1154/962/916 57/963/917 1152/964/918
f 1158/965/919 57/966/917 1157/967/920
f 1161/968/921 1158/965/919 1160/969/922
f 1160/969/922 1163/970/923 1161/968/921
f 1170/971/924 1169/972/925 1172/973/926
f 1176/214/206 348/211/203 1178/974/927
f 1175/975/928 13/8/8 1176/214/206
f 14/5/5 12/4/4 1179/976/929
f 1181/977/930 1141/978/931 1140/953/908
f 1181/977/930 1182/979/932 1141/978/931
f 1141/978/931 1182/979/932 1142/980/910
f 1143/957/911 1142/956/910 1182/981/932
f 1183/982/933 1165/983/934 1184/984/935
f 1162/985/936 1157/986/920 1159/987/937
f 1166/988/938 1165/989/934 1183/990/933
f 1169/972/925 1166/988/938 1181/977/930
f 1177/991/939 1176/214/206 1178/974/927
f 1185/992/940 1173/993/941 1177/991/939
f 1186/994/942 1171/995/943 1185/992/940
f 1186/994/942 1187/996/944 1188/997/945
f 1188/997/945 1167/998/946 1186/994/942
f 1188/997/945 1189/999/947 1190/1000/948
f 1190/1000/948 1168/1001/949 1188/997/945
f 1168/1001/949 1190/1000/948 1191/1002/950
f 1191/1002/950 1192/1003/951 1164/1004/952
f 1192/1003/951 1193/1005/953 1161/968/921
f 1194/1006/954 1195/1007/955 1193/1005/953
f 1196/1008/956 1155/1009/957 58/1010/958
f 1200/1011/959 1201/1012/960 1153/1013/961
f 1148/1014/962 62/1015/963 61/1016/964
f 1202/1017/965 1203/1018/966 62/1015/963
f 1121/1019/967 63/1020/968 60/1021/969
f 1205/1022/970 1119/1023/971 1121/1019/967
f 1119/1023/971 1205/1022/970 1120/1024/972
f 1120/1024/972 293/1025/973 1117/196/189
f 1115/936/893 1116/938/895 1117/196/189
f 1206/1026/974 1112/937/894 1115/936/893
f 1109/1027/975 1111/1028/976 1110/1029/977
f 1107/1030/978 281/1031/979 1208/1032/980
f 1208/1032/980 1104/934/891 1107/1030/978
f 1209/1033/981 1103/933/890 1104/934/891
f 1101/1034/982 1100/931/888 1103/933/890
f 1212/1035/983 1095/928/885 1097/930/887
f 1213/1036/984 1094/924/881 1095/928/885
f 1094/924/881 1213/1036/984 1214/1037/985
f 1214/1037/985 1091/925/882 1094/924/881
f 1215/1038/986 1216/1039/987 1088/1040/988
f 33/17/17 32/18/18 25/1041/989
f 261/1042/990 1216/1039/987 263/1043/991
f 265/1044/992 263/1043/991 1216/1039/987
f 1216/1039/987 1215/1038/986 265/1044/992
f 1210/1045/993 271/1046/994 269/1047/995
f 1209/1033/981 273/186/179 275/1048/996
f 281/1031/979 276/190/183 278/189/182
f 281/1031/979 1107/1030/978 1109/1027/975
f 1109/1027/975 1207/1049/997 281/1031/979
f 289/195/188 1206/1026/974 1115/936/893
f 289/195/188 1115/936/893 1117/196/189
f 1203/1018/966 1202/1017/965 1218/1050/998
f 307/1051/194 305/199/192 1219/1052/999
f 1219/1052/999 1220/1053/1000 307/1051/194
f 310/1054/1001 307/202/194 1220/1055/1000
f 310/1054/1001 1221/1056/1002 308/206/198
f 311/207/199 308/206/198 1221/1056/1002
f 1222/1057/1003 317/1058/1004 311/207/199
f 317/1058/1004 1222/1057/1003 1223/1059/1005
f 1223/1059/1005 321/1060/1006 317/1058/1004
f 321/1060/1006 1223/1059/1005 1224/1061/1007
f 1224/1061/1007 324/1062/1008 321/1060/1006
f 1233/1063/1009 1234/1064/1010 49/1065/1011
f 1234/1064/1010 1186/994/942 47/1066/1012
f 47/1066/1012 49/1065/1011 1234/1064/1010
f 1189/999/947 1188/997/945 1187/996/944
f 1237/1067/1013 1191/1002/950 1190/1000/948
f 1191/1002/950 1237/1067/1013 1194/1006/954
f 1191/1002/950 1194/1006/954 1192/1003/951
f 1197/1068/1014 1223/1059/1005 1222/1057/1003
f 1201/1012/960 1200/1011/959 1220/1053/1000
f 1052/1069/1015 1051/1070/1016 1050/881/840
f 1126/1071/1017 1053/882/841 1129/1072/1018
f 1123/884/843 1054/883/842 1126/1071/1017
f 1054/883/842 1053/882/841 1126/1071/1017
f 1118/1073/1019 221/142/138 1055/885/844
f 1116/938/895 1056/143/139 221/142/138
f 1114/935/892 1057/886/845 1056/143/139
f 1057/886/845 1114/935/892 1112/937/894
f 1239/1074/1020 1063/1075/1021 1061/891/850
f 1061/891/850 1060/889/848 1239/1074/1020
f 1239/1074/1020 1108/1076/1022 1063/1075/1021
f 1063/1075/1021 1065/1077/1023 1062/892/851
f 1065/1077/1023 1102/1078/1024 1066/1079/1025
f 1102/1078/1024 1096/927/884 1066/1079/1025
f 1067/894/853 1066/1079/1025 1096/927/884
f 1096/927/884 1093/926/883 1067/894/853
f 1092/922/879 1240/1080/1026 232/158/154
f 232/158/154 1067/894/853 1092/922/879
f 1241/1081/1027 1242/1082/1028 1068/896/855
f 1070/899/857 1068/898/855 1242/1083/1028
f 1243/1084/1029 1071/901/859 1070/899/857
f 1076/1085/1030 1073/905/863 1072/904/862
f 1243/1084/1029 1082/1086/872 1080/914/871
f 1084/916/873 1082/915/872 1242/1082/1028
f 1085/919/876 1084/916/873 1241/1081/1027
f 1092/922/879 1090/920/877 1240/1080/1026
f 1105/932/889 1100/931/888 1065/1077/1023
f 16/7/7 27/10/10 353/1087/1031
f 341/1088/1032 49/1065/1011 343/1089/1033
f 34/15/15 33/17/17 261/1042/990
f 38/19/19 167/94/90 39/20/20
f 1244/1090/1034 186/1091/1035 174/102/98
f 186/1091/1035 1244/1090/1034 187/109/105
f 186/1091/1035 180/106/102 52/1092/1036
f 2/869/831 134/1093/1037 137/259/245
f 27/10/10 16/7/7 12/4/4
f 869/689/659 871/692/661 465/690/267
f 872/697/662 873/696/664 467/700/665
f 467/700/665 874/699/666 469/703/667
f 469/703/667 875/702/668 470/1094/1038
f 1245/1095/1039 1263/1096/1040 1261/1097/1041
f 1245/1095/1039 1584/1098/1042 1264/1099/1043
f 1270/1100/1044 1271/1101/1045 1545/1102/1046
f 1272/1103/1047 1270/1100/1044 1545/1102/1046
f 1250/1104/1048 1284/1105/1049 1285/1106/1050
f 1287/1107/1051 1250/1104/1048 1286/1108/1052
f 1251/1109/1053 1290/1110/1054 1291/1111/1055
f 1252/1112/1056 1300/1113/1057 1301/1114/1058
f 1253/1115/1059 1304/1116/1060 1305/1117/1061
f 1254/1118/1062 1307/1119/1063 1308/1120/1064
f 1319/1121/1065 1322/1122/1066 1258/1123/1067
f 1322/1122/1066 1320/1124/1068 1258/1123/1067
f 1326/1125/1069 1325/1126/1070 1323/1127/1071
f 1326/1125/1069 1327/1128/1072 1325/1126/1070
f 1328/1129/1073 1329/1130/1074 1327/1128/1072
f 1330/1131/1075 1334/1132/1076 1335/1133/1077
f 1335/1133/1077 1337/1134/1078 1332/1135/1079
f 1336/1136/1080 1337/1134/1078 1340/1137/1081
f 1340/1137/1081 1338/1138/1082 1336/1136/1080
f 1338/1138/1082 1340/1137/1081 1341/1139/1083
f 1349/1140/1084 1348/1141/1085 1346/1142/1086
f 1348/1141/1085 1349/1140/1084 1351/1143/1087
f 1351/1143/1087 1350/1144/1088 1348/1141/1085
f 1352/1145/1089 1350/1144/1088 1351/1143/1087
f 1273/1146/1090 1363/1147/1091 1362/1148/1092
f 1273/1146/1090 1248/1149/1093 1363/1147/1091
f 1369/1150/1094 1374/1151/1095 1371/1152/1096
f 1381/1153/1097 1383/1154/1098 1382/1155/1099
f 1276/1156/1100 1380/1157/1101 1379/1158/1102
f 1376/1159/1103 1386/1160/1104 1388/1161/1105
f 1388/1161/1105 1373/1162/1106 1376/1159/1103
f 1388/1161/1105 1389/1163/1107 1390/1164/1108
f 1390/1164/1108 1391/1165/1109 1372/1166/1110
f 1370/1167/1111 1392/1168/1112 1368/1169/1113
f 1395/1170/1114 1396/1171/1115 1364/1172/1116
f 1485/1173/1117 1399/1174/1118 1246/1175/1119
f 1399/1174/1118 1265/1176/1120 1246/1175/1119
f 1400/1177/1121 1365/1178/1122 1265/1179/1120
f 1354/1180/1123 1403/1181/1124 1404/1182/1125
f 1404/1182/1125 1353/1183/1126 1354/1180/1123
f 1404/1182/1125 1352/1145/1089 1353/1183/1126
f 1342/1184/1127 1407/1185/1128 1343/1186/1129
f 1339/1187/1130 1338/1138/1082 1409/1188/1131
f 1339/1187/1130 1411/1189/1132 1336/1136/1080
f 1411/1189/1132 1412/1190/1133 1333/1191/1134
f 1412/1190/1133 1329/1130/1074 1333/1191/1134
f 1414/1192/1135 1323/1127/1071 1325/1126/1070
f 1419/1193/1136 1417/1194/1137 1420/1195/1138
f 1420/1195/1138 1316/1196/1139 1419/1193/1136
f 1421/1197/1140 1423/1198/1141 1257/1199/1142
f 1423/1198/1141 1308/1120/1064 1422/1200/1143
f 1427/1201/1144 1428/1202/1145 1419/1193/1136
f 1419/1193/1136 1316/1196/1139 1427/1201/1144
f 1418/1203/1146 1417/1194/1137 1429/1204/1147
f 1431/1205/1148 1432/1206/1149 1416/1207/1150
f 1437/1208/1151 1318/1209/1152 1436/1210/1153
f 1318/1209/1152 1439/1211/1154 1319/1212/1065
f 1440/1213/1155 1442/1214/1156 1322/1122/1066
f 1331/1215/1157 1328/1129/1073 1326/1125/1069
f 1335/1133/1077 1334/1132/1076 1447/1216/1158
f 1447/1216/1158 1337/1134/1078 1335/1133/1077
f 1450/1217/1159 1349/1140/1084 1346/1142/1086
f 1454/1218/1160 1353/1183/1126 1453/1219/1161
f 1459/1220/1162 1274/1221/1163 1458/1222/1164
f 1274/1221/1163 1460/1223/1165 1266/1224/1166
f 1266/1224/1166 1460/1223/1165 1267/1225/1167
f 1462/1226/1168 1377/1227/1169 1267/1225/1167
f 1462/1226/1168 1463/1228/1170 1381/1153/1097
f 1463/1228/1170 1464/1229/1171 1383/1154/1098
f 1383/1154/1098 1381/1153/1097 1463/1228/1170
f 1466/1230/1172 1383/1154/1098 1464/1229/1171
f 1466/1231/1172 1467/1232/1173 1384/1233/1174
f 1384/1233/1174 1383/1234/1098 1466/1231/1172
f 1384/1233/1174 1468/1235/1175 1469/1236/1176
f 1469/1236/1176 1277/1237/1177 1384/1233/1174
f 1471/1238/1178 1385/1239/1179 1275/1240/1180
f 1385/1239/1179 1276/1156/1100 1275/1240/1180
f 1389/1163/1107 1476/1241/1181 1390/1164/1108
f 1476/1241/1181 1478/1242/1182 1391/1165/1109
f 1391/1165/1109 1390/1164/1108 1476/1241/1181
f 1394/1243/1183 1480/1244/1184 1481/1245/1185
f 1481/1245/1185 1480/1244/1184 1482/1246/1186
f 1484/1247/1187 1485/1173/1117 1398/1248/1188
f 1506/1249/1189 1486/1250/1190 1400/1177/1121
f 1401/1251/1191 1488/1252/1192 1402/1253/1193
f 1403/1181/1124 1354/1180/1123 1357/1254/1194
f 1499/1255/1195 1404/1182/1125 1403/1181/1124
f 1405/1256/1196 1352/1145/1089 1404/1182/1125
f 1494/1257/1197 1406/1258/1198 1405/1256/1196
f 1494/1257/1197 1489/1259/1199 1406/1258/1198
f 1491/1260/1200 1343/1186/1129 1407/1185/1128
f 1491/1260/1200 1309/1261/1201 1408/1262/1202
f 1410/1263/1203 1492/1264/1204 1339/1187/1130
f 1411/1189/1132 1339/1187/1130 1492/1264/1204
f 1492/1264/1204 1310/1265/1205 1411/1189/1132
f 1411/1189/1132 1310/1265/1205 1412/1190/1133
f 1310/1265/1205 1255/1266/1206 1413/1267/1207
f 1420/1195/1138 1255/1266/1206 1310/1265/1205
f 1490/1268/1208 1496/1269/1209 1493/1270/1210
f 1494/1257/1197 1496/1269/1209 1490/1268/1208
f 1495/1271/1211 1405/1256/1196 1499/1255/1195
f 1499/1255/1195 1497/1272/1212 1495/1271/1211
f 1499/1255/1195 1498/1273/1213 1497/1272/1212
f 1499/1255/1195 1500/1274/1214 1498/1273/1213
f 1501/1275/1215 1502/1276/1216 1500/1274/1214
f 1502/1276/1216 1501/1275/1215 1488/1252/1192
f 1488/1252/1192 1504/1277/1217 1503/1278/1218
f 1485/1173/1117 1484/1247/1187 1509/1279/1219
f 1483/1280/1220 1482/1246/1186 1511/1281/1221
f 1517/1282/1222 1516/1283/1223 1515/1284/1224
f 1477/1285/1225 1519/1286/1226 1518/1287/1227
f 1523/1288/1228 1522/1289/1229 1473/1290/1230
f 1524/1291/1231 1525/1292/1232 1523/1288/1228
f 1534/1293/1233 1532/1294/1234 1531/1295/1235
f 1538/1296/1236 1532/1294/1234 1537/1297/1237
f 1540/1298/1238 1530/1299/1239 1533/1300/1240
f 1543/1301/1241 1249/1302/1242 1523/1288/1228
f 1543/1301/1241 1523/1288/1228 1525/1292/1232
f 1271/1101/1045 1523/1288/1228 1249/1302/1242
f 1544/1303/1243 1545/1102/1046 1278/1304/1244
f 1278/1304/1244 1542/1305/1245 1544/1303/1243
f 1546/1306/1246 1544/1303/1243 1542/1305/1245
f 1546/1306/1246 1542/1305/1245 1541/1307/1247
f 1541/1307/1247 1547/1308/1248 1546/1306/1246
f 1541/1307/1247 1548/1309/1249 1547/1308/1248
f 1533/1300/1240 1549/1310/1250 1540/1298/1238
f 1539/1311/1251 1550/1312/1252 1533/1300/1240
f 1553/1313/1253 1555/1314/1254 1552/1315/1255
f 1557/1316/1256 1558/1317/1257 1559/1318/1258
f 1561/1319/1259 1562/1320/1260 1559/1318/1258
f 1562/1320/1260 1560/1321/1261 1559/1318/1258
f 1569/1322/1262 1552/1315/1255 1555/1314/1254
f 1568/1323/1263 1551/1324/1264 1569/1322/1262
f 1569/1322/1262 1551/1324/1264 1552/1315/1255
f 1568/1323/1263 1570/1325/1265 1550/1312/1252
f 1571/1326/1266 1549/1310/1250 1550/1312/1252
f 1572/1327/1267 1548/1309/1249 1571/1326/1266
f 1546/1306/1246 1547/1308/1248 1574/1328/1268
f 1544/1303/1243 1546/1306/1246 1575/1329/1269
f 1576/1330/1270 1545/1102/1046 1544/1303/1243
f 1581/1331/1271 1520/1332/1272 1582/1333/1273
f 1245/1095/1039 1260/1334/1274 1515/1284/1224
f 1245/1095/1039 1515/1284/1224 1516/1283/1223
f 1514/1335/1275 1260/1334/1274 1585/1336/1276
f 1585/1336/1276 1512/1337/1277 1514/1335/1275
f 1587/1338/1278 1507/1339/1279 1509/1279/1219
f 1507/1339/1279 1506/1340/1189 1508/1341/1280
f 1507/1339/1279 1588/1342/1281 1589/1343/1282
f 1503/1278/1218 1589/1344/1282 1590/1345/1283
f 1502/1276/1216 1488/1252/1192 1591/1346/1284
f 1289/1347/1285 1500/1274/1214 1502/1276/1216
f 1288/1348/1286 1498/1273/1213 1500/1274/1214
f 1288/1348/1286 1497/1272/1212 1498/1273/1213
f 1493/1270/1210 1496/1269/1209 1594/1349/1287
f 1595/1350/1288 1307/1119/1063 1493/1270/1210
f 1307/1119/1063 1254/1118/1062 1493/1270/1210
f 1596/1351/1289 1308/1120/1064 1307/1119/1063
f 1596/1351/1289 1422/1200/1143 1308/1120/1064
f 1597/1352/1290 1598/1353/1291 1424/1354/1292
f 1433/1355/1293 1606/1356/1294 1434/1357/1295
f 1606/1356/1294 1608/1358/1296 1435/1359/1297
f 1435/1359/1297 1434/1357/1295 1606/1356/1294
f 1609/1360/1298 1610/1361/1299 1437/1208/1151
f 1437/1208/1151 1436/1210/1153 1609/1360/1298
f 1437/1208/1151 1610/1361/1299 1438/1362/1300
f 1613/1363/1301 1441/1364/1302 1440/1213/1155
f 1613/1363/1301 1615/1365/1303 1441/1364/1302
f 1618/1366/1304 1444/1367/1305 1443/1368/1306
f 1445/1369/1307 1620/1370/1308 1446/1371/1309
f 1621/1372/1310 1334/1132/1076 1446/1371/1309
f 1621/1372/1310 1447/1216/1158 1334/1132/1076
f 1627/1373/1311 1347/1374/1312 1344/1375/1313
f 1347/1374/1312 1627/1373/1311 1451/1376/1314
f 1452/1377/1315 1351/1143/1087 1349/1140/1084
f 1628/1378/1316 1453/1219/1161 1452/1377/1315
f 1453/1219/1161 1628/1378/1316 1629/1379/1317
f 1460/1223/1165 1274/1221/1163 1459/1220/1162
f 1467/1232/1173 1466/1231/1172 1638/1380/1318
f 1470/1381/1319 1468/1235/1175 1534/1293/1233
f 1524/1291/1231 1385/1239/1179 1471/1238/1178
f 1472/1382/1320 1524/1291/1231 1473/1290/1230
f 1522/1289/1229 1475/1383/1321 1473/1290/1230
f 1468/1235/1175 1535/1384/1322 1534/1293/1233
f 1536/1385/1323 1554/1386/1324 1537/1297/1237
f 1554/1386/1324 1552/1315/1255 1538/1296/1236
f 1538/1296/1236 1537/1297/1237 1554/1386/1324
f 1644/1387/1325 1556/1388/1326 1643/1389/1327
f 1644/1387/1325 1645/1390/1328 1646/1391/1329
f 1646/1391/1329 1647/1392/1330 1644/1387/1325
f 1647/1392/1330 1559/1318/1258 1558/1317/1257
f 1648/1393/1331 1561/1319/1259 1647/1392/1330
f 1647/1392/1330 1561/1319/1259 1559/1318/1258
f 1649/1394/1332 1650/1395/1333 1561/1319/1259
f 1650/1395/1333 1651/1396/1334 1562/1320/1260
f 1651/1396/1334 1563/1397/1335 1562/1320/1260
f 1563/1397/1335 1654/1398/1336 1655/1399/1337
f 1564/1400/1338 1656/1401/1339 1567/1402/1340
f 1567/1402/1340 1565/1403/1341 1564/1400/1338
f 1656/1401/1339 1657/1404/1342 1567/1402/1340
f 1657/1404/1342 1658/1405/1343 1567/1402/1340
f 1658/1405/1343 1568/1323/1263 1567/1402/1340
f 1659/1406/1344 1572/1327/1267 1571/1326/1266
f 1661/1407/1345 1574/1328/1268 1573/1408/1346
f 1574/1328/1268 1662/1409/1347 1663/1410/1348
f 1579/1411/1349 1666/1412/1350 1764/1413/1351
f 1669/1414/1352 1670/1415/1353 1581/1331/1271
f 1581/1331/1271 1580/1416/1354 1669/1414/1352
f 1583/1417/1355 1264/1099/1043 1584/1098/1042
f 1670/1415/1353 1671/1418/1356 1583/1419/1355
f 1671/1420/1356 1672/1421/1357 1264/1099/1043
f 1674/1422/1358 1263/1096/1040 1673/1423/1359
f 1676/1424/1360 1261/1097/1041 1263/1096/1040
f 1676/1424/1360 1262/1425/1361 1261/1097/1041
f 1678/1426/1362 1679/1427/1363 1262/1425/1361
f 1679/1427/1363 1680/1428/1364 1585/1336/1276
f 1681/1429/1365 1586/1430/1366 1511/1281/1221
f 1682/1431/1367 1588/1342/1281 1587/1338/1278
f 1588/1342/1281 1683/1432/1368 1284/1433/1049
f 1284/1105/1049 1589/1344/1282 1588/1434/1281
f 1284/1105/1049 1250/1104/1048 1590/1345/1283
f 1590/1345/1283 1589/1344/1282 1284/1105/1049
f 1590/1345/1283 1250/1104/1048 1684/1435/1369
f 1591/1346/1284 1685/1436/1370 1289/1347/1285
f 1289/1347/1285 1502/1276/1216 1591/1346/1284
f 1593/1437/1371 1688/1438/1372 1594/1349/1287
f 1689/1439/1373 1690/1440/1374 1688/1438/1372
f 1690/1440/1374 1595/1350/1288 1688/1438/1372
f 1691/1441/1375 1596/1351/1289 1307/1119/1063
f 1694/1442/1376 1597/1443/1290 1691/1444/1375
f 1698/1445/1377 1599/1446/1378 1598/1447/1291
f 1600/1448/1379 1599/1446/1378 1698/1445/1377
f 1602/1449/1380 1702/1450/1381 1603/1451/1382
f 1608/1358/1296 1606/1356/1294 1706/1452/1383
f 1707/1453/1384 1710/1454/1385 1611/1455/1386
f 1711/1456/1387 1712/1457/1388 1713/1458/1389
f 1614/1459/1390 1613/1363/1301 1713/1458/1389
f 1614/1459/1390 1715/1460/1391 1716/1461/1392
f 1716/1461/1392 1615/1365/1303 1614/1459/1390
f 1717/1462/1393 1616/1463/1394 1716/1461/1392
f 1717/1462/1393 1617/1464/1395 1616/1463/1394
f 1719/1465/1396 1618/1366/1304 1617/1464/1395
f 1618/1366/1304 1719/1465/1396 1720/1466/1397
f 1720/1466/1397 1619/1467/1398 1618/1366/1304
f 1619/1467/1398 1721/1468/1399 1620/1370/1308
f 1620/1370/1308 1721/1468/1399 1722/1469/1400
f 1722/1469/1400 1446/1371/1309 1620/1370/1308
f 1722/1469/1400 1621/1372/1310 1446/1371/1309
f 1623/1470/1401 1723/1471/1402 1725/1472/1403
f 1726/1473/1404 1448/1474/1405 1622/1475/1406
f 1626/1476/1407 1625/1477/1408 1728/1478/1409
f 1729/1479/1410 1451/1376/1314 1627/1373/1311
f 1629/1379/1317 1732/1480/1411 1733/1481/1412
f 1629/1379/1317 1733/1481/1412 1630/1482/1413
f 1734/1483/1414 1456/1484/1415 1455/1485/1416
f 1632/1486/1417 1457/1487/1418 1631/1488/1419
f 1735/1489/1420 1633/1490/1421 1632/1486/1417
f 1735/1489/1420 1845/1491/1422 1634/1492/1423
f 1634/1492/1423 1633/1490/1421 1735/1489/1420
f 1634/1492/1423 1846/1493/1424 1635/1494/1425
f 1736/1495/1426 1737/1496/1427 1636/1497/1428
f 1636/1497/1428 1461/1498/1429 1736/1495/1426
f 1465/1499/1430 1636/1497/1428 1737/1496/1427
f 1637/1500/1431 1738/1501/1432 1638/1502/1318
f 1738/1503/1432 1536/1385/1323 1639/1504/1433
f 1738/1501/1432 1739/1505/1434 1740/1506/1435
f 1740/1507/1435 1536/1385/1323 1738/1503/1432
f 1740/1507/1435 1640/1508/1436 1536/1385/1323
f 1740/1507/1435 1642/1509/1437 1640/1508/1436
f 1642/1509/1437 1641/1510/1438 1554/1386/1324
f 1741/1511/1439 1742/1512/1440 1642/1513/1437
f 1742/1514/1440 1643/1389/1327 1642/1509/1437
f 1742/1514/1440 1644/1387/1325 1643/1389/1327
f 1645/1515/1328 1856/1516/1441 1743/1517/1442
f 1743/1517/1442 1744/1518/1443 1645/1515/1328
f 1744/1518/1443 1648/1519/1331 1646/1520/1329
f 1744/1518/1443 1745/1521/1444 1648/1519/1331
f 1648/1519/1331 1746/1522/1445 1649/1523/1332
f 1649/1523/1332 1747/1524/1446 1650/1525/1333
f 1748/1526/1447 1749/1527/1448 1652/1528/1449
f 1656/1401/1339 1655/1399/1337 1754/1529/1450
f 1877/1530/1451 1755/1531/1452 1657/1404/1342
f 1755/1531/1452 1658/1405/1343 1657/1404/1342
f 1660/1532/1453 1570/1325/1265 1658/1405/1343
f 1758/1533/1454 1759/1534/1455 1760/1535/1456
f 1760/1535/1456 1661/1407/1345 1758/1533/1454
f 1760/1535/1456 1662/1409/1347 1661/1407/1345
f 1761/1536/1457 1663/1410/1348 1662/1409/1347
f 1764/1413/1351 1666/1412/1350 1763/1537/1458
f 1764/1413/1351 1765/1538/1459 1668/1539/1460
f 1766/1540/1461 1768/1541/1462 1670/1415/1353
f 1768/1541/1462 1770/1542/1463 1671/1418/1356
f 1671/1418/1356 1670/1415/1353 1768/1541/1462
f 1770/1543/1463 1773/1544/1464 1672/1421/1357
f 1672/1421/1357 1671/1420/1356 1770/1543/1463
f 1675/1545/1465 1674/1422/1358 1774/1546/1466
f 1675/1545/1465 1777/1547/1467 1676/1424/1360
f 1779/1548/1468 1780/1549/1469 1677/1550/1470
f 1783/1551/1471 1784/1552/1472 1681/1429/1365
f 1784/1552/1472 1682/1431/1367 1586/1430/1366
f 1285/1553/1050 1284/1433/1049 1683/1432/1368
f 1790/1554/1473 1791/1555/1474 1788/1556/1475
f 1791/1557/1474 1792/1558/1476 1793/1559/1477
f 1793/1559/1477 1287/1107/1051 1286/1108/1052
f 1287/1107/1051 1794/1560/1478 1684/1435/1369
f 1684/1435/1369 1250/1104/1048 1287/1107/1051
f 1794/1560/1478 1591/1346/1284 1684/1435/1369
f 1686/1561/1479 1685/1436/1370 1794/1560/1478
f 1686/1561/1479 1795/1562/1480 1687/1563/1481
f 1688/1438/1372 1795/1562/1480 1689/1439/1373
f 1797/1564/1482 1798/1565/1483 1692/1566/1484
f 1799/1567/1485 1693/1568/1486 1692/1566/1484
f 1695/1569/1487 1915/1570/1488 1916/1571/1489
f 1916/1571/1489 1800/1572/1490 1695/1569/1487
f 1800/1572/1490 1696/1573/1491 1695/1569/1487
f 1801/1574/1492 1700/1575/1493 1800/1572/1490
f 1807/1576/1494 1925/1577/1495 1706/1452/1383
f 1706/1452/1383 1607/1578/1496 1807/1576/1494
f 1609/1360/1298 1608/1358/1296 1808/1579/1497
f 1811/1580/1498 1610/1361/1299 1810/1581/1499
f 1708/1582/1500 1707/1453/1384 1812/1583/1501
f 1815/1584/1502 1707/1453/1384 1708/1582/1500
f 1709/1585/1503 1817/1586/1504 1818/1587/1505
f 1819/1588/1506 1820/1589/1507 1818/1587/1505
f 1821/1590/1508 1822/1591/1509 1820/1592/1507
f 1822/1591/1509 1823/1593/1510 1824/1594/1511
f 1824/1594/1511 1714/1595/1512 1822/1591/1509
f 1718/1596/1513 1828/1597/1514 1829/1598/1515
f 1831/1599/1516 1722/1469/1400 1721/1468/1399
f 1722/1469/1400 1831/1599/1516 1724/1600/1517
f 1833/1601/1518 1725/1472/1403 1723/1471/1402
f 1836/1602/1519 1728/1478/1409 1625/1477/1408
f 1837/1603/1520 1730/1604/1521 1729/1479/1410
f 1732/1480/1411 1841/1605/1522 1842/1606/1523
f 1842/1606/1523 1733/1481/1412 1732/1480/1411
f 1734/1483/1414 1843/1607/1524 1844/1608/1525
f 1631/1488/1419 1844/1608/1525 1735/1489/1420
f 1846/1493/1424 1634/1492/1423 1845/1491/1422
f 1847/1609/1526 1848/1610/1527 1737/1496/1427
f 1851/1611/1528 1852/1612/1529 1849/1613/1530
f 1854/1614/1531 1741/1511/1439 1852/1612/1529
f 1856/1516/1441 1645/1515/1328 1742/1512/1440
f 1855/1615/1532 1857/1616/1533 1858/1617/1534
f 1858/1617/1534 1859/1618/1535 1855/1615/1532
f 1861/1619/1536 1862/1620/1537 1863/1621/1538
f 1863/1621/1538 1745/1521/1444 1861/1619/1536
f 1863/1621/1538 1864/1622/1539 1746/1522/1445
f 1746/1522/1445 1745/1521/1444 1863/1621/1538
f 1746/1522/1445 1865/1623/1540 1747/1524/1446
f 1747/1524/1446 1866/1624/1541 1867/1625/1542
f 1750/1626/1543 1652/1528/1449 1749/1527/1448
f 1752/1627/1544 1873/1628/1545 1874/1629/1546
f 1874/1629/1546 1875/1630/1547 1752/1627/1544
f 2001/1631/1548 1754/1529/1450 1753/1632/1549
f 1759/1534/1455 1758/1533/1454 1757/1633/1550
f 1880/1634/1551 1760/1535/1456 1759/1534/1455
f 1760/1535/1456 1880/1634/1551 1881/1635/1552
f 1761/1536/1457 1882/1636/1553 1883/1637/1554
f 1762/1638/1555 1665/1639/1556 1883/1637/1554
f 1762/1638/1555 2010/1640/1557 1884/1641/1558
f 1763/1537/1458 1762/1638/1555 1885/1642/1559
f 1888/1643/1560 1889/1644/1561 1771/1645/1562
f 1772/1646/1563 1892/1647/1564 1773/1544/1464
f 1773/1544/1464 1892/1647/1564 1268/1648/1565
f 1268/1648/1565 1775/1649/1566 1774/1546/1466
f 1895/1650/1567 1896/1651/1568 1778/1652/1569
f 1778/1652/1569 1897/1653/1570 1898/1654/1571
f 1898/1654/1571 1899/1655/1572 1900/1656/1573
f 1900/1656/1573 1781/1657/1574 1780/1549/1469
f 1902/1658/1575 1904/1659/1576 1903/1660/1577
f 1903/1660/1577 1904/1659/1576 1782/1661/1578
f 1783/1551/1471 1782/1661/1578 1904/1659/1576
f 1786/1662/1579 1904/1659/1576 1905/1663/1580
f 1905/1663/1580 1787/1664/1581 1786/1662/1579
f 1909/1665/1582 1911/1666/1583 1789/1667/1584
f 1791/1555/1474 1790/1554/1473 1911/1666/1583
f 1794/1560/1478 1793/1559/1477 1792/1558/1476
f 1796/1668/1585 1795/1562/1480 1792/1558/1476
f 1912/1669/1586 1913/1670/1587 1797/1564/1482
f 1914/1671/1588 1798/1565/1483 1913/1670/1587
f 1913/1670/1587 1798/1565/1483 1797/1564/1482
f 1915/1570/1488 1799/1567/1485 1798/1565/1483
f 1915/1570/1488 1695/1569/1487 1799/1567/1485
f 1917/1672/1589 1801/1574/1492 1916/1571/1489
f 1918/1673/1590 1802/1674/1591 1801/1574/1492
f 1802/1674/1591 1919/1675/1592 1803/1676/1593
f 1925/1577/1495 1807/1576/1494 1924/1677/1594
f 1926/1678/1595 2057/1679/1596 1809/1680/1597
f 1927/1681/1598 1928/1682/1599 1812/1583/1501
f 1812/1583/1501 1811/1580/1498 1927/1681/1598
f 1812/1583/1501 1928/1682/1599 1813/1683/1600
f 1928/1682/1599 1929/1684/1601 1813/1683/1600
f 1929/1684/1601 1930/1685/1602 1814/1686/1603
f 1931/1687/1604 1932/1688/1605 1816/1689/1606
f 1932/1688/1605 1933/1690/1607 1817/1586/1504
f 1934/1691/1608 1935/1692/1609 1817/1586/1504
f 1935/1692/1609 1819/1588/1506 1817/1586/1504
f 1936/1693/1610 1937/1694/1611 1935/1692/1609
f 1937/1694/1611 1821/1695/1508 1819/1588/1506
f 1938/1696/1612 1939/1697/1613 1940/1698/1614
f 1944/1699/1615 1826/1700/1616 1824/1594/1511
f 1827/1701/1617 1826/1700/1616 1945/1702/1618
f 1828/1597/1514 1718/1596/1513 1827/1701/1617
f 1828/1597/1514 1945/1702/1618 1946/1703/1619
f 1947/1704/1620 1830/1705/1621 1829/1598/1515
f 1948/1706/1622 1724/1600/1517 1831/1599/1516
f 1952/1707/1623 1835/1708/1624 1725/1472/1403
f 1841/1605/1522 1958/1709/1625 1959/1710/1626
f 1959/1710/1626 1842/1606/1523 1841/1605/1522
f 1961/1711/1627 1844/1608/1525 1843/1607/1524
f 1961/1711/1627 1962/1712/1628 1845/1491/1422
f 1845/1491/1422 1735/1489/1420 1961/1711/1627
f 1966/1713/1629 1853/1714/1630 1851/1611/1528
f 1968/1715/1631 1855/1615/1532 1853/1714/1630
f 1969/1716/1632 1858/1617/1534 1857/1616/1533
f 1973/1717/1633 1860/1718/1634 1858/1617/1534
f 1978/1719/1635 1862/1620/1537 1976/1720/1636
f 1982/1721/1637 1864/1622/1539 1980/1722/1638
f 1987/1723/1639 1866/1624/1541 1984/1724/1640
f 1873/1725/1545 1872/1726/1641 1997/1727/1642
f 1873/1725/1545 1997/1727/1642 1999/1728/1643
f 2000/1729/1644 1875/1630/1547 1874/1629/1546
f 2002/1730/1645 1877/1530/1451 1876/1731/1646
f 1881/1635/1552 2006/1732/1647 2007/1733/1648
f 1882/1636/1553 2007/1733/1648 2008/1734/1649
f 2008/1734/1649 1883/1637/1554 1882/1636/1553
f 2010/1640/1557 1762/1638/1555 2009/1735/1650
f 2011/1736/1651 1884/1641/1558 2010/1640/1557
f 2013/1737/1652 2015/1738/1653 1886/1739/1654
f 1886/1739/1654 1885/1642/1559 2013/1737/1652
f 1887/1740/1655 2015/1738/1653 2016/1741/1656
f 2016/1741/1656 1888/1643/1560 1887/1740/1655
f 1888/1643/1560 2016/1741/1656 2017/1742/1657
f 2017/1742/1657 1890/1743/1658 1888/1643/1560
f 1890/1743/1658 2017/1742/1657 2018/1744/1659
f 2019/1745/1660 2020/1746/1661 1891/1747/1662
f 2020/1746/1661 1892/1647/1564 1772/1646/1563
f 1892/1647/1564 1269/1748/1663 1268/1648/1565
f 1896/1651/1568 1895/1650/1567 2025/1749/1664
f 2025/1750/1664 2026/1751/1665 2027/1752/1666
f 2027/1752/1666 1896/1753/1568 2025/1750/1664
f 2029/1754/1667 1897/1755/1570 2027/1752/1666
f 2030/1756/1668 1899/1757/1572 2029/1754/1667
f 2030/1756/1668 2031/1758/1669 1901/1759/1670
f 1901/1759/1670 1899/1757/1572 2030/1756/1668
f 2035/1760/1671 2036/1761/1672 1907/1762/1673
f 1907/1762/1673 2036/1761/1672 1908/1763/1674
f 2040/1764/1675 1908/1763/1674 2036/1761/1672
f 2042/1765/1676 1909/1665/1582 2040/1764/1675
f 2044/1766/1677 1913/1670/1587 1910/1767/1678
f 1913/1670/1587 1912/1669/1586 1910/1767/1678
f 2044/1766/1677 2045/1768/1679 1913/1670/1587
f 2045/1768/1679 1914/1671/1588 1913/1670/1587
f 2047/1769/1680 1917/1672/1589 1916/1571/1489
f 2050/1770/1681 2051/1771/1682 1920/1772/1683
f 2055/1773/1684 2056/1774/1685 2057/1679/1596
f 1927/1681/1598 1810/1581/1499 2059/1775/1686
f 1927/1681/1598 2060/1776/1687 1928/1682/1599
f 2061/1777/1688 2062/1778/1689 1929/1684/1601
f 2062/1778/1689 2063/1779/1690 1929/1684/1601
f 2063/1779/1690 1931/1687/1604 1930/1685/1602
f 1930/1685/1602 1929/1684/1601 2063/1779/1690
f 2065/1780/1691 2066/1781/1692 1933/1690/1607
f 2066/1781/1692 2068/1782/1693 2067/1783/1694
f 2067/1783/1694 2068/1782/1693 2069/1784/1695
f 2072/1785/1696 2073/1786/1697 2071/1787/1698
f 2075/1788/1699 2076/1789/1700 2077/1790/1701
f 2077/1790/1701 2076/1789/1700 2078/1791/1702
f 2078/1791/1702 1941/1792/1703 2077/1790/1701
f 2080/1793/1704 2081/1794/1705 1942/1795/1706
f 1943/1796/1707 2082/1797/1708 1944/1699/1615
f 2082/1797/1708 1826/1700/1616 1944/1699/1615
f 2084/1798/1709 1945/1702/1618 1826/1700/1616
f 2089/1799/1710 1830/1705/1621 1947/1704/1620
f 2090/1800/1711 1832/1801/1712 1830/1705/1621
f 1832/1801/1712 2090/1800/1711 1949/1802/1713
f 2092/1803/1714 1950/1804/1715 1948/1706/1622
f 1950/1804/1715 2092/1803/1714 2093/1805/1716
f 2093/1805/1716 1951/1806/1717 1950/1804/1715
f 2099/1807/1718 1960/1808/1719 1959/1710/1626
f 1960/1808/1719 2099/1807/1718 1962/1712/1628
f 1962/1712/1628 1961/1711/1627 1960/1808/1719
f 2100/1809/1720 1971/1810/1721 1970/1811/1722
f 2098/1812/1723 2101/1813/1724 2100/1809/1720
f 2102/1814/1725 1974/1815/1726 1972/1816/1727
f 2105/1817/1728 1977/1818/1729 2104/1819/1730
f 2105/1817/1728 2106/1820/1731 1979/1821/1732
f 1979/1821/1732 1977/1818/1729 2105/1817/1728
f 2109/1822/1733 1985/1823/1734 2108/1824/1735
f 1986/1825/1736 1985/1823/1734 2109/1822/1733
f 2109/1822/1733 1303/1826/1737 1302/1827/1738
f 1303/1826/1737 2112/1828/1739 2113/1829/1740
f 442/261/247 3/3/3 1/2/2 2/869/831
f 2120/1830/1741 1999/1728/1643 1997/1727/1642
f 1999/1728/1643 2120/1830/1741 2205/1831/1742
f 2205/1832/1742 2122/1833/1743 1999/1834/1643
f 2122/1833/1743 2000/1729/1644 1874/1629/1546
f 2002/1730/1645 2123/1835/1744 2124/1836/1745
f 2125/1837/1746 2126/1838/1747 2003/1839/1748
f 2127/1840/1749 2005/1841/1750 2004/1842/1751
f 2128/1843/1752 2008/1734/1649 2007/1733/1648
f 2130/1844/1753 2010/1640/1557 2009/1735/1650
f 2132/1845/1754 2014/1846/1755 2012/1847/1756
f 2014/1846/1755 2132/1845/1754 2133/1848/1757
f 2015/1738/1653 2014/1846/1755 2134/1849/1758
f 2134/1849/1758 2135/1850/1759 2136/1851/1760
f 2134/1849/1758 2016/1741/1656 2015/1738/1653
f 2137/1852/1761 2017/1742/1657 2016/1741/1656
f 2138/1853/1762 2018/1744/1659 2017/1742/1657
f 2224/1854/1763 2021/1855/1764 2019/1745/1660
f 2023/1856/1765 2022/1857/1766 2144/1858/1767
f 2145/1859/1768 2146/1860/1769 2025/1750/1664
f 2025/1750/1664 2024/1861/1770 2145/1859/1768
f 2147/1862/1771 2025/1750/1664 2146/1860/1769
f 2148/1863/1772 2026/1751/1665 2147/1862/1771
f 2028/1864/1773 2026/1751/1665 2148/1863/1772
f 2149/1865/1774 2150/1866/1775 2031/1758/1669
f 2031/1758/1669 2030/1756/1668 2149/1865/1774
f 2150/1866/1775 2151/1867/1776 2034/1868/1777
f 2038/1869/1778 2153/1870/1779 2039/1871/1780
f 2039/1871/1780 2153/1870/1779 2041/1872/1781
f 2155/1873/1782 2045/1768/1679 2044/1766/1677
f 2157/1874/1783 2045/1768/1679 2155/1873/1782
f 2157/1874/1783 2046/1875/1784 2045/1768/1679
f 2049/1876/1785 1919/1675/1592 2047/1769/1680
f 2167/1877/1786 2168/1878/1787 2056/1774/1685
f 2056/1774/1685 2055/1773/1684 2167/1877/1786
f 2172/1879/1788 2174/1880/1789 2063/1779/1690
f 2174/1880/1789 2175/1881/1790 2064/1882/1791
f 2175/1881/1790 2066/1781/1692 2065/1780/1691
f 2066/1883/1692 2176/1884/1792 2068/1885/1693
f 2177/1886/1793 2068/1885/1693 2176/1884/1792
f 2266/1887/1794 2178/1888/1795 2072/1889/1696
f 2178/1888/1795 2179/1890/1796 2074/1891/1797
f 2074/1891/1797 2073/1892/1697 2178/1888/1795
f 2181/1893/1798 2076/1894/1700 2180/1895/1799
f 2079/1896/1800 2076/1894/1700 2181/1893/1798
f 2185/1897/1801 2186/1898/1802 2083/1899/1803
f 2186/1898/1802 2085/1900/1804 2083/1899/1803
f 2085/1900/1804 2186/1898/1802 2187/1901/1805
f 2187/1901/1805 2086/1902/1806 2085/1900/1804
f 2089/1799/1710 2088/1903/1807 2189/1904/1808
f 2189/1904/1808 2090/1800/1711 2089/1799/1710
f 2190/1905/1809 1949/1802/1713 2090/1800/1711
f 2194/1906/1810 2095/1907/1811 2093/1805/1716
f 2096/1908/1812 2195/1909/1813 2196/1910/1814
f 2096/1908/1812 2196/1910/1814 2197/1911/1815
f 2197/1911/1815 2097/1912/1816 2096/1908/1812
f 1956/1913/1817 2103/1914/1818 2102/1814/1725
f 2097/1912/1816 2197/1911/1815 2103/1914/1818
f 2196/1910/1814 2198/1915/1819 2105/1817/1728
f 2105/1817/1728 2104/1819/1730 2196/1910/1814
f 2105/1817/1728 2198/1915/1819 2106/1820/1731
f 2201/1916/1820 2202/1917/1821 2110/1918/1822
f 2202/1917/1821 2281/1919/1823 2111/1920/1824
f 2114/1921/1825 2204/1922/1826 2117/1923/1827
f 2121/1924/1828 2288/1925/1829 2120/1830/1741
f 2120/1830/1741 2288/1925/1829 2205/1831/1742
f 2123/1835/1744 2002/1730/1645 2122/1833/1743
f 2206/1926/1830 2207/1927/1831 2124/1836/1745
f 2208/1928/1832 2127/1840/1749 2126/1838/1747
f 2127/1840/1749 2208/1928/1832 2209/1929/1833
f 2127/1840/1749 2209/1929/1833 2210/1930/1834
f 2129/1931/1835 2211/1932/1836 2212/1933/1837
f 2132/1845/1754 2131/1934/1838 2301/1935/1839
f 2301/1935/1839 2218/1936/1840 2132/1845/1754
f 2139/1937/1841 2221/1938/1842 2306/1939/1843
f 2306/1939/1843 2140/1940/1844 2139/1937/1841
f 2223/1941/1845 2224/1942/1763 2140/1940/1844
f 2235/1943/1846 2146/1860/1769 2234/1944/1847
f 2235/1943/1846 2236/1945/1848 2147/1862/1771
f 2147/1862/1771 2236/1945/1848 2148/1863/1772
f 2149/1865/1774 2028/1864/1773 2237/1946/1849
f 2149/1865/1774 2238/1947/1850 2150/1866/1775
f 2151/1867/1776 2150/1866/1775 2238/1947/1850
f 2238/1947/1850 2152/1948/1851 2151/1867/1776
f 2152/1948/1851 2239/1949/1852 2240/1950/1853
f 2240/1950/1853 2038/1869/1778 2037/1951/1854
f 2153/1870/1779 2038/1869/1778 2240/1950/1853
f 2153/1870/1779 1279/1952/1855 2241/1953/1856
f 2156/1954/1857 2154/1955/1858 2241/1953/1856
f 2243/1956/1859 2244/1957/1860 2158/1958/1861
f 2245/1959/1862 2159/1960/1863 2048/1961/1864
f 2246/1962/1865 2050/1770/1681 2159/1960/1863
f 2247/1963/1866 2248/1964/1867 2162/1965/1868
f 2162/1965/1868 1294/1966/1869 2163/1967/1870
f 2253/1968/1871 1305/1117/1061 2168/1878/1787
f 2168/1878/1787 2167/1877/1786 2253/1968/1871
f 2168/1878/1787 1305/1117/1061 1304/1116/1060
f 2256/1969/1872 1253/1115/1059 1299/1970/1873
f 2256/1969/1872 2170/1971/1874 2060/1776/1687
f 2257/1972/1875 2171/1973/1876 2170/1971/1874
f 1298/1974/1877 2258/1975/1878 2257/1972/1875
f 2174/1880/1789 2172/1879/1788 2261/1976/1879
f 2260/1977/1880 2350/1978/1881 2261/1976/1879
f 2173/1979/1882 2174/1880/1789 2261/1976/1879
f 2350/1978/1881 1295/1980/1883 2173/1979/1882
f 1296/1981/1884 2066/1781/1692 2175/1881/1790
f 2176/1884/1792 1296/1982/1884 2352/1983/1885
f 2176/1884/1792 2352/1983/1885 2262/1984/1886
f 2176/1884/1792 2263/1985/1887 2264/1986/1888
f 2265/1987/1889 2070/1988/1890 2264/1986/1888
f 2178/1888/1795 2433/1989/1891 2179/1890/1796
f 2182/1990/1892 2181/1893/1798 2268/1991/1893
f 2269/1992/1894 2409/1993/1895 2270/1994/1896
f 2270/1994/1896 2079/1896/1800 2269/1992/1894
f 2271/1995/1897 2272/1996/1898 2183/1997/1899
f 2183/1998/1899 2272/1999/1898 2184/2000/1900
f 2274/2001/1901 2275/2002/1902 2185/1897/1801
f 2275/2002/1902 2186/1898/1802 2185/1897/1801
f 2186/1898/1802 2275/2002/1902 2276/2003/1903
f 2276/2003/1903 2187/1901/1805 2186/1898/1802
f 2279/2004/1904 2189/1904/1808 2088/1903/1807
f 2194/1906/1810 2193/2005/1905 2283/2006/1906
f 2283/2006/1906 2095/1907/1811 2194/1906/1810
f 2283/2006/1906 2198/1915/1819 2095/1907/1811
f 2095/1907/1811 2198/1915/1819 2195/1909/1813
f 2198/1915/1819 2196/1910/1814 2195/1909/1813
f 2193/2005/1905 2192/2007/1907 2199/2008/1908
f 2191/2009/1909 2281/1919/1823 2202/1917/1821
f 2282/2010/1910 2203/2011/1911 2281/1919/1823
f 2112/1828/1739 2203/2011/1911 2282/2010/1910
f 2285/2012/1912 2204/1922/1826 2114/1921/1825
f 2286/2013/1913 2121/1924/1828 2119/2014/1914
f 2287/2015/1915 2288/1925/1829 2121/1924/1828
f 2206/1926/1830 2123/1835/1744 2205/1832/1742
f 2289/2016/1916 2290/2017/1917 2206/1926/1830
f 2290/2017/1917 2207/1927/1831 2206/1926/1830
f 2209/1929/1833 2292/2018/1918 2293/2019/1919
f 2293/2019/1919 2210/1930/1834 2209/1929/1833
f 2210/1930/1834 2293/2019/1919 2294/2020/1920
f 2295/2021/1921 2212/1933/1837 2211/1932/1836
f 2214/2022/1922 2296/2023/1923 2297/2024/1924
f 2297/2024/1924 2215/2025/1925 2214/2022/1922
f 2215/2025/1925 2297/2024/1924 2298/2026/1926
f 2298/2026/1926 2217/2027/1927 2215/2025/1925
f 2299/2028/1928 2301/1935/1839 2131/1934/1838
f 2304/2029/1929 2306/1939/1843 2221/1938/1842
f 2308/2030/1930 2225/2031/1931 2223/1941/1845
f 2229/2032/1932 2311/2033/1933 2230/2034/1934
f 2311/2033/1933 2312/2035/1935 2230/2034/1934
f 2233/2036/1936 2313/2037/1937 2234/1944/1847
f 2234/1944/1847 2313/2037/1937 2235/1943/1846
f 2314/2038/1938 2315/2039/1939 2237/1946/1849
f 2237/1946/1849 2236/1945/1848 2314/2038/1938
f 2237/1946/1849 2315/2039/1939 2238/1947/1850
f 2315/2039/1939 2239/1949/1852 2152/1948/1851
f 2152/1948/1851 2238/1947/1850 2315/2039/1939
f 1279/1952/1855 2317/2040/1940 2242/2041/1941
f 2242/2041/1941 2241/1953/1856 1279/1952/1855
f 2242/2041/1941 2318/2042/1942 2243/1956/1859
f 2318/2042/1942 2244/1957/1860 2243/1956/1859
f 2319/2043/1943 2321/2044/1944 2245/1959/1862
f 2246/1962/1865 2322/2045/1945 2323/2046/1946
f 2323/2046/1946 2247/1963/1866 2246/1962/1865
f 2329/2047/1947 2330/2048/1948 2254/2049/1949
f 2330/2048/1948 1301/1114/1058 1300/1113/1057
f 2326/2050/1950 2333/2051/1951 2332/2052/1952
f 2325/2053/1953 2334/2054/1954 2326/2050/1950
f 2338/2055/1955 2335/2056/1956 2337/2057/1957
f 2337/2057/1957 2320/2058/1958 2338/2055/1955
f 2318/2042/1942 2338/2055/1955 2320/2058/1958
f 2320/2058/1958 2319/2043/1943 2318/2042/1942
f 2338/2055/1955 2318/2042/1942 2339/2059/1959
f 2316/2060/1960 2340/2061/1961 2339/2059/1959
f 2340/2061/1961 2341/2062/1962 2338/2055/1955
f 2338/2055/1955 2339/2059/1959 2340/2061/1961
f 2343/2063/1963 2344/2064/1964 2336/2065/1965
f 2345/2066/1966 2326/2050/1950 2334/2054/1954
f 2333/2051/1951 2326/2050/1950 2345/2066/1966
f 2331/2067/1967 2332/2052/1952 2333/2051/1951
f 2348/2068/1968 2349/2069/1969 1297/2070/1970
f 2349/2069/1969 2259/2071/1971 2258/1975/1878
f 1292/2072/1972 2350/1978/1881 2260/1977/1880
f 2361/2073/1973 1312/2074/1974 2359/2075/1975
f 2364/2076/1976 2365/2077/1977 2362/2078/1978
f 2369/2079/1979 2373/2080/1980 2367/2081/1981
f 2373/2080/1980 2375/2082/1982 2372/2083/1983
f 2374/2084/1984 2377/2085/1985 2376/2086/1986
f 2306/1939/1843 2304/2029/1929 2384/2087/1987
f 2387/2088/1988 2385/2089/1989 2304/2029/1929
f 2303/2090/1990 2388/2091/1991 2386/2092/1992
f 2302/2093/1993 1281/2094/1994 1280/2095/1995
f 1282/2096/1996 2299/2028/1928 2389/2097/1997
f 2295/2021/1921 2395/2098/1998 2394/2099/1999
f 2395/2098/1998 2295/2021/1921 2294/2020/1920
f 2398/2100/2000 2294/2020/1920 2293/2019/1919
f 2292/2018/1918 2400/2101/2001 2399/2102/2002
f 2289/2016/1916 2401/2103/2003 2290/2017/1917
f 2403/2104/2004 2405/2105/2005 2401/2103/2003
f 2403/2104/2004 2205/1832/1742 2288/2106/1829
f 2287/2015/1915 2286/2013/1913 2404/2107/2006
f 2286/2013/1913 2276/2003/1903 2275/2002/1902
f 2275/2002/1902 2404/2107/2006 2286/2013/1913
f 2278/2108/2007 2277/2109/2008 2285/2012/1912
f 2282/2010/1910 2279/2004/1904 2280/2110/2009
f 2280/2110/2009 2279/2004/1904 2188/2111/2010
f 2273/2112/2011 2404/2107/2006 2274/2001/1901
f 2273/2112/2011 2405/2113/2005 2404/2107/2006
f 2407/2114/2012 2406/2115/2013 2402/2116/2014
f 2407/2114/2012 2400/2101/2001 2406/2115/2013
f 2396/2117/2015 2395/2098/1998 2397/2118/2016
f 2411/2119/2017 2393/2120/2018 2394/2099/1999
f 2412/2121/2019 2414/2122/2020 2413/2123/2021
f 1283/2124/2022 1282/2096/1996 2416/2125/2023
f 1282/2096/1996 2389/2097/1997 2416/2125/2023
f 2386/2092/1992 2417/2126/2024 2387/2088/1988
f 2419/2127/2025 2387/2088/1988 2417/2126/2024
f 2385/2089/1989 2387/2088/1988 2419/2127/2025
f 2385/2089/1989 2420/2128/2026 2384/2087/1987
f 2420/2128/2026 2422/2129/2027 2381/2130/2028
f 2422/2129/2027 2423/2131/2029 2381/2130/2028
f 2423/2131/2029 1313/2132/2030 2379/2133/2031
f 2425/2134/2032 2365/2077/1977 2374/2084/1984
f 2374/2084/1984 2376/2086/1986 2425/2134/2032
f 2425/2134/2032 1313/2135/2030 1312/2074/1974
f 1312/2074/1974 2362/2078/1978 2425/2134/2032
f 2425/2134/2032 2362/2078/1978 2365/2077/1977
f 1312/2074/1974 2361/2073/1973 2362/2078/1978
f 2357/2136/2033 2359/2137/1975 1312/2138/1974
f 2429/2139/2034 2263/1985/1887 2428/2140/2035
f 2430/2141/2036 2431/2142/2037 2265/1987/1889
f 2432/2143/2038 2266/1887/1794 2431/2142/2037
f 2433/1989/1891 2178/1888/1795 2432/2143/2038
f 2407/2114/2012 2271/1995/1897 2270/1994/1896
f 2272/1996/1898 2407/2114/2012 2402/2116/2014
f 2410/2144/2039 2397/2118/2016 2409/1993/1895
f 2435/2145/2040 2396/2117/2015 2410/2144/2039
f 2436/2146/2041 2411/2119/2017 2396/2117/2015
f 2433/1989/1891 2445/2147/2042 2267/2148/2043
f 2267/2148/2043 2436/2146/2041 2434/2149/2044
f 2434/2149/2044 2435/2145/2040 2410/2144/2039
f 2433/1989/1891 2432/2143/2038 2444/2150/2045
f 2446/2151/2046 2441/2152/2047 2443/2153/2048
f 1314/2154/2049 2424/2155/2050 2441/2152/2047
f 2446/2151/2046 2430/2141/2036 2447/2156/2051
f 2447/2156/2051 1315/2157/2052 2446/2151/2046
f 2447/2156/2051 2427/2158/2053 2426/2159/2054
f 2426/2159/2054 1311/2160/2055 2447/2156/2051
f 2444/2150/2045 2431/2142/2037 2430/2141/2036
f 2428/2140/2035 2353/2161/2056 2427/2158/2053
f 2273/2112/2011 2272/1999/1898 2405/2113/2005
f 2399/2102/2002 2293/2019/1919 2292/2018/1918
f 2393/2120/2018 2297/2024/1924 2296/2023/1923
f 2382/2162/2057 2380/2163/2058 2311/2033/1933
f 2311/2033/1933 2310/2164/2059 2382/2162/2057
f 2312/2035/1935 2311/2033/1933 2375/2082/1982
f 2375/2082/1982 2373/2080/1980 2312/2035/1935
f 2373/2080/1980 2369/2079/1979 2232/2165/2060
f 2449/2166/2061 2450/2167/2062 2315/2039/1939
f 2315/2039/1939 2314/2038/1938 2449/2166/2061
f 2239/1949/1852 2315/2039/1939 2451/2168/2063
f 2451/2168/2063 2450/2167/2062 2452/2169/2064
f 2449/2166/2061 2448/2170/2065 2454/2171/2066
f 2454/2171/2066 2453/2172/2067 2449/2166/2061
f 2454/2171/2066 2455/2173/2068 2453/2172/2067
f 2452/2169/2064 2453/2172/2067 2455/2173/2068
f 2341/2062/1962 2340/2061/1961 2452/2169/2064
f 2336/2065/1965 2344/2064/1964 2456/2174/2069
f 1290/1110/1054 1251/1109/1053 2348/2068/1968
f 2457/2175/2070 2463/2176/2071 2458/2177/2072
f 2466/2178/2073 2456/2174/2069 2344/2064/1964
f 2342/2179/2074 2455/2173/2068 2344/2064/1964
f 2455/2173/2068 2454/2171/2066 2466/2178/2073
f 2466/2178/2073 2344/2064/1964 2455/2173/2068
f 2360/2180/2075 2462/2181/2076 2467/2182/2077
f 2462/2181/2076 2360/2180/2075 2358/2183/2078
f 2358/2183/2078 2461/2184/2079 2462/2181/2076
f 2461/2184/2079 2358/2183/2078 2355/2185/2080
f 2350/1978/1881 1292/2072/1972 2353/2186/2056
f 2360/2180/2075 2356/2187/2081 2358/2183/2078
f 2363/2188/2082 2361/2073/1973 2360/2180/2075
f 2368/2189/2083 2367/2081/1981 2366/2190/2084
f 1295/2191/1883 2351/2192/2085 2352/1983/1885
f 2348/2068/1968 1251/1109/1053 2349/2069/1969
f 2242/2041/1941 2317/2040/1940 2316/2060/1960
f 2322/2045/1945 2246/1962/1865 2321/2044/1944
f 1304/1116/1060 1253/1115/1059 2169/2193/2086
f 1468/1235/1175 1467/1232/1173 1639/1504/1433
f 1271/1101/1045 1270/1100/1044 1522/1289/1229
f 1513/2194/2087 1482/1246/1186 1480/1244/1184
f 1495/1271/1211 1494/1257/1197 1405/1256/1196
f 1248/1149/1093 1274/1221/1163 1266/1224/1166
f 1247/2195/2088 1368/1169/1113 1366/2196/2089
f 1417/1194/1137 1255/1266/1206 1420/1195/1138
f 19/2197/2090 20/2198/30 17/2199/637 18/671/641
f 242/257/243 6/82/79 5/84/81
f 8/267/253 454/270/256 7/866/830
f 9/832/796 10/2200/2091 11/2201/2092
f 18/671/641 17/2199/637 21/669/639 22/672/642
f 29/13/13 35/21/21 36/23/23 37/14/14
f 23/2202/870 24/917/874 25/1041/989
f 42/2203/2093 43/27/27 41/29/26 256/2204/25
f 46/2205/2094 44/24/24 41/26/26 45/2206/28
f 89/301/283 86/46/45 87/45/44 88/50/49
f 47/1066/1012 48/2207/2095 49/1065/1011
f 50/30/29 17/667/637 20/31/30
f 50/30/29 425/32/31 51/666/636
f 53/141/137 54/108/104 55/139/135
f 60/1021/969 1122/939/896 61/1016/964
f 61/1016/964 62/1015/963 60/1021/969
f 65/621/593 507/321/303 64/508/487
f 64/508/487 66/515/494 65/621/593
f 76/41/40 77/40/39 78/300/282
f 76/41/40 80/306/288 81/42/41
f 81/42/41 82/524/503 79/39/38
f 82/524/503 81/42/41 784/522/501
f 82/524/503 83/43/42 79/39/38
f 79/39/38 84/44/43 77/40/39
f 107/60/59 109/59/58 110/62/61 111/290/272
f 87/45/44 90/48/47 88/50/49
f 91/49/48 90/48/47 93/530/509
f 91/49/48 94/2208/2096 92/297/279
f 94/2208/2096 96/532/511 92/297/279
f 96/532/511 98/51/50 95/53/52
f 97/52/51 100/2209/2097 99/295/277
f 101/56/55 477/293/275 100/2209/2097
f 101/56/55 100/2209/2097 102/54/53
f 101/56/55 105/55/54 104/58/57
f 105/55/54 794/534/513 106/57/56
f 107/60/59 108/291/273 106/57/56
f 812/546/524 6/82/79 139/79/76 138/81/78
f 109/59/58 112/610/584 113/61/60
f 123/73/70 121/71/68 124/542/520
f 124/542/520 125/74/71 123/73/70
f 125/74/71 124/542/520 127/2210/2098
f 127/2210/2098 128/78/75 125/74/71
f 128/78/75 127/2210/2098 129/615/587
f 128/78/75 129/615/587 131/2211/2099
f 131/2211/2099 133/76/73 128/78/75
f 133/76/73 135/2212/2100 132/77/74
f 135/2212/2100 134/1093/1037 132/77/74
f 134/1093/1037 135/2212/2100 136/544/522
f 136/544/522 137/259/245 134/1093/1037
f 145/2213/2101 144/164/159 142/167/162 147/463/444
f 5/84/81 813/83/80 141/2214/2102
f 141/2214/2102 143/166/161 5/84/81
f 143/166/161 141/2214/2102 142/167/162
f 142/167/162 141/2214/2102 147/463/444
f 149/2215/2103 152/85/82 153/87/84 154/2216/2104
f 145/2213/2101 147/463/444 148/462/443
f 148/462/443 150/2217/2105 145/2213/2101
f 149/2215/2103 150/2217/2105 148/462/443
f 148/462/443 718/461/442 149/2215/2103
f 161/157/153 159/156/152 157/92/88 160/91/87
f 153/87/84 156/86/83 155/89/86
f 155/161/86 158/90/85 157/92/88
f 55/139/135 54/108/104 181/107/103 182/2218/2106
f 161/157/153 204/223/214 162/93/89
f 161/157/153 162/93/89 163/95/91
f 163/95/91 164/154/150 161/157/153
f 165/96/92 166/152/148 163/95/91
f 163/95/91 167/94/90 165/96/92
f 171/99/95 168/150/146 165/96/92
f 165/96/92 169/97/93 171/99/95
f 171/99/95 173/98/94 172/100/96
f 172/100/96 174/102/98 175/2219/2107
f 175/2219/2107 177/103/99 176/105/101
f 177/103/99 175/2219/2107 180/106/102
f 186/1091/1035 183/2220/2108 182/2218/2106 180/106/102
f 182/2218/2106 183/2220/2108 184/2221/2109
f 181/107/103 180/106/102 182/2218/2106
f 187/109/105 185/111/107 183/2220/2108 186/1091/1035
f 30/12/12 193/116/112 194/114/110 29/13/13
f 189/113/109 192/136/132 188/110/106
f 188/110/106 190/112/108 189/113/109
f 191/115/111 192/136/132 189/113/109
f 30/12/12 195/118/114 193/116/112
f 191/115/111 193/116/112 195/118/114 196/134/130
f 201/123/119 199/120/116 37/14/14 36/23/23
f 198/119/115 37/14/14 199/120/116
f 202/121/117 203/124/120 205/126/122 206/125/121
f 167/94/90 36/23/23 39/20/20
f 203/124/120 162/93/89 204/223/214
f 212/131/127 197/117/113 210/130/126 211/2222/835
f 203/124/120 202/121/117 201/123/119
f 206/125/121 208/128/124 202/121/117
f 196/134/130 195/118/114 212/131/127 213/132/128
f 197/117/113 199/120/116 200/122/118
f 218/2223/2110 184/2221/2109 185/111/107 217/2224/2111
f 196/134/130 214/133/129 215/135/131
f 188/110/106 192/136/132 217/2224/2111
f 217/2224/2111 185/111/107 188/110/106
f 53/141/137 222/144/140 179/2225/2112 54/108/104
f 184/2221/2109 219/137/133 55/139/135
f 184/2221/2109 183/2220/2108 185/111/107
f 55/139/135 220/138/134 53/141/137
f 55/139/135 182/2218/2106 184/2221/2109
f 56/140/136 1055/885/844 221/142/138
f 56/140/136 1056/143/139 222/144/140
f 222/144/140 53/141/137 56/140/136
f 175/2219/2107 176/105/101 224/146/142 172/100/96
f 179/2225/2112 222/144/140 178/104/100
f 179/2225/2112 177/103/99 54/108/104
f 178/104/100 177/103/99 179/2225/2112
f 223/145/141 224/146/142 176/105/101
f 170/101/97 227/148/144 168/150/146 171/99/95
f 155/89/86 234/2226/156 154/2216/2104 153/87/84
f 168/150/146 228/149/145 166/152/148
f 166/152/148 165/96/92 168/150/146
f 166/152/148 229/151/147 164/154/150
f 164/154/150 163/95/91 166/152/148
f 164/154/150 230/153/149 231/155/151
f 157/92/88 232/158/154 233/159/155
f 1079/2227/868 256/25/25 255/249/236 254/2228/869
f 234/2226/156 235/2229/856 154/2216/2104
f 151/2230/2113 149/2215/2103 154/2216/2104
f 154/2216/2104 236/900/858 151/2230/2113
f 150/2217/2105 149/2215/2103 151/2230/2113
f 151/2230/2113 238/903/861 150/2217/2105
f 146/162/157 145/2213/2101 150/2217/2105
f 150/2217/2105 238/903/861 146/162/157
f 144/164/159 145/2213/2101 146/162/157
f 144/164/159 239/163/158 240/165/160
f 143/166/161 240/165/160 1074/906/864
f 241/168/163 242/257/243 143/166/161
f 143/166/161 1074/906/864 241/168/163
f 248/174/169 249/254/240 247/173/168
f 248/174/169 250/175/170 251/177/172
f 252/176/171 253/2231/2114 251/177/172
f 253/2231/2114 252/176/171 254/911/869
f 254/2228/869 255/249/236 253/2232/2114
f 256/2204/25 257/180/173 258/181/174 42/2203/2093
f 1214/1037/985 266/183/176 264/185/178 265/1044/992
f 34/15/15 261/1042/990 259/182/175
f 261/1042/990 260/2233/2115 259/182/175
f 263/1043/991 262/2234/2116 260/2233/2115
f 263/1043/991 265/1044/992 262/2234/2116
f 265/1044/992 264/185/178 262/2234/2116
f 410/240/227 279/2235/2117 276/190/183 280/191/184
f 268/2236/2118 267/184/177 1211/2237/2119
f 269/1047/995 413/659/629 270/335/317
f 269/1047/995 268/2236/2118 1210/1045/993
f 269/1047/995 271/1046/994 413/659/629
f 271/1046/994 273/186/179 272/188/181
f 273/186/179 271/1046/994 275/1048/996
f 274/187/180 276/190/183 277/658/628
f 299/2238/2120 296/2239/2121 291/2240/2122 298/2241/2123
f 280/191/184 282/193/186 283/241/228
f 280/191/184 276/190/183 1207/1049/997
f 284/192/185 280/191/184 285/194/187
f 284/192/185 289/195/188 286/238/225
f 289/195/188 287/197/190 288/2242/2124
f 290/2243/2125 291/2240/2122 292/2244/2126
f 290/2243/2125 287/197/190 293/1025/973
f 291/2240/2122 290/2243/2125 295/2245/2127
f 291/2240/2122 296/2239/2121 294/2246/2128
f 296/2239/2121 297/2247/2129 294/2246/2128
f 296/2239/2121 300/198/191 301/200/193 302/2248/224
f 296/2239/2121 299/2238/2120 300/198/191
f 308/206/198 306/205/197 303/203/195 307/202/194
f 303/2249/195 304/232/221 301/2250/193
f 301/2250/193 305/2251/192 303/2249/195
f 313/2252/2130 309/204/196 311/207/199 312/2253/2131
f 307/202/194 310/1054/1001 308/206/198
f 320/2254/2132 316/209/201 318/2255/2133 319/2256/2134
f 312/2253/2131 315/208/200 314/210/202
f 315/208/200 312/2253/2131 317/1058/1004
f 315/208/200 318/2255/2133 316/209/201
f 325/2257/2135 323/2258/2136 327/2259/2137 328/2260/2138
f 318/2255/2133 315/208/200 321/1060/1006
f 318/2255/2133 322/2261/2139 319/2256/2134
f 322/2261/2139 323/2258/2136 319/2256/2134
f 322/2261/2139 318/2255/2133 324/1062/1008
f 323/2258/2136 325/2257/2135 326/2262/2140
f 323/2258/2136 322/2261/2139 327/2259/2137
f 329/2263/2141 328/2260/2138 330/2264/2142 331/2265/2143
f 328/2260/2138 329/2263/2141 325/2257/2135
f 328/2260/2138 327/2259/2137 330/2264/2142
f 332/2266/2144 331/2265/2143 333/2267/2145 335/2268/2146
f 331/2265/2143 332/2266/2144 329/2263/2141
f 331/2265/2143 330/2264/2142 333/2267/2145
f 338/2269/2147 337/2270/2148 339/2271/2149 340/2272/2150
f 335/2268/2146 334/2273/2151 332/2266/2144
f 335/2268/2146 336/228/217 334/2273/2151
f 336/228/217 335/2268/2146 337/2270/2148
f 337/2270/2148 338/2269/2147 336/228/217
f 342/637/608 341/1088/1032 343/1089/1033 344/2274/2152
f 340/2272/2150 339/2271/2149 341/1088/1032
f 341/1088/1032 342/637/608 340/2272/2150
f 48/2207/2095 345/2275/2153 344/2274/2152 343/1089/1033
f 370/2276/2154 352/2277/2155 354/2278/2156 355/2279/2157
f 345/2275/2153 375/226/215 344/2274/2152
f 345/2275/2153 346/213/205 375/226/215
f 13/8/8 350/216/208 349/215/207
f 16/7/7 351/2280/2158 350/216/208
f 16/7/7 352/2277/2155 351/2280/2158
f 352/2277/2155 16/7/7 353/1087/1031
f 353/1087/1031 354/2278/2156 352/2277/2155
f 355/2279/2157 354/2278/2156 356/2281/2159 357/2282/2160
f 354/2278/2156 353/1087/1031 356/2281/2159
f 352/2277/2155 370/2276/2154 371/2283/2161 351/2280/2158
f 357/2282/2160 356/2281/2159 358/950/906
f 358/950/906 359/2284/2162 357/2282/2160
f 359/2284/2162 360/219/210 357/2282/2160
f 359/2284/2162 358/950/906 361/870/832
f 359/2284/2162 207/2285/123 360/219/210
f 207/2285/123 205/217/122 360/219/210
f 205/217/122 363/224/213 362/218/209
f 365/220/211 160/91/87 364/221/212
f 364/225/212 158/88/85 366/378/360
f 362/218/209 364/225/212 609/377/359
f 357/2282/2160 360/219/210 368/631/602
f 368/631/602 355/2279/2157 357/2282/2160
f 355/2279/2157 368/631/602 369/2286/2163
f 369/2286/2163 370/2276/2154 355/2279/2157
f 371/2283/2161 372/633/604 351/2280/2158
f 377/372/354 342/637/608 344/2274/2152 376/2287/2164
f 372/633/604 349/215/207 350/216/208
f 372/633/604 350/216/208 351/2280/2158
f 349/215/207 372/633/604 373/2288/2165
f 373/2288/2165 348/211/203 349/215/207
f 348/211/203 373/2288/2165 374/635/606
f 374/635/606 347/212/204 348/211/203
f 376/2287/2164 344/2274/2152 375/226/215
f 334/2273/2151 381/227/216 382/2289/2166 383/640/611
f 378/636/607 340/2272/2150 342/637/608
f 340/2272/2150 378/636/607 379/638/609
f 379/638/609 338/2269/2147 340/2272/2150
f 338/2269/2147 379/638/609 380/229/218
f 380/229/218 336/228/217 338/2269/2147
f 323/2258/2136 326/2262/2140 390/2290/2167 319/2256/2134
f 381/227/216 334/2273/2151 336/228/217
f 383/640/611 384/2291/2168 332/2266/2144
f 383/640/611 332/2266/2144 334/2273/2151
f 384/2291/2168 383/640/611 385/643/614
f 384/2291/2168 386/2292/2169 329/2263/2141
f 384/2291/2168 329/2263/2141 332/2266/2144
f 386/2292/2169 384/2291/2168 387/645/616
f 386/2292/2169 388/2293/2170 325/2257/2135
f 386/2292/2169 325/2257/2135 329/2263/2141
f 388/2293/2170 386/2292/2169 389/646/617
f 388/2293/2170 390/2290/2167 326/2262/2140
f 388/2293/2170 326/2262/2140 325/2257/2135
f 390/2290/2167 388/2293/2170 391/648/619
f 390/2290/2167 392/2294/2171 319/2256/2134
f 312/2253/2131 314/210/202 396/2295/2172 313/2252/2130
f 392/2294/2171 390/2290/2167 393/650/621
f 392/2294/2171 320/2254/2132 319/2256/2134
f 320/2254/2132 392/2294/2171 394/652/623
f 320/2254/2132 395/230/219 316/209/201
f 395/230/219 396/2295/2172 314/210/202
f 396/2295/2172 395/230/219 397/2296/340
f 401/2297/2173 304/232/221 399/231/220 400/653/624
f 313/2298/2130 396/2299/2172 398/356/338
f 313/2298/2130 399/231/220 309/234/196
f 304/232/221 402/235/222 302/237/224 301/2250/193
f 304/232/221 401/2297/2173 402/235/222
f 304/232/221 303/2249/195 306/233/197
f 405/352/334 297/2247/2129 403/2300/223 404/656/626
f 302/2248/224 403/2300/223 297/2247/2129
f 297/2247/2129 296/2239/2121 302/2248/224
f 406/2301/2174 294/2246/2128 297/2247/2129 405/352/334
f 291/2240/2122 294/2246/2128 406/2301/2174 292/2244/2126
f 557/350/332 407/348/330 292/2244/2126 406/2301/2174
f 290/2243/2125 292/2244/2126 407/348/330 408/2302/2175
f 287/197/190 290/2243/2125 408/2302/2175 288/2242/2124
f 282/193/186 284/192/185 409/239/226 283/241/228
f 288/2242/2124 408/2302/2175 552/347/329
f 288/2242/2124 286/238/225 289/195/188
f 43/27/27 42/2203/2093 421/245/232 422/246/233
f 279/2235/2117 410/240/227 411/342/324
f 279/2235/2117 277/658/628 276/190/183
f 277/658/628 279/2235/2117 411/342/324
f 277/658/628 412/242/229 274/187/180
f 272/188/181 413/659/629 271/1046/994
f 270/335/317 413/659/629 539/336/318
f 270/335/317 268/2236/2118 269/1047/995
f 268/2236/2118 414/243/230 267/184/177
f 414/243/230 268/2236/2118 415/660/630
f 414/243/230 416/2303/2176 264/185/178
f 416/2303/2176 414/243/230 417/661/631
f 416/2303/2176 418/663/633 262/2234/2116
f 416/2303/2176 262/2234/2116 264/185/178
f 418/663/633 260/2233/2115 262/2234/2116
f 260/2233/2115 418/663/633 419/244/231
f 260/2233/2115 419/244/231 259/182/175
f 421/245/232 258/181/174 259/182/175
f 425/32/31 45/28/28 423/247/234 424/2304/2177
f 42/2203/2093 258/181/174 421/245/232
f 43/27/27 423/247/234 45/28/28
f 426/2305/2178 425/2306/31 20/2198/30 19/2197/2090
f 424/2304/2177 51/666/636 425/32/31
f 46/2205/2094 45/2206/28 425/2306/31 426/2305/2178
f 428/2307/2179 426/2305/2178 19/2197/2090 427/675/645
f 429/2308/2180 46/2205/2094 426/2305/2178 428/2307/2179
f 431/2309/2181 429/2308/2180 428/2307/2179 430/268/254
f 433/250/237 429/2308/2180 431/2309/2181 432/248/235
f 44/24/24 46/2205/2094 429/2308/2180 433/250/237
f 256/25/25 44/24/24 433/250/237 255/249/236
f 253/2232/2114 432/248/235 434/264/250 435/252/238
f 243/170/165 245/171/166 438/256/242 439/263/249
f 432/248/235 253/2232/2114 255/249/236
f 435/252/238 251/251/172 253/2232/2114
f 436/253/239 249/868/240 251/251/172
f 139/79/76 242/257/243 243/170/165 140/80/77
f 443/2310/260 441/260/246 439/263/249 444/262/248
f 242/257/243 241/168/163 243/170/165
f 140/80/77 137/259/245 138/81/78
f 441/260/246 443/2310/260 442/261/247
f 446/271/257 444/277/248 437/867/241 445/272/258
f 435/252/238 434/264/250 447/266/252 445/272/258
f 445/272/258 447/266/252 455/273/259
f 445/272/258 437/867/241 436/253/239
f 456/2311/2182 457/275/261 446/271/257 455/273/259
f 447/266/252 448/265/251 454/270/256
f 448/265/251 8/267/253 7/866/830
f 448/265/251 431/2309/2181 8/267/253
f 431/2309/2181 430/268/254 8/267/253
f 431/2309/2181 448/265/251 432/248/235
f 449/269/255 430/268/254 450/674/644
f 449/269/255 452/679/649 454/270/256
f 452/679/649 453/681/651 454/270/256
f 454/270/256 455/273/259 447/266/252
f 442/2312/247 460/278/263 462/280/265 3/282/3
f 457/275/261 443/274/260 446/271/257
f 458/276/262 459/2313/2183 443/274/260
f 459/2313/2183 442/2312/247 443/274/260
f 442/2312/247 459/2313/2183 460/278/263
f 128/78/75 130/285/268 466/695/663 125/74/71
f 459/2313/2183 458/276/262 460/278/263
f 463/281/266 464/685/655 465/690/267
f 4/1/1 130/285/268 132/77/74
f 1/2/2 132/77/74 134/1093/1037
f 134/1093/1037 2/869/831 1/2/2
f 466/695/663 126/75/72 125/74/71
f 110/62/61 114/2314/2184 472/288/271 473/705/670
f 122/72/69 467/698/665 468/286/269
f 468/286/269 469/701/667 118/69/66
f 118/69/66 470/2315/1038 116/65/64
f 116/65/64 117/67/63 118/69/66
f 116/289/64 472/288/271 114/2314/2184
f 114/2314/2184 115/63/62 116/289/64
f 481/2316/2185 482/298/280 92/297/279 95/53/52
f 110/62/61 115/63/62 114/2314/2184
f 110/62/61 474/706/671 111/290/272
f 111/290/272 475/707/672 108/291/273
f 104/58/57 106/57/56 108/291/273
f 99/295/277 100/2209/2097 477/293/275
f 95/53/52 479/296/278 480/755/719
f 95/53/52 92/297/279 96/532/511
f 91/49/48 92/297/279 483/299/281 88/50/49
f 488/2317/2186 489/2318/2187 487/305/287 486/304/286
f 86/46/45 89/301/283 78/300/282
f 86/46/45 77/40/39 85/47/46
f 486/304/286 487/305/287 485/303/285
f 497/719/684 498/313/295 495/310/292 494/2319/2188
f 489/2318/2187 490/309/291 487/305/287
f 490/309/291 489/2318/2187 491/717/682
f 491/717/682 492/307/289 490/309/291
f 492/307/289 491/717/682 494/2319/2188
f 494/2319/2188 495/310/292 492/307/289
f 496/311/293 495/310/292 498/313/295 499/312/294
f 69/35/34 68/34/33 499/312/294 500/314/296
f 503/725/690 69/35/34 500/314/296 502/316/298
f 498/313/295 501/315/297 500/314/296
f 69/35/34 503/725/690 504/317/299 67/33/32
f 510/2320/304 513/2321/305 514/326/308 515/2322/2189
f 502/316/298 505/723/688 503/725/690
f 506/319/301 777/517/496 504/317/299
f 507/321/303 508/620/592 506/319/301
f 506/319/301 509/318/300 507/321/303
f 511/320/302 512/727/692 513/323/305
f 528/662/632 527/2323/2190 526/330/312 420/2324/2191
f 513/2321/305 516/324/306 514/326/308
f 517/2325/2192 518/2326/2193 514/326/308
f 514/326/308 519/325/307 517/2325/2192
f 520/2327/2194 521/2328/2195 517/2325/2192
f 517/2325/2192 522/327/309 520/2327/2194
f 522/327/309 517/2325/2192 523/664/634
f 522/327/309 526/330/312 527/2323/2190
f 527/2323/2190 520/2327/2194 522/327/309
f 527/2323/2190 528/662/632 529/411/393 530/410/392
f 418/663/633 417/661/631 529/411/393 528/662/632
f 531/333/315 529/411/393 417/661/631 532/331/313
f 535/2329/2196 533/332/314 532/331/313 534/2330/2197
f 415/660/630 536/334/316 534/2330/2197 532/331/313
f 554/2331/2198 551/404/386 552/347/329 553/346/328
f 536/334/316 537/337/319 538/408/390
f 541/338/320 542/341/323 540/339/321
f 542/341/323 543/340/322 544/405/387
f 411/342/324 546/2332/2199 545/343/325
f 546/2332/2199 547/345/327 548/2333/2200
f 547/345/327 549/344/326 550/2334/2201
f 547/345/327 546/2332/2199 410/240/227
f 409/239/226 551/404/386 549/344/326
f 564/654/625 561/402/384 560/401/383 404/655/626
f 552/347/329 551/404/386 288/2242/2124
f 556/351/333 558/657/627 559/2335/2202
f 556/351/333 405/352/334 558/657/627
f 562/399/381 563/398/380 561/402/384
f 565/2336/2203 562/399/381 561/402/384 564/654/625
f 571/2337/2204 570/359/341 394/2338/623 573/2339/622
f 565/2336/2203 400/653/624 567/353/335
f 565/2336/2203 567/353/335 566/355/337
f 398/356/338 570/359/341 569/357/339
f 570/359/341 571/2337/2204 572/2340/2205
f 582/392/374 579/361/343 580/644/615 581/391/373
f 573/2339/622 574/2341/620 571/2337/2204
f 574/649/620 575/647/618 576/2342/2206
f 574/649/620 573/651/622 393/650/621
f 575/647/618 574/649/620 391/648/619
f 575/647/618 578/360/342 577/362/344
f 578/360/342 575/647/618 389/646/617
f 578/360/342 580/644/615 579/361/343
f 382/2289/2166 589/363/345 588/386/368 587/641/612
f 580/644/615 578/360/342 387/645/616
f 580/644/615 583/642/613 581/391/373
f 583/642/613 580/644/615 385/643/614
f 583/642/613 584/388/370 581/391/373
f 584/388/370 583/642/613 585/639/610
f 585/639/610 586/389/371 584/388/370
f 586/389/371 585/639/610 587/641/612
f 587/641/612 588/386/368 586/389/371
f 375/226/215 597/375/357 596/370/352 376/2287/2164
f 590/364/346 591/365/347 589/363/345
f 590/364/346 592/369/351 591/365/347
f 593/367/349 592/369/351 378/636/607
f 378/636/607 595/385/367 593/367/349
f 595/385/367 378/636/607 377/372/354
f 376/2287/2164 596/370/352 377/372/354
f 601/2343/2207 598/373/355 600/632/603 603/634/605
f 598/373/355 597/375/357 600/632/603
f 598/373/355 601/2343/2207 602/383/365
f 606/2344/2208 370/2276/2154 369/2286/2163 607/2345/2209
f 604/381/363 603/634/605 371/2283/2161
f 605/382/364 604/381/363 370/2276/2154
f 370/2276/2154 606/2344/2208 605/382/364
f 603/634/605 615/380/362 616/451/432 601/2343/2207
f 607/2345/2209 369/2286/2163 368/631/602
f 368/631/602 608/376/358 607/2345/2209
f 608/376/358 368/631/602 367/630/601
f 609/377/359 366/378/360 611/2346/2210
f 366/378/360 156/86/83 610/379/361
f 610/379/361 611/2346/2210 366/378/360
f 611/2346/2210 607/2345/2209 608/376/358
f 611/2346/2210 608/376/358 609/377/359
f 607/2345/2209 611/2346/2210 612/2347/2211
f 612/2347/2211 606/2344/2208 607/2345/2209
f 606/2344/2208 612/2347/2211 613/2348/2212
f 613/2348/2212 605/382/364 606/2344/2208
f 605/382/364 613/2348/2212 614/458/439
f 579/361/343 582/392/374 630/394/376 631/395/377
f 615/380/362 603/634/605 604/381/363
f 601/2343/2207 616/451/432 617/453/434
f 617/453/434 602/383/365 601/2343/2207
f 602/383/365 617/453/434 710/2349/2213
f 602/383/365 599/374/356 598/373/355
f 596/370/352 599/374/356 619/449/430
f 595/385/367 620/371/353 621/448/429
f 621/448/429 593/367/349 595/385/367
f 593/367/349 621/448/429 594/368/350
f 591/365/347 594/368/350 623/622/594
f 623/622/594 624/366/348 591/365/347
f 588/386/368 624/366/348 625/623/595
f 586/389/371 588/386/368 626/445/426
f 627/387/369 581/391/373 584/388/370
f 575/647/618 577/362/344 632/2350/2214 576/2342/2206
f 631/395/377 632/2350/2214 577/362/344
f 632/2351/2214 631/2352/377 633/440/421
f 634/437/418 635/626/597 576/2353/2206 632/2351/2214
f 571/2337/2204 576/2353/2206 635/626/597 636/625/596
f 638/396/378 569/357/339 572/2340/2205 637/2354/2215
f 576/2353/2206 571/2337/2204 574/2341/620
f 636/625/596 572/2340/2205 571/2337/2204
f 572/2340/2205 569/357/339 570/359/341
f 640/397/379 566/355/337 638/396/378 639/431/412
f 566/355/337 640/397/379 562/399/381 565/2336/2203
f 558/2355/627 560/401/383 643/2356/2216 559/2357/2202
f 563/398/380 640/397/379 683/430/411
f 563/398/380 641/400/382 561/402/384
f 641/400/382 563/398/380 642/426/407
f 641/400/382 643/2356/2216 560/401/383
f 542/341/323 544/405/387 650/406/388 540/339/321
f 559/2357/2202 643/2356/2216 644/425/406
f 556/351/333 559/2335/2202 645/422/404
f 555/349/331 556/351/333 646/420/402
f 555/349/331 554/2331/2198 553/346/328
f 554/2331/2198 555/349/331 674/419/401
f 554/2331/2198 647/403/385 551/404/386
f 647/403/385 554/2331/2198 673/2358/2217
f 647/403/385 648/627/598 549/344/326
f 648/627/598 550/2334/2201 549/344/326
f 550/2334/2201 548/2333/2200 547/345/327
f 548/2333/2200 550/2334/2201 668/499/478
f 548/2333/2200 545/343/325 546/2332/2199
f 545/343/325 548/2333/2200 668/499/478
f 544/405/387 545/343/325 649/628/599
f 534/2330/2197 538/408/390 652/2359/2218 535/2329/2196
f 651/407/389 538/408/390 540/339/321
f 533/332/314 535/2329/2196 653/413/395 654/409/391
f 538/408/390 534/2330/2197 536/334/316
f 527/2323/2190 530/410/392 521/2328/2195 520/2327/2194
f 654/409/391 530/410/392 531/333/315
f 530/410/392 654/409/391 655/629/600
f 521/2328/2195 530/410/392 656/2360/2219
f 521/2328/2195 656/2360/2219 518/2326/2193 517/2325/2192
f 657/2361/2220 518/2326/2193 656/2360/2219 658/2362/2221
f 530/410/392 655/629/600 656/2360/2219
f 518/2326/2193 657/2361/2220 515/2322/2189
f 515/2322/2189 514/326/308 518/2326/2193
f 659/2363/2222 655/629/600 653/413/395 660/412/394
f 658/2362/2221 656/2360/2219 655/629/600
f 655/629/600 659/2363/2222 658/2362/2221
f 662/504/483 661/414/396 652/2359/2218 663/2364/2223
f 661/414/396 662/504/483 660/412/394
f 666/501/480 664/2365/2224 650/406/388 665/2366/2225
f 663/2364/2223 664/2365/2224 662/504/483
f 664/2365/2224 663/2364/2223 651/407/389
f 651/407/389 650/406/388 664/2365/2224
f 675/496/475 672/416/398 673/2358/2217 674/419/401
f 665/2366/2225 649/628/599 667/2367/2226
f 649/628/599 668/499/478 667/2367/2226
f 669/500/479 671/415/397 670/417/399
f 671/415/397 669/500/479 648/627/598
f 671/415/397 673/2358/2217 672/416/398
f 641/400/382 642/426/407 680/428/409 679/491/472
f 673/2358/2217 671/415/397 647/403/385
f 677/493/403 645/424/404 678/423/405
f 678/423/405 644/425/406 679/491/472
f 680/428/409 681/427/408 682/483/464
f 637/2354/2215 686/482/463 639/431/412 638/396/378
f 681/427/408 683/430/411 682/483/464
f 683/430/411 685/429/410 684/484/465
f 639/431/412 686/482/463 687/481/462
f 688/434/415 686/482/463 637/2354/2215 689/432/413
f 695/477/458 693/438/419 633/440/421 694/439/420
f 689/432/413 691/435/416 690/433/414
f 691/435/416 689/432/413 636/625/596
f 691/435/416 634/437/418 692/436/417
f 634/437/418 691/435/416 635/626/597
f 634/437/418 633/440/421 693/438/419
f 703/471/452 702/470/451 624/366/348 704/2368/2227
f 697/441/422 698/2369/2228 696/442/423
f 697/441/422 629/2370/375 698/2369/2228
f 699/443/424 629/393/375 582/392/374
f 699/443/424 582/392/374 628/390/372
f 699/443/424 701/444/425 736/475/456
f 626/445/426 625/623/595 734/473/454
f 625/623/595 702/470/451 734/473/454
f 702/470/451 625/623/595 624/366/348
f 709/467/448 619/449/430 618/384/366 708/2371/2229
f 704/2368/2227 624/366/348 623/622/594
f 623/622/594 705/2372/2230 704/2368/2227
f 705/2372/2230 623/622/594 622/446/427
f 621/448/429 707/450/431 706/447/428
f 612/2347/2211 716/460/441 715/464/445 613/2348/2212
f 711/454/435 616/451/432 615/380/362
f 615/380/362 614/458/439 711/454/435
f 713/456/437 614/458/439 613/2348/2212
f 613/2348/2212 715/464/445 713/456/437
f 717/459/440 147/463/444 719/465/446 715/464/445
f 716/460/441 717/459/440 715/464/445
f 718/461/442 716/460/441 610/379/361
f 718/461/442 610/379/361 152/85/82
f 147/463/444 717/459/440 718/461/442
f 617/453/434 723/452/433 724/549/527 710/2349/2213
f 720/547/525 714/457/438 713/456/437
f 711/454/435 714/457/438 721/619/591
f 721/619/591 712/455/436 711/454/435
f 712/455/436 721/619/591 722/617/589
f 722/617/589 723/452/433 712/455/436
f 708/2371/2229 710/2349/2213 725/548/526 709/467/448
f 710/2349/2213 724/549/527 725/548/526
f 728/552/530 729/468/449 707/450/431 727/466/447
f 709/467/448 725/548/526 726/2373/2231
f 709/467/448 726/2373/2231 727/466/447
f 709/467/448 707/450/431 619/449/430
f 622/446/427 729/468/449 730/551/529 705/2372/2230
f 626/445/426 734/473/454 735/557/535 701/444/425
f 729/468/449 622/446/427 706/447/428
f 730/551/529 704/2368/2227 705/2372/2230
f 704/2368/2227 730/551/529 731/553/531
f 731/553/531 703/471/452 704/2368/2227
f 629/2370/375 700/559/455 737/558/536 698/2369/2228
f 751/489/470 679/491/472 680/428/409 750/488/469
f 700/474/455 629/393/375 699/443/424
f 698/2369/2228 737/558/536 816/609/583
f 816/609/583 696/442/423 698/2369/2228
f 738/533/512 695/477/458 694/439/420
f 738/533/512 694/439/420 696/442/423
f 695/477/458 738/533/512 103/2374/2232
f 739/476/457 740/478/459 693/438/419
f 740/478/459 739/476/457 741/606/580
f 740/478/459 742/479/460 692/436/417
f 742/479/460 740/478/459 743/605/579
f 742/479/460 744/480/461 690/433/414
f 744/480/461 742/479/460 745/603/577
f 744/480/461 687/481/462 688/434/415
f 687/481/462 685/429/410 639/431/412
f 685/429/410 687/481/462 747/602/576
f 684/484/465 685/429/410 748/485/466
f 748/485/466 682/483/464 684/484/465
f 682/483/464 749/487/468 680/428/409
f 755/2375/2233 756/495/474 676/418/400 754/494/473
f 751/489/470 753/579/555 752/490/471
f 664/2365/2224 666/501/480 764/503/482 662/504/483
f 676/418/400 675/496/475 674/419/401
f 675/496/475 757/497/476 672/416/398
f 757/497/476 675/496/475 758/563/539
f 670/417/399 757/497/476 759/562/538
f 670/417/399 760/498/477 669/500/479
f 760/498/477 670/417/399 761/581/557
f 760/498/477 667/2367/2226 668/499/478
f 667/2367/2226 760/498/477 762/564/540
f 667/2367/2226 763/502/481 665/2366/2225
f 763/502/481 666/501/480 665/2366/2225
f 659/2363/2222 767/507/486 768/2376/2234 658/2362/2221
f 765/505/484 660/412/394 662/504/483
f 769/509/488 657/2361/2220 658/2362/2221 768/2376/2234
f 767/507/486 659/2363/2222 660/412/394
f 515/2322/2189 770/511/490 64/2377/487 510/2320/304
f 772/2378/546 64/2377/487 770/511/490 771/510/489
f 770/511/490 515/2322/2189 657/2361/2220
f 657/2361/2220 769/509/488 770/511/490
f 66/515/494 64/508/487 772/570/546 774/514/493
f 65/621/593 66/515/494 777/517/496 508/620/592
f 66/515/494 775/513/492 776/516/495
f 492/307/289 496/311/293 779/2379/2235 493/308/290
f 777/517/496 506/319/301 508/620/592
f 777/517/496 776/516/495 67/33/32
f 776/516/495 778/518/497 68/34/33
f 778/518/497 779/2379/2235 496/311/293
f 779/2379/2235 778/518/497 834/575/551
f 780/574/550 781/519/498 493/308/290 779/2379/2235
f 97/52/51 98/51/50 793/607/581 100/2209/2097
f 493/308/290 487/305/287 490/309/291
f 80/306/288 76/41/40 485/303/285
f 782/520/499 81/42/41 80/306/288
f 785/523/502 784/522/501 786/577/553
f 785/523/502 787/525/504 83/43/42
f 83/43/42 788/526/505 84/44/43
f 87/45/44 93/530/509 90/48/47
f 93/530/509 94/2208/2096 91/49/48
f 94/2208/2096 93/530/509 791/604/578
f 96/532/511 94/2208/2096 792/531/510
f 98/51/50 792/531/510 793/607/581
f 112/610/584 109/59/58 795/535/514 796/608/582
f 105/55/54 102/54/53 103/2374/2232
f 131/2211/2099 129/615/587 807/614/586 808/2380/2236
f 796/608/582 797/611/585 112/610/584
f 112/610/584 798/2381/515 113/61/60
f 799/537/516 800/555/533 801/539/517
f 801/539/517 802/554/532 119/68/65
f 119/68/65 117/67/63 801/539/517
f 803/540/518 804/541/519 121/71/68
f 805/2382/2237 127/2210/2098 124/542/520
f 127/2210/2098 805/2382/2237 806/616/588
f 806/616/588 129/615/587 127/2210/2098
f 135/2212/2100 808/2380/2236 809/618/590 136/544/522
f 808/2380/2236 133/76/73 131/2211/2099
f 808/2380/2236 135/2212/2100 133/76/73
f 735/557/535 734/473/454 800/555/533 798/536/515
f 810/543/521 138/81/78 137/259/245
f 141/2214/2102 719/465/446 147/463/444
f 719/465/446 141/2214/2102 813/83/80
f 813/83/80 720/547/525 719/465/446
f 720/547/525 813/83/80 812/546/524
f 812/546/524 811/545/523 720/547/525
f 811/545/523 721/619/591 714/457/438
f 811/545/523 714/457/438 720/547/525
f 722/617/589 721/619/591 809/618/590
f 723/452/433 722/617/589 814/550/528
f 807/614/586 726/2373/2231 725/548/526
f 726/2373/2231 807/614/586 806/616/588
f 806/616/588 727/466/447 726/2373/2231
f 727/466/447 806/616/588 805/2382/2237
f 805/2382/2237 728/552/530 727/466/447
f 730/551/529 728/552/530 804/541/519
f 701/444/425 735/557/535 815/556/534 736/475/456
f 797/611/585 737/558/536 736/560/456 815/612/534
f 739/476/457 103/2374/2232 102/54/53 817/2383/2238
f 796/608/582 816/609/583 737/558/536
f 794/534/513 696/442/423 816/609/583
f 794/534/513 738/533/512 696/442/423
f 687/481/462 744/480/461 790/529/508 746/528/507
f 103/2374/2232 739/476/457 695/477/458
f 817/2383/2238 741/606/580 739/476/457
f 741/606/580 817/2383/2238 793/607/581
f 741/606/580 743/605/579 740/478/459
f 743/605/579 741/606/580 792/531/510
f 743/605/579 745/603/577 742/479/460
f 745/603/577 743/605/579 791/604/578
f 745/603/577 790/529/508 744/480/461
f 790/529/508 745/603/577 93/530/509
f 821/2384/2239 822/561/537 758/563/539 756/495/474
f 746/528/507 747/602/576 687/481/462
f 747/602/576 748/485/466 685/429/410
f 818/486/467 787/525/504 749/487/468
f 749/487/468 787/525/504 750/488/469
f 753/579/555 751/489/470 750/488/469
f 755/2385/2233 754/492/473 752/490/471
f 752/490/471 819/599/573 755/2385/2233
f 756/495/474 755/2375/2233 820/2386/2240
f 756/495/474 758/563/539 675/496/475
f 825/594/568 826/601/575 766/506/485 824/565/541
f 758/563/539 759/562/538 757/497/476
f 759/562/538 761/581/557 670/417/399
f 761/581/557 759/562/538 823/583/559
f 761/581/557 762/564/540 760/498/477
f 762/564/540 763/502/481 667/2367/2226
f 824/565/541 764/503/482 763/502/481
f 824/565/541 766/506/485 764/503/482
f 768/2376/2234 826/601/575 827/566/542 769/509/488
f 767/507/486 766/506/485 826/601/575 768/2376/2234
f 829/2387/544 772/2378/546 771/510/489 828/567/543
f 773/512/491 774/514/493 830/569/545 833/573/549
f 772/570/546 830/569/545 774/514/493
f 830/569/545 831/571/547 833/573/549
f 834/575/551 773/512/491 833/573/549 832/572/548
f 753/579/555 838/580/556 819/599/573 752/490/471
f 834/575/551 775/513/492 773/512/491
f 834/575/551 780/574/550 779/2379/2235
f 780/574/550 832/572/548 835/576/552
f 780/574/550 782/520/499 781/519/498
f 783/521/500 786/577/553 784/522/501
f 786/577/553 783/521/500 836/598/572
f 785/523/502 837/578/554 838/580/556
f 785/523/502 838/580/556 787/525/504
f 838/580/556 750/488/469 787/525/504
f 836/598/572 846/589/565 839/600/574 837/578/554
f 819/599/573 838/580/556 837/578/554
f 819/599/573 820/2388/2240 755/2385/2233
f 820/2388/2240 819/599/573 839/600/574
f 820/2386/2240 821/2384/2239 756/495/474
f 821/2384/2239 820/2386/2240 840/2389/564
f 822/561/537 821/2384/2239 841/586/562
f 822/561/537 823/583/559 759/562/538
f 823/583/559 822/561/537 842/582/558
f 823/583/559 72/38/37 761/581/557
f 72/38/37 823/583/559 70/36/35
f 842/582/558 844/585/561 70/36/35
f 842/582/558 822/561/537 841/586/562
f 841/586/562 840/2389/564 845/587/563
f 840/2389/564 841/586/562 821/2384/2239
f 840/588/564 839/600/574 846/589/565
f 846/589/565 836/598/572 74/597/571 847/591/566
f 839/600/574 840/588/564 820/2388/2240
f 836/598/572 837/578/554 786/577/553
f 849/2390/2241 848/592/567 847/591/566 75/596/570
f 850/2391/2242 843/584/560 848/593/567 849/2392/2241
f 843/584/560 850/2391/2242 851/2393/2243 844/585/561
f 827/566/542 851/2393/2243 850/2391/2242 828/567/543
f 849/2392/2241 852/2394/2244 850/2391/2242
f 825/594/568 71/37/36 851/2393/2243 827/566/542
f 852/2394/2244 829/2387/544 828/567/543 850/2391/2242
f 75/596/570 853/595/569 852/2395/2244 849/2390/2241
f 829/568/544 852/2395/2244 853/595/569
f 829/568/544 853/595/569 830/569/545
f 853/595/569 75/596/570 831/571/547
f 831/571/547 835/576/552 832/572/548
f 844/585/561 851/2393/2243 71/37/36 70/36/35
f 100/2209/2097 793/607/581 817/2383/2238 102/54/53
f 75/596/570 847/591/566 74/597/571
f 787/525/504 818/486/467 788/526/505
f 748/485/466 747/602/576 789/527/506
f 791/604/578 792/531/510 94/2208/2096
f 802/554/532 801/539/517 800/555/533 732/469/450
f 738/533/512 105/55/54 103/2374/2232
f 816/609/583 795/535/514 794/534/513
f 737/558/536 797/611/585 796/608/582
f 800/555/533 799/537/516 798/536/515
f 136/544/522 809/618/590 721/619/591 810/543/521
f 803/540/518 119/68/65 802/554/532
f 731/553/531 804/541/519 803/540/518
f 728/552/530 805/2382/2237 124/542/520
f 725/548/526 814/550/528 807/614/586
f 814/550/528 808/2380/2236 807/614/586
f 814/550/528 809/618/590 808/2380/2236
f 775/513/492 834/575/551 778/518/497 776/516/495
f 602/383/365 710/2349/2213 708/2371/2229 618/384/366
f 716/460/441 611/2346/2210 610/379/361
f 716/460/441 612/2347/2211 611/2346/2210
f 631/2352/377 630/2396/376 697/441/422 633/440/421
f 618/384/366 619/449/430 599/374/356
f 619/449/430 620/371/353 596/370/352
f 706/447/428 594/368/350 621/448/429
f 636/625/596 689/432/413 637/2354/2215 572/2340/2205
f 633/440/421 634/437/418 632/2351/2214
f 643/2356/2216 641/400/382 679/491/472 644/425/406
f 683/430/411 681/427/408 563/398/380
f 681/427/408 642/426/407 563/398/380
f 550/2334/2201 648/627/598 669/500/479 668/499/478
f 644/425/406 645/424/404 559/2357/2202
f 645/422/404 646/420/402 556/351/333
f 646/420/402 674/419/401 555/349/331
f 674/419/401 673/2358/2217 554/2331/2198
f 544/405/387 649/628/599 665/2366/2225 650/406/388
f 538/408/390 651/407/389 663/2364/2223 652/2359/2218
f 535/2329/2196 652/2359/2218 661/414/396 653/413/395
f 395/230/219 320/2254/2132 570/2397/341 397/2296/340
f 152/85/82 149/2215/2103 718/461/442
f 608/376/358 367/630/601 362/218/209
f 604/381/363 371/2283/2161 370/2276/2154
f 603/634/605 372/633/604 371/2283/2161
f 600/632/603 373/2288/2165 372/633/604
f 600/632/603 374/635/606 373/2288/2165
f 597/375/357 375/226/215 374/635/606
f 592/369/351 379/638/609 378/636/607
f 590/364/346 381/227/216 380/229/218
f 590/364/346 380/229/218 379/638/609
f 589/363/345 382/2289/2166 381/227/216
f 587/641/612 383/640/611 382/2289/2166
f 585/639/610 385/643/614 383/640/611
f 385/643/614 387/645/616 384/2291/2168
f 387/645/616 389/646/617 386/2292/2169
f 389/646/617 391/648/619 388/2293/2170
f 391/648/619 393/650/621 390/2290/2167
f 393/650/621 394/652/623 392/2294/2171
f 394/652/623 570/2397/341 320/2254/2132
f 567/353/335 399/231/220 398/356/338 568/354/336
f 397/358/340 398/356/338 396/2299/2172
f 564/654/625 401/2297/2173 400/653/624 565/2336/2203
f 398/356/338 399/231/220 313/2298/2130
f 401/2297/2173 564/654/625 403/236/223 402/235/222
f 286/238/225 288/2242/2124 551/404/386 409/239/226
f 404/655/626 560/401/383 558/2355/627
f 557/350/332 406/2301/2174 405/352/334
f 407/348/330 552/347/329 408/2302/2175
f 272/188/181 412/242/229 541/338/320 413/659/629
f 409/239/226 547/345/327 283/241/228
f 547/345/327 410/240/227 283/241/228
f 546/2332/2199 411/342/324 410/240/227
f 411/342/324 542/341/323 277/658/628
f 542/341/323 541/338/320 412/242/229
f 420/2324/2191 526/330/312 422/246/233 421/245/232
f 270/335/317 415/660/630 268/2236/2118
f 415/660/630 417/661/631 414/243/230
f 417/661/631 418/663/633 416/2303/2176
f 419/244/231 528/662/632 420/2324/2191
f 420/2324/2191 421/245/232 419/244/231
f 424/2304/2177 423/247/234 525/329/311 524/328/310
f 51/666/636 424/2304/2177 524/328/310 523/664/634
f 17/2199/637 855/730/694 856/670/640 21/669/639
f 51/666/636 854/665/635 50/30/29
f 854/665/635 855/2398/694 17/667/637
f 450/674/644 18/671/641 858/673/643 859/676/646
f 455/273/259 453/681/651 861/680/650 456/2311/2182
f 427/675/645 19/2197/2090 18/671/641
f 427/675/645 450/674/644 430/268/254
f 450/674/644 451/677/647 449/269/255
f 451/677/647 452/679/649 449/269/255
f 860/678/648 861/680/650 452/679/649
f 457/275/261 456/2311/2182 863/2399/2245 864/682/652
f 453/681/651 455/273/259 454/270/256
f 456/2311/2182 861/680/650 862/2400/2246
f 865/683/653 461/279/264 864/682/652 863/2399/2245
f 864/682/652 460/278/263 458/276/262
f 88/50/49 483/299/281 885/711/676 89/301/283
f 865/683/653 462/280/265 461/279/264
f 464/685/655 866/686/656 868/688/658
f 868/688/658 465/690/267 464/685/655
f 869/689/659 868/688/658 870/691/660
f 871/693/661 466/695/663 130/285/268
f 872/697/662 871/692/661 870/691/660
f 872/694/662 126/75/72 466/695/663
f 872/694/662 122/72/69 126/75/72
f 470/2315/1038 118/69/66 469/701/667
f 470/1094/1038 876/783/747 471/287/270
f 471/287/270 116/289/64 470/1094/1038
f 472/288/271 877/704/669 473/705/670
f 877/704/669 878/787/751 473/705/670
f 473/705/670 878/787/751 474/706/671
f 474/706/671 59/748/712 475/707/672
f 475/707/672 111/290/272 474/706/671
f 479/296/278 478/294/276 882/751/715
f 479/296/278 882/751/715 883/752/716
f 480/755/719 479/296/278 883/752/716
f 480/755/719 481/2316/2185 95/53/52
f 482/298/280 481/2316/2185 884/756/720
f 488/2317/2186 486/304/286 888/713/678 887/714/679
f 89/301/283 886/712/677 484/302/284
f 886/712/677 888/713/678 484/302/284
f 890/715/680 488/2317/2186 887/714/679 889/761/725
f 489/2318/2187 488/2317/2186 890/715/680 491/717/682
f 494/2319/2188 892/716/681 893/2401/2247 497/719/684
f 890/715/680 891/763/727 892/716/681
f 892/716/681 494/2319/2188 491/717/682
f 895/718/683 497/719/684 893/2401/2247 894/2402/2248
f 501/315/297 498/313/295 895/718/683 897/722/687
f 899/767/731 501/315/297 897/722/687 898/721/686
f 501/315/297 899/767/731 505/723/688 502/316/298
f 854/665/635 519/325/307 516/324/306 855/2398/694
f 505/723/688 901/2403/2249 900/724/689
f 504/317/299 902/726/691 509/318/300
f 509/318/300 902/726/691 512/727/692
f 512/727/692 511/320/302 509/318/300
f 512/727/692 903/731/695 904/728/693
f 904/728/693 856/670/640 516/729/306
f 523/664/634 517/2325/2192 519/325/307
f 21/669/639 906/2404/2250 907/2405/2251 22/672/642
f 904/728/693 857/668/638 856/670/640
f 857/668/638 905/732/696 952/2406/2252
f 857/668/638 952/2406/2252 906/2404/2250
f 906/2404/2250 21/669/639 857/668/638
f 22/672/642 907/2405/2251 908/733/697 858/673/643
f 913/771/735 914/2407/2253 862/2400/2246 912/736/700
f 909/734/698 910/2408/2254 860/678/648
f 910/2408/2254 911/735/699 860/678/648
f 860/678/648 912/736/700 861/680/650
f 912/736/700 862/2400/2246 861/680/650
f 863/2399/2245 862/2400/2246 914/2407/2253 915/737/701
f 916/2409/2255 917/684/654 915/737/701 914/2407/2253
f 862/2400/2246 863/2399/2245 456/2311/2182
f 915/737/701 865/683/653 863/2399/2245
f 464/685/655 917/684/654 919/739/703 866/686/656
f 917/684/654 916/2409/2255 918/738/702
f 923/780/744 921/741/705 960/775/739 922/776/740
f 867/687/657 960/775/739 921/741/705
f 924/742/706 870/691/660 921/741/705 923/780/744
f 921/741/705 868/688/658 867/687/657
f 889/761/725 887/714/679 936/757/721 938/759/723
f 875/702/668 928/745/709 876/783/747
f 876/783/747 470/1094/1038 875/702/668
f 929/784/748 471/287/270 876/783/747
f 877/704/669 471/287/270 929/784/748
f 878/787/751 970/786/750 59/748/712
f 59/748/712 474/706/671 878/787/751
f 970/786/750 930/746/710 59/748/712
f 971/747/711 879/708/673 59/748/712
f 879/708/673 971/747/711 880/709/674
f 932/750/714 933/842/806 882/751/715
f 882/751/715 934/753/717 883/752/716
f 480/755/719 884/756/720 481/2316/2185
f 885/711/676 936/757/721 886/712/677
f 891/763/727 940/762/726 893/2401/2247 892/716/681
f 889/761/725 939/760/724 891/763/727
f 891/763/727 890/715/680 889/761/725
f 894/2402/2248 893/2401/2247 940/762/726 941/795/759
f 942/764/728 894/2402/2248 941/795/759 978/794/758
f 894/2402/2248 942/764/728 897/722/687 895/718/683
f 946/2410/2256 898/721/686 944/766/730 945/798/762
f 942/764/728 943/765/729 896/720/685
f 896/720/685 944/766/730 898/721/686
f 899/767/731 948/769/733 901/2403/2249 505/723/688
f 898/721/686 946/2410/2256 947/768/732
f 950/2411/2257 900/724/689 901/2403/2249 949/801/765
f 910/2408/2254 909/734/698 953/2412/2258 954/805/769
f 900/724/689 950/2411/2257 902/726/691
f 902/726/691 950/2411/2257 903/731/695
f 903/731/695 512/727/692 902/726/691
f 950/2411/2257 905/732/696 903/731/695
f 905/732/696 951/802/766 952/2406/2252
f 953/2412/2258 909/734/698 908/733/697
f 911/735/699 910/2408/2254 954/805/769 955/770/734
f 914/2407/2253 913/771/735 956/772/736 916/2409/2255
f 911/735/699 913/771/735 912/736/700
f 959/807/771 960/775/739 920/740/704 958/774/738
f 956/772/736 955/770/734 957/773/737
f 956/772/736 918/738/702 916/2409/2255
f 958/774/738 920/740/704 918/738/702
f 878/787/751 877/704/669 968/782/746 969/785/749
f 960/775/739 961/810/774 922/776/740
f 963/778/742 923/780/744 922/776/740
f 963/778/742 962/777/741 964/779/743
f 924/742/706 964/779/743 925/2413/2259
f 925/2413/2259 926/743/707 924/742/706
f 925/2413/2259 964/779/743 965/814/778
f 925/2413/2259 965/814/778 927/744/708
f 927/744/708 926/743/707 925/2413/2259
f 965/814/778 928/745/709 927/744/708
f 967/781/745 928/745/709 965/814/778
f 876/783/747 928/745/709 967/781/745
f 884/756/720 937/758/722 936/757/721 885/711/676
f 931/749/713 880/709/674 971/747/711
f 931/749/713 1026/789/753 932/750/714
f 932/750/714 1026/789/753 933/842/806
f 934/753/717 882/751/715 933/842/806
f 933/842/806 1027/841/805 934/753/717
f 974/846/810 937/758/722 73/790/754 973/845/809
f 975/791/755 938/759/723 937/758/722 974/846/810
f 940/762/726 939/760/724 975/791/755 976/792/756
f 983/799/763 947/768/732 946/2410/2256 982/855/819
f 940/762/726 977/793/757 941/795/759
f 978/794/758 979/850/814 943/765/729
f 943/765/729 942/764/728 978/794/758
f 943/765/729 980/796/760 944/766/730
f 945/798/762 982/855/819 946/2410/2256
f 951/802/766 984/800/764 986/804/768 952/2406/2252
f 947/768/732 983/799/763 948/769/733
f 949/801/765 901/2403/2249 948/769/733
f 948/769/733 984/800/764 949/801/765
f 949/801/765 905/732/696 950/2411/2257
f 984/800/764 983/799/763 985/803/767
f 906/2404/2250 986/804/768 987/2414/2260 907/2405/2251
f 986/804/768 906/2404/2250 952/2406/2252
f 986/804/768 985/803/767 987/2414/2260
f 907/2405/2251 987/2414/2260 988/2415/2261 908/733/697
f 908/733/697 988/2415/2261 989/2416/2262 953/2412/2258
f 954/805/769 953/2412/2258 989/2416/2262 957/773/737
f 10/2200/2091 990/2417/2263 957/773/737 989/2416/2262
f 9/832/796 992/806/770 991/808/772 990/2417/2263
f 990/2417/2263 958/774/738 957/773/737
f 990/2417/2263 991/808/772 958/774/738
f 995/812/776 964/779/743 962/777/741 994/811/775
f 991/808/772 959/807/771 958/774/738
f 959/807/771 993/809/773 961/810/774
f 961/810/774 960/775/739 959/807/771
f 962/777/741 922/776/740 961/810/774
f 1003/823/787 1004/822/786 1005/824/788 1024/840/804
f 967/781/745 965/814/778 966/815/779
f 966/815/779 997/816/780 968/782/746
f 930/746/710 1002/821/785 1001/819/783
f 999/820/784 997/816/780 1003/823/787
f 988/2415/2261 1016/2418/2264 10/2200/2091 989/2416/2262
f 1005/824/788 996/813/777 1006/825/789
f 1006/825/789 995/812/776 1007/828/792
f 1007/828/792 995/812/776 994/811/775
f 1007/828/792 1009/827/791 1006/825/789
f 1008/826/790 1010/830/794 1009/827/791
f 1008/826/790 994/811/775 1011/831/795
f 1012/834/798 1013/829/793 1011/831/795
f 1011/831/795 993/809/773 1012/834/798
f 9/832/796 1012/834/798 992/806/770
f 1014/833/797 11/2201/2092 1015/837/801
f 11/2201/2092 1016/2418/2264 1017/835/799
f 11/2201/2092 1014/833/797 9/832/796
f 1016/2418/2264 988/2415/2261 987/2414/2260
f 1016/2418/2264 11/2201/2092 10/2200/2091
f 985/803/767 1017/835/799 1016/2418/2264 987/2414/2260
f 1017/835/799 1015/837/801 11/2201/2092
f 979/850/814 977/793/757 1030/847/811 1041/848/812
f 1015/837/801 1036/856/820 1019/838/802
f 1015/837/801 1019/838/802 1014/833/797
f 1036/856/820 1020/858/822 1019/838/802
f 1019/838/802 1020/858/822 1013/829/793
f 1013/829/793 1020/858/822 1010/830/794
f 1020/858/822 1021/857/821 1010/830/794
f 1010/830/794 1022/865/829 1023/839/803
f 1006/825/789 1023/839/803 1005/824/788
f 1024/840/804 1025/860/824 1002/821/785
f 1002/821/785 1025/860/824 1001/819/783
f 1000/818/782 1001/819/783 972/788/752
f 1026/789/753 1040/863/827 1027/841/805
f 935/754/718 934/753/717 1027/841/805
f 1028/843/807 973/845/809 73/790/754
f 73/790/754 935/754/718 1028/843/807
f 1039/862/826 1038/861/825 1041/848/812 1030/847/811
f 979/850/814 978/794/758 977/793/757
f 979/850/814 1031/849/813 1032/851/815
f 980/796/760 1033/852/816 981/797/761
f 982/855/819 945/798/762 981/797/761
f 981/797/761 1034/853/817 982/855/819
f 1018/836/800 1035/854/818 1015/837/801
f 1018/836/800 985/803/767 983/799/763
f 1015/837/801 1035/854/818 1036/856/820
f 1036/856/820 1034/853/817 1021/857/821
f 1021/857/821 1034/853/817 1033/852/816
f 1021/857/821 1033/852/816 1022/865/829
f 1022/865/829 1010/830/794 1021/857/821
f 1023/839/803 1022/865/829 1037/859/823
f 1039/862/826 1026/789/753 972/788/752
f 1039/862/826 972/788/752 1001/819/783
f 1039/862/826 1029/844/808 1040/863/827
f 1032/851/815 1022/865/829 1033/852/816
f 439/263/249 441/260/246 140/80/77 243/170/165
f 1039/862/826 1030/847/811 1029/844/808
f 1029/844/808 1028/843/807 1040/863/827
f 980/796/760 943/765/729 979/850/814
f 976/792/756 975/791/755 974/846/810
f 999/820/784 969/785/749 998/817/781
f 930/746/710 969/785/749 999/820/784
f 990/2417/2263 10/2200/2091 9/832/796
f 879/708/673 475/707/672 59/748/712
f 523/664/634 524/328/310 522/327/309
f 130/285/268 4/1/1 465/284/267
f 430/268/254 428/2307/2179 427/675/645
f 448/265/251 434/264/250 432/248/235
f 437/255/241 439/263/249 438/256/242
f 203/124/120 204/223/214 365/220/211 205/126/122
f 442/261/247 2/869/831 440/258/244
f 204/223/214 161/157/153 160/91/87
f 211/875/835 210/2419/126 1043/2420/2265 1044/873/833
f 207/2285/123 361/870/832 208/872/124
f 1043/2420/2265 210/2419/126 209/871/125
f 1048/879/838 213/132/128 1046/878/837 1047/877/836
f 211/2222/835 1045/876/834 1046/878/837
f 211/2222/835 1046/878/837 213/132/128 212/131/127
f 214/133/129 1050/881/840 1051/1070/1016 215/135/131
f 1048/879/838 1047/877/836 1134/945/902
f 217/2224/2111 216/2421/2266 1051/1070/1016 1052/1069/1015
f 215/135/131 1051/1070/1016 216/2421/2266
f 216/2421/2266 192/136/132 215/135/131
f 225/890/849 224/146/142 1058/887/846 1059/888/847
f 216/2421/2266 217/2224/2111 192/136/132
f 218/2223/2110 217/2224/2111 1053/882/841
f 218/2223/2110 1053/882/841 219/137/133
f 219/137/133 184/2221/2109 218/2223/2110
f 1054/883/842 1123/884/843 56/140/136
f 1057/886/845 222/144/140 1056/143/139
f 1066/1079/1025 228/149/145 1064/893/852 1065/1077/1023
f 225/890/849 226/147/143 224/146/142
f 1061/891/850 1063/1075/1021 1062/892/851
f 233/159/155 1069/895/854 235/897/856 234/160/156
f 228/149/145 1066/1079/1025 229/151/147
f 229/151/147 1066/1079/1025 1067/894/853
f 232/158/154 159/156/152 231/155/151
f 232/158/154 1240/1080/1026 1069/895/854
f 1077/908/866 250/175/170 1075/907/865 1076/1085/1030
f 235/2229/856 1068/898/855 236/900/858
f 236/900/858 154/2216/2104 235/2229/856
f 236/900/858 1070/899/857 237/902/860
f 237/902/860 151/2230/2113 236/900/858
f 237/902/860 1071/901/859 238/903/861
f 238/903/861 151/2230/2113 237/902/860
f 239/163/158 146/162/157 238/903/861
f 1074/906/864 1073/905/863 1075/907/865
f 250/175/170 246/172/167 244/169/164
f 254/911/869 252/176/171 1077/908/866 1078/909/867
f 23/912/870 1079/910/868 1080/914/871 24/2422/874
f 1079/910/868 32/913/18 31/2423/16
f 1086/921/878 1090/920/877 1087/923/880 1088/1040/988
f 1080/914/871 1078/909/867 1081/2424/2267
f 1080/914/871 1082/1086/872 24/2422/874
f 1093/926/883 1091/925/882 1087/923/880 1092/922/879
f 1117/196/189 1116/938/895 221/142/138 1118/1073/1019
f 1094/924/881 1096/927/884 1095/928/885
f 1098/929/886 1099/2425/2268 1097/930/887
f 1099/2425/2268 1100/931/888 1101/1034/982
f 1099/2425/2268 1098/929/886 1102/1078/1024
f 1106/2426/2269 1107/1030/978 1104/934/891
f 1104/934/891 1108/1076/1022 1106/2426/2269
f 1106/2426/2269 1111/1028/976 1109/1027/975
f 1111/1028/976 1112/937/894 1110/1029/977
f 1112/937/894 1111/1028/976 1113/2427/2270
f 1120/1024/972 1117/196/189 1118/1073/1019 1119/1023/971
f 1055/885/844 63/1020/968 1119/1023/971 1118/1073/1019
f 1119/1023/971 63/1020/968 1121/1019/967
f 60/1021/969 63/1020/968 1055/885/844 1122/939/896
f 1125/942/899 1124/2428/2271 1126/1071/1017 1127/940/897
f 1123/884/843 1124/2428/2271 1122/939/896
f 1124/2428/2271 1123/884/843 1126/1071/1017
f 1129/1072/1018 1130/2429/2272 1127/940/897 1126/1071/1017
f 1127/940/897 1130/2429/2272 1131/943/900 1132/958/912
f 1124/2428/2271 1125/942/899 1145/959/913 1122/939/896
f 1130/2429/2272 1050/881/840 1131/943/900
f 1134/945/902 1135/946/903 1136/955/909
f 1134/945/902 1049/880/839 1048/879/838
f 1135/952/903 1047/947/836 1137/948/904
f 1137/948/904 1045/874/834 1138/949/905
f 1138/949/905 15/6/6 1137/948/904
f 1138/949/905 1044/873/833 28/11/11
f 28/11/11 27/10/10 1138/949/905
f 28/11/11 1044/873/833 1043/2420/2265
f 1043/2420/2265 358/950/906 28/11/11
f 358/950/906 356/2281/2159 26/9/9
f 1043/2420/2265 361/870/832 358/950/906
f 1043/2420/2265 209/871/125 361/870/832
f 26/9/9 356/2281/2159 353/1087/1031
f 353/1087/1031 27/10/10 26/9/9
f 15/6/6 14/5/5 1137/948/904
f 15/6/6 1138/949/905 27/10/10
f 1135/952/903 1139/951/907 1140/953/908
f 1136/954/909 1140/953/908 1141/978/931
f 1136/955/909 1133/944/901 1134/945/902
f 1133/944/901 1142/956/910 1132/958/912
f 1132/958/912 1143/957/911 1128/941/898
f 1132/958/912 1131/943/900 1133/944/901
f 1128/941/898 1143/957/911 1144/2430/2273
f 1144/2430/2273 1145/959/913 1128/941/898
f 1145/959/913 1144/2430/2273 1146/2431/2274
f 1122/939/896 1145/959/913 1147/961/915 61/1016/964
f 1154/962/916 1149/2432/2275 1151/960/914 1159/987/937
f 1147/961/915 1148/1014/962 61/1016/964
f 1149/2432/2275 1150/2433/2276 1147/961/915
f 1147/961/915 1151/960/914 1149/2432/2275
f 1152/964/918 1153/1013/961 1149/2432/2275
f 58/2434/958 1155/2435/957 1152/964/918 57/963/917
f 1149/2432/2275 1154/962/916 1152/964/918
f 1155/2435/957 1156/2436/2277 1152/964/918
f 1166/988/938 1163/970/923 1160/969/922 1165/989/934
f 1154/962/916 1157/986/920 57/963/917
f 1157/986/920 1154/962/916 1159/987/937
f 1157/967/920 1160/969/922 1158/965/919
f 1160/969/922 1157/967/920 1162/2437/936
f 1163/970/923 1164/1004/952 1161/968/921
f 1163/970/923 1166/988/938 1167/998/946 1168/1001/949
f 1170/971/924 1167/998/946 1166/988/938 1169/972/925
f 1171/995/943 1170/971/924 1172/973/926 1174/2438/2278
f 1170/971/924 1171/995/943 1167/998/946
f 13/8/8 1175/975/928 1179/976/929 12/4/4
f 1174/2438/2278 1173/993/941 1171/995/943
f 1174/2438/2278 1175/975/928 1173/993/941
f 1175/975/928 1176/214/206 1173/993/941
f 1175/975/928 1174/2438/2278 1179/976/929
f 1176/214/206 13/8/8 349/215/207
f 1139/951/907 14/5/5 1180/2439/2279 1140/953/908
f 1179/976/929 1180/2439/2279 14/5/5
f 1172/973/926 1181/977/930 1140/953/908 1180/2439/2279
f 1184/984/935 1143/957/911 1182/981/932 1183/982/933
f 1142/980/910 1136/954/909 1141/978/931
f 1144/2430/2273 1184/984/935 1165/983/934 1159/987/937
f 1181/977/930 1166/988/938 1183/990/933 1182/979/932
f 1184/984/935 1144/2430/2273 1143/957/911
f 1159/987/937 1165/983/934 1162/985/936
f 1159/987/937 1146/2431/2274 1144/2430/2273
f 1146/2431/2274 1151/960/914 1145/959/913
f 1159/987/937 1151/960/914 1146/2431/2274
f 1165/989/934 1160/969/922 1162/2437/936
f 1174/2438/2278 1172/973/926 1180/2439/2279 1179/976/929
f 1181/977/930 1172/973/926 1169/972/925
f 58/1010/958 1158/965/919 1161/968/921 1193/1005/953
f 1177/991/939 1178/974/927 1185/992/940
f 1177/991/939 1173/993/941 1176/214/206
f 1185/992/940 1171/995/943 1173/993/941
f 1186/994/942 1167/998/946 1171/995/943
f 1188/997/945 1168/1001/949 1167/998/946
f 1168/1001/949 1191/1002/950 1164/1004/952
f 1164/1004/952 1163/970/923 1168/1001/949
f 1164/1004/952 1192/1003/951 1161/968/921
f 1196/1008/956 58/1010/958 1193/1005/953 1195/1007/955
f 1192/1003/951 1194/1006/954 1193/1005/953
f 1199/2440/2280 1196/1008/956 1197/1068/1014 1198/2441/2281
f 1195/1007/955 1197/1068/1014 1196/1008/956
f 1156/2442/2277 1155/1009/957 1196/1008/956 1199/2440/2280
f 1200/2443/959 1156/2442/2277 1199/2440/2280 310/1054/1001
f 62/1015/963 1148/1014/962 1150/2433/2276 1202/1017/965
f 1156/2436/2277 1200/1011/959 1153/1013/961
f 1153/1013/961 1152/964/918 1156/2436/2277
f 1153/1013/961 1201/1012/960 1150/2433/2276
f 1150/2433/2276 1149/2432/2275 1153/1013/961
f 1148/1014/962 1147/961/915 1150/2433/2276
f 62/1015/963 1204/2444/2282 1121/1019/967 60/1021/969
f 62/1015/963 1203/1018/966 1204/2444/2282
f 1205/1022/970 1121/1019/967 1204/2444/2282 295/2245/2127
f 1210/1045/993 1211/2237/2119 1097/930/887 1099/2425/2268
f 1206/1026/974 1110/1029/977 1112/937/894
f 1110/1029/977 1206/1026/974 1207/1049/997
f 1109/1027/975 1110/1029/977 1207/1049/997
f 1109/1027/975 1107/1030/978 1106/2426/2269
f 1208/1032/980 1209/1033/981 1104/934/891
f 1209/1033/981 1101/1034/982 1103/933/890
f 1101/1034/982 1209/1033/981 275/1048/996
f 1099/2425/2268 1101/1034/982 1210/1045/993
f 1217/2445/2283 1086/921/878 1088/1040/988 1216/1039/987
f 1211/2237/2119 1212/1035/983 1097/930/887
f 1212/1035/983 1213/1036/984 1095/928/885
f 1091/925/882 1215/1038/986 1087/923/880
f 1088/1040/988 1087/923/880 1215/1038/986
f 1086/921/878 1217/2445/2283 1083/918/875 1085/919/876
f 25/1041/989 1083/918/875 1217/2445/2283 33/17/17
f 1216/1039/987 261/1042/990 33/17/17 1217/2445/2283
f 25/1041/989 32/18/18 23/2202/870
f 267/184/177 266/183/176 1212/1035/983 1211/2237/2119
f 261/1042/990 263/1043/991 260/2233/2115
f 1215/1038/986 1214/1037/985 265/1044/992
f 1214/1037/985 1215/1038/986 1091/925/882
f 1214/1037/985 1213/1036/984 266/183/176
f 1213/1036/984 1212/1035/983 266/183/176
f 278/189/182 273/186/179 1208/1032/980 281/1031/979
f 1211/2237/2119 1210/1045/993 268/2236/2118
f 1210/1045/993 275/1048/996 271/1046/994
f 275/1048/996 1210/1045/993 1101/1034/982
f 273/186/179 1209/1033/981 1208/1032/980
f 290/2243/2125 293/1025/973 1205/1022/970 295/2245/2127
f 281/1031/979 1207/1049/997 276/190/183
f 1207/1049/997 285/194/187 280/191/184
f 285/194/187 1207/1049/997 1206/1026/974
f 1206/1026/974 289/195/188 285/194/187
f 1117/196/189 293/1025/973 287/197/190
f 1203/1018/966 298/2241/2123 295/2245/2127 1204/2444/2282
f 1205/1022/970 293/1025/973 1120/1024/972
f 295/2245/2127 298/2241/2123 291/2240/2122
f 1218/1050/998 299/2238/2120 298/2241/2123 1203/1018/966
f 299/2238/2120 1218/1050/998 305/199/192 300/198/191
f 1219/1052/999 305/199/192 1218/1050/998 1202/1017/965
f 1222/1057/1003 311/207/199 1221/1056/1002 1198/2441/2281
f 1219/1052/999 1201/1012/960 1220/1053/1000
f 1220/1055/1000 1200/2443/959 310/1054/1001
f 311/207/199 317/1058/1004 312/2253/2131
f 327/2259/2137 324/1062/1008 1225/2446/2284 1226/2447/2285
f 317/1058/1004 321/1060/1006 315/208/200
f 321/1060/1006 324/1062/1008 318/2255/2133
f 324/1062/1008 327/2259/2137 322/2261/2139
f 324/1062/1008 1224/1061/1007 1225/2446/2284
f 1227/2448/2286 1228/2449/2287 1226/2447/2285 1225/2446/2284
f 1226/2447/2285 330/2264/2142 327/2259/2137
f 330/2264/2142 1226/2447/2285 1228/2449/2287 1229/2450/2288
f 1178/974/927 345/2275/2153 48/2207/2095 1185/992/940
f 1229/2450/2288 333/2267/2145 330/2264/2142
f 1229/2450/2288 1230/2451/2289 333/2267/2145
f 1230/2451/2289 335/2268/2146 333/2267/2145
f 1230/2451/2289 1229/2450/2288 1231/2452/2290
f 1230/2451/2289 1232/2453/2291 335/2268/2146
f 1232/2453/2291 337/2270/2148 335/2268/2146
f 1232/2453/2291 339/2271/2149 337/2270/2148
f 339/2271/2149 1232/2453/2291 1233/1063/1009
f 1233/1063/1009 341/1088/1032 339/2271/2149
f 341/1088/1032 1233/1063/1009 49/1065/1011
f 47/1066/1012 1186/994/942 1185/992/940
f 1185/992/940 48/2207/2095 47/1066/1012
f 1233/1063/1009 1235/2454/2292 1187/996/944 1234/1064/1010
f 343/1089/1033 49/1065/1011 48/2207/2095
f 1234/1064/1010 1187/996/944 1186/994/942
f 1231/2452/2290 1236/2455/2293 1189/999/947 1235/2454/2292
f 1235/2454/2292 1189/999/947 1187/996/944
f 1225/2446/2284 1238/2456/2294 1194/1006/954 1237/1067/1013
f 1236/2455/2293 1190/1000/948 1189/999/947
f 1237/1067/1013 1190/1000/948 1227/2448/2286
f 1224/1061/1007 1223/1059/1005 1238/2456/2294 1225/2446/2284
f 1194/1006/954 1238/2456/2294 1195/1007/955
f 1197/1068/1014 1195/1007/955 1238/2456/2294 1223/1059/1005
f 1228/2449/2287 1227/2448/2286 1190/1000/948 1236/2455/2293
f 1197/1068/1014 1222/1057/1003 1198/2441/2281
f 1237/1067/1013 1227/2448/2286 1225/2446/2284
f 1229/2450/2288 1228/2449/2287 1236/2455/2293 1231/2452/2290
f 1232/2453/2291 1231/2452/2290 1235/2454/2292 1233/1063/1009
f 1231/2452/2290 1232/2453/2291 1230/2451/2289
f 1198/2441/2281 1221/1056/1002 310/1054/1001 1199/2440/2280
f 1201/1012/960 1219/1052/999 1202/1017/965 1150/2433/2276
f 1129/1072/1018 1052/1069/1015 1050/881/840 1130/2429/2272
f 1178/974/927 346/213/205 345/2275/2153
f 1178/974/927 348/211/203 346/213/205
f 1158/965/919 58/1010/958 57/966/917
f 217/2224/2111 1052/1069/1015 1129/1072/1018 1053/882/841
f 1058/887/846 1057/886/845 1112/937/894 1113/2427/2270
f 1116/938/895 1114/935/892 1056/143/139
f 1241/1081/1027 1068/896/855 1240/1080/1026 1089/2457/2295
f 1113/2427/2270 1060/889/848 1059/888/847
f 1113/2427/2270 1059/888/847 1058/887/846
f 1113/2427/2270 1111/1028/976 1060/889/848
f 1108/1076/1022 1105/932/889 1063/1075/1021
f 1063/1075/1021 1105/932/889 1065/1077/1023
f 1065/1077/1023 1064/893/852 1062/892/851
f 1065/1077/1023 1100/931/888 1102/1078/1024
f 1102/1078/1024 1098/929/886 1096/927/884
f 1067/894/853 1093/926/883 1092/922/879
f 1240/1080/1026 1090/920/877 1089/2457/2295
f 1068/896/855 1069/895/854 1240/1080/1026
f 1080/914/871 1081/2424/2267 1071/901/859 1243/1084/1029
f 1089/2457/2295 1085/919/876 1241/1081/1027
f 1241/1081/1027 1084/916/873 1242/1082/1028
f 1242/1083/1028 1243/1084/1029 1070/899/857
f 1243/1084/1029 1242/1083/1028 1082/1086/872
f 1072/904/862 1071/901/859 1081/2424/2267 1076/1085/1030
f 1239/1074/1020 1060/889/848 1111/1028/976 1106/2426/2269
f 1076/1085/1030 1075/907/865 1073/905/863
f 1089/2457/2295 1090/920/877 1085/919/876
f 1100/931/888 1099/2425/2268 1102/1078/1024
f 1108/1076/1022 1104/934/891 1105/932/889
f 1239/1074/1020 1106/2426/2269 1108/1076/1022
f 1076/1085/1030 1081/2424/2267 1078/909/867 1077/908/866
f 1083/918/875 25/1041/989 24/917/874
f 190/112/108 40/22/22 35/21/21 194/114/110
f 361/870/832 207/2285/123 359/2284/2162
f 34/15/15 257/180/173 31/16/16
f 256/25/25 1079/2227/868 31/178/16
f 143/166/161 242/257/243 5/84/81
f 37/14/14 198/119/115 30/12/12
f 194/114/110 35/21/21 29/13/13
f 169/97/93 1244/1090/1034 174/102/98 173/98/94
f 40/22/22 190/112/108 1244/1090/1034
f 38/19/19 40/22/22 1244/1090/1034 169/97/93
f 1259/2458/2296 1245/1095/1039 1261/1097/1041 1262/1425/1361
f 174/102/98 186/1091/1035 52/1092/1036
f 174/102/98 52/1092/1036 175/2219/2107
f 52/1092/1036 180/106/102 175/2219/2107
f 187/109/105 1244/1090/1034 190/112/108
f 194/114/110 189/113/109 190/112/108
f 27/10/10 12/4/4 15/6/6
f 1259/2458/2296 1260/1334/1274 1245/1095/1039
f 1458/1222/1164 1248/1149/1093 1273/1146/1090 1361/2459/2297
f 1247/2195/2088 1266/1224/1166 1267/1225/1167
f 1545/1102/1046 1271/1101/1045 1249/1302/1242
f 1283/2124/2022 1280/2095/1995 1281/2094/1994 1282/2096/1996
f 1248/1149/1093 1458/1222/1164 1274/1221/1163
f 1277/1237/1177 1275/1240/1180 1276/1156/1100
f 1423/1198/1141 1309/1261/1201 1254/1118/1062 1308/1120/1064
f 1250/2460/1048 1285/1553/1050 1286/2461/1052
f 1288/1348/1286 1289/1347/1285 1685/1436/1370
f 1251/1109/1053 1291/1111/1055 1292/2072/1972
f 1296/1982/1884 1295/2191/1883 2352/1983/1885
f 1252/1112/1056 1297/2070/1970 1298/1974/1877
f 1298/1974/1877 1299/1970/1873 1252/1112/1056
f 1305/1117/1061 1306/2462/2298 1253/1115/1059
f 1313/2132/2030 1256/2463/2299 1311/2160/2055 1312/2138/1974
f 1309/1261/1201 1491/1260/1200 1254/1118/1062
f 1314/2154/2049 1315/2157/2052 1256/2463/2299 1313/2132/2030
f 1318/1209/1152 1319/1212/1065 1258/2464/1067 1317/2465/2300
f 1323/1127/1071 1321/2466/2301 1258/1123/1067 1320/1124/1068
f 1443/1368/1306 1326/1125/1069 1323/1127/1071 1320/1124/1068
f 1320/1124/1068 1322/1122/1066 1324/2467/2302
f 1409/1188/1131 1338/1138/1082 1341/1139/1083 1342/1184/1127
f 1326/1125/1069 1328/1129/1073 1327/1128/1072
f 1330/1131/1075 1333/1191/1134 1328/1129/1073
f 1330/1131/1075 1328/1129/1073 1331/1215/1157
f 1332/1135/1079 1333/1191/1134 1330/1131/1075
f 1330/1131/1075 1335/1133/1077 1332/1135/1079
f 1332/1135/1079 1337/1134/1078 1336/1136/1080
f 1338/1138/1082 1339/1187/1130 1336/1136/1080
f 1454/1218/1160 1355/2468/2303 1354/1180/1123 1353/1183/1126
f 1342/1184/1127 1341/1139/1083 1344/1375/1313
f 1344/1375/1313 1345/2469/2304 1342/1184/1127
f 1345/2469/2304 1346/1142/1086 1342/1184/1127
f 1345/2469/2304 1344/1375/1313 1347/1374/1312
f 1348/1141/1085 1350/1144/1088 1406/1258/1198
f 1351/1143/1087 1353/1183/1126 1352/1145/1089
f 1401/1251/1191 1356/2470/2305 1359/2471/2306 1358/2472/2307
f 1355/2468/2303 1356/2470/2305 1357/1254/1194
f 1375/2473/2308 1373/1162/1106 1371/1152/1096 1374/1151/1095
f 1358/2472/2307 1359/2471/2306 1360/2474/2309
f 1362/1148/1092 1361/2459/2297 1273/1146/1090
f 1363/1147/1091 1364/2475/1116 1365/1178/1122
f 1366/2196/2089 1367/2476/2310 1363/1147/1091
f 1363/1147/1091 1248/1149/1093 1366/2196/2089
f 1369/1150/1094 1370/1167/1111 1368/1169/1113
f 1371/1152/1096 1372/1166/1110 1369/1150/1094
f 1378/2477/2311 1375/2473/2308 1374/1151/1095 1377/1227/1169
f 1375/2473/2308 1376/1159/1103 1373/1162/1106
f 1375/2473/2308 1378/2477/2311 1379/2478/1102 1380/2479/1101
f 1382/1155/1099 1379/2478/1102 1378/2477/2311 1381/1153/1097
f 1380/2479/1101 1386/1160/1104 1376/1159/1103 1375/2473/2308
f 1382/2480/1099 1383/1234/1098 1384/1233/1174
f 1382/2480/1099 1276/1156/1100 1379/1158/1102
f 1276/1156/1100 1385/1239/1179 1380/1157/1101
f 1276/1156/1100 1382/2480/1099 1277/1237/1177
f 1386/2481/1104 1380/1157/1101 1387/2482/2312
f 1373/1162/1106 1388/1161/1105 1372/1166/1110 1371/1152/1096
f 1388/1161/1105 1390/1164/1108 1372/1166/1110
f 1368/1169/1113 1392/1168/1112 1367/2476/2310 1366/2196/2089
f 1372/1166/1110 1391/1165/1109 1370/1167/1111
f 1370/1167/1111 1369/1150/1094 1372/1166/1110
f 1370/1167/1111 1393/2483/2313 1392/1168/1112
f 1395/2484/1114 1367/2476/2310 1392/1168/1112 1394/2485/1183
f 1246/1175/1119 1265/1176/1120 1364/1172/1116 1396/1171/1115
f 1367/2476/2310 1395/2484/1114 1364/2475/1116
f 1364/2475/1116 1363/1147/1091 1367/2476/2310
f 1398/1248/1188 1485/1173/1117 1246/1175/1119 1396/1171/1115
f 1265/1179/1120 1365/1178/1122 1364/2475/1116
f 1396/1171/1115 1395/1170/1114 1397/2486/2314
f 1361/2459/2297 1362/1148/1092 1487/2487/2315 1358/2472/2307
f 1399/1174/1118 1400/2488/1121 1265/1176/1120
f 1365/1178/1122 1362/1148/1092 1363/1147/1091
f 1362/1148/1092 1365/1178/1122 1400/1177/1121
f 1362/1148/1092 1400/1177/1121 1486/1250/1190
f 1402/1253/1193 1357/1254/1194 1356/2470/2305 1401/1251/1191
f 1327/1128/1072 1329/1130/1074 1413/1267/1207 1325/1126/1070
f 1357/1254/1194 1354/1180/1123 1355/2468/2303
f 1350/1144/1088 1352/1145/1089 1405/1256/1196
f 1348/1141/1085 1406/1258/1198 1489/1259/1199
f 1348/1141/1085 1407/1185/1128 1346/1142/1086
f 1407/1185/1128 1342/1184/1127 1346/1142/1086
f 1343/1186/1129 1409/1188/1131 1342/1184/1127
f 1409/1188/1131 1343/1186/1129 1408/1262/1202
f 1409/1188/1131 1410/1263/1203 1339/1187/1130
f 1336/1136/1080 1411/1189/1132 1333/1191/1134
f 1333/1191/1134 1332/1135/1079 1336/1136/1080
f 1333/1191/1134 1329/1130/1074 1328/1129/1073
f 1421/1197/1140 1316/1196/1139 1420/1195/1138 1492/1264/1204
f 1415/2489/2316 1416/2490/1150 1323/1127/1071
f 1323/1127/1071 1414/1192/1135 1415/2489/2316
f 1417/1194/1137 1418/1203/1146 1415/2489/2316
f 1417/1194/1137 1415/2489/2316 1255/1266/1206
f 1426/2491/2317 1422/1200/1143 1424/1354/1292 1425/2492/2318
f 1316/1196/1139 1421/1197/1140 1257/1199/1142
f 1257/1199/1142 1423/1198/1141 1422/1200/1143
f 1257/1199/1142 1426/2491/2317 1427/1201/1144 1316/1196/1139
f 1422/1200/1143 1426/2491/2317 1257/1199/1142
f 1426/2491/2317 1425/2492/2318 1427/1201/1144
f 1429/1204/1147 1417/1194/1137 1419/1193/1136 1428/1202/1145
f 1431/2493/1148 1418/1203/1146 1429/1204/1147 1430/2494/2319
f 1434/1357/1295 1321/2495/2301 1432/1206/1149 1433/1355/1293
f 1418/1203/1146 1431/2493/1148 1416/2490/1150
f 1416/2490/1150 1415/2489/2316 1418/1203/1146
f 1416/1207/1150 1432/1206/1149 1321/2495/2301
f 1321/2466/2301 1323/1127/1071 1416/2490/1150
f 1435/1359/1297 1317/2465/2300 1321/2495/2301 1434/1357/1295
f 1317/2465/2300 1435/1359/1297 1436/1210/1153 1318/1209/1152
f 1317/2465/2300 1258/2464/1067 1321/2495/2301
f 1438/1362/1300 1439/1211/1154 1318/1209/1152 1437/1208/1151
f 1455/1485/1416 1456/1484/1415 1355/2468/2303 1454/1218/1160
f 1319/1121/1065 1439/2496/1154 1440/1213/1155
f 1319/1121/1065 1440/1213/1155 1322/1122/1066
f 1442/1214/1156 1324/2467/2302 1322/1122/1066
f 1324/2467/2302 1443/1368/1306 1320/1124/1068
f 1326/1125/1069 1443/1368/1306 1444/1367/1305
f 1331/1215/1157 1326/1125/1069 1444/1367/1305
f 1331/1215/1157 1334/1132/1076 1330/1131/1075
f 1334/1132/1076 1331/1215/1157 1446/1371/1309
f 1340/1137/1081 1337/1134/1078 1448/1474/1405
f 1340/1137/1081 1449/2497/2320 1341/1139/1083
f 1449/2497/2320 1344/1375/1313 1341/1139/1083
f 1449/2497/2320 1340/1137/1081 1624/2498/2321
f 1345/2469/2304 1450/1217/1159 1346/1142/1086
f 1450/1217/1159 1345/2469/2304 1451/1376/1314
f 1353/1183/1126 1351/1143/1087 1453/1219/1161
f 1356/2470/2305 1355/2468/2303 1456/1484/1415 1359/2471/2306
f 1377/1227/1169 1462/1226/1168 1381/1153/1097 1378/2477/2311
f 1359/2471/2306 1456/1484/1415 1457/1487/1418
f 1360/2474/2309 1361/2459/2297 1358/2472/2307
f 1360/2474/2309 1359/2471/2306 1632/1486/1417
f 1360/2474/2309 1458/1222/1164 1361/2459/2297
f 1267/1225/1167 1460/1223/1165 1461/1498/1429
f 1267/1225/1167 1377/1227/1169 1247/2195/2088
f 1267/1225/1167 1461/1498/1429 1462/1226/1168
f 1380/1157/1101 1385/1239/1179 1472/1382/1320 1387/2482/2312
f 1462/1226/1168 1636/1497/1428 1463/1228/1170
f 1463/1228/1170 1465/1499/1430 1464/1229/1171
f 1384/1233/1174 1467/1232/1173 1468/1235/1175
f 1469/1236/1176 1468/1235/1175 1470/1381/1319
f 1469/1236/1176 1275/1240/1180 1277/1237/1177
f 1275/1240/1180 1469/1236/1176 1471/1238/1178
f 1472/1382/1320 1385/1239/1179 1524/1291/1231
f 1388/1161/1105 1386/1160/1104 1474/2499/2322 1389/1163/1107
f 1387/2482/2312 1472/1382/1320 1473/1290/1230
f 1387/2482/2312 1474/2500/2322 1386/2481/1104
f 1474/2500/2322 1387/2482/2312 1475/1383/1321
f 1391/1165/1109 1478/1242/1182 1393/2483/2313 1370/1167/1111
f 1476/1241/1181 1389/1163/1107 1477/2501/1225
f 1476/1241/1181 1479/2502/2323 1478/1242/1182
f 1517/1282/1222 1480/1244/1184 1393/2503/2313 1478/2504/1182
f 1395/1170/1114 1394/1243/1183 1481/1245/1185 1397/2486/2314
f 1393/2503/2313 1480/1244/1184 1394/1243/1183
f 1394/2485/1183 1392/1168/1112 1393/2483/2313
f 1397/2486/2314 1481/1245/1185 1482/1246/1186 1483/1280/1220
f 1396/1171/1115 1397/2486/2314 1483/1280/1220 1398/1248/1188
f 1483/1280/1220 1484/1247/1187 1398/1248/1188
f 1400/2488/1121 1399/1174/1118 1508/1341/1280 1506/1340/1189
f 1485/1173/1117 1508/1341/1280 1399/1174/1118
f 1501/1275/1215 1500/1274/1214 1357/1254/1194 1402/1253/1193
f 1486/1250/1190 1487/2487/2315 1362/1148/1092
f 1487/2487/2315 1401/1251/1191 1358/2472/2307
f 1487/2487/2315 1504/1277/1217 1401/1251/1191
f 1408/1262/1202 1309/1261/1201 1410/1263/1203 1409/1188/1131
f 1500/1274/1214 1403/1181/1124 1357/1254/1194
f 1499/1255/1195 1405/1256/1196 1404/1182/1125
f 1405/1256/1196 1406/1258/1198 1350/1144/1088
f 1489/1259/1199 1407/1185/1128 1348/1141/1085
f 1407/1185/1128 1489/1259/1199 1490/1268/1208
f 1490/1268/1208 1491/1260/1200 1407/1185/1128
f 1491/1260/1200 1408/1262/1202 1343/1186/1129
f 1412/1190/1133 1310/1265/1205 1413/1267/1207 1329/1130/1074
f 1410/1263/1203 1421/1197/1140 1492/1264/1204
f 1309/1261/1201 1423/1198/1141 1421/1197/1140 1410/1263/1203
f 1420/1195/1138 1310/1265/1205 1492/1264/1204
f 1503/1278/1218 1504/1277/1217 1505/2505/2324 1589/1344/1282
f 1491/1260/1200 1490/1268/1208 1493/1270/1210
f 1493/1270/1210 1254/1118/1062 1491/1260/1200
f 1494/1257/1197 1495/1271/1211 1496/1269/1209
f 1500/1274/1214 1499/1255/1195 1403/1181/1124
f 1480/1244/1184 1517/1282/1222 1515/1284/1224 1513/2194/2087
f 1505/2505/2324 1506/1249/1189 1507/2506/1279
f 1504/1277/1217 1487/2487/2315 1505/2505/2324
f 1506/1249/1189 1505/2505/2324 1486/1250/1190
f 1508/1341/1280 1485/1173/1117 1509/1279/1219
f 1509/1279/1219 1484/1247/1187 1510/2507/2325
f 1484/1247/1187 1483/1280/1220 1511/1281/1221
f 1511/1281/1221 1482/1246/1186 1512/1337/1277
f 1511/1281/1221 1510/2507/2325 1484/1247/1187
f 1482/1246/1186 1513/2194/2087 1514/1335/1275
f 1479/2508/2323 1477/1285/1225 1518/1287/1227 1516/1283/1223
f 1518/1287/1227 1519/1286/1226 1520/2509/1272
f 1471/1238/1178 1529/2510/2326 1526/2511/2327 1525/1292/1232
f 1522/1289/1229 1270/1100/1044 1521/2512/2328
f 1522/1289/1229 1523/1288/1228 1271/1101/1045
f 1522/1289/1229 1521/2512/2328 1475/1383/1321
f 1473/1290/1230 1524/1291/1231 1523/1288/1228
f 1525/1292/1232 1526/2511/2327 1527/2513/2329
f 1528/2514/2330 1526/2511/2327 1529/2510/2326 1530/1299/1239
f 1537/1297/1237 1532/1294/1234 1535/1384/1322 1536/1385/1323
f 1531/1295/1235 1530/1299/1239 1470/1381/1319
f 1531/1295/1235 1532/1294/1234 1533/1300/1240
f 1532/1294/1234 1534/1293/1233 1535/1384/1322
f 1532/1294/1234 1538/1296/1236 1539/1311/1251 1533/1300/1240
f 1526/2511/2327 1528/2514/2330 1542/1305/1245 1527/2513/2329
f 1533/1300/1240 1530/1299/1239 1531/1295/1235
f 1540/1298/1238 1528/2514/2330 1530/1299/1239
f 1528/2514/2330 1540/1298/1238 1541/1307/1247
f 1541/1307/1247 1542/1305/1245 1528/2514/2330
f 1555/1314/1254 1553/1313/1253 1556/1388/1326 1566/2515/2331
f 1527/2513/2329 1543/1301/1241 1525/1292/1232
f 1527/2513/2329 1278/1304/1244 1543/1301/1241
f 1543/1301/1241 1278/1304/1244 1249/1302/1242
f 1545/1102/1046 1249/1302/1242 1278/1304/1244
f 1278/1304/1244 1527/2513/2329 1542/1305/1245
f 1548/1309/1249 1541/1307/1247 1540/1298/1238
f 1540/1298/1238 1549/1310/1250 1548/1309/1249
f 1533/1300/1240 1550/1312/1252 1549/1310/1250
f 1539/1311/1251 1551/1324/1264 1550/1312/1252
f 1551/1324/1264 1539/1311/1251 1538/1296/1236
f 1538/1296/1236 1552/1315/1255 1551/1324/1264
f 1553/1313/1253 1552/1315/1255 1554/1386/1324
f 1566/2515/2331 1556/1388/1326 1557/1316/1256 1565/1403/1341
f 1553/1313/1253 1641/1510/1438 1556/1388/1326
f 1565/1403/1341 1557/1316/1256 1559/1318/1258 1560/1321/1261
f 1557/1316/1256 1556/1388/1326 1558/1317/1257
f 1569/1322/1262 1566/2515/2331 1567/1402/1340 1568/1323/1263
f 1560/1321/1261 1563/1397/1335 1564/1400/1338
f 1560/1321/1261 1564/1400/1338 1565/1403/1341
f 1582/1333/1273 1270/1100/1044 1580/1416/1354 1581/1331/1271
f 1566/2515/2331 1569/1322/1262 1555/1314/1254
f 1568/1323/1263 1550/1312/1252 1551/1324/1264
f 1571/1326/1266 1548/1309/1249 1549/1310/1250
f 1572/1327/1267 1573/1408/1346 1548/1309/1249
f 1573/1408/1346 1547/1308/1248 1548/1309/1249
f 1547/1308/1248 1573/1408/1346 1574/1328/1268
f 1574/1328/1268 1575/1329/1269 1546/1306/1246
f 1575/1329/1269 1574/1328/1268 1663/1410/1348
f 1575/1329/1269 1576/1330/1270 1544/1303/1243
f 1576/1330/1270 1577/2516/2332 1545/1102/1046
f 1577/2516/2332 1272/1103/1047 1545/1102/1046
f 1577/2516/2332 1576/1330/1270 1578/2517/2333
f 1272/1103/1047 1577/2516/2332 1579/1411/1349
f 1272/1103/1047 1580/1416/1354 1270/1100/1044
f 1519/2518/1226 1521/2512/2328 1582/1333/1273 1520/1332/1272
f 1513/2194/2087 1515/1284/1224 1260/1334/1274 1514/1335/1275
f 1582/1333/1273 1521/2512/2328 1270/1100/1044
f 1520/2509/1272 1583/1417/1355 1518/1287/1227
f 1518/1287/1227 1245/1095/1039 1516/1283/1223
f 1518/1287/1227 1584/1098/1042 1245/1095/1039
f 1509/1279/1219 1510/2507/2325 1586/1430/1366 1587/1338/1278
f 1514/1335/1275 1512/1337/1277 1482/1246/1186
f 1511/1281/1221 1586/1430/1366 1510/2507/2325
f 1591/1346/1284 1488/1252/1192 1503/1278/1218 1590/1345/1283
f 1509/1279/1219 1507/1339/1279 1508/1341/1280
f 1507/2506/1279 1589/1344/1282 1505/2505/2324
f 1425/2492/2318 1424/1354/1292 1598/1353/1291 1599/2519/1378
f 1289/1347/1285 1288/1348/1286 1500/1274/1214
f 1497/1272/1212 1496/1269/1209 1495/1271/1211
f 1496/1269/1209 1497/1272/1212 1594/1349/1287
f 1497/1272/1212 1593/1437/1371 1594/1349/1287
f 1594/1349/1287 1595/1350/1288 1493/1270/1210
f 1596/1351/1289 1424/1354/1292 1422/1200/1143
f 1424/1354/1292 1596/1351/1289 1597/1352/1290
f 1600/2520/1379 1427/1201/1144 1425/2492/2318 1599/2519/1378
f 1601/2521/2334 1428/1202/1145 1427/1201/1144 1600/2520/1379
f 1428/1202/1145 1601/2521/2334 1430/2494/2319 1429/1204/1147
f 1603/1451/1382 1430/2522/2319 1601/2523/2334 1602/1449/1380
f 1604/2524/2335 1431/1205/1148 1430/2522/2319 1603/1451/1382
f 1431/1205/1148 1604/2524/2335 1433/1355/1293 1432/1206/1149
f 1438/1362/1300 1611/1455/1386 1612/2525/2336 1439/1211/1154
f 1604/2524/2335 1605/2526/2337 1433/1355/1293
f 1433/1355/1293 1607/1578/1496 1606/1356/1294
f 1435/1359/1297 1608/1358/1296 1609/1360/1298
f 1609/1360/1298 1436/1210/1153 1435/1359/1297
f 1439/2496/1154 1612/2527/2336 1613/1363/1301 1440/1213/1155
f 1324/2467/2302 1442/1214/1156 1617/1464/1395 1443/1368/1306
f 1442/1214/1156 1440/1213/1155 1441/1364/1302
f 1441/1364/1302 1615/1365/1303 1442/1214/1156
f 1442/1214/1156 1615/1365/1303 1616/1463/1394
f 1616/1463/1394 1617/1464/1395 1442/1214/1156
f 1337/1134/1078 1447/1216/1158 1622/1475/1406 1448/1474/1405
f 1443/1368/1306 1617/1464/1395 1618/1366/1304
f 1444/1367/1305 1618/1366/1304 1619/1467/1398
f 1444/1367/1305 1445/1369/1307 1331/1215/1157
f 1445/1369/1307 1446/1371/1309 1331/1215/1157
f 1621/1372/1310 1622/1475/1406 1447/1216/1158
f 1625/1477/1408 1626/1476/1407 1449/2497/2320 1624/2498/2321
f 1622/1475/1406 1621/1372/1310 1623/1470/1401
f 1448/1474/1405 1624/2498/2321 1340/1137/1081
f 1344/1375/1313 1449/2497/2320 1626/1476/1407 1627/1373/1311
f 1458/1222/1164 1632/1486/1417 1633/1490/1421 1459/1220/1162
f 1347/1374/1312 1451/1376/1314 1345/2469/2304
f 1450/1217/1159 1452/1377/1315 1349/1140/1084
f 1452/1377/1315 1450/1217/1159 1731/2528/2338
f 1452/1377/1315 1453/1219/1161 1351/1143/1087
f 1629/1379/1317 1454/1218/1160 1453/1219/1161
f 1629/1379/1317 1455/1485/1416 1454/1218/1160
f 1455/1485/1416 1629/1379/1317 1630/1482/1413
f 1457/1487/1418 1632/1486/1417 1359/2471/2306
f 1457/1487/1418 1456/1484/1415 1631/1488/1419
f 1632/1486/1417 1458/1222/1164 1360/2474/2309
f 1459/1220/1162 1633/1490/1421 1634/1492/1423 1460/1223/1165
f 1464/1229/1171 1637/1500/1431 1638/1502/1318 1466/1230/1172
f 1460/1223/1165 1634/1492/1423 1635/1494/1425
f 1460/1223/1165 1635/1494/1425 1461/1498/1429
f 1465/1499/1430 1463/1228/1170 1636/1497/1428
f 1637/1500/1431 1464/1229/1171 1465/1499/1430
f 1469/1236/1176 1470/1381/1319 1529/2510/2326 1471/1238/1178
f 1470/1381/1319 1534/1293/1233 1531/1295/1235
f 1529/2510/2326 1470/1381/1319 1530/1299/1239
f 1389/1163/1107 1474/2499/2322 1519/2529/1226 1477/2501/1225
f 1524/1291/1231 1471/1238/1178 1525/1292/1232
f 1473/1290/1230 1475/1383/1321 1387/2482/2312
f 1475/1383/1321 1519/2518/1226 1474/2500/2322
f 1519/2518/1226 1475/1383/1321 1521/2512/2328
f 1576/1330/1270 1575/1329/1269 1664/2530/2339 1578/2517/2333
f 1477/2501/1225 1479/2502/2323 1476/1241/1181
f 1479/2508/2323 1517/1282/1222 1478/2504/1182
f 1517/1282/1222 1479/2508/2323 1516/1283/1223
f 1535/1384/1322 1468/1235/1175 1639/1504/1433
f 1639/1504/1433 1536/1385/1323 1535/1384/1322
f 1536/1385/1323 1640/1508/1436 1554/1386/1324
f 1554/1386/1324 1641/1510/1438 1553/1313/1253
f 1641/1510/1438 1642/1509/1437 1643/1389/1327
f 1643/1389/1327 1556/1388/1326 1641/1510/1438
f 1644/1387/1325 1558/1317/1257 1556/1388/1326
f 1647/1392/1330 1558/1317/1257 1644/1387/1325
f 1646/1391/1329 1648/1393/1331 1647/1392/1330
f 1648/1393/1331 1649/1394/1332 1561/1319/1259
f 1561/1319/1259 1650/1395/1333 1562/1320/1260
f 1651/1396/1334 1650/1395/1333 1652/2531/1449
f 1563/1397/1335 1651/1396/1334 1653/2532/2340
f 1563/1397/1335 1560/1321/1261 1562/1320/1260
f 1563/1397/1335 1653/2532/2340 1654/1398/1336
f 1655/1399/1337 1564/1400/1338 1563/1397/1335
f 1564/1400/1338 1655/1399/1337 1656/1401/1339
f 1567/1402/1340 1566/2515/2331 1565/1403/1341
f 1658/1405/1343 1570/1325/1265 1568/1323/1263
f 1570/1325/1265 1659/1406/1344 1571/1326/1266
f 1570/1325/1265 1571/1326/1266 1550/1312/1252
f 1659/1406/1344 1570/1325/1265 1660/1532/1453
f 1573/1408/1346 1572/1327/1267 1661/1407/1345
f 1574/1328/1268 1661/1407/1345 1662/1409/1347
f 1663/1410/1348 1664/2530/2339 1575/1329/1269
f 1664/2530/2339 1663/1410/1348 1665/1639/1556
f 1664/2530/2339 1666/1412/1350 1578/2517/2333
f 1577/2516/2332 1578/2517/2333 1666/1412/1350 1579/1411/1349
f 1666/1412/1350 1664/2530/2339 1667/2533/2341
f 1580/1416/1354 1272/1103/1047 1668/1539/1460 1669/1414/1352
f 1579/1411/1349 1764/1413/1351 1668/1539/1460
f 1579/1411/1349 1668/1539/1460 1272/1103/1047
f 1673/1423/1359 1263/1096/1040 1264/1099/1043 1672/1421/1357
f 1581/1331/1271 1670/1415/1353 1583/1419/1355
f 1584/1098/1042 1518/1287/1227 1583/1417/1355
f 1583/1417/1355 1671/1420/1356 1264/1099/1043
f 1263/1096/1040 1674/1422/1358 1675/1545/1465 1676/1424/1360
f 1263/1096/1040 1245/1095/1039 1264/1099/1043
f 1262/1425/1361 1676/1424/1360 1677/1550/1470 1678/1426/1362
f 1511/1281/1221 1512/1337/1277 1680/1428/1364 1681/1429/1365
f 1262/1425/1361 1679/1427/1363 1585/1336/1276
f 1585/1336/1276 1680/1428/1364 1512/1337/1277
f 1585/1336/1276 1259/2458/2296 1262/1425/1361
f 1688/1438/1372 1593/1437/1371 1687/1563/1481 1795/1562/1480
f 1586/1430/1366 1682/1431/1367 1587/1338/1278
f 1587/1338/1278 1588/1342/1281 1507/1339/1279
f 1590/1345/1283 1684/1435/1369 1591/1346/1284
f 1288/1348/1286 1685/1436/1370 1592/2534/2342
f 1592/2534/2342 1497/1272/1212 1288/1348/1286
f 1592/2534/2342 1687/1563/1481 1593/1437/1371
f 1593/1437/1371 1497/1272/1212 1592/2534/2342
f 1307/1119/1063 1595/1350/1288 1690/1440/1374 1691/1441/1375
f 1688/1438/1372 1595/1350/1288 1594/1349/1287
f 1692/1566/1484 1693/1568/1486 1691/1444/1375 1690/2535/1374
f 1598/1447/1291 1597/1443/1290 1694/1442/1376 1696/1573/1491
f 1693/1568/1486 1694/1442/1376 1691/1444/1375
f 1691/1441/1375 1597/1352/1290 1596/1351/1289
f 1695/1569/1487 1696/1573/1491 1694/1442/1376
f 1699/2536/2343 1600/1448/1379 1698/1445/1377 1697/2537/2344
f 1696/1573/1491 1697/2537/2344 1698/1445/1377
f 1696/1573/1491 1698/1445/1377 1598/1447/1291
f 1701/2538/2345 1699/2536/2343 1697/2537/2344 1700/1575/1493
f 1600/1448/1379 1699/2536/2343 1602/1449/1380 1601/2523/2334
f 1699/2536/2343 1701/2538/2345 1602/1449/1380
f 1603/1451/1382 1702/1450/1381 1605/2526/2337 1604/2524/2335
f 1602/1449/1380 1703/2539/2346 1702/1450/1381
f 1812/1583/1501 1707/1453/1384 1610/1361/1299 1811/1580/1498
f 1702/1450/1381 1704/2540/2347 1605/2526/2337
f 1607/1578/1496 1433/1355/1293 1605/2526/2337
f 1605/2526/2337 1705/2541/2348 1607/1578/1496
f 1706/1452/1383 1606/1356/1294 1607/1578/1496
f 1438/1362/1300 1610/1361/1299 1707/1453/1384 1611/1455/1386
f 1611/1455/1386 1710/1454/1385 1711/2542/1387 1612/2525/2336
f 1707/1453/1384 1815/1584/1502 1710/1454/1385
f 1612/2527/2336 1711/1456/1387 1713/1458/1389 1613/1363/1301
f 1714/1595/1512 1614/1459/1390 1713/1458/1389 1712/1457/1388
f 1718/1596/1513 1719/1465/1396 1617/1464/1395 1717/1462/1393
f 1614/1459/1390 1615/1365/1303 1613/1363/1301
f 1716/1461/1392 1616/1463/1394 1615/1365/1303
f 1622/1475/1406 1623/1470/1401 1725/1472/1403 1726/1473/1404
f 1619/1467/1398 1445/1369/1307 1444/1367/1305
f 1619/1467/1398 1620/1370/1308 1445/1369/1307
f 1722/1469/1400 1723/1471/1402 1621/1372/1310
f 1723/1471/1402 1623/1470/1401 1621/1372/1310
f 1723/1471/1402 1722/1469/1400 1724/1600/1517
f 1627/1373/1311 1626/1476/1407 1728/1478/1409 1729/1479/1410
f 1726/1473/1404 1624/2498/2321 1448/1474/1405
f 1625/1477/1408 1624/2498/2321 1727/2543/2349
f 1450/1217/1159 1451/1376/1314 1730/1604/1521 1731/2528/2338
f 1729/1479/1410 1730/1604/1521 1451/1376/1314
f 1751/2544/2350 1653/2532/2340 1750/2545/1543 1871/2546/2351
f 1731/2528/2338 1628/1378/1316 1452/1377/1315
f 1628/1378/1316 1731/2528/2338 1732/1480/1411
f 1732/1480/1411 1629/1379/1317 1628/1378/1316
f 1630/1482/1413 1734/1483/1414 1455/1485/1416
f 1734/1483/1414 1631/1488/1419 1456/1484/1415
f 1632/1486/1417 1631/1488/1419 1735/1489/1420
f 1736/1495/1426 1461/1498/1429 1635/1494/1425
f 1736/1495/1426 1847/1609/1526 1737/1496/1427
f 1638/1380/1318 1738/1503/1432 1639/1504/1433
f 1639/1504/1433 1467/1232/1173 1638/1380/1318
f 1637/1500/1431 1739/1505/1434 1738/1501/1432
f 1640/1508/1436 1642/1509/1437 1554/1386/1324
f 1742/1512/1440 1645/1515/1328 1644/2547/1325
f 1645/1515/1328 1744/1518/1443 1646/1520/1329
f 1743/1517/1442 1745/1521/1444 1744/1518/1443
f 1648/1519/1331 1745/1521/1444 1746/1522/1445
f 1649/1523/1332 1746/1522/1445 1747/1524/1446
f 1650/1525/1333 1747/1524/1446 1748/1526/1447
f 1748/2548/1447 1652/2531/1449 1650/1395/1333
f 1652/2531/1449 1750/2545/1543 1653/2532/2340
f 1652/2531/1449 1653/2532/2340 1651/1396/1334
f 1653/2532/2340 1751/2544/2350 1753/1632/1549 1654/1398/1336
f 1751/2544/2350 1872/2549/1641 1752/1627/1544
f 1751/2544/2350 1752/1627/1544 1753/1632/1549
f 1876/1731/1646 1877/1530/1451 1657/1404/1342 1656/1401/1339
f 1654/1398/1336 1753/1632/1549 1754/1529/1450
f 1754/1529/1450 1655/1399/1337 1654/1398/1336
f 1659/1406/1344 1660/1532/1453 1757/1633/1550 1758/1533/1454
f 1755/1531/1452 1660/1532/1453 1658/1405/1343
f 1660/1532/1453 1755/1531/1452 1756/2550/2352
f 1766/1540/1461 1669/1414/1352 1668/1539/1460 1765/1538/1459
f 1758/1533/1454 1572/1327/1267 1659/1406/1344
f 1758/1533/1454 1661/1407/1345 1572/1327/1267
f 1761/1536/1457 1665/1639/1556 1663/1410/1348
f 1665/1639/1556 1761/1536/1457 1883/1637/1554
f 1665/1639/1556 1667/2533/2341 1664/2530/2339
f 1667/2533/2341 1665/1639/1556 1762/1638/1555
f 1667/2533/2341 1763/1537/1458 1666/1412/1350
f 1667/2533/2341 1762/1638/1555 1763/1537/1458
f 1672/1421/1357 1773/1544/1464 1774/1546/1466 1673/1423/1359
f 1669/1414/1352 1766/1540/1461 1670/1415/1353
f 1765/1538/1459 1767/2551/2353 1766/1540/1461
f 1766/1540/1461 1769/2552/2354 1768/1541/1462
f 1768/1541/1462 1771/1645/1562 1770/1542/1463
f 1770/1543/1463 1772/1646/1563 1773/1544/1464
f 1779/1548/1468 1677/1550/1470 1777/1547/1467 1778/1652/1569
f 1774/1546/1466 1674/1422/1358 1673/1423/1359
f 1774/1546/1466 1775/1649/1566 1675/1545/1465
f 1675/1545/1465 1776/2553/2355 1777/1547/1467
f 1679/1427/1363 1678/1426/1362 1780/1549/1469 1781/1657/1574
f 1777/1547/1467 1677/1550/1470 1676/1424/1360
f 1677/1550/1470 1780/1549/1469 1678/1426/1362
f 1680/1428/1364 1679/1427/1363 1781/1657/1574 1782/1661/1578
f 1681/1429/1365 1680/1428/1364 1782/1661/1578 1783/1551/1471
f 1588/1342/1281 1682/1431/1367 1785/2554/2356 1683/1432/1368
f 1681/1429/1365 1784/1552/1472 1586/1430/1366
f 1784/1552/1472 1785/2554/2356 1682/1431/1367
f 1785/2554/2356 1784/1552/1472 1786/1662/1579
f 1785/2554/2356 1285/1553/1050 1683/1432/1368
f 1793/1559/1477 1286/1108/1052 1788/2555/1475 1791/1557/1474
f 1285/1553/1050 1785/2554/2356 1787/1664/1581
f 1285/1553/1050 1787/1664/1581 1286/2461/1052
f 1787/1664/1581 1788/2556/1475 1286/2461/1052
f 1788/1556/1475 1787/2557/1581 1789/1667/1584
f 1789/1667/1584 1790/1554/1473 1788/1556/1475
f 1689/2558/1373 1797/1564/1482 1692/1566/1484 1690/2535/1374
f 1287/1107/1051 1793/1559/1477 1794/1560/1478
f 1794/1560/1478 1685/1436/1370 1591/1346/1284
f 1686/1561/1479 1592/2534/2342 1685/1436/1370
f 1687/1563/1481 1592/2534/2342 1686/1561/1479
f 1795/1562/1480 1796/1668/1585 1689/1439/1373
f 1697/2537/2344 1696/1573/1491 1800/1572/1490 1700/1575/1493
f 1798/1565/1483 1799/1567/1485 1692/1566/1484
f 1799/1567/1485 1695/1569/1487 1693/1568/1486
f 1693/1568/1486 1695/1569/1487 1694/1442/1376
f 1916/1571/1489 1801/1574/1492 1800/1572/1490
f 1804/2559/2357 1703/2539/2346 1701/2538/2345 1803/1676/1593
f 1801/1574/1492 1802/1674/1591 1700/1575/1493
f 1700/1575/1493 1802/1674/1591 1701/2538/2345
f 1703/2539/2346 1602/1449/1380 1701/2538/2345
f 1806/2560/2358 1705/2541/2348 1704/2540/2347 1805/2561/2359
f 1703/2539/2346 1804/2559/2357 1704/2540/2347
f 1704/2540/2347 1702/1450/1381 1703/2539/2346
f 1705/2541/2348 1605/2526/2337 1704/2540/2347
f 1926/1678/1595 1808/1579/1497 1706/1452/1383 1925/1577/1495
f 1705/2541/2348 1806/2560/2358 1807/1576/1494
f 1807/1576/1494 1607/1578/1496 1705/2541/2348
f 1809/1680/1597 1609/1360/1298 1808/1579/1497 1926/1678/1595
f 1808/1579/1497 1608/1358/1296 1706/1452/1383
f 1814/1686/1603 1815/1584/1502 1708/1582/1500 1813/1683/1600
f 1609/1360/1298 1809/1680/1597 1810/1581/1499
f 1810/1581/1499 1610/1361/1299 1609/1360/1298
f 1813/1683/1600 1708/1582/1500 1812/1583/1501
f 1711/2542/1387 1710/1454/1385 1818/1587/1505 1820/1589/1507
f 1815/1584/1502 1814/1686/1603 1709/1585/1503
f 1814/1686/1603 1930/1685/1602 1709/1585/1503
f 1709/1585/1503 1710/1454/1385 1815/1584/1502
f 1709/1585/1503 1816/1689/1606 1817/1586/1504
f 1818/1587/1505 1710/1454/1385 1709/1585/1503
f 1817/1586/1504 1819/1588/1506 1818/1587/1505
f 1712/1457/1388 1711/1456/1387 1820/1592/1507 1822/1591/1509
f 1819/1588/1506 1821/1695/1508 1820/1589/1507
f 1614/1459/1390 1714/1595/1512 1825/2562/2360 1715/1460/1391
f 1822/1591/1509 1821/1590/1508 1823/1593/1510
f 1822/1591/1509 1714/1595/1512 1712/1457/1388
f 1824/1594/1511 1825/2562/2360 1714/1595/1512
f 1719/1465/1396 1718/1596/1513 1829/1598/1515 1720/1466/1397
f 1715/1460/1391 1717/1462/1393 1716/1461/1392
f 1715/1460/1391 1825/2562/2360 1826/1700/1616
f 1717/1462/1393 1715/1460/1391 1827/1701/1617
f 1827/1701/1617 1718/1596/1513 1717/1462/1393
f 1624/2498/2321 1726/1473/1404 1835/1708/1624 1727/2543/2349
f 1720/1466/1397 1721/1468/1399 1619/1467/1398
f 1721/1468/1399 1720/1466/1397 1830/1705/1621
f 1831/1599/1516 1721/1468/1399 1832/1801/1712
f 1724/1600/1517 1833/1601/1518 1723/1471/1402
f 1833/1601/1518 1724/1600/1517 1950/1804/1715
f 1725/1472/1403 1833/1601/1518 1834/2563/2361
f 1725/1472/1403 1835/1708/1624 1726/1473/1404
f 1849/1613/1530 1850/2564/2362 1737/1496/1427 1848/1610/1527
f 1727/2543/2349 1836/1602/1519 1625/1477/1408
f 1728/1478/1409 1837/1603/1520 1729/1479/1410
f 1837/1603/1520 1838/2565/2363 1730/1604/1521
f 1838/2565/2363 1731/2528/2338 1730/1604/1521
f 1838/2565/2363 1837/1603/1520 1839/2566/2364
f 1838/2565/2363 1840/2567/2365 1731/2528/2338
f 1840/2567/2365 1732/1480/1411 1731/2528/2338
f 1732/1480/1411 1840/2567/2365 1841/1605/1522
f 1733/1481/1412 1843/1607/1524 1630/1482/1413
f 1843/1607/1524 1734/1483/1414 1630/1482/1413
f 1844/1608/1525 1631/1488/1419 1734/1483/1414
f 1465/1499/1430 1850/2564/2362 1739/1505/1434 1637/1500/1431
f 1850/2564/2362 1465/1499/1430 1737/1496/1427
f 1850/2564/2362 1849/1613/1530 1739/1505/1434
f 1741/1511/1439 1739/1505/1434 1849/1613/1530 1852/1612/1529
f 1848/1610/1527 1851/1611/1528 1849/1613/1530
f 1739/1505/1434 1741/1511/1439 1642/1513/1437 1740/1506/1435
f 1854/1614/1531 1852/1612/1529 1851/1611/1528 1853/1714/1630
f 1856/1516/1441 1854/1614/1531 1853/1714/1630 1855/1615/1532
f 1854/1614/1531 1742/1512/1440 1741/1511/1439
f 1743/1517/1442 1856/1516/1441 1855/1615/1532 1859/1618/1535
f 1854/1614/1531 1856/1516/1441 1742/1512/1440
f 1861/1619/1536 1859/1618/1535 1858/1617/1534 1860/1718/1634
f 1870/2568/2366 1871/2569/2351 1750/1626/1543 1869/2570/2367
f 1859/1618/1535 1861/1619/1536 1743/1517/1442
f 1860/1718/1634 1862/1620/1537 1861/1619/1536
f 1861/1619/1536 1745/1521/1444 1743/1517/1442
f 1863/1621/1538 1862/1620/1537 1864/1622/1539
f 1746/1522/1445 1864/1622/1539 1865/1623/1540
f 1747/1524/1446 1865/1623/1540 1866/1624/1541
f 1867/1625/1542 1748/1526/1447 1747/1524/1446
f 1867/1625/1542 1866/1624/1541 1868/2571/2368
f 1867/1625/1542 1749/1527/1448 1748/1526/1447
f 1749/1527/1448 1867/1625/1542 1869/2570/2367
f 1869/2570/2367 1750/1626/1543 1749/1527/1448
f 1660/1532/1453 1756/2550/2352 1878/2572/2369 1757/1633/1550
f 1872/2549/1641 1873/1628/1545 1752/1627/1544
f 1872/2549/1641 1751/2544/2350 1871/2546/2351
f 1875/1630/1547 1753/1632/1549 1752/1627/1544
f 1875/1630/1547 2001/1631/1548 1753/1632/1549
f 1754/1529/1450 1876/1731/1646 1656/1401/1339
f 1877/1530/1451 1756/2550/2352 1755/1531/1452
f 1662/1409/1347 1760/1535/1456 1882/1636/1553 1761/1536/1457
f 1757/1633/1550 1878/2572/2369 1879/2573/2370
f 1879/2573/2370 1759/1534/1455 1757/1633/1550
f 1881/1635/1552 1882/1636/1553 1760/1535/1456
f 1886/1739/1654 1764/1413/1351 1763/1537/1458 1885/1642/1559
f 1762/1638/1555 1883/1637/1554 2009/1735/1650
f 1884/1641/1558 1885/1642/1559 1762/1638/1555
f 1767/2551/2353 1765/1538/1459 1764/1413/1351 1886/1739/1654
f 1888/1643/1560 1769/2552/2354 1767/2551/2353 1887/1740/1655
f 1769/2552/2354 1766/1540/1461 1767/2551/2353
f 1891/2574/1662 1772/2575/1563 1889/1644/1561 1890/1743/1658
f 1769/2552/2354 1888/1643/1560 1771/1645/1562
f 1771/1645/1562 1768/1541/1462 1769/2552/2354
f 1771/1645/1562 1889/1644/1561 1772/2575/1563
f 1772/2575/1563 1770/1542/1463 1771/1645/1562
f 1895/1650/1567 1776/2553/2355 1893/2576/2371 1894/2577/2372
f 1268/1648/1565 1774/1546/1466 1773/1544/1464
f 1775/1649/1566 1893/2576/2371 1776/2553/2355
f 1776/2553/2355 1895/1650/1567 1778/1652/1569 1777/1547/1467
f 1776/2553/2355 1675/1545/1465 1775/1649/1566
f 1779/1548/1468 1898/1654/1571 1900/1656/1573 1780/1549/1469
f 1778/1652/1569 1896/1651/1568 1897/1653/1570
f 1898/1654/1571 1779/1548/1468 1778/1652/1569
f 1898/1654/1571 1897/1653/1570 1899/1655/1572
f 1903/1660/1577 1900/1656/1573 1901/2578/1670 1902/1658/1575
f 1900/1656/1573 1899/1655/1572 1901/2578/1670
f 1782/1661/1578 1781/1657/1574 1900/1656/1573 1903/1660/1577
f 1784/1552/1472 1783/1551/1471 1904/1659/1576 1786/1662/1579
f 1789/1667/1584 1906/2579/2373 1908/1763/1674 1909/1665/1582
f 1786/1662/1579 1787/1664/1581 1785/2554/2356
f 1905/2580/1580 1906/2579/2373 1787/2557/1581
f 1905/2580/1580 1907/1762/1673 1906/2579/2373
f 1906/2579/2373 1789/1667/1584 1787/2557/1581
f 1796/2581/1585 1791/1555/1474 1911/1666/1583 1912/1669/1586
f 1789/1667/1584 1911/1666/1583 1790/1554/1473
f 1909/1665/1582 1910/1767/1678 1911/1666/1583
f 1794/1560/1478 1792/1558/1476 1795/1562/1480 1686/1561/1479
f 1791/1557/1474 1796/1668/1585 1792/1558/1476
f 1797/1564/1482 1689/2558/1373 1796/2581/1585 1912/1669/1586
f 1922/2582/2374 1805/2561/2359 1804/2559/2357 1921/2583/2375
f 1914/1671/1588 1915/1570/1488 1798/1565/1483
f 1917/1672/1589 1918/1673/1590 1801/1574/1492
f 1918/1673/1590 1919/1675/1592 1802/1674/1591
f 1803/1676/1593 1701/2538/2345 1802/1674/1591
f 1803/1676/1593 1920/1772/1683 1804/2559/2357
f 1805/2561/2359 1704/2540/2347 1804/2559/2357
f 1923/2584/2376 1806/2560/2358 1805/2561/2359 1922/2582/2374
f 1821/1590/1508 1938/1696/1612 1940/1698/1614 1823/1593/1510
f 1806/2560/2358 1923/2584/2376 1924/1677/1594
f 1924/1677/1594 1807/1576/1494 1806/2560/2358
f 1809/1680/1597 2057/1679/1596 1810/1581/1499
f 1927/1681/1598 1811/1580/1498 1810/1581/1499
f 1929/1684/1601 1814/1686/1603 1813/1683/1600
f 1930/1685/1602 1931/1687/1604 1816/1689/1606
f 1816/1689/1606 1932/1688/1605 1817/1586/1504
f 1816/1689/1606 1709/1585/1503 1930/1685/1602
f 1817/1586/1504 1933/1690/1607 1934/1691/1608
f 1934/1691/1608 1936/1693/1610 1935/1692/1609
f 1935/1692/1609 1937/1694/1611 1819/1588/1506
f 1936/1693/1610 1938/2585/1612 1937/1694/1611
f 1937/2586/1611 1938/1696/1612 1821/1590/1508
f 1944/1699/1615 1824/1594/1511 1823/1593/1510 1943/1796/1707
f 1940/1698/1614 1939/1697/1613 1941/1792/1703
f 1823/1593/1510 1940/1698/1614 1942/1795/1706
f 1824/1594/1511 1826/1700/1616 1825/2562/2360
f 1728/1478/1409 1836/1602/1519 1953/2587/2377 1837/1603/1520
f 1826/1700/1616 1827/1701/1617 1715/1460/1391
f 1945/1702/1618 1828/1597/1514 1827/1701/1617
f 1829/1598/1515 1830/1705/1621 1720/1466/1397
f 1829/1598/1515 1828/1597/1514 1947/1704/1620
f 1830/1705/1621 1832/1801/1712 1721/1468/1399
f 1832/1801/1712 1948/1706/1622 1831/1599/1516
f 1948/1706/1622 1832/1801/1712 1949/1802/1713
f 1950/1804/1715 1834/2563/2361 1833/1601/1518
f 1834/2563/2361 1950/1804/1715 1951/1806/1717
f 1834/2563/2361 1952/1707/1623 1725/1472/1403
f 1727/2543/2349 1835/1708/1624 2096/1908/1812
f 1727/2543/2349 1953/2587/2377 1836/1602/1519
f 1846/1493/1424 1963/2588/2378 1964/2589/2379 1847/1609/1526
f 1953/2587/2377 1954/2590/2380 1837/1603/1520
f 1954/2590/2380 1839/2566/2364 1837/1603/1520
f 1954/2590/2380 1953/2587/2377 1955/2591/2381
f 1839/2566/2364 1840/2567/2365 1838/2565/2363
f 1839/2566/2364 1954/2590/2380 1956/1913/1817
f 1840/2567/2365 1839/2566/2364 1957/2592/2382
f 1841/1605/1522 1840/2567/2365 1958/1709/1625
f 1842/1606/1523 1843/1607/1524 1733/1481/1412
f 1843/1607/1524 1842/1606/1523 1960/1808/1719
f 1961/1711/1627 1735/1489/1420 1844/1608/1525
f 1845/1491/1422 1962/1712/1628 1963/2588/2378
f 1963/2588/2378 1846/1493/1424 1845/1491/1422
f 1851/1611/1528 1848/1610/1527 1847/1609/1526 1964/2589/2379
f 1966/1713/1629 1964/2589/2379 1963/2588/2378 1965/2593/2383
f 1968/1715/1631 1966/1713/1629 1965/2593/2383 1967/2594/2384
f 1964/2589/2379 1966/1713/1629 1851/1611/1528
f 1857/1616/1533 1968/1715/1631 1967/2594/2384 1969/1716/1632
f 1966/1713/1629 1968/1715/1631 1853/1714/1630
f 1970/1811/1722 1971/1810/1721 1969/1716/1632 1967/2594/2384
f 1968/1715/1631 1857/1616/1533 1855/1615/1532
f 1973/1717/1633 1969/1716/1632 1971/1810/1721 1972/1816/1727
f 1976/1720/1636 1973/1717/1633 1974/1815/1726 1975/2595/2385
f 1969/1716/1632 1973/1717/1633 1858/1617/1534
f 1972/1816/1727 1974/1815/1726 1973/1717/1633
f 1862/1620/1537 1860/1718/1634 1973/1717/1633 1976/1720/1636
f 1977/1818/1729 1978/1719/1635 1976/1720/1636 1975/2595/2385
f 1979/1821/1732 1980/1722/1638 1978/1719/1635 1977/1818/1729
f 1862/1620/1537 1978/1719/1635 1980/1722/1638 1864/1622/1539
f 1981/2596/2386 1982/1721/1637 1980/1722/1638 1979/1821/1732
f 1983/2597/2387 1984/1724/1640 1982/1721/1637 1981/2596/2386
f 1865/1623/1540 1864/1622/1539 1982/1721/1637 1984/1724/1640
f 1986/1825/1736 1987/1723/1639 1984/1724/1640 1985/1823/1734
f 1984/1724/1640 1983/2597/2387 1985/1823/1734
f 1984/1724/1640 1866/1624/1541 1865/1623/1540
f 1988/2598/2388 1989/2599/2389 1987/1723/1639 1986/1825/1736
f 1987/1723/1639 1868/2571/2368 1866/1624/1541
f 1868/2571/2368 1987/1723/1639 1989/2599/2389 1990/2600/2390
f 1991/2601/2391 1992/2602/2392 1990/2600/2390 1989/2599/2389
f 1869/2570/2367 1990/2600/2390 1992/2602/2392 1870/2568/2366
f 1867/1625/1542 1868/2571/2368 1990/2600/2390 1869/2570/2367
f 1993/2603/2393 1994/2604/2394 1870/2568/2366 1992/2602/2392
f 1872/1726/1641 1994/2604/2394 1996/2605/2395 1997/1727/1642
f 1994/2604/2394 1995/2606/2396 1996/2605/2395
f 1871/2569/2351 1870/2568/2366 1994/2604/2394 1872/1726/1641
f 1759/1534/1455 1879/2573/2370 2004/1842/1751 1880/1634/1551
f 1996/2605/2395 1998/2607/2397 1997/1727/1642
f 1999/1834/1643 1874/1629/1546 1873/1628/1545
f 2001/1631/1548 1876/1731/1646 1754/1529/1450
f 1876/1731/1646 2001/1631/1548 2002/1730/1645
f 1877/1530/1451 2003/1839/1748 1878/2572/2369
f 1877/1530/1451 1878/2572/2369 1756/2550/2352
f 2003/1839/1748 1879/2573/2370 1878/2572/2369
f 1879/2573/2370 2003/1839/1748 2126/1838/1747
f 2005/1841/1750 2006/1732/1647 1880/1634/1551 2004/1842/1751
f 2013/1737/1652 1885/1642/1559 1884/1641/1558 2012/1847/1756
f 2006/1732/1647 1881/1635/1552 1880/1634/1551
f 2007/1733/1648 1882/1636/1553 1881/1635/1552
f 1883/1637/1554 2008/1734/1649 2009/1735/1650
f 2011/1736/1651 2012/1847/1756 1884/1641/1558
f 1886/1739/1654 2015/1738/1653 1887/1740/1655 1767/2551/2353
f 2012/1847/1756 2014/1846/1755 2013/1737/1652
f 2013/1737/1652 2014/1846/1755 2015/1738/1653
f 1891/2574/1662 1890/1743/1658 2018/1744/1659 2019/2608/1660
f 1888/1643/1560 1890/1743/1658 1889/1644/1561
f 1268/1648/1565 1269/1748/1663 2022/1857/1766 2023/1856/1765
f 1891/1747/1662 2020/1746/1661 1772/1646/1563
f 2020/1746/1661 1269/1748/1663 1892/1647/1564
f 1269/1748/1663 2020/1746/1661 2021/1855/1764
f 2025/1749/1664 1895/1650/1567 1894/2577/2372 2024/2609/1770
f 1268/1648/1565 2023/1856/1765 1894/2577/2372
f 1894/2577/2372 1893/2576/2371 1268/1648/1565
f 2028/1864/1773 2029/1754/1667 2027/1752/1666 2026/1751/1665
f 2027/1752/1666 1897/1755/1570 1896/1753/1568
f 2032/2610/2398 1902/2611/1575 1901/1759/1670 2031/1758/1669
f 2029/1754/1667 1899/1757/1572 1897/1755/1570
f 2029/1754/1667 2028/1864/1773 2030/1756/1668
f 1904/2612/1576 1902/2611/1575 2032/2610/2398 2033/2613/2399
f 2035/1760/1671 2033/2613/2399 2032/2610/2398 2034/1868/1777
f 1904/2612/1576 2033/2613/2399 1907/1762/1673 1905/2580/1580
f 2033/2613/2399 2035/1760/1671 1907/1762/1673
f 2039/1871/1780 2040/1764/1675 2036/1761/1672 2038/1869/1778
f 1908/1763/1674 1906/2579/2373 1907/1762/1673
f 2036/1761/1672 2037/1951/1854 2038/1869/1778
f 2041/1872/1781 2042/1765/1676 2040/1764/1675 2039/1871/1780
f 2040/1764/1675 1909/1665/1582 1908/1763/1674
f 1910/1767/1678 1909/1665/1582 2042/1765/1676 2043/2614/2400
f 2042/1765/1676 2041/1872/1781 2043/2614/2400
f 1915/1570/1488 1914/1671/1588 2045/1768/1679 2046/1875/1784
f 2043/2614/2400 2044/1766/1677 1910/1767/1678
f 1912/1669/1586 1911/1666/1583 1910/1767/1678
f 2052/2615/2401 1922/2582/2374 1921/2583/2375 2051/1771/1682
f 2046/1875/1784 1916/1571/1489 1915/1570/1488
f 2046/1875/1784 2047/1769/1680 1916/1571/1489
f 2047/1769/1680 2046/1875/1784 2048/1961/1864
f 2047/1769/1680 1918/1673/1590 1917/1672/1589
f 2047/1769/1680 1919/1675/1592 1918/1673/1590
f 1919/1675/1592 2049/1876/1785 2050/1770/1681
f 1919/1675/1592 2050/1770/1681 1920/1772/1683
f 1920/1772/1683 1803/1676/1593 1919/1675/1592
f 1920/1772/1683 2051/1771/1682 1921/2583/2375
f 1921/2583/2375 1804/2559/2357 1920/1772/1683
f 2053/2616/2402 1923/2584/2376 1922/2582/2374 2052/2615/2401
f 1924/1677/1594 2054/2617/2403 2055/1773/1684 1925/1577/1495
f 1923/2584/2376 2053/2616/2402 2054/2617/2403
f 2054/2617/2403 1924/1677/1594 1923/2584/2376
f 1925/1577/1495 2055/1773/1684 2057/1679/1596 1926/1678/1595
f 1934/1691/1608 1933/1690/1607 2067/1783/1694 2069/1784/1695
f 2057/1679/1596 2056/1774/1685 2058/2618/2404
f 2057/1679/1596 2058/2618/2404 2059/1775/1686
f 2059/1775/1686 1810/1581/1499 2057/1679/1596
f 2060/1776/1687 2061/1777/1688 1928/1682/1599
f 1928/1682/1599 2061/1777/1688 1929/1684/1601
f 2063/1779/1690 2064/1882/1791 1931/1687/1604
f 1931/1687/1604 2064/1882/1791 1932/1688/1605
f 1932/1688/1605 2065/1780/1691 1933/1690/1607
f 1933/1690/1607 2066/1781/1692 2067/1783/1694
f 2071/1787/1698 2069/1784/1695 2068/1782/1693 2070/2619/1890
f 1936/1693/1610 1934/1691/1608 2069/1784/1695 2071/1787/1698
f 1938/2585/1612 1936/1693/1610 2071/1787/1698 2073/1786/1697
f 2070/2619/1890 2072/1785/1696 2071/1787/1698
f 1939/1697/1613 1938/1696/1612 2073/2620/1697 2075/1788/1699
f 2073/2620/1697 2074/2621/1797 2075/1788/1699
f 1939/1697/1613 2075/1788/1699 2077/1790/1701 1941/1792/1703
f 2075/1788/1699 2074/2621/1797 2076/1789/1700
f 1940/1698/1614 1941/1792/1703 2080/1793/1704 1942/1795/1706
f 2078/1791/1702 2076/1789/1700 2079/2622/1800
f 2078/1791/1702 2080/1793/1704 1941/1792/1703
f 2088/1903/1807 2089/1799/1710 1947/1704/1620 1946/1703/1619
f 1943/1796/1707 1823/1593/1510 1942/1795/1706
f 1942/1795/1706 2081/1794/1705 1943/1796/1707
f 2082/1797/1708 1943/1796/1707 2083/1899/1803
f 2082/1797/1708 2084/1798/1709 1826/1700/1616
f 2084/1798/1709 2082/1797/1708 2085/1900/1804
f 1945/1702/1618 2084/1798/1709 2086/1902/1806
f 1946/1703/1619 1947/1704/1620 1828/1597/1514
f 1946/1703/1619 1945/1702/1618 2087/2623/2405
f 2091/2624/2406 2092/1803/1714 1948/1706/1622 1949/1802/1713
f 2089/1799/1710 2090/1800/1711 1830/1705/1621
f 1948/1706/1622 1950/1804/1715 1724/1600/1517
f 1835/1708/1624 1952/1707/1623 2094/2625/2407 2096/1908/1812
f 1951/1806/1717 1952/1707/1623 1834/2563/2361
f 1951/1806/1717 2094/2625/2407 1952/1707/1623
f 2094/2625/2407 1951/1806/1717 2095/1907/1811
f 1967/2594/2384 1965/2593/2383 2099/1807/1718 1970/1811/1722
f 2096/1908/1812 1953/2587/2377 1727/2543/2349
f 1955/2591/2381 1956/1913/1817 1954/2590/2380
f 1955/2591/2381 1953/2587/2377 2097/1912/1816
f 1956/1913/1817 1957/2592/2382 1839/2566/2364
f 1957/2592/2382 1958/1709/1625 1840/2567/2365
f 1957/2592/2382 1956/1913/1817 2101/1813/1724
f 1957/2592/2382 2098/1812/1723 1958/1709/1625
f 2098/1812/1723 1959/1710/1626 1958/1709/1625
f 1959/1710/1626 1960/1808/1719 1842/1606/1523
f 1960/1808/1719 1961/1711/1627 1843/1607/1524
f 1962/1712/1628 2099/1807/1718 1965/2593/2383
f 1965/2593/2383 1963/2588/2378 1962/1712/1628
f 1972/1816/1727 1971/1810/1721 2101/1813/1724 2102/1814/1725
f 2099/1807/1718 2100/1809/1720 1970/1811/1722
f 2100/1809/1720 2099/1807/1718 1959/1710/1626
f 1959/1710/1626 2098/1812/1723 2100/1809/1720
f 2100/1809/1720 2101/1813/1724 1971/1810/1721
f 1975/2595/2385 1974/1815/1726 2103/1914/1818 2197/1911/1815
f 2102/1814/1725 2103/1914/1818 1974/1815/1726
f 2199/2008/1908 1981/2596/2386 1979/1821/1732 2106/1820/1731
f 1975/2595/2385 2197/1911/1815 2104/1819/1730
f 2104/1819/1730 1977/1818/1729 1975/2595/2385
f 2107/2626/2408 1983/2597/2387 1981/2596/2386 2199/2008/1908
f 1991/2601/2391 1988/2598/2388 2113/1829/1740 2115/2627/2409
f 1983/2597/2387 2107/2626/2408 2108/1824/1735
f 2108/1824/1735 1985/1823/1734 1983/2597/2387
f 1986/1825/1736 2109/1822/1733 1302/1827/1738
f 1302/1827/1738 1988/2598/2388 1986/1825/1736
f 2109/1822/1733 2110/1918/1822 1303/1826/1737
f 2113/1829/1740 1302/1827/1738 1303/1826/1737
f 2113/1829/1740 2112/1828/1739 2114/1921/1825
f 1992/2602/2392 1991/2601/2391 2115/2627/2409 1993/2603/2393
f 2113/1829/1740 1988/2598/2388 1302/1827/1738
f 1988/2598/2388 1991/2601/2391 1989/2599/2389
f 2115/2627/2409 2116/2628/2410 1993/2603/2393
f 1993/2603/2393 2116/2628/2410 1995/2606/2396 1994/2604/2394
f 2115/2627/2409 2117/1923/1827 2116/2628/2410
f 2119/2014/1914 1995/2606/2396 2116/2628/2410 2118/2629/2411
f 1875/1630/1547 2000/1729/1644 2122/1833/1743 2001/1631/1548
f 1995/2606/2396 2119/2014/1914 1998/2607/2397
f 1998/2607/2397 1996/2605/2395 1995/2606/2396
f 1998/2607/2397 2120/1830/1741 1997/1727/1642
f 2120/1830/1741 1998/2607/2397 2121/1924/1828
f 1999/1834/1643 2122/1833/1743 1874/1629/1546
f 2122/1833/1743 2002/1730/1645 2001/1631/1548
f 2016/1741/1656 2134/1849/1758 2136/1851/1760 2137/1852/1761
f 2124/1836/1745 2207/1927/1831 2002/1730/1645
f 2002/1730/1645 2207/1927/1831 1877/1530/1451
f 2207/1927/1831 2003/1839/1748 1877/1530/1451
f 2003/1839/1748 2207/1927/1831 2125/1837/1746
f 2126/1838/1747 2004/1842/1751 1879/2573/2370
f 2004/1842/1751 2126/1838/1747 2127/1840/1749
f 2005/1841/1750 2007/1733/1648 2006/1732/1647
f 2128/1843/1752 2007/1733/1648 2129/1931/1835
f 2009/1735/1650 2008/1734/1649 2130/1844/1753
f 2011/1736/1651 2010/1640/1557 2131/1934/1838
f 2012/1847/1756 2011/1736/1651 2132/1845/1754
f 2133/1848/1757 2134/1849/1758 2014/1846/1755
f 2019/2608/1660 2018/1744/1659 2140/1940/1844 2224/1942/1763
f 2137/1852/1761 2138/1853/1762 2017/1742/1657
f 2138/1853/1762 2137/1852/1761 2139/1937/1841
f 2138/1853/1762 2140/1940/1844 2018/1744/1659
f 1269/1748/1663 2021/1855/1764 2141/2630/2412 2022/1857/1766
f 2019/1745/1660 2021/1855/1764 2020/1746/1661
f 2141/2630/2412 2021/1855/1764 2142/2631/2413
f 2143/2632/2414 2144/2633/1767 2022/2634/1766 2141/2635/2412
f 2037/1951/1854 2035/1760/1671 2034/1868/1777 2151/1867/1776
f 2144/2633/1767 2024/1861/1770 2023/2636/1765
f 2024/2609/1770 1894/2577/2372 2023/1856/1765
f 2024/1861/1770 2231/2637/2415 2145/1859/1768
f 2147/1862/1771 2026/1751/1665 2025/1750/1664
f 2149/1865/1774 2030/1756/1668 2028/1864/1773
f 2031/1758/1669 2150/1866/1775 2034/1868/1777
f 2034/1868/1777 2032/2610/2398 2031/1758/1669
f 2044/1766/1677 2043/2614/2400 2154/1955/1858 2155/1873/1782
f 2037/1951/1854 2036/1761/1672 2035/1760/1671
f 2041/1872/1781 2153/1870/1779 2241/1953/1856
f 2041/1872/1781 2241/1953/1856 2154/1955/1858
f 2154/1955/1858 2043/2614/2400 2041/1872/1781
f 2046/1875/1784 2157/1874/1783 2158/1958/1861 2048/1961/1864
f 2156/1954/1857 2157/1874/1783 2155/1873/1782
f 2159/1960/1863 2050/1770/1681 2049/1876/1785 2160/2638/2416
f 2048/1961/1864 2159/1960/1863 2047/1769/1680
f 2159/1960/1863 2160/2638/2416 2047/1769/1680
f 2160/2638/2416 2049/1876/1785 2047/1769/1680
f 2163/1967/1870 2051/1771/1682 2050/1770/1681 2161/2639/2417
f 2050/1770/1681 2246/1962/1865 2161/2639/2417
f 2164/2640/2418 2052/2615/2401 2051/1771/1682 2163/1967/1870
f 2161/2639/2417 2162/1965/1868 2163/1967/1870
f 2165/2641/2419 2053/2616/2402 2052/2615/2401 2164/2640/2418
f 2054/2617/2403 2166/2642/2420 2167/1877/1786 2055/1773/1684
f 2053/2616/2402 2165/2641/2419 2166/2642/2420
f 2166/2642/2420 2054/2617/2403 2053/2616/2402
f 1304/1116/1060 2058/2618/2404 2056/1774/1685 2168/1878/1787
f 2059/1775/1686 2169/2193/2086 2060/1776/1687 1927/1681/1598
f 2058/2618/2404 1304/1116/1060 2169/2193/2086
f 2169/2193/2086 2059/1775/1686 2058/2618/2404
f 2062/1778/1689 2061/1777/1688 2170/1971/1874 2171/1973/1876
f 2060/1776/1687 2170/1971/1874 2061/1777/1688
f 2063/1779/1690 2062/1778/1689 2171/1973/1876 2172/1879/1788
f 2072/1889/1696 2070/1988/1890 2265/1987/1889 2266/1887/1794
f 2063/1779/1690 2174/1880/1789 2064/1882/1791
f 2064/1882/1791 2175/1881/1790 2065/1780/1691
f 2065/1780/1691 1932/1688/1605 2064/1882/1791
f 2177/1886/1793 2070/1988/1890 2068/1885/1693
f 2184/2000/1900 2078/1791/1702 2079/2622/1800 2183/1998/1899
f 2072/1889/1696 2178/1888/1795 2073/1892/1697
f 2074/1891/1797 2179/1890/1796 2180/1895/1799
f 2180/1895/1799 2076/1894/1700 2074/1891/1797
f 2181/1893/1798 2182/1990/1892 2079/1896/1800
f 2185/1897/1801 2081/1794/1705 2080/1793/1704 2184/2000/1900
f 2078/1791/1702 2184/2000/1900 2080/1793/1704
f 2081/1794/1705 2185/1897/1801 2083/1899/1803 1943/1796/1707
f 2191/2009/1909 2091/2624/2406 1949/1802/1713 2190/1905/1809
f 2083/1899/1803 2085/1900/1804 2082/1797/1708
f 2085/1900/1804 2086/1902/1806 2084/1798/1709
f 2086/1902/1806 2087/2623/2405 1945/1702/1618
f 2087/2623/2405 2088/1903/1807 1946/1703/1619
f 2088/1903/1807 2087/2623/2405 2188/2111/2010
f 2189/1904/1808 2190/1905/1809 2090/1800/1711
f 2193/2005/1905 2194/1906/1810 2093/1805/1716 2092/1803/1714
f 2092/1803/1714 2091/2624/2406 2192/2007/1907
f 2093/1805/1716 2095/1907/1811 1951/1806/1717
f 2283/2006/1906 2199/2008/1908 2106/1820/1731 2198/1915/1819
f 2095/1907/1811 2195/1909/1813 2094/2625/2407
f 2195/1909/1813 2096/1908/1812 2094/2625/2407
f 2096/1908/1812 2097/1912/1816 1953/2587/2377
f 2097/1912/1816 1956/1913/1817 1955/2591/2381
f 1956/1913/1817 2097/1912/1816 2103/1914/1818
f 2101/1813/1724 2098/1812/1723 1957/2592/2382
f 2101/1813/1724 1956/1913/1817 2102/1814/1725
f 2197/1911/1815 2196/1910/1814 2104/1819/1730
f 2108/1824/1735 2200/2643/2421 2110/1918/1822 2109/1822/1733
f 2107/2626/2408 2199/2008/1908 2200/2643/2421
f 2200/2643/2421 2108/1824/1735 2107/2626/2408
f 2201/1916/1820 2110/1918/1822 2200/2643/2421 2192/2007/1907
f 2005/1841/1750 2127/1840/1749 2210/1930/1834 2211/1932/1836
f 2110/1918/1822 2202/1917/1821 2111/1920/1824
f 2111/1920/1824 1303/1826/1737 2110/1918/1822
f 2111/1920/1824 2281/1919/1823 2203/2011/1911
f 2203/2011/1911 1303/1826/1737 2111/1920/1824
f 2203/2011/1911 2112/1828/1739 1303/1826/1737
f 2117/1923/1827 2204/1922/1826 2118/2629/2411
f 2118/2629/2411 2116/2628/2410 2117/1923/1827
f 2119/2014/1914 2121/1924/1828 1998/2607/2397
f 2205/1832/1742 2123/1835/1744 2122/1833/1743
f 2124/1836/1745 2123/1835/1744 2206/1926/1830
f 2126/1838/1747 2125/1837/1746 2208/1928/1832
f 2007/1733/1648 2005/1841/1750 2211/1932/1836 2129/1931/1835
f 2128/1843/1752 2129/1931/1835 2212/1933/1837 2213/2644/2422
f 2008/1734/1649 2128/1843/1752 2213/2644/2422 2130/1844/1753
f 2214/2022/1922 2215/2025/1925 2130/1844/1753 2213/2644/2422
f 2010/1640/1557 2130/1844/1753 2216/2645/2423 2131/1934/1838
f 2215/2025/1925 2216/2645/2423 2130/1844/1753
f 2134/1849/1758 2133/1848/1757 2220/2646/2424 2135/1850/1759
f 2131/1934/1838 2216/2645/2423 2217/2027/1927
f 2131/1934/1838 2132/1845/1754 2011/1736/1651
f 2218/1936/1840 2133/1848/1757 2132/1845/1754
f 2133/1848/1757 2218/1936/1840 2219/2647/2425
f 2219/2647/2425 2220/2646/2424 2133/1848/1757
f 2137/1852/1761 2136/1851/1760 2221/1938/1842 2139/1937/1841
f 2135/1850/1759 2220/2646/2424 2302/2093/1993
f 2135/1850/1759 2221/1938/1842 2136/1851/1760
f 2221/1938/1842 2135/1850/1759 2222/2648/2426
f 2225/2649/1931 2226/2650/2427 2142/2651/2413 2224/2652/1763
f 2139/1937/1841 2140/1940/1844 2138/1853/1762
f 2224/1854/1763 2142/2631/2413 2021/1855/1764
f 2143/2632/2414 2142/2651/2413 2226/2650/2427 2227/2653/2428
f 2228/2654/2429 2229/2032/1932 2227/2653/2428 2226/2650/2427
f 2142/2651/2413 2143/2632/2414 2141/2635/2412
f 2231/2637/2415 2227/2653/2428 2229/2032/1932 2230/2034/1934
f 2144/2633/1767 2143/2632/2414 2227/2653/2428 2231/2637/2415
f 2234/1944/1847 2146/1860/1769 2145/1859/1768 2233/2036/1936
f 2231/2637/2415 2230/2034/1934 2145/1859/1768
f 2231/2637/2415 2024/1861/1770 2144/2633/1767
f 2145/1859/1768 2232/2165/2060 2233/2036/1936
f 2243/1956/1859 2158/1958/1861 2241/1953/1856 2242/2041/1941
f 2235/1943/1846 2147/1862/1771 2146/1860/1769
f 2148/1863/1772 2236/1945/1848 2237/1946/1849
f 2237/1946/1849 2028/1864/1773 2148/1863/1772
f 2149/1865/1774 2237/1946/1849 2238/1947/1850
f 2151/1867/1776 2152/1948/1851 2037/1951/1854
f 2152/1948/1851 2240/1950/1853 2037/1951/1854
f 2240/1950/1853 1279/1952/1855 2153/1870/1779
f 2156/1954/1857 2155/1873/1782 2154/1955/1858
f 2156/1954/1857 2241/1953/1856 2158/1958/1861
f 2245/1959/1862 2048/1961/1864 2158/1958/1861 2244/1957/1860
f 2158/1958/1861 2157/1874/1783 2156/1954/1857
f 2249/2655/2430 2164/2640/2418 2163/1967/1870 1294/1966/1869
f 2245/1959/1862 2321/2044/1944 2159/1960/1863
f 2246/1962/1865 2247/1963/1866 2161/2639/2417
f 2161/2639/2417 2247/1963/1866 2162/1965/1868
f 2162/1965/1868 2248/1964/1867 1294/1966/1869
f 2250/2656/2431 2165/2641/2419 2164/2640/2418 2249/2655/2430
f 2251/2657/2432 2252/2658/2433 2165/2641/2419 2250/2656/2431
f 2166/2642/2420 2252/2658/2433 2253/1968/1871 2167/1877/1786
f 2252/2658/2433 2166/2642/2420 2165/2641/2419
f 2252/2658/2433 2251/2657/2432 2253/1968/1871
f 2255/2659/2434 1305/1117/1061 2253/1968/1871 2254/2049/1949
f 1252/1112/1056 1306/2462/2298 2255/2659/2434 1300/1113/1057
f 1305/1117/1061 2255/2659/2434 1306/2462/2298
f 2257/1972/1875 2256/1969/1872 1299/1970/1873 1298/1974/1877
f 1306/2462/2298 1252/1112/1056 1299/1970/1873
f 1299/1970/1873 1253/1115/1059 1306/2462/2298
f 2172/1879/1788 2171/1973/1876 2257/1972/1875 2258/1975/1878
f 2256/1969/1872 2257/1972/1875 2170/1971/1874
f 2261/1976/1879 2172/1879/1788 2258/1975/1878 2260/1977/1880
f 2258/1975/1878 2259/2071/1971 2260/1977/1880
f 2267/2148/2043 2180/1895/1799 2179/1890/1796 2433/1989/1891
f 2261/1976/1879 2350/1978/1881 2173/1979/1882
f 2173/1979/1882 1295/1980/1883 2175/1881/1790
f 2175/1881/1790 2174/1880/1789 2173/1979/1882
f 1295/1980/1883 1296/1981/1884 2175/1881/1790
f 1296/1982/1884 2176/1884/1792 2066/1883/1692
f 2176/1884/1792 2262/1984/1886 2263/1985/1887
f 2264/1986/1888 2177/1886/1793 2176/1884/1792
f 2264/1986/1888 2070/1988/1890 2177/1886/1793
f 2270/1994/1896 2271/1995/1897 2183/1997/1899 2079/1896/1800
f 2180/1895/1799 2267/2148/2043 2268/1991/1893
f 2268/1991/1893 2181/1893/1798 2180/1895/1799
f 2269/1992/1894 2079/1896/1800 2182/1990/1892
f 2274/2001/1901 2184/2000/1900 2272/1999/1898 2273/2112/2011
f 2114/1921/1825 2112/1828/1739 2284/2660/2435 2285/2012/1912
f 2184/2000/1900 2274/2001/1901 2185/1897/1801
f 2187/1901/1805 2087/2623/2405 2086/1902/1806
f 2087/2623/2405 2187/1901/1805 2277/2109/2008
f 2188/2111/2010 2087/2623/2405 2278/2108/2007
f 2188/2111/2010 2279/2004/1904 2088/1903/1807
f 2279/2004/1904 2190/1905/1809 2189/1904/1808
f 2279/2004/1904 2281/1919/1823 2190/1905/1809
f 2281/1919/1823 2191/2009/1909 2190/1905/1809
f 2281/1919/1823 2279/2004/1904 2282/2010/1910
f 2192/2007/1907 2193/2005/1905 2092/1803/1714
f 2192/2007/1907 2091/2624/2406 2201/1916/1820
f 2283/2006/1906 2193/2005/1905 2199/2008/1908
f 2192/2007/1907 2200/2643/2421 2199/2008/1908
f 2201/1916/1820 2191/2009/1909 2202/1917/1821
f 2191/2009/1909 2201/1916/1820 2091/2624/2406
f 2282/2010/1910 2284/2660/2435 2112/1828/1739
f 2125/1837/1746 2207/1927/1831 2291/2661/2436 2208/1928/1832
f 2118/2629/2411 2204/1922/1826 2277/2109/2008
f 2118/2629/2411 2286/2013/1913 2119/2014/1914
f 2286/2013/1913 2118/2629/2411 2276/2003/1903
f 2286/2013/1913 2287/2015/1915 2121/1924/1828
f 2290/2017/1917 2291/2661/2436 2207/1927/1831
f 2211/1932/1836 2210/1930/1834 2294/2020/1920 2295/2021/1921
f 2208/1928/1832 2291/2661/2436 2292/2018/1918
f 2292/2018/1918 2209/1929/1833 2208/1928/1832
f 2213/2644/2422 2212/1933/1837 2296/2023/1923 2214/2022/1922
f 2295/2021/1921 2296/2023/1923 2212/1933/1837
f 2310/2164/2059 2228/2654/2429 2225/2649/1931 2309/2662/2437
f 2215/2025/1925 2217/2027/1927 2216/2645/2423
f 2217/2027/1927 2299/2028/1928 2131/1934/1838
f 2299/2028/1928 2217/2027/1927 2300/2663/2438
f 2301/1935/1839 2219/2647/2425 2218/1936/1840
f 2219/2647/2425 2301/1935/1839 1282/2096/1996
f 2219/2647/2425 1281/2094/1994 2220/2646/2424
f 1281/2094/1994 2302/2093/1993 2220/2646/2424
f 2302/2093/1993 2222/2648/2426 2135/1850/1759
f 2222/2648/2426 2302/2093/1993 2303/2090/1990
f 2222/2648/2426 2304/2029/1929 2221/1938/1842
f 2304/2029/1929 2222/2648/2426 2305/2664/2439
f 2306/1939/1843 2307/2665/2440 2223/1941/1845
f 2306/1939/1843 2223/1941/1845 2140/1940/1844
f 2307/2665/2440 2308/2030/1930 2223/1941/1845
f 2223/1941/1845 2225/2031/1931 2224/1942/1763
f 2225/2649/1931 2228/2654/2429 2226/2650/2427
f 2311/2033/1933 2229/2032/1932 2228/2654/2429 2310/2164/2059
f 1294/1966/1869 1293/2666/2441 2328/2667/2442 2249/2655/2430
f 2230/2034/1934 2312/2035/1935 2232/2165/2060
f 2232/2165/2060 2145/1859/1768 2230/2034/1934
f 2235/1943/1846 2313/2037/1937 2314/2038/1938
f 2314/2038/1938 2236/1945/1848 2235/1943/1846
f 2239/1949/1852 2316/2060/1960 2240/1950/1853
f 2316/2060/1960 2317/2040/1940 2240/1950/1853
f 2240/1950/1853 2317/2040/1940 1279/1952/1855
f 2244/1957/1860 2318/2042/1942 2319/2043/1943
f 2319/2043/1943 2245/1959/1862 2244/1957/1860
f 2319/2043/1943 2320/2058/1958 2321/2044/1944
f 2321/2044/1944 2246/1962/1865 2159/1960/1863
f 2247/1963/1866 2323/2046/1946 2324/2668/2443
f 2324/2668/2443 2248/1964/1867 2247/1963/1866
f 2248/1964/1867 2324/2668/2443 2325/2053/1953
f 2325/2053/1953 1293/2666/2441 2248/1964/1867
f 1293/2666/2441 2325/2053/1953 2326/2050/1950
f 2326/2050/1950 2328/2667/2442 1293/2666/2441
f 2328/2667/2442 2326/2050/1950 2327/2669/2444
f 2328/2667/2442 2250/2656/2431 2249/2655/2430
f 2329/2047/1947 2251/2657/2432 2250/2656/2431 2328/2667/2442
f 2254/2049/1949 2330/2048/1948 1300/1113/1057 2255/2659/2434
f 2251/2657/2432 2329/2047/1947 2254/2049/1949
f 2254/2049/1949 2253/1968/1871 2251/2657/2432
f 2328/2667/2442 2327/2669/2444 2329/2047/1947
f 2329/2047/1947 2327/2669/2444 2330/2048/1948
f 2331/2067/1967 2330/2048/1948 2327/2669/2444 2332/2052/1952
f 2330/2048/1948 2331/2067/1967 1301/1114/1058
f 2324/2668/2443 2337/2057/1957 2335/2056/1956 2334/2054/1954
f 2334/2054/1954 2335/2056/1956 2336/2065/1965
f 2335/2056/1956 2341/2062/1962 2342/2179/2074 2343/2063/1963
f 2339/2059/1959 2318/2042/1942 2242/2041/1941
f 2242/2041/1941 2316/2060/1960 2339/2059/1959
f 2316/2060/1960 2239/1949/1852 2340/2061/1961
f 1301/1114/1058 2346/2670/2445 2347/2671/2446 1297/2070/1970
f 2341/2062/1962 2335/2056/1956 2338/2055/1955
f 2343/2063/1963 2336/2065/1965 2335/2056/1956
f 2336/2065/1965 2345/2066/1966 2334/2054/1954
f 2331/2067/1967 2333/2051/1951 2346/2670/2445
f 1297/2070/1970 2349/2069/1969 2258/1975/1878 1298/1974/1877
f 2346/2670/2445 1301/1114/1058 2331/2067/1967
f 1297/2070/1970 2347/2671/2446 2348/2068/1968
f 1297/2070/1970 1252/1112/1056 1301/1114/1058
f 2349/2069/1969 1251/1109/1053 2259/2071/1971
f 2366/2190/2084 2367/2081/1981 2364/2076/1976 2363/2188/2082
f 2259/2071/1971 1292/2072/1972 2260/1977/1880
f 2350/1978/1881 2351/2672/2085 1295/1980/1883
f 2350/2673/1881 2353/2161/2056 2351/2192/2085
f 2354/2674/2447 2353/2161/2056 2355/2675/2080
f 2355/2675/2080 2356/2676/2081 2354/2674/2447
f 2356/2676/2081 2357/2136/2033 2354/2674/2447
f 2356/2676/2081 2355/2675/2080 2358/2677/2078
f 2356/2676/2081 2359/2137/1975 2357/2136/2033
f 2359/2075/1975 2356/2187/2081 2360/2180/2075
f 2361/2073/1973 2359/2075/1975 2360/2180/2075
f 2362/2078/1978 2361/2073/1973 2363/2188/2082
f 2363/2188/2082 2364/2076/1976 2362/2078/1978
f 2376/2086/1986 2377/2085/1985 2378/2678/2448 2379/2679/2031
f 2368/2189/2083 2369/2079/1979 2367/2081/1981
f 2369/2079/1979 2368/2189/2083 2370/2680/2449
f 2370/2680/2449 2371/2681/2450 2369/2079/1979
f 2372/2083/1983 2364/2076/1976 2367/2081/1981
f 2367/2081/1981 2373/2080/1980 2372/2083/1983
f 2372/2083/1983 2375/2082/1982 2374/2084/1984
f 2309/2662/2437 2378/2678/2448 2377/2085/1985 2382/2162/2057
f 2374/2084/1984 2380/2163/2058 2377/2085/1985
f 2306/1939/1843 2384/2087/1987 2383/2682/2451 2307/2665/2440
f 2378/2683/2448 2309/2684/2437 2381/2130/2028
f 2381/2130/2028 2309/2684/2437 2383/2682/2451
f 2309/2684/2437 2308/2030/1930 2383/2682/2451
f 2304/2029/1929 2385/2089/1989 2384/2087/1987
f 2386/2092/1992 2387/2088/1988 2305/2664/2439 2303/2090/1990
f 2304/2029/1929 2305/2664/2439 2387/2088/1988
f 2389/2097/1997 2299/2028/1928 2300/2663/2438 2390/2685/2452
f 2303/2090/1990 1280/2095/1995 2388/2091/1991
f 1280/2095/1995 1283/2124/2022 2388/2091/1991
f 1280/2095/1995 2303/2090/1990 2302/2093/1993
f 1282/2096/1996 1281/2094/1994 2219/2647/2425
f 2296/2023/1923 2295/2021/1921 2394/2099/1999 2393/2120/2018
f 2299/2028/1928 1282/2096/1996 2301/1935/1839
f 2390/2685/2452 2300/2663/2438 2391/2686/2453
f 2391/2686/2453 2297/2024/1924 2392/2687/2454
f 2297/2024/1924 2391/2686/2453 2298/2026/1926
f 2394/2099/1999 2395/2098/1998 2396/2117/2015
f 2290/2017/1917 2401/2103/2003 2402/2116/2014 2291/2661/2436
f 2294/2020/1920 2398/2100/2000 2395/2098/1998
f 2293/2019/1919 2399/2102/2002 2398/2100/2000
f 2399/2102/2002 2400/2101/2001 2398/2100/2000
f 2292/2018/1918 2406/2115/2013 2400/2101/2001
f 2292/2018/1918 2291/2661/2436 2406/2115/2013
f 2280/2110/2009 2278/2108/2007 2285/2012/1912 2284/2660/2435
f 2403/2104/2004 2401/2103/2003 2289/2016/1916
f 2403/2688/2004 2288/1925/1829 2404/2107/2006
f 2404/2107/2006 2405/2113/2005 2403/2688/2004
f 2288/1925/1829 2287/2015/1915 2404/2107/2006
f 2278/2108/2007 2280/2110/2009 2188/2111/2010
f 2297/2024/1924 2393/2120/2018 2411/2119/2017 2392/2687/2454
f 2284/2660/2435 2282/2010/1910 2280/2110/2009
f 2285/2012/1912 2277/2109/2008 2204/1922/1826
f 2277/2109/2008 2276/2003/1903 2118/2629/2411
f 2277/2109/2008 2278/2108/2007 2087/2623/2405
f 2275/2002/1902 2274/2001/1901 2404/2107/2006
f 2405/2105/2005 2402/2116/2014 2401/2103/2003
f 2402/2116/2014 2406/2115/2013 2291/2661/2436
f 2400/2101/2001 2407/2114/2012 2408/2689/2455
f 2398/2100/2000 2400/2101/2001 2408/2689/2455
f 2398/2100/2000 2408/2689/2455 2409/1993/1895
f 2398/2100/2000 2397/2118/2016 2395/2098/1998
f 2397/2118/2016 2398/2100/2000 2409/1993/1895
f 2396/2117/2015 2397/2118/2016 2410/2144/2039
f 2396/2117/2015 2411/2119/2017 2394/2099/1999
f 2413/2123/2021 2391/2686/2453 2392/2687/2454 2412/2121/2019
f 2392/2687/2454 2411/2119/2017 2412/2121/2019
f 2415/2690/2456 2416/2125/2023 2413/2123/2021 2414/2122/2020
f 2391/2686/2453 2413/2123/2021 2416/2125/2023 2390/2685/2452
f 2388/2091/1991 1283/2124/2022 2415/2690/2456 2386/2092/1992
f 2416/2125/2023 2415/2690/2456 1283/2124/2022
f 2416/2125/2023 2389/2097/1997 2390/2685/2452
f 2414/2122/2020 2417/2126/2024 2386/2092/1992 2415/2690/2456
f 2384/2087/1987 2420/2128/2026 2381/2130/2028 2383/2682/2451
f 2417/2126/2024 2418/2691/2457 2419/2127/2025
f 2385/2089/1989 2421/2692/2458 2420/2128/2026
f 2381/2130/2028 2423/2131/2029 2379/2133/2031 2378/2683/2448
f 2422/2129/2027 2424/2155/2050 2423/2131/2029
f 2425/2134/2032 2376/2086/1986 2379/2679/2031 1313/2135/2030
f 2374/2084/1984 2365/2077/1977 2364/2076/1976 2372/2083/1983
f 2264/1986/1888 2429/2139/2034 2430/2141/2036 2265/1987/1889
f 1311/2160/2055 2357/2136/2033 1312/2138/1974
f 2357/2136/2033 1311/2160/2055 2426/2159/2054
f 2426/2159/2054 2354/2674/2447 2357/2136/2033
f 2427/2158/2053 2353/2161/2056 2354/2674/2447
f 2354/2674/2447 2426/2159/2054 2427/2158/2053
f 2427/2158/2053 2429/2139/2034 2428/2140/2035
f 2429/2139/2034 2427/2158/2053 2430/2141/2036
f 2429/2139/2034 2264/1986/1888 2263/1985/1887
f 2268/1991/1893 2434/2149/2044 2269/1992/1894 2182/1990/1892
f 2431/2142/2037 2266/1887/1794 2265/1987/1889
f 2432/2143/2038 2178/1888/1795 2266/1887/1794
f 2434/2149/2044 2268/1991/1893 2267/2148/2043
f 2270/1994/1896 2409/1993/1895 2408/2689/2455 2407/2114/2012
f 2269/1992/1894 2410/2144/2039 2409/1993/1895
f 2438/2693/2459 2439/2694/2460 2412/2121/2019 2437/2695/2461
f 2407/2114/2012 2272/1996/1898 2271/1995/1897
f 2272/1996/1898 2402/2116/2014 2405/2105/2005
f 2435/2145/2040 2436/2146/2041 2396/2117/2015
f 2436/2146/2041 2437/2695/2461 2411/2119/2017
f 2437/2695/2461 2412/2121/2019 2411/2119/2017
f 2414/2122/2020 2412/2121/2019 2439/2694/2460 2418/2691/2457
f 2419/2127/2025 2440/2696/2462 2421/2692/2458 2385/2089/1989
f 2418/2691/2457 2439/2694/2460 2440/2696/2462
f 2440/2696/2462 2419/2127/2025 2418/2691/2457
f 2424/2155/2050 2420/2128/2026 2421/2692/2458 2441/2152/2047
f 2441/2152/2047 2421/2692/2458 2440/2696/2462 2442/2697/2463
f 2439/2694/2460 2438/2693/2459 2442/2697/2463 2440/2696/2462
f 2442/2697/2463 2443/2153/2048 2441/2152/2047
f 2443/2153/2048 2442/2697/2463 2438/2693/2459 2444/2150/2045
f 2437/2695/2461 2445/2147/2042 2444/2150/2045 2438/2693/2459
f 2430/2141/2036 2446/2151/2046 2443/2153/2048 2444/2150/2045
f 2445/2147/2042 2433/1989/1891 2444/2150/2045
f 2434/2149/2044 2436/2146/2041 2435/2145/2040
f 2267/2148/2043 2445/2147/2042 2436/2146/2041
f 2445/2147/2042 2437/2695/2461 2436/2146/2041
f 2444/2150/2045 2432/2143/2038 2431/2142/2037
f 1315/2157/2052 1314/2154/2049 2441/2152/2047 2446/2151/2046
f 1313/2132/2030 2423/2131/2029 2424/2155/2050 1314/2154/2049
f 2447/2156/2051 1256/2463/2299 1315/2157/2052
f 2447/2156/2051 2430/2141/2036 2427/2158/2053
f 2447/2156/2051 1311/2160/2055 1256/2463/2299
f 2424/2155/2050 2422/2129/2027 2420/2128/2026
f 2410/2144/2039 2269/1992/1894 2434/2149/2044
f 2428/2140/2035 2263/1985/1887 2262/1984/1886
f 2428/2140/2035 2262/1984/1886 2353/2161/2056
f 2262/1984/1886 2352/1983/1885 2351/2192/2085
f 2262/1984/1886 2351/2192/2085 2353/2161/2056
f 2206/1926/1830 2205/1832/1742 2403/2104/2004 2289/2016/1916
f 2418/2691/2457 2417/2126/2024 2414/2122/2020
f 2276/2003/1903 2277/2109/2008 2187/1901/1805
f 2217/2027/1927 2298/2026/1926 2391/2686/2453 2300/2663/2438
f 2371/2681/2450 2233/2036/1936 2232/2165/2060 2369/2079/1979
f 2303/2090/1990 2305/2664/2439 2222/2648/2426
f 2307/2665/2440 2383/2682/2451 2308/2030/1930
f 2309/2684/2437 2225/2031/1931 2308/2030/1930
f 2382/2162/2057 2310/2164/2059 2309/2662/2437
f 2311/2033/1933 2380/2163/2058 2375/2082/1982
f 2312/2035/1935 2373/2080/1980 2232/2165/2060
f 2313/2037/1937 2448/2170/2065 2449/2166/2061 2314/2038/1938
f 2233/2036/1936 2371/2681/2450 2448/2170/2065
f 2448/2170/2065 2313/2037/1937 2233/2036/1936
f 2239/1949/1852 2451/2168/2063 2452/2169/2064 2340/2061/1961
f 2315/2039/1939 2450/2167/2062 2451/2168/2063
f 2452/2169/2064 2450/2167/2062 2449/2166/2061 2453/2172/2067
f 2346/2670/2445 2457/2175/2070 2458/2177/2072 2347/2671/2446
f 2371/2681/2450 2370/2680/2449 2454/2171/2066
f 2454/2171/2066 2448/2170/2065 2371/2681/2450
f 2452/2169/2064 2455/2173/2068 2341/2062/1962
f 2455/2173/2068 2342/2179/2074 2341/2062/1962
f 2342/2179/2074 2344/2064/1964 2343/2063/1963
f 2456/2174/2069 2333/2051/1951 2345/2066/1966
f 2456/2174/2069 2345/2066/1966 2336/2065/1965
f 2333/2051/1951 2456/2174/2069 2457/2175/2070
f 2459/2698/2464 2460/2699/2465 2347/2671/2446 2458/2177/2072
f 2457/2175/2070 2346/2670/2445 2333/2051/1951
f 2460/2699/2465 2459/2698/2464 2462/2181/2076 1290/1110/1054
f 2460/2699/2465 1290/1110/1054 2348/2068/1968
f 2460/2699/2465 2348/2068/1968 2347/2671/2446
f 1290/1110/1054 2461/2184/2079 2355/2185/2080
f 1290/1110/1054 2462/2181/2076 2461/2184/2079
f 2464/2700/2466 2459/2698/2464 2458/2177/2072 2463/2176/2071
f 2465/2701/2467 2457/2175/2070 2456/2174/2069 2466/2178/2073
f 2457/2175/2070 2465/2701/2467 2463/2176/2071
f 2363/2188/2082 2467/2182/2077 2464/2700/2466 2366/2190/2084
f 2466/2178/2073 2454/2171/2066 2370/2680/2449
f 2370/2680/2449 2465/2701/2467 2466/2178/2073
f 2465/2701/2467 2370/2680/2449 2368/2189/2083
f 2368/2189/2083 2463/2176/2071 2465/2701/2467
f 2463/2176/2071 2368/2189/2083 2366/2190/2084
f 2366/2190/2084 2464/2700/2466 2463/2176/2071
f 2459/2698/2464 2464/2700/2466 2467/2182/2077 2462/2181/2076
f 2337/2057/1957 2324/2668/2443 2323/2046/1946 2322/2045/1945
f 2355/2185/2080 1291/1111/1055 1290/1110/1054
f 1292/2072/1972 1291/1111/1055 2353/2186/2056
f 1291/2702/1055 2355/2675/2080 2353/2161/2056
f 2467/2182/2077 2363/2188/2082 2360/2180/2075
f 2380/2163/2058 2374/2084/1984 2375/2082/1982
f 2382/2162/2057 2377/2085/1985 2380/2163/2058
f 1292/2072/1972 2259/2071/1971 1251/1109/1053
f 2337/2057/1957 2321/2044/1944 2320/2058/1958
f 2337/2057/1957 2322/2045/1945 2321/2044/1944
f 1253/1115/1059 2256/1969/1872 2060/1776/1687 2169/2193/2086
f 2334/2054/1954 2325/2053/1953 2324/2668/2443
f 2332/2052/1952 2327/2669/2444 2326/2050/1950
f 2248/1964/1867 1293/2666/2441 1294/1966/1869
f 2113/1829/1740 2114/1921/1825 2117/1923/1827 2115/2627/2409
f 1635/1494/1425 1846/1493/1424 1847/1609/1526 1736/1495/1426
f 1893/2576/2371 1775/1649/1566 1268/1648/1565
f 1366/2196/2089 1248/1149/1093 1266/1224/1166 1247/2195/2088
f 1585/1336/1276 1260/1334/1274 1259/2458/2296
f 1583/1419/1355 1520/1332/1272 1581/1331/1271
f 1505/2505/2324 1487/2487/2315 1486/1250/1190
f 1488/1252/1192 1401/1251/1191 1504/1277/1217
f 1488/1252/1192 1501/1275/1215 1402/1253/1193
f 1494/1257/1197 1490/1268/1208 1489/1259/1199
f 1636/1497/1428 1462/1226/1168 1461/1498/1429
f 1377/1227/1169 1374/1151/1095 1247/2195/2088
f 1255/1266/1206 1414/1192/1135 1325/1126/1070 1413/1267/1207
f 1415/2489/2316 1414/1192/1135 1255/1266/1206
f 1368/1169/1113 1247/2195/2088 1374/1151/1095 1369/1150/1094
f 1382/2480/1099 1384/1233/1174 1277/1237/1177